date,sezon,lig,home,away,hg,ag,sonuc,hukmen,supheli_tekrar,match_id,url
2011-09-24,2011-2012,Süper Lig,Çetinkaya TSK,Küçük Kaymaklı TSK,2,3,A,0,0,1002,https://ktff.org/maclar/1002
2011-09-24,2011-2012,Süper Lig,Lapta Türk Birliği SK,Bellapais Tatlısu HOSK,6,1,H,0,0,1003,https://ktff.org/maclar/1003
2011-09-24,2011-2012,Süper Lig,Bostancı Bağcıl SK,Doğan Türk Birliği,2,0,H,0,0,1004,https://ktff.org/maclar/1004
2011-09-24,2011-2012,Süper Lig,Düzkaya KOSK,Mağusa Türk Gücü,0,2,A,0,0,1005,https://ktff.org/maclar/1005
2011-09-24,2011-2012,1. Lig,Görneç KSK,Binatlı YSK,1,2,A,0,0,1059,https://ktff.org/maclar/1059
2011-09-24,2011-2012,1. Lig,Ozanköy SK,Çanakkale TSK,6,0,H,0,0,1060,https://ktff.org/maclar/1060
2011-09-24,2011-2012,1. Lig,Gençlik Gücü TSK,Alsancak Yeşilova SK,5,0,H,0,0,1061,https://ktff.org/maclar/1061
2011-09-25,2011-2012,Süper Lig,Türk Ocağı Limasol SK,Lefke TSK,3,3,D,0,0,1006,https://ktff.org/maclar/1006
2011-09-25,2011-2012,Süper Lig,Gönyeli SK,Yenicami AK,1,4,A,0,0,1007,https://ktff.org/maclar/1007
2011-09-25,2011-2012,Süper Lig,Göçmenköy İYSK,Cihangir GSK,2,1,H,0,0,1008,https://ktff.org/maclar/1008
2011-09-25,2011-2012,1. Lig,Dumlupınar TSK,Hamitköy ŞHSK,0,2,A,0,0,1062,https://ktff.org/maclar/1062
2011-09-25,2011-2012,1. Lig,Türkmenköy ASK,Mormenekşe GBSK,0,0,D,0,0,1063,https://ktff.org/maclar/1063
2011-09-25,2011-2012,1. Lig,Yeniboğaziçi DSK,Esentepe KSKK,3,1,H,0,0,1064,https://ktff.org/maclar/1064
2011-09-25,2011-2012,1. Lig,Baf Ülkü Yurdu,Serdarlı GB,1,0,H,0,0,1065,https://ktff.org/maclar/1065
2011-10-01,2011-2012,Süper Lig,Mağusa Türk Gücü,Göçmenköy İYSK,3,0,H,0,0,1009,https://ktff.org/maclar/1009
2011-10-01,2011-2012,Süper Lig,Yenicami AK,Düzkaya KOSK,3,0,H,0,0,1010,https://ktff.org/maclar/1010
2011-10-01,2011-2012,Süper Lig,Doğan Türk Birliği,Gönyeli SK,3,1,H,0,0,1011,https://ktff.org/maclar/1011
2011-10-01,2011-2012,Süper Lig,Cihangir GSK,Çetinkaya TSK,0,0,D,0,0,1012,https://ktff.org/maclar/1012
2011-10-01,2011-2012,Süper Lig,Lefke TSK,Bostancı Bağcıl SK,3,0,H,0,0,1014,https://ktff.org/maclar/1014
2011-10-01,2011-2012,1. Lig,Esentepe KSKK,Baf Ülkü Yurdu,4,3,H,0,0,1067,https://ktff.org/maclar/1067
2011-10-01,2011-2012,1. Lig,Hamitköy ŞHSK,Yeniboğaziçi DSK,1,1,D,0,0,1068,https://ktff.org/maclar/1068
2011-10-02,2011-2012,Süper Lig,Küçük Kaymaklı TSK,Göçmenköy İYSK,2,1,H,0,0,1013,https://ktff.org/maclar/1013
2011-10-02,2011-2012,Süper Lig,Bellapais Tatlısu HOSK,Türk Ocağı Limasol SK,2,0,H,0,0,1015,https://ktff.org/maclar/1015
2011-10-02,2011-2012,Süper Lig,Küçük Kaymaklı TSK,Lapta Türk Birliği SK,7,1,H,0,0,1041,https://ktff.org/maclar/1041
2011-10-02,2011-2012,1. Lig,Binatlı YSK,Gençlik Gücü TSK,0,7,A,0,0,1066,https://ktff.org/maclar/1066
2011-10-02,2011-2012,1. Lig,Mormenekşe GBSK,Görneç KSK,0,0,D,0,0,1069,https://ktff.org/maclar/1069
2011-10-02,2011-2012,1. Lig,Alsancak Yeşilova SK,Ozanköy SK,0,1,A,0,0,1070,https://ktff.org/maclar/1070
2011-10-02,2011-2012,1. Lig,Serdarlı GB,Türkmenköy ASK,0,0,D,0,0,1071,https://ktff.org/maclar/1071
2011-10-02,2011-2012,1. Lig,Çanakkale TSK,Dumlupınar TSK,2,2,D,0,0,1072,https://ktff.org/maclar/1072
2011-10-08,2011-2012,Süper Lig,Lapta Türk Birliği SK,Çetinkaya TSK,0,2,A,0,0,1018,https://ktff.org/maclar/1018
2011-10-08,2011-2012,Süper Lig,Düzkaya KOSK,Doğan Türk Birliği,0,5,A,0,0,1020,https://ktff.org/maclar/1020
2011-10-08,2011-2012,Süper Lig,Bostancı Bağcıl SK,Bellapais Tatlısu HOSK,1,1,D,0,0,1021,https://ktff.org/maclar/1021
2011-10-08,2011-2012,1. Lig,Gençlik Gücü TSK,Görneç KSK,6,0,H,0,0,1073,https://ktff.org/maclar/1073
2011-10-08,2011-2012,1. Lig,Dumlupınar TSK,Alsancak Yeşilova SK,1,3,A,0,0,1074,https://ktff.org/maclar/1074
2011-10-08,2011-2012,1. Lig,Türkmenköy ASK,Esentepe KSKK,2,1,H,0,0,1075,https://ktff.org/maclar/1075
2011-10-08,2011-2012,1. Lig,Serdarlı GB,Mormenekşe GBSK,2,1,H,0,0,1077,https://ktff.org/maclar/1077
2011-10-09,2011-2012,Süper Lig,Türk Ocağı Limasol SK,Küçük Kaymaklı TSK,2,2,D,0,0,1016,https://ktff.org/maclar/1016
2011-10-09,2011-2012,Süper Lig,Gönyeli SK,Lefke TSK,0,1,A,0,0,1017,https://ktff.org/maclar/1017
2011-10-09,2011-2012,Süper Lig,Göçmenköy İYSK,Yenicami AK,1,3,A,0,0,1019,https://ktff.org/maclar/1019
2011-10-09,2011-2012,Süper Lig,Mağusa Türk Gücü,Cihangir GSK,6,1,H,0,0,1022,https://ktff.org/maclar/1022
2011-10-09,2011-2012,1. Lig,Baf Ülkü Yurdu,Hamitköy ŞHSK,1,1,D,0,0,1076,https://ktff.org/maclar/1076
2011-10-09,2011-2012,1. Lig,Ozanköy SK,Binatlı YSK,4,4,D,0,0,1078,https://ktff.org/maclar/1078
2011-10-09,2011-2012,1. Lig,Yeniboğaziçi DSK,Çanakkale TSK,5,1,H,0,0,1079,https://ktff.org/maclar/1079
2011-10-15,2011-2012,Süper Lig,Çetinkaya TSK,Türk Ocağı Limasol SK,4,4,D,0,0,1023,https://ktff.org/maclar/1023
2011-10-15,2011-2012,Süper Lig,Lefke TSK,Düzkaya KOSK,3,1,H,0,0,1025,https://ktff.org/maclar/1025
2011-10-15,2011-2012,Süper Lig,Yenicami AK,Mağusa Türk Gücü,3,1,H,0,0,1028,https://ktff.org/maclar/1028
2011-10-15,2011-2012,1. Lig,Görneç KSK,Ozanköy SK,6,1,H,0,0,1080,https://ktff.org/maclar/1080
2011-10-15,2011-2012,1. Lig,Çanakkale TSK,Baf Ülkü Yurdu,0,4,A,0,0,1081,https://ktff.org/maclar/1081
2011-10-15,2011-2012,1. Lig,Alsancak Yeşilova SK,Yeniboğaziçi DSK,4,1,H,0,0,1082,https://ktff.org/maclar/1082
2011-10-16,2011-2012,Süper Lig,Doğan Türk Birliği,Göçmenköy İYSK,6,1,H,0,0,1024,https://ktff.org/maclar/1024
2011-10-16,2011-2012,Süper Lig,Cihangir GSK,Lapta Türk Birliği SK,0,1,A,0,0,1026,https://ktff.org/maclar/1026
2011-10-16,2011-2012,Süper Lig,Küçük Kaymaklı TSK,Bostancı Bağcıl SK,3,0,H,0,0,1027,https://ktff.org/maclar/1027
2011-10-16,2011-2012,Süper Lig,Bellapais Tatlısu HOSK,Gönyeli SK,0,0,D,0,0,1029,https://ktff.org/maclar/1029
2011-10-16,2011-2012,1. Lig,Binatlı YSK,Dumlupınar TSK,0,0,D,0,0,1083,https://ktff.org/maclar/1083
2011-10-16,2011-2012,1. Lig,Esentepe KSKK,Serdarlı GB,2,0,H,0,0,1084,https://ktff.org/maclar/1084
2011-10-16,2011-2012,1. Lig,Hamitköy ŞHSK,Türkmenköy ASK,1,2,A,0,0,1085,https://ktff.org/maclar/1085
2011-10-16,2011-2012,1. Lig,Mormenekşe GBSK,Gençlik Gücü TSK,3,1,H,0,0,1086,https://ktff.org/maclar/1086
2011-10-22,2011-2012,Süper Lig,Türk Ocağı Limasol SK,Lapta Türk Birliği SK,1,1,D,0,0,1195,https://ktff.org/maclar/1195
2011-10-22,2011-2012,Süper Lig,Göçmenköy İYSK,Lefke TSK,1,1,D,0,0,1196,https://ktff.org/maclar/1196
2011-10-22,2011-2012,Süper Lig,Yenicami AK,Cihangir GSK,4,0,H,0,0,1197,https://ktff.org/maclar/1197
2011-10-22,2011-2012,1. Lig,Ozanköy SK,Gençlik Gücü TSK,1,5,A,0,0,1252,https://ktff.org/maclar/1252
2011-10-22,2011-2012,1. Lig,Dumlupınar TSK,Görneç KSK,1,1,D,0,0,1254,https://ktff.org/maclar/1254
2011-10-22,2011-2012,1. Lig,Baf Ülkü Yurdu,Alsancak Yeşilova SK,0,1,A,0,0,1255,https://ktff.org/maclar/1255
2011-10-22,2011-2012,1. Lig,Serdarlı GB,Hamitköy ŞHSK,2,2,D,0,0,1256,https://ktff.org/maclar/1256
2011-10-23,2011-2012,Süper Lig,Bostancı Bağcıl SK,Çetinkaya TSK,0,1,A,0,0,1198,https://ktff.org/maclar/1198
2011-10-23,2011-2012,Süper Lig,Gönyeli SK,Küçük Kaymaklı TSK,1,3,A,0,0,1199,https://ktff.org/maclar/1199
2011-10-23,2011-2012,Süper Lig,Düzkaya KOSK,Bellapais Tatlısu HOSK,1,2,A,0,0,1200,https://ktff.org/maclar/1200
2011-10-23,2011-2012,Süper Lig,Mağusa Türk Gücü,Doğan Türk Birliği,1,1,D,0,0,1201,https://ktff.org/maclar/1201
2011-10-23,2011-2012,1. Lig,Yeniboğaziçi DSK,Binatlı YSK,1,1,D,0,0,1257,https://ktff.org/maclar/1257
2011-10-23,2011-2012,1. Lig,Türkmenköy ASK,Çanakkale TSK,5,0,H,0,0,1258,https://ktff.org/maclar/1258
2011-10-23,2011-2012,1. Lig,Esentepe KSKK,Mormenekşe GBSK,2,3,A,0,0,1259,https://ktff.org/maclar/1259
2011-10-29,2011-2012,Süper Lig,Küçük Kaymaklı TSK,Düzkaya KOSK,1,1,D,0,0,1209,https://ktff.org/maclar/1209
2011-10-29,2011-2012,Süper Lig,Doğan Türk Birliği,Yenicami AK,4,5,A,0,0,1210,https://ktff.org/maclar/1210
2011-10-29,2011-2012,Süper Lig,Bellapais Tatlısu HOSK,Göçmenköy İYSK,1,0,H,0,0,1211,https://ktff.org/maclar/1211
2011-10-29,2011-2012,Süper Lig,Cihangir GSK,Türk Ocağı Limasol SK,2,0,H,0,0,1212,https://ktff.org/maclar/1212
2011-10-29,2011-2012,1. Lig,Hamitköy ŞHSK,Esentepe KSKK,1,2,A,0,0,1267,https://ktff.org/maclar/1267
2011-10-29,2011-2012,1. Lig,Alsancak Yeşilova SK,Türkmenköy ASK,0,0,D,0,0,1268,https://ktff.org/maclar/1268
2011-10-29,2011-2012,1. Lig,Binatlı YSK,Baf Ülkü Yurdu,2,2,D,0,0,1269,https://ktff.org/maclar/1269
2011-10-30,2011-2012,Süper Lig,Çetinkaya TSK,Gönyeli SK,2,0,H,0,0,1213,https://ktff.org/maclar/1213
2011-10-30,2011-2012,Süper Lig,Lapta Türk Birliği SK,Bostancı Bağcıl SK,0,0,D,0,0,1214,https://ktff.org/maclar/1214
2011-10-30,2011-2012,Süper Lig,Lefke TSK,Mağusa Türk Gücü,0,2,A,0,0,1215,https://ktff.org/maclar/1215
2011-10-30,2011-2012,1. Lig,Görneç KSK,Yeniboğaziçi DSK,1,3,A,0,0,1270,https://ktff.org/maclar/1270
2011-10-30,2011-2012,1. Lig,Gençlik Gücü TSK,Dumlupınar TSK,3,0,H,0,0,1271,https://ktff.org/maclar/1271
2011-10-30,2011-2012,1. Lig,Çanakkale TSK,Serdarlı GB,1,3,A,0,0,1272,https://ktff.org/maclar/1272
2011-10-30,2011-2012,1. Lig,Mormenekşe GBSK,Ozanköy SK,1,3,A,0,0,1273,https://ktff.org/maclar/1273
2011-11-04,2011-2012,Süper Lig,Yenicami AK,Lefke TSK,1,1,D,0,0,1229,https://ktff.org/maclar/1229
2011-11-05,2011-2012,Süper Lig,Bostancı Bağcıl SK,Türk Ocağı Limasol SK,4,0,H,0,0,1224,https://ktff.org/maclar/1224
2011-11-05,2011-2012,Süper Lig,Gönyeli SK,Lapta Türk Birliği SK,0,1,A,0,0,1225,https://ktff.org/maclar/1225
2011-11-05,2011-2012,Süper Lig,Düzkaya KOSK,Çetinkaya TSK,1,1,D,0,0,1226,https://ktff.org/maclar/1226
2011-11-05,2011-2012,Süper Lig,Göçmenköy İYSK,Küçük Kaymaklı TSK,0,1,A,0,0,1227,https://ktff.org/maclar/1227
2011-11-05,2011-2012,Süper Lig,Mağusa Türk Gücü,Bellapais Tatlısu HOSK,0,0,D,0,0,1228,https://ktff.org/maclar/1228
2011-11-05,2011-2012,Süper Lig,Doğan Türk Birliği,Cihangir GSK,4,2,H,0,0,1230,https://ktff.org/maclar/1230
2011-11-05,2011-2012,1. Lig,Dumlupınar TSK,Ozanköy SK,1,0,H,0,0,1281,https://ktff.org/maclar/1281
2011-11-05,2011-2012,1. Lig,Yeniboğaziçi DSK,Gençlik Gücü TSK,0,6,A,0,0,1282,https://ktff.org/maclar/1282
2011-11-05,2011-2012,1. Lig,Baf Ülkü Yurdu,Görneç KSK,1,3,A,0,0,1283,https://ktff.org/maclar/1283
2011-11-05,2011-2012,1. Lig,Türkmenköy ASK,Binatlı YSK,1,1,D,0,0,1284,https://ktff.org/maclar/1284
2011-11-05,2011-2012,1. Lig,Serdarlı GB,Alsancak Yeşilova SK,7,2,H,0,0,1285,https://ktff.org/maclar/1285
2011-11-05,2011-2012,1. Lig,Esentepe KSKK,Çanakkale TSK,8,0,H,0,0,1286,https://ktff.org/maclar/1286
2011-11-05,2011-2012,1. Lig,Hamitköy ŞHSK,Mormenekşe GBSK,1,2,A,0,0,1287,https://ktff.org/maclar/1287
2011-11-12,2011-2012,Süper Lig,Küçük Kaymaklı TSK,Mağusa Türk Gücü,0,1,A,0,0,1238,https://ktff.org/maclar/1238
2011-11-12,2011-2012,Süper Lig,Lapta Türk Birliği SK,Düzkaya KOSK,3,3,D,0,0,1239,https://ktff.org/maclar/1239
2011-11-12,2011-2012,Süper Lig,Lefke TSK,Doğan Türk Birliği,1,3,A,0,0,1240,https://ktff.org/maclar/1240
2011-11-12,2011-2012,Süper Lig,Cihangir GSK,Bostancı Bağcıl SK,2,1,H,0,0,1241,https://ktff.org/maclar/1241
2011-11-12,2011-2012,1. Lig,Görneç KSK,Türkmenköy ASK,1,0,H,0,0,1295,https://ktff.org/maclar/1295
2011-11-12,2011-2012,1. Lig,Ozanköy SK,Yeniboğaziçi DSK,4,5,A,0,0,1296,https://ktff.org/maclar/1296
2011-11-12,2011-2012,1. Lig,Çanakkale TSK,Hamitköy ŞHSK,2,1,H,0,0,1297,https://ktff.org/maclar/1297
2011-11-12,2011-2012,1. Lig,Mormenekşe GBSK,Dumlupınar TSK,4,2,H,0,0,1298,https://ktff.org/maclar/1298
2011-11-13,2011-2012,Süper Lig,Çetinkaya TSK,Göçmenköy İYSK,5,0,H,0,0,1242,https://ktff.org/maclar/1242
2011-11-13,2011-2012,Süper Lig,Türk Ocağı Limasol SK,Gönyeli SK,2,3,A,0,0,1243,https://ktff.org/maclar/1243
2011-11-13,2011-2012,Süper Lig,Bellapais Tatlısu HOSK,Yenicami AK,0,1,A,0,0,1244,https://ktff.org/maclar/1244
2011-11-13,2011-2012,1. Lig,Binatlı YSK,Serdarlı GB,0,2,A,0,0,1299,https://ktff.org/maclar/1299
2011-11-13,2011-2012,1. Lig,Gençlik Gücü TSK,Baf Ülkü Yurdu,3,0,H,0,0,1300,https://ktff.org/maclar/1300
2011-11-13,2011-2012,1. Lig,Alsancak Yeşilova SK,Esentepe KSKK,1,1,D,0,0,1301,https://ktff.org/maclar/1301
2011-11-19,2011-2012,Süper Lig,Düzkaya KOSK,Türk Ocağı Limasol SK,0,1,A,0,0,1389,https://ktff.org/maclar/1389
2011-11-19,2011-2012,Süper Lig,Yenicami AK,Küçük Kaymaklı TSK,2,4,A,0,0,1390,https://ktff.org/maclar/1390
2011-11-19,2011-2012,Süper Lig,Lefke TSK,Cihangir GSK,1,3,A,0,0,1391,https://ktff.org/maclar/1391
2011-11-19,2011-2012,1. Lig,Yeniboğaziçi DSK,Dumlupınar TSK,1,2,A,0,0,1459,https://ktff.org/maclar/1459
2011-11-19,2011-2012,1. Lig,Türkmenköy ASK,Gençlik Gücü TSK,1,1,D,0,0,1460,https://ktff.org/maclar/1460
2011-11-19,2011-2012,1. Lig,Serdarlı GB,Görneç KSK,0,0,D,0,0,1461,https://ktff.org/maclar/1461
2011-11-19,2011-2012,1. Lig,Çanakkale TSK,Mormenekşe GBSK,0,4,A,0,0,1462,https://ktff.org/maclar/1462
2011-11-20,2011-2012,Süper Lig,Gönyeli SK,Bostancı Bağcıl SK,1,1,D,0,0,1392,https://ktff.org/maclar/1392
2011-11-20,2011-2012,Süper Lig,Göçmenköy İYSK,Lapta Türk Birliği SK,1,0,H,0,0,1393,https://ktff.org/maclar/1393
2011-11-20,2011-2012,Süper Lig,Mağusa Türk Gücü,Çetinkaya TSK,0,2,A,0,0,1394,https://ktff.org/maclar/1394
2011-11-20,2011-2012,Süper Lig,Doğan Türk Birliği,Bellapais Tatlısu HOSK,3,2,H,0,0,1395,https://ktff.org/maclar/1395
2011-11-20,2011-2012,1. Lig,Baf Ülkü Yurdu,Ozanköy SK,1,1,D,0,0,1463,https://ktff.org/maclar/1463
2011-11-20,2011-2012,1. Lig,Esentepe KSKK,Binatlı YSK,0,1,A,0,0,1464,https://ktff.org/maclar/1464
2011-11-20,2011-2012,1. Lig,Hamitköy ŞHSK,Alsancak Yeşilova SK,5,1,H,0,0,1465,https://ktff.org/maclar/1465
2011-11-23,2011-2012,Süper Lig,Düzkaya KOSK,Türk Ocağı Limasol SK,4,3,H,0,1,1396,https://ktff.org/maclar/1396
2011-11-23,2011-2012,Süper Lig,Lefke TSK,Cihangir GSK,1,8,A,0,1,1398,https://ktff.org/maclar/1398
2011-11-23,2011-2012,Süper Lig,Göçmenköy İYSK,Lapta Türk Birliği SK,2,4,A,0,1,1400,https://ktff.org/maclar/1400
2011-11-23,2011-2012,Süper Lig,Mağusa Türk Gücü,Çetinkaya TSK,2,1,H,0,1,1401,https://ktff.org/maclar/1401
2011-11-23,2011-2012,Süper Lig,Doğan Türk Birliği,Bellapais Tatlısu HOSK,6,0,H,0,1,1402,https://ktff.org/maclar/1402
2011-11-23,2011-2012,1. Lig,Yeniboğaziçi DSK,Dumlupınar TSK,2,5,A,0,1,1466,https://ktff.org/maclar/1466
2011-11-23,2011-2012,1. Lig,Türkmenköy ASK,Gençlik Gücü TSK,0,3,A,0,1,1467,https://ktff.org/maclar/1467
2011-11-23,2011-2012,1. Lig,Serdarlı GB,Görneç KSK,1,0,H,0,1,1468,https://ktff.org/maclar/1468
2011-11-23,2011-2012,1. Lig,Çanakkale TSK,Mormenekşe GBSK,1,1,D,0,1,1469,https://ktff.org/maclar/1469
2011-11-23,2011-2012,1. Lig,Baf Ülkü Yurdu,Ozanköy SK,2,0,H,0,1,1470,https://ktff.org/maclar/1470
2011-11-23,2011-2012,1. Lig,Esentepe KSKK,Binatlı YSK,3,0,H,0,1,1471,https://ktff.org/maclar/1471
2011-11-23,2011-2012,1. Lig,Hamitköy ŞHSK,Alsancak Yeşilova SK,11,3,H,0,1,1472,https://ktff.org/maclar/1472
2011-12-02,2011-2012,Süper Lig,Çetinkaya TSK,Yenicami AK,2,0,H,0,0,1404,https://ktff.org/maclar/1404
2011-12-03,2011-2012,Süper Lig,Küçük Kaymaklı TSK,Doğan Türk Birliği,3,0,H,0,0,1403,https://ktff.org/maclar/1403
2011-12-03,2011-2012,Süper Lig,Lapta Türk Birliği SK,Mağusa Türk Gücü,1,3,A,0,0,1405,https://ktff.org/maclar/1405
2011-12-03,2011-2012,Süper Lig,Türk Ocağı Limasol SK,Göçmenköy İYSK,2,0,H,0,0,1406,https://ktff.org/maclar/1406
2011-12-03,2011-2012,Süper Lig,Bostancı Bağcıl SK,Düzkaya KOSK,4,1,H,0,0,1407,https://ktff.org/maclar/1407
2011-12-03,2011-2012,Süper Lig,Bellapais Tatlısu HOSK,Lefke TSK,2,5,A,0,0,1408,https://ktff.org/maclar/1408
2011-12-03,2011-2012,Süper Lig,Cihangir GSK,Gönyeli SK,4,3,H,0,0,1409,https://ktff.org/maclar/1409
2011-12-03,2011-2012,Süper Lig,Çetinkaya TSK,Yenicami AK,1,4,A,0,1,1411,https://ktff.org/maclar/1411
2011-12-03,2011-2012,1. Lig,Binatlı YSK,Hamitköy ŞHSK,0,1,A,0,0,1473,https://ktff.org/maclar/1473
2011-12-03,2011-2012,1. Lig,Görneç KSK,Esentepe KSKK,0,4,A,0,0,1474,https://ktff.org/maclar/1474
2011-12-03,2011-2012,1. Lig,Gençlik Gücü TSK,Serdarlı GB,0,0,D,0,0,1475,https://ktff.org/maclar/1475
2011-12-03,2011-2012,1. Lig,Ozanköy SK,Türkmenköy ASK,0,0,D,0,0,1476,https://ktff.org/maclar/1476
2011-12-03,2011-2012,1. Lig,Dumlupınar TSK,Baf Ülkü Yurdu,3,1,H,0,0,1477,https://ktff.org/maclar/1477
2011-12-03,2011-2012,1. Lig,Alsancak Yeşilova SK,Çanakkale TSK,1,0,H,0,0,1478,https://ktff.org/maclar/1478
2011-12-03,2011-2012,1. Lig,Mormenekşe GBSK,Yeniboğaziçi DSK,4,3,H,0,0,1479,https://ktff.org/maclar/1479
2011-12-10,2011-2012,Süper Lig,Mağusa Türk Gücü,Türk Ocağı Limasol SK,4,1,H,0,0,1417,https://ktff.org/maclar/1417
2011-12-10,2011-2012,Süper Lig,Yenicami AK,Lapta Türk Birliği SK,5,1,H,0,0,1418,https://ktff.org/maclar/1418
2011-12-10,2011-2012,Süper Lig,Bellapais Tatlısu HOSK,Cihangir GSK,1,3,A,0,0,1419,https://ktff.org/maclar/1419
2011-12-10,2011-2012,1. Lig,Baf Ülkü Yurdu,Yeniboğaziçi DSK,2,2,D,0,0,1487,https://ktff.org/maclar/1487
2011-12-10,2011-2012,1. Lig,Türkmenköy ASK,Dumlupınar TSK,3,1,H,0,0,1488,https://ktff.org/maclar/1488
2011-12-10,2011-2012,1. Lig,Serdarlı GB,Ozanköy SK,4,0,H,0,0,1489,https://ktff.org/maclar/1489
2011-12-10,2011-2012,1. Lig,Esentepe KSKK,Gençlik Gücü TSK,2,3,A,0,0,1490,https://ktff.org/maclar/1490
2011-12-11,2011-2012,Süper Lig,Düzkaya KOSK,Gönyeli SK,2,2,D,0,0,1420,https://ktff.org/maclar/1420
2011-12-11,2011-2012,Süper Lig,Göçmenköy İYSK,Bostancı Bağcıl SK,1,1,D,0,0,1421,https://ktff.org/maclar/1421
2011-12-11,2011-2012,Süper Lig,Doğan Türk Birliği,Çetinkaya TSK,0,5,A,0,0,1422,https://ktff.org/maclar/1422
2011-12-11,2011-2012,Süper Lig,Lefke TSK,Küçük Kaymaklı TSK,3,0,H,0,0,1423,https://ktff.org/maclar/1423
2011-12-11,2011-2012,1. Lig,Hamitköy ŞHSK,Görneç KSK,2,4,A,0,0,1491,https://ktff.org/maclar/1491
2011-12-11,2011-2012,1. Lig,Çanakkale TSK,Binatlı YSK,0,1,A,0,0,1492,https://ktff.org/maclar/1492
2011-12-11,2011-2012,1. Lig,Alsancak Yeşilova SK,Mormenekşe GBSK,1,5,A,0,0,1493,https://ktff.org/maclar/1493
2011-12-17,2011-2012,Süper Lig,Türk Ocağı Limasol SK,Yenicami AK,2,3,A,0,0,1432,https://ktff.org/maclar/1432
2011-12-17,2011-2012,Süper Lig,Bostancı Bağcıl SK,Mağusa Türk Gücü,2,2,D,0,0,1433,https://ktff.org/maclar/1433
2011-12-17,2011-2012,Süper Lig,Gönyeli SK,Göçmenköy İYSK,2,0,H,0,0,1434,https://ktff.org/maclar/1434
2011-12-17,2011-2012,Süper Lig,Küçük Kaymaklı TSK,Bellapais Tatlısu HOSK,4,2,H,0,0,1435,https://ktff.org/maclar/1435
2011-12-17,2011-2012,1. Lig,Görneç KSK,Çanakkale TSK,1,0,H,0,0,1501,https://ktff.org/maclar/1501
2011-12-17,2011-2012,1. Lig,Ozanköy SK,Esentepe KSKK,1,2,A,0,0,1502,https://ktff.org/maclar/1502
2011-12-17,2011-2012,1. Lig,Yeniboğaziçi DSK,Türkmenköy ASK,0,0,D,0,0,1503,https://ktff.org/maclar/1503
2011-12-18,2011-2012,Süper Lig,Çetinkaya TSK,Lefke TSK,2,0,H,0,0,1431,https://ktff.org/maclar/1431
2011-12-18,2011-2012,Süper Lig,Lapta Türk Birliği SK,Doğan Türk Birliği,0,1,A,0,0,1436,https://ktff.org/maclar/1436
2011-12-18,2011-2012,Süper Lig,Cihangir GSK,Düzkaya KOSK,2,1,H,0,0,1437,https://ktff.org/maclar/1437
2011-12-18,2011-2012,1. Lig,Binatlı YSK,Alsancak Yeşilova SK,2,0,H,0,0,1504,https://ktff.org/maclar/1504
2011-12-18,2011-2012,1. Lig,Gençlik Gücü TSK,Hamitköy ŞHSK,0,2,A,0,0,1505,https://ktff.org/maclar/1505
2011-12-18,2011-2012,1. Lig,Dumlupınar TSK,Serdarlı GB,2,2,D,0,0,1506,https://ktff.org/maclar/1506
2011-12-18,2011-2012,1. Lig,Mormenekşe GBSK,Baf Ülkü Yurdu,2,0,H,0,0,1507,https://ktff.org/maclar/1507
2011-12-24,2011-2012,Süper Lig,Mağusa Türk Gücü,Gönyeli SK,2,1,H,0,0,1445,https://ktff.org/maclar/1445
2011-12-24,2011-2012,Süper Lig,Yenicami AK,Bostancı Bağcıl SK,1,1,D,0,0,1446,https://ktff.org/maclar/1446
2011-12-24,2011-2012,Süper Lig,Bellapais Tatlısu HOSK,Çetinkaya TSK,0,1,A,0,0,1447,https://ktff.org/maclar/1447
2011-12-24,2011-2012,Süper Lig,Göçmenköy İYSK,Düzkaya KOSK,4,0,H,0,0,1448,https://ktff.org/maclar/1448
2011-12-24,2011-2012,Süper Lig,Doğan Türk Birliği,Türk Ocağı Limasol SK,1,3,A,0,0,1449,https://ktff.org/maclar/1449
2011-12-24,2011-2012,Süper Lig,Lefke TSK,Lapta Türk Birliği SK,1,1,D,0,0,1450,https://ktff.org/maclar/1450
2011-12-24,2011-2012,Süper Lig,Cihangir GSK,Küçük Kaymaklı TSK,2,1,H,0,0,1451,https://ktff.org/maclar/1451
2011-12-25,2011-2012,1. Lig,Serdarlı GB,Yeniboğaziçi DSK,8,0,H,0,0,1515,https://ktff.org/maclar/1515
2011-12-25,2011-2012,1. Lig,Hamitköy ŞHSK,Ozanköy SK,3,3,D,0,0,1516,https://ktff.org/maclar/1516
2011-12-25,2011-2012,1. Lig,Alsancak Yeşilova SK,Görneç KSK,1,1,D,0,0,1517,https://ktff.org/maclar/1517
2011-12-25,2011-2012,1. Lig,Türkmenköy ASK,Baf Ülkü Yurdu,3,2,H,0,0,1518,https://ktff.org/maclar/1518
2011-12-25,2011-2012,1. Lig,Esentepe KSKK,Dumlupınar TSK,5,0,H,0,0,1519,https://ktff.org/maclar/1519
2011-12-25,2011-2012,1. Lig,Çanakkale TSK,Gençlik Gücü TSK,1,5,A,0,0,1520,https://ktff.org/maclar/1520
2011-12-25,2011-2012,1. Lig,Mormenekşe GBSK,Binatlı YSK,3,2,H,0,0,1521,https://ktff.org/maclar/1521
2012-01-21,2011-2012,1. Lig,Hamitköy ŞHSK,Ozanköy SK,4,1,H,0,1,1523,https://ktff.org/maclar/1523
2012-01-21,2011-2012,1. Lig,Esentepe KSKK,Dumlupınar TSK,2,1,H,0,1,1526,https://ktff.org/maclar/1526
2012-01-22,2011-2012,Süper Lig,Yenicami AK,Lefke TSK,1,2,A,0,1,1236,https://ktff.org/maclar/1236
2012-01-28,2011-2012,Süper Lig,Lefke TSK,Türk Ocağı Limasol SK,1,1,D,0,0,1845,https://ktff.org/maclar/1845
2012-01-28,2011-2012,Süper Lig,Cihangir GSK,Göçmenköy İYSK,2,2,D,0,0,1846,https://ktff.org/maclar/1846
2012-01-28,2011-2012,Süper Lig,Yenicami AK,Gönyeli SK,3,1,H,0,0,1848,https://ktff.org/maclar/1848
2012-01-28,2011-2012,Süper Lig,Doğan Türk Birliği,Bostancı Bağcıl SK,2,2,D,0,0,1850,https://ktff.org/maclar/1850
2012-01-28,2011-2012,1. Lig,Hamitköy ŞHSK,Dumlupınar TSK,4,1,H,0,0,1929,https://ktff.org/maclar/1929
2012-01-28,2011-2012,1. Lig,Serdarlı GB,Baf Ülkü Yurdu,7,1,H,0,0,1930,https://ktff.org/maclar/1930
2012-01-28,2011-2012,1. Lig,Çanakkale TSK,Ozanköy SK,0,4,A,0,0,1931,https://ktff.org/maclar/1931
2012-01-29,2011-2012,Süper Lig,Küçük Kaymaklı TSK,Çetinkaya TSK,2,0,H,0,0,1847,https://ktff.org/maclar/1847
2012-01-29,2011-2012,Süper Lig,Bellapais Tatlısu HOSK,Lapta Türk Birliği SK,2,0,H,0,0,1849,https://ktff.org/maclar/1849
2012-01-29,2011-2012,Süper Lig,Mağusa Türk Gücü,Düzkaya KOSK,2,1,H,0,0,1851,https://ktff.org/maclar/1851
2012-01-29,2011-2012,1. Lig,Mormenekşe GBSK,Türkmenköy ASK,0,0,D,0,0,1932,https://ktff.org/maclar/1932
2012-01-29,2011-2012,1. Lig,Esentepe KSKK,Yeniboğaziçi DSK,3,1,H,0,0,1933,https://ktff.org/maclar/1933
2012-01-29,2011-2012,1. Lig,Binatlı YSK,Görneç KSK,1,1,D,0,0,1934,https://ktff.org/maclar/1934
2012-01-29,2011-2012,1. Lig,Alsancak Yeşilova SK,Gençlik Gücü TSK,2,3,A,0,0,1935,https://ktff.org/maclar/1935
2012-02-03,2011-2012,Süper Lig,Çetinkaya TSK,Cihangir GSK,2,1,H,0,0,1859,https://ktff.org/maclar/1859
2012-02-04,2011-2012,Süper Lig,Lapta Türk Birliği SK,Küçük Kaymaklı TSK,0,1,A,0,0,1860,https://ktff.org/maclar/1860
2012-02-04,2011-2012,Süper Lig,Göçmenköy İYSK,Mağusa Türk Gücü,1,1,D,0,0,1861,https://ktff.org/maclar/1861
2012-02-04,2011-2012,Süper Lig,Düzkaya KOSK,Yenicami AK,1,0,H,0,0,1863,https://ktff.org/maclar/1863
2012-02-04,2011-2012,1. Lig,Görneç KSK,Mormenekşe GBSK,4,1,H,0,0,1944,https://ktff.org/maclar/1944
2012-02-04,2011-2012,1. Lig,Ozanköy SK,Alsancak Yeşilova SK,2,2,D,0,0,1945,https://ktff.org/maclar/1945
2012-02-04,2011-2012,1. Lig,Baf Ülkü Yurdu,Esentepe KSKK,1,0,H,0,0,1946,https://ktff.org/maclar/1946
2012-02-05,2011-2012,Süper Lig,Türk Ocağı Limasol SK,Bellapais Tatlısu HOSK,2,1,H,0,0,1862,https://ktff.org/maclar/1862
2012-02-05,2011-2012,Süper Lig,Gönyeli SK,Doğan Türk Birliği,0,3,A,0,0,1864,https://ktff.org/maclar/1864
2012-02-05,2011-2012,Süper Lig,Bostancı Bağcıl SK,Lefke TSK,1,3,A,0,0,1865,https://ktff.org/maclar/1865
2012-02-05,2011-2012,1. Lig,Gençlik Gücü TSK,Binatlı YSK,5,1,H,0,0,1943,https://ktff.org/maclar/1943
2012-02-05,2011-2012,1. Lig,Türkmenköy ASK,Serdarlı GB,0,0,D,0,0,1947,https://ktff.org/maclar/1947
2012-02-05,2011-2012,1. Lig,Dumlupınar TSK,Çanakkale TSK,0,0,D,0,0,1948,https://ktff.org/maclar/1948
2012-02-05,2011-2012,1. Lig,Yeniboğaziçi DSK,Hamitköy ŞHSK,0,1,A,0,0,1949,https://ktff.org/maclar/1949
2012-02-10,2011-2012,Süper Lig,Yenicami AK,Göçmenköy İYSK,2,1,H,0,0,1873,https://ktff.org/maclar/1873
2012-02-11,2011-2012,Süper Lig,Küçük Kaymaklı TSK,Türk Ocağı Limasol SK,0,0,D,0,0,1874,https://ktff.org/maclar/1874
2012-02-11,2011-2012,Süper Lig,Lefke TSK,Gönyeli SK,4,0,H,0,0,1875,https://ktff.org/maclar/1875
2012-02-11,2011-2012,Süper Lig,Bellapais Tatlısu HOSK,Bostancı Bağcıl SK,1,3,A,0,0,1876,https://ktff.org/maclar/1876
2012-02-11,2011-2012,1. Lig,Çanakkale TSK,Yeniboğaziçi DSK,0,1,A,0,0,1957,https://ktff.org/maclar/1957
2012-02-11,2011-2012,1. Lig,Görneç KSK,Gençlik Gücü TSK,3,1,H,0,0,1958,https://ktff.org/maclar/1958
2012-02-11,2011-2012,1. Lig,Alsancak Yeşilova SK,Dumlupınar TSK,1,1,D,0,0,1959,https://ktff.org/maclar/1959
2012-02-11,2011-2012,1. Lig,Esentepe KSKK,Türkmenköy ASK,1,1,D,0,0,1960,https://ktff.org/maclar/1960
2012-02-12,2011-2012,Süper Lig,Cihangir GSK,Mağusa Türk Gücü,0,0,D,0,0,1877,https://ktff.org/maclar/1877
2012-02-12,2011-2012,Süper Lig,Çetinkaya TSK,Lapta Türk Birliği SK,1,0,H,0,0,1878,https://ktff.org/maclar/1878
2012-02-12,2011-2012,Süper Lig,Doğan Türk Birliği,Düzkaya KOSK,0,4,A,0,0,1879,https://ktff.org/maclar/1879
2012-02-12,2011-2012,1. Lig,Hamitköy ŞHSK,Baf Ülkü Yurdu,1,0,H,0,0,1961,https://ktff.org/maclar/1961
2012-02-12,2011-2012,1. Lig,Binatlı YSK,Ozanköy SK,2,0,H,0,0,1962,https://ktff.org/maclar/1962
2012-02-12,2011-2012,1. Lig,Mormenekşe GBSK,Serdarlı GB,0,1,A,0,0,1963,https://ktff.org/maclar/1963
2012-02-18,2011-2012,Süper Lig,Göçmenköy İYSK,Doğan Türk Birliği,1,1,D,0,0,1887,https://ktff.org/maclar/1887
2012-02-18,2011-2012,Süper Lig,Lapta Türk Birliği SK,Cihangir GSK,6,1,H,0,0,1888,https://ktff.org/maclar/1888
2012-02-18,2011-2012,Süper Lig,Düzkaya KOSK,Lefke TSK,3,1,H,0,0,1892,https://ktff.org/maclar/1892
2012-02-18,2011-2012,Süper Lig,Mağusa Türk Gücü,Yenicami AK,1,0,H,0,0,1893,https://ktff.org/maclar/1893
2012-02-18,2011-2012,1. Lig,Ozanköy SK,Görneç KSK,0,2,A,0,0,1972,https://ktff.org/maclar/1972
2012-02-18,2011-2012,1. Lig,Yeniboğaziçi DSK,Alsancak Yeşilova SK,0,0,D,0,0,1973,https://ktff.org/maclar/1973
2012-02-19,2011-2012,Süper Lig,Bostancı Bağcıl SK,Küçük Kaymaklı TSK,0,1,A,0,0,1889,https://ktff.org/maclar/1889
2012-02-19,2011-2012,Süper Lig,Gönyeli SK,Bellapais Tatlısu HOSK,3,4,A,0,0,1890,https://ktff.org/maclar/1890
2012-02-19,2011-2012,Süper Lig,Türk Ocağı Limasol SK,Çetinkaya TSK,1,2,A,0,0,1891,https://ktff.org/maclar/1891
2012-02-19,2011-2012,1. Lig,Türkmenköy ASK,Hamitköy ŞHSK,0,1,A,0,0,1971,https://ktff.org/maclar/1971
2012-02-19,2011-2012,1. Lig,Dumlupınar TSK,Binatlı YSK,3,0,H,0,0,1974,https://ktff.org/maclar/1974
2012-02-19,2011-2012,1. Lig,Serdarlı GB,Esentepe KSKK,2,1,H,0,0,1975,https://ktff.org/maclar/1975
2012-02-19,2011-2012,1. Lig,Gençlik Gücü TSK,Mormenekşe GBSK,4,1,H,0,0,1976,https://ktff.org/maclar/1976
2012-02-19,2011-2012,1. Lig,Baf Ülkü Yurdu,Çanakkale TSK,1,1,D,0,0,1977,https://ktff.org/maclar/1977
2012-02-24,2011-2012,Süper Lig,Çetinkaya TSK,Bostancı Bağcıl SK,3,1,H,0,0,1901,https://ktff.org/maclar/1901
2012-02-25,2011-2012,Süper Lig,Küçük Kaymaklı TSK,Gönyeli SK,3,0,H,0,0,1902,https://ktff.org/maclar/1902
2012-02-25,2011-2012,Süper Lig,Bellapais Tatlısu HOSK,Düzkaya KOSK,1,3,A,0,0,1903,https://ktff.org/maclar/1903
2012-02-25,2011-2012,Süper Lig,Lapta Türk Birliği SK,Türk Ocağı Limasol SK,1,1,D,0,0,1904,https://ktff.org/maclar/1904
2012-02-25,2011-2012,1. Lig,Binatlı YSK,Yeniboğaziçi DSK,2,2,D,0,0,1985,https://ktff.org/maclar/1985
2012-02-25,2011-2012,1. Lig,Mormenekşe GBSK,Esentepe KSKK,0,0,D,0,0,1986,https://ktff.org/maclar/1986
2012-02-25,2011-2012,1. Lig,Görneç KSK,Dumlupınar TSK,0,2,A,0,0,1988,https://ktff.org/maclar/1988
2012-02-26,2011-2012,Süper Lig,Doğan Türk Birliği,Mağusa Türk Gücü,2,2,D,0,0,1905,https://ktff.org/maclar/1905
2012-02-26,2011-2012,Süper Lig,Lefke TSK,Göçmenköy İYSK,5,0,H,0,0,1906,https://ktff.org/maclar/1906
2012-02-26,2011-2012,Süper Lig,Cihangir GSK,Yenicami AK,2,1,H,0,0,1907,https://ktff.org/maclar/1907
2012-02-26,2011-2012,1. Lig,Gençlik Gücü TSK,Ozanköy SK,7,1,H,0,0,1987,https://ktff.org/maclar/1987
2012-02-26,2011-2012,1. Lig,Çanakkale TSK,Türkmenköy ASK,1,2,A,0,0,1989,https://ktff.org/maclar/1989
2012-02-26,2011-2012,1. Lig,Alsancak Yeşilova SK,Baf Ülkü Yurdu,1,1,D,0,0,1990,https://ktff.org/maclar/1990
2012-02-26,2011-2012,1. Lig,Hamitköy ŞHSK,Serdarlı GB,0,0,D,0,0,1991,https://ktff.org/maclar/1991
2012-02-29,2011-2012,Süper Lig,Göçmenköy İYSK,Doğan Türk Birliği,0,3,A,0,1,1894,https://ktff.org/maclar/1894
2012-03-02,2011-2012,Süper Lig,Yenicami AK,Doğan Türk Birliği,0,2,A,0,0,1915,https://ktff.org/maclar/1915
2012-03-03,2011-2012,Süper Lig,Gönyeli SK,Çetinkaya TSK,2,7,A,0,0,1916,https://ktff.org/maclar/1916
2012-03-03,2011-2012,Süper Lig,Mağusa Türk Gücü,Lefke TSK,1,2,A,0,0,1917,https://ktff.org/maclar/1917
2012-03-03,2011-2012,Süper Lig,Türk Ocağı Limasol SK,Cihangir GSK,1,3,A,0,0,1918,https://ktff.org/maclar/1918
2012-03-03,2011-2012,1. Lig,Yeniboğaziçi DSK,Görneç KSK,1,1,D,0,0,1999,https://ktff.org/maclar/1999
2012-03-03,2011-2012,1. Lig,Türkmenköy ASK,Alsancak Yeşilova SK,2,2,D,0,0,2000,https://ktff.org/maclar/2000
2012-03-03,2011-2012,1. Lig,Baf Ülkü Yurdu,Binatlı YSK,1,1,D,0,0,2001,https://ktff.org/maclar/2001
2012-03-04,2011-2012,Süper Lig,Bostancı Bağcıl SK,Lapta Türk Birliği SK,1,1,D,0,0,1919,https://ktff.org/maclar/1919
2012-03-04,2011-2012,Süper Lig,Düzkaya KOSK,Küçük Kaymaklı TSK,0,2,A,0,0,1920,https://ktff.org/maclar/1920
2012-03-04,2011-2012,Süper Lig,Göçmenköy İYSK,Bellapais Tatlısu HOSK,2,1,H,0,0,1921,https://ktff.org/maclar/1921
2012-03-04,2011-2012,1. Lig,Dumlupınar TSK,Gençlik Gücü TSK,1,5,A,0,0,2002,https://ktff.org/maclar/2002
2012-03-04,2011-2012,1. Lig,Serdarlı GB,Çanakkale TSK,5,0,H,0,0,2003,https://ktff.org/maclar/2003
2012-03-04,2011-2012,1. Lig,Ozanköy SK,Mormenekşe GBSK,0,1,A,0,0,2004,https://ktff.org/maclar/2004
2012-03-04,2011-2012,1. Lig,Esentepe KSKK,Hamitköy ŞHSK,1,2,A,0,0,2005,https://ktff.org/maclar/2005
2012-03-10,2011-2012,Süper Lig,Lapta Türk Birliği SK,Gönyeli SK,1,0,H,0,0,2017,https://ktff.org/maclar/2017
2012-03-10,2011-2012,Süper Lig,Küçük Kaymaklı TSK,Göçmenköy İYSK,4,0,H,0,1,2018,https://ktff.org/maclar/2018
2012-03-10,2011-2012,Süper Lig,Bellapais Tatlısu HOSK,Mağusa Türk Gücü,2,3,A,0,0,2019,https://ktff.org/maclar/2019
2012-03-10,2011-2012,Süper Lig,Lefke TSK,Yenicami AK,0,3,A,0,0,2020,https://ktff.org/maclar/2020
2012-03-10,2011-2012,1. Lig,Gençlik Gücü TSK,Yeniboğaziçi DSK,2,1,H,0,0,2073,https://ktff.org/maclar/2073
2012-03-10,2011-2012,1. Lig,Görneç KSK,Baf Ülkü Yurdu,2,1,H,0,0,2074,https://ktff.org/maclar/2074
2012-03-10,2011-2012,1. Lig,Alsancak Yeşilova SK,Serdarlı GB,1,1,D,0,0,2075,https://ktff.org/maclar/2075
2012-03-10,2011-2012,1. Lig,Çanakkale TSK,Esentepe KSKK,1,2,A,0,0,2076,https://ktff.org/maclar/2076
2012-03-11,2011-2012,Süper Lig,Türk Ocağı Limasol SK,Bostancı Bağcıl SK,0,3,A,0,0,2021,https://ktff.org/maclar/2021
2012-03-11,2011-2012,Süper Lig,Çetinkaya TSK,Düzkaya KOSK,0,0,D,0,0,2022,https://ktff.org/maclar/2022
2012-03-11,2011-2012,Süper Lig,Cihangir GSK,Doğan Türk Birliği,4,3,H,0,0,2023,https://ktff.org/maclar/2023
2012-03-11,2011-2012,1. Lig,Ozanköy SK,Dumlupınar TSK,1,0,H,0,0,2077,https://ktff.org/maclar/2077
2012-03-11,2011-2012,1. Lig,Binatlı YSK,Türkmenköy ASK,0,0,D,0,0,2078,https://ktff.org/maclar/2078
2012-03-11,2011-2012,1. Lig,Mormenekşe GBSK,Hamitköy ŞHSK,2,0,H,0,0,2079,https://ktff.org/maclar/2079
2012-03-17,2011-2012,Süper Lig,Mağusa Türk Gücü,Küçük Kaymaklı TSK,3,0,H,0,0,2031,https://ktff.org/maclar/2031
2012-03-17,2011-2012,Süper Lig,Doğan Türk Birliği,Lefke TSK,1,1,D,0,0,2032,https://ktff.org/maclar/2032
2012-03-17,2011-2012,Süper Lig,Bostancı Bağcıl SK,Cihangir GSK,2,1,H,0,0,2033,https://ktff.org/maclar/2033
2012-03-17,2011-2012,Süper Lig,Göçmenköy İYSK,Çetinkaya TSK,0,4,A,0,0,2034,https://ktff.org/maclar/2034
2012-03-17,2011-2012,1. Lig,Yeniboğaziçi DSK,Ozanköy SK,0,2,A,0,0,2087,https://ktff.org/maclar/2087
2012-03-17,2011-2012,1. Lig,Hamitköy ŞHSK,Çanakkale TSK,6,0,H,0,0,2088,https://ktff.org/maclar/2088
2012-03-17,2011-2012,1. Lig,Serdarlı GB,Binatlı YSK,7,0,H,0,0,2089,https://ktff.org/maclar/2089
2012-03-18,2011-2012,Süper Lig,Düzkaya KOSK,Lapta Türk Birliği SK,0,1,A,0,0,2035,https://ktff.org/maclar/2035
2012-03-18,2011-2012,Süper Lig,Gönyeli SK,Türk Ocağı Limasol SK,1,4,A,0,0,2036,https://ktff.org/maclar/2036
2012-03-18,2011-2012,Süper Lig,Yenicami AK,Bellapais Tatlısu HOSK,5,1,H,0,0,2037,https://ktff.org/maclar/2037
2012-03-18,2011-2012,1. Lig,Türkmenköy ASK,Görneç KSK,1,1,D,0,0,2090,https://ktff.org/maclar/2090
2012-03-18,2011-2012,1. Lig,Dumlupınar TSK,Mormenekşe GBSK,1,2,A,0,0,2091,https://ktff.org/maclar/2091
2012-03-18,2011-2012,1. Lig,Baf Ülkü Yurdu,Gençlik Gücü TSK,1,2,A,0,0,2092,https://ktff.org/maclar/2092
2012-03-18,2011-2012,1. Lig,Esentepe KSKK,Alsancak Yeşilova SK,3,0,H,0,0,2093,https://ktff.org/maclar/2093
2012-03-24,2011-2012,1. Lig,Görneç KSK,Serdarlı GB,0,2,A,0,0,2101,https://ktff.org/maclar/2101
2012-03-24,2011-2012,1. Lig,Mormenekşe GBSK,Çanakkale TSK,7,0,H,0,0,2102,https://ktff.org/maclar/2102
2012-03-24,2011-2012,1. Lig,Ozanköy SK,Baf Ülkü Yurdu,1,0,H,0,0,2103,https://ktff.org/maclar/2103
2012-03-24,2011-2012,1. Lig,Binatlı YSK,Esentepe KSKK,1,1,D,0,0,2104,https://ktff.org/maclar/2104
2012-03-24,2011-2012,1. Lig,Dumlupınar TSK,Yeniboğaziçi DSK,1,2,A,0,0,2105,https://ktff.org/maclar/2105
2012-03-24,2011-2012,1. Lig,Gençlik Gücü TSK,Türkmenköy ASK,1,0,H,0,0,2106,https://ktff.org/maclar/2106
2012-03-24,2011-2012,1. Lig,Alsancak Yeşilova SK,Hamitköy ŞHSK,0,1,A,0,0,2107,https://ktff.org/maclar/2107
2012-03-25,2011-2012,Süper Lig,Çetinkaya TSK,Mağusa Türk Gücü,3,0,H,0,0,2045,https://ktff.org/maclar/2045
2012-03-25,2011-2012,Süper Lig,Türk Ocağı Limasol SK,Düzkaya KOSK,5,4,H,0,0,2046,https://ktff.org/maclar/2046
2012-03-25,2011-2012,Süper Lig,Cihangir GSK,Lefke TSK,3,1,H,0,0,2047,https://ktff.org/maclar/2047
2012-03-25,2011-2012,Süper Lig,Lapta Türk Birliği SK,Göçmenköy İYSK,2,0,H,0,0,2048,https://ktff.org/maclar/2048
2012-03-25,2011-2012,Süper Lig,Küçük Kaymaklı TSK,Yenicami AK,0,3,A,0,0,2049,https://ktff.org/maclar/2049
2012-03-25,2011-2012,Süper Lig,Bostancı Bağcıl SK,Gönyeli SK,2,1,H,0,0,2050,https://ktff.org/maclar/2050
2012-03-25,2011-2012,Süper Lig,Bellapais Tatlısu HOSK,Doğan Türk Birliği,1,2,A,0,0,2051,https://ktff.org/maclar/2051
2012-03-30,2011-2012,Süper Lig,Yenicami AK,Çetinkaya TSK,1,3,A,0,0,2059,https://ktff.org/maclar/2059
2012-03-31,2011-2012,Süper Lig,Doğan Türk Birliği,Küçük Kaymaklı TSK,0,2,A,0,0,2060,https://ktff.org/maclar/2060
2012-03-31,2011-2012,Süper Lig,Mağusa Türk Gücü,Lapta Türk Birliği SK,4,1,H,0,0,2061,https://ktff.org/maclar/2061
2012-03-31,2011-2012,Süper Lig,Göçmenköy İYSK,Türk Ocağı Limasol SK,3,0,H,0,0,2062,https://ktff.org/maclar/2062
2012-03-31,2011-2012,Süper Lig,Gönyeli SK,Cihangir GSK,1,0,H,0,0,2063,https://ktff.org/maclar/2063
2012-03-31,2011-2012,Süper Lig,Lefke TSK,Bellapais Tatlısu HOSK,1,0,H,0,0,2064,https://ktff.org/maclar/2064
2012-03-31,2011-2012,Süper Lig,Düzkaya KOSK,Bostancı Bağcıl SK,2,2,D,0,0,2072,https://ktff.org/maclar/2072
2012-04-01,2011-2012,1. Lig,Hamitköy ŞHSK,Binatlı YSK,3,1,H,0,0,2115,https://ktff.org/maclar/2115
2012-04-01,2011-2012,1. Lig,Esentepe KSKK,Görneç KSK,1,1,D,0,0,2116,https://ktff.org/maclar/2116
2012-04-01,2011-2012,1. Lig,Serdarlı GB,Gençlik Gücü TSK,2,1,H,0,0,2117,https://ktff.org/maclar/2117
2012-04-01,2011-2012,1. Lig,Baf Ülkü Yurdu,Dumlupınar TSK,1,3,A,0,0,2118,https://ktff.org/maclar/2118
2012-04-01,2011-2012,1. Lig,Türkmenköy ASK,Ozanköy SK,3,0,H,0,0,2119,https://ktff.org/maclar/2119
2012-04-01,2011-2012,1. Lig,Çanakkale TSK,Alsancak Yeşilova SK,2,0,H,0,0,2120,https://ktff.org/maclar/2120
2012-04-01,2011-2012,1. Lig,Yeniboğaziçi DSK,Mormenekşe GBSK,1,3,A,0,0,2121,https://ktff.org/maclar/2121
2012-04-07,2011-2012,Süper Lig,Türk Ocağı Limasol SK,Mağusa Türk Gücü,2,5,A,0,0,2319,https://ktff.org/maclar/2319
2012-04-07,2011-2012,Süper Lig,Lapta Türk Birliği SK,Yenicami AK,2,1,H,0,0,2320,https://ktff.org/maclar/2320
2012-04-07,2011-2012,Süper Lig,Cihangir GSK,Bellapais Tatlısu HOSK,1,0,H,0,0,2321,https://ktff.org/maclar/2321
2012-04-07,2011-2012,Süper Lig,Gönyeli SK,Düzkaya KOSK,1,3,A,0,0,2322,https://ktff.org/maclar/2322
2012-04-07,2011-2012,Süper Lig,Bostancı Bağcıl SK,Göçmenköy İYSK,3,0,H,0,0,2323,https://ktff.org/maclar/2323
2012-04-08,2011-2012,Süper Lig,Çetinkaya TSK,Doğan Türk Birliği,2,1,H,0,0,2324,https://ktff.org/maclar/2324
2012-04-08,2011-2012,Süper Lig,Küçük Kaymaklı TSK,Lefke TSK,1,0,H,0,0,2325,https://ktff.org/maclar/2325
2012-04-08,2011-2012,1. Lig,Yeniboğaziçi DSK,Baf Ülkü Yurdu,2,1,H,0,0,2333,https://ktff.org/maclar/2333
2012-04-08,2011-2012,1. Lig,Dumlupınar TSK,Türkmenköy ASK,1,1,D,0,0,2334,https://ktff.org/maclar/2334
2012-04-08,2011-2012,1. Lig,Ozanköy SK,Serdarlı GB,0,1,A,0,0,2335,https://ktff.org/maclar/2335
2012-04-08,2011-2012,1. Lig,Gençlik Gücü TSK,Esentepe KSKK,3,1,H,0,0,2336,https://ktff.org/maclar/2336
2012-04-08,2011-2012,1. Lig,Görneç KSK,Hamitköy ŞHSK,1,7,A,0,0,2337,https://ktff.org/maclar/2337
2012-04-08,2011-2012,1. Lig,Binatlı YSK,Çanakkale TSK,6,0,H,0,0,2338,https://ktff.org/maclar/2338
2012-04-08,2011-2012,1. Lig,Mormenekşe GBSK,Alsancak Yeşilova SK,1,3,A,0,0,2339,https://ktff.org/maclar/2339
2012-04-14,2011-2012,Süper Lig,Lefke TSK,Çetinkaya TSK,2,1,H,0,0,2347,https://ktff.org/maclar/2347
2012-04-14,2011-2012,Süper Lig,Yenicami AK,Türk Ocağı Limasol SK,8,1,H,0,0,2348,https://ktff.org/maclar/2348
2012-04-14,2011-2012,Süper Lig,Mağusa Türk Gücü,Bostancı Bağcıl SK,1,1,D,0,0,2349,https://ktff.org/maclar/2349
2012-04-14,2011-2012,Süper Lig,Göçmenköy İYSK,Gönyeli SK,4,2,H,0,0,2350,https://ktff.org/maclar/2350
2012-04-14,2011-2012,Süper Lig,Bellapais Tatlısu HOSK,Küçük Kaymaklı TSK,4,3,H,0,0,2351,https://ktff.org/maclar/2351
2012-04-14,2011-2012,Süper Lig,Doğan Türk Birliği,Lapta Türk Birliği SK,4,0,H,0,0,2352,https://ktff.org/maclar/2352
2012-04-14,2011-2012,Süper Lig,Düzkaya KOSK,Cihangir GSK,1,4,A,0,0,2353,https://ktff.org/maclar/2353
2012-04-15,2011-2012,1. Lig,Çanakkale TSK,Görneç KSK,0,4,A,0,0,2361,https://ktff.org/maclar/2361
2012-04-15,2011-2012,1. Lig,Esentepe KSKK,Ozanköy SK,2,3,A,0,0,2362,https://ktff.org/maclar/2362
2012-04-15,2011-2012,1. Lig,Türkmenköy ASK,Yeniboğaziçi DSK,1,0,H,0,0,2363,https://ktff.org/maclar/2363
2012-04-15,2011-2012,1. Lig,Alsancak Yeşilova SK,Binatlı YSK,0,2,A,0,0,2364,https://ktff.org/maclar/2364
2012-04-15,2011-2012,1. Lig,Hamitköy ŞHSK,Gençlik Gücü TSK,1,1,D,0,0,2365,https://ktff.org/maclar/2365
2012-04-15,2011-2012,1. Lig,Serdarlı GB,Dumlupınar TSK,2,1,H,0,0,2366,https://ktff.org/maclar/2366
2012-04-15,2011-2012,1. Lig,Baf Ülkü Yurdu,Mormenekşe GBSK,1,2,A,0,0,2367,https://ktff.org/maclar/2367
2012-04-18,2011-2012,Süper Lig,Lefke TSK,Türk Ocağı Limasol SK,2,2,D,0,1,1852,https://ktff.org/maclar/1852
2012-04-18,2011-2012,Süper Lig,Cihangir GSK,Göçmenköy İYSK,5,1,H,0,1,1853,https://ktff.org/maclar/1853
2012-04-18,2011-2012,Süper Lig,Küçük Kaymaklı TSK,Çetinkaya TSK,8,1,H,0,1,1854,https://ktff.org/maclar/1854
2012-04-18,2011-2012,Süper Lig,Yenicami AK,Gönyeli SK,1,0,H,0,1,1855,https://ktff.org/maclar/1855
2012-04-18,2011-2012,Süper Lig,Bellapais Tatlısu HOSK,Lapta Türk Birliği SK,1,2,A,0,1,1856,https://ktff.org/maclar/1856
2012-04-18,2011-2012,Süper Lig,Doğan Türk Birliği,Bostancı Bağcıl SK,5,0,H,0,1,1857,https://ktff.org/maclar/1857
2012-04-18,2011-2012,Süper Lig,Mağusa Türk Gücü,Düzkaya KOSK,3,0,H,1,1,1858,https://ktff.org/maclar/1858
2012-04-18,2011-2012,1. Lig,Hamitköy ŞHSK,Dumlupınar TSK,3,0,H,1,1,1936,https://ktff.org/maclar/1936
2012-04-18,2011-2012,1. Lig,Serdarlı GB,Baf Ülkü Yurdu,1,2,A,0,1,1937,https://ktff.org/maclar/1937
2012-04-18,2011-2012,1. Lig,Çanakkale TSK,Ozanköy SK,3,0,H,1,1,1938,https://ktff.org/maclar/1938
2012-04-18,2011-2012,1. Lig,Mormenekşe GBSK,Türkmenköy ASK,3,3,D,0,1,1939,https://ktff.org/maclar/1939
2012-04-18,2011-2012,1. Lig,Esentepe KSKK,Yeniboğaziçi DSK,2,0,H,0,1,1940,https://ktff.org/maclar/1940
2012-04-18,2011-2012,1. Lig,Binatlı YSK,Görneç KSK,3,0,H,0,1,1941,https://ktff.org/maclar/1941
2012-04-18,2011-2012,1. Lig,Alsancak Yeşilova SK,Gençlik Gücü TSK,1,2,A,0,1,1942,https://ktff.org/maclar/1942
2012-04-19,2011-2012,1. Lig,Gençlik Gücü TSK,Çanakkale TSK,1,2,A,0,0,2394,https://ktff.org/maclar/2394
2012-04-21,2011-2012,Süper Lig,Gönyeli SK,Mağusa Türk Gücü,2,4,A,0,0,2375,https://ktff.org/maclar/2375
2012-04-21,2011-2012,Süper Lig,Bostancı Bağcıl SK,Yenicami AK,2,0,H,0,0,2376,https://ktff.org/maclar/2376
2012-04-21,2011-2012,Süper Lig,Çetinkaya TSK,Bellapais Tatlısu HOSK,4,2,H,0,0,2377,https://ktff.org/maclar/2377
2012-04-21,2011-2012,Süper Lig,Düzkaya KOSK,Göçmenköy İYSK,2,0,H,0,0,2378,https://ktff.org/maclar/2378
2012-04-21,2011-2012,Süper Lig,Türk Ocağı Limasol SK,Doğan Türk Birliği,2,2,D,0,0,2379,https://ktff.org/maclar/2379
2012-04-21,2011-2012,Süper Lig,Lapta Türk Birliği SK,Lefke TSK,2,1,H,0,0,2380,https://ktff.org/maclar/2380
2012-04-21,2011-2012,Süper Lig,Küçük Kaymaklı TSK,Cihangir GSK,1,2,A,0,0,2381,https://ktff.org/maclar/2381
2012-04-21,2011-2012,1. Lig,Yeniboğaziçi DSK,Serdarlı GB,1,1,D,0,0,2389,https://ktff.org/maclar/2389
2012-04-21,2011-2012,1. Lig,Ozanköy SK,Hamitköy ŞHSK,3,2,H,0,0,2390,https://ktff.org/maclar/2390
2012-04-21,2011-2012,1. Lig,Görneç KSK,Alsancak Yeşilova SK,4,3,H,0,0,2391,https://ktff.org/maclar/2391
2012-04-21,2011-2012,1. Lig,Baf Ülkü Yurdu,Türkmenköy ASK,5,0,H,0,0,2392,https://ktff.org/maclar/2392
2012-04-21,2011-2012,1. Lig,Dumlupınar TSK,Esentepe KSKK,2,2,D,0,0,2393,https://ktff.org/maclar/2393
2012-04-21,2011-2012,1. Lig,Binatlı YSK,Mormenekşe GBSK,3,0,H,0,0,2395,https://ktff.org/maclar/2395
2012-04-21,2011-2012,1. Lig,Gençlik Gücü TSK,Çanakkale TSK,8,1,H,0,1,2401,https://ktff.org/maclar/2401
2012-09-28,2012-2013,Süper Lig,Çetinkaya TSK,Lapta Türk Birliği SK,1,0,H,0,0,2718,https://ktff.org/maclar/2718
2012-09-29,2012-2013,Süper Lig,Doğan Türk Birliği,Cihangir GSK,1,1,D,0,0,2719,https://ktff.org/maclar/2719
2012-09-29,2012-2013,Süper Lig,Yenicami AK,Küçük Kaymaklı TSK,0,2,A,0,0,2720,https://ktff.org/maclar/2720
2012-09-29,2012-2013,Süper Lig,Göçmenköy İYSK,Bostancı Bağcıl SK,0,5,A,0,0,2721,https://ktff.org/maclar/2721
2012-09-29,2012-2013,1. Lig,Yalova SK,Ozanköy SK,2,0,H,0,0,2732,https://ktff.org/maclar/2732
2012-09-29,2012-2013,1. Lig,Mormenekşe GBSK,Yeniboğaziçi DSK,2,0,H,0,0,2733,https://ktff.org/maclar/2733
2012-09-29,2012-2013,1. Lig,Bellapais Tatlısu HOSK,Türkmenköy ASK,0,0,D,0,0,2734,https://ktff.org/maclar/2734
2012-09-30,2012-2013,Süper Lig,Hamitköy ŞHSK,Serdarlı GB,2,1,H,0,0,2722,https://ktff.org/maclar/2722
2012-09-30,2012-2013,Süper Lig,Mağusa Türk Gücü,Türk Ocağı Limasol SK,1,2,A,0,0,2723,https://ktff.org/maclar/2723
2012-09-30,2012-2013,Süper Lig,Gençlik Gücü TSK,Lefke TSK,1,0,H,0,0,2724,https://ktff.org/maclar/2724
2012-09-30,2012-2013,1. Lig,Gönyeli SK,Görneç KSK,2,0,H,0,0,2735,https://ktff.org/maclar/2735
2012-09-30,2012-2013,1. Lig,Düzkaya KOSK,Dumlupınar TSK,1,1,D,0,0,2736,https://ktff.org/maclar/2736
2012-09-30,2012-2013,1. Lig,Binatlı YSK,Vadili TÇBSK,0,0,D,0,0,2737,https://ktff.org/maclar/2737
2012-09-30,2012-2013,1. Lig,L. Gençler Birliği SK,Esentepe KSKK,1,1,D,0,0,2738,https://ktff.org/maclar/2738
2012-10-06,2012-2013,Süper Lig,Serdarlı GB,Doğan Türk Birliği,3,2,H,0,0,2747,https://ktff.org/maclar/2747
2012-10-06,2012-2013,Süper Lig,Lefke TSK,Yenicami AK,3,1,H,0,0,2748,https://ktff.org/maclar/2748
2012-10-06,2012-2013,Süper Lig,Lapta Türk Birliği SK,Gençlik Gücü TSK,1,2,A,0,0,2749,https://ktff.org/maclar/2749
2012-10-06,2012-2013,Süper Lig,Türk Ocağı Limasol SK,Çetinkaya TSK,1,1,D,0,0,2750,https://ktff.org/maclar/2750
2012-10-06,2012-2013,1. Lig,Görneç KSK,Düzkaya KOSK,0,4,A,0,0,2789,https://ktff.org/maclar/2789
2012-10-06,2012-2013,1. Lig,Yeniboğaziçi DSK,Bellapais Tatlısu HOSK,1,0,H,0,0,2790,https://ktff.org/maclar/2790
2012-10-06,2012-2013,1. Lig,Vadili TÇBSK,Mormenekşe GBSK,1,1,D,0,0,2791,https://ktff.org/maclar/2791
2012-10-06,2012-2013,1. Lig,Dumlupınar TSK,Yalova SK,1,5,A,0,0,2792,https://ktff.org/maclar/2792
2012-10-07,2012-2013,Süper Lig,Bostancı Bağcıl SK,Mağusa Türk Gücü,1,1,D,0,0,2751,https://ktff.org/maclar/2751
2012-10-07,2012-2013,Süper Lig,Cihangir GSK,Göçmenköy İYSK,4,0,H,0,0,2752,https://ktff.org/maclar/2752
2012-10-07,2012-2013,Süper Lig,Küçük Kaymaklı TSK,Hamitköy ŞHSK,2,0,H,0,0,2753,https://ktff.org/maclar/2753
2012-10-07,2012-2013,1. Lig,Türkmenköy ASK,L. Gençler Birliği SK,1,0,H,0,0,2793,https://ktff.org/maclar/2793
2012-10-07,2012-2013,1. Lig,Ozanköy SK,Binatlı YSK,4,1,H,0,0,2794,https://ktff.org/maclar/2794
2012-10-07,2012-2013,1. Lig,Esentepe KSKK,Gönyeli SK,2,2,D,0,0,2795,https://ktff.org/maclar/2795
2012-10-12,2012-2013,Süper Lig,Çetinkaya TSK,Bostancı Bağcıl SK,4,0,H,0,0,2761,https://ktff.org/maclar/2761
2012-10-13,2012-2013,Süper Lig,Mağusa Türk Gücü,Cihangir GSK,0,0,D,0,0,2763,https://ktff.org/maclar/2763
2012-10-13,2012-2013,Süper Lig,Gençlik Gücü TSK,Türk Ocağı Limasol SK,0,2,A,0,0,2764,https://ktff.org/maclar/2764
2012-10-13,2012-2013,1. Lig,Düzkaya KOSK,Gönyeli SK,4,3,H,0,0,2803,https://ktff.org/maclar/2803
2012-10-13,2012-2013,1. Lig,Binatlı YSK,Dumlupınar TSK,1,5,A,0,0,2804,https://ktff.org/maclar/2804
2012-10-13,2012-2013,1. Lig,Mormenekşe GBSK,Ozanköy SK,2,2,D,0,0,2805,https://ktff.org/maclar/2805
2012-10-14,2012-2013,Süper Lig,Doğan Türk Birliği,Hamitköy ŞHSK,2,0,H,0,0,2762,https://ktff.org/maclar/2762
2012-10-14,2012-2013,Süper Lig,Lefke TSK,Küçük Kaymaklı TSK,0,0,D,0,0,2765,https://ktff.org/maclar/2765
2012-10-14,2012-2013,Süper Lig,Göçmenköy İYSK,Serdarlı GB,0,2,A,0,0,2766,https://ktff.org/maclar/2766
2012-10-14,2012-2013,Süper Lig,Yenicami AK,Lapta Türk Birliği SK,2,1,H,0,0,2767,https://ktff.org/maclar/2767
2012-10-14,2012-2013,1. Lig,Yalova SK,Görneç KSK,3,2,H,0,0,2806,https://ktff.org/maclar/2806
2012-10-14,2012-2013,1. Lig,Bellapais Tatlısu HOSK,Vadili TÇBSK,3,1,H,0,0,2807,https://ktff.org/maclar/2807
2012-10-14,2012-2013,1. Lig,Türkmenköy ASK,Esentepe KSKK,0,2,A,0,0,2808,https://ktff.org/maclar/2808
2012-10-14,2012-2013,1. Lig,L. Gençler Birliği SK,Yeniboğaziçi DSK,1,4,A,0,0,2809,https://ktff.org/maclar/2809
2012-10-20,2012-2013,Süper Lig,Serdarlı GB,Mağusa Türk Gücü,1,1,D,0,0,2775,https://ktff.org/maclar/2775
2012-10-20,2012-2013,Süper Lig,Hamitköy ŞHSK,Göçmenköy İYSK,2,1,H,0,0,2776,https://ktff.org/maclar/2776
2012-10-20,2012-2013,Süper Lig,Lapta Türk Birliği SK,Lefke TSK,1,0,H,0,0,2777,https://ktff.org/maclar/2777
2012-10-20,2012-2013,Süper Lig,Küçük Kaymaklı TSK,Doğan Türk Birliği,3,1,H,0,0,2781,https://ktff.org/maclar/2781
2012-10-20,2012-2013,1. Lig,Gönyeli SK,Yalova SK,1,1,D,0,0,2818,https://ktff.org/maclar/2818
2012-10-20,2012-2013,1. Lig,Yeniboğaziçi DSK,Türkmenköy ASK,2,1,H,0,0,2819,https://ktff.org/maclar/2819
2012-10-20,2012-2013,1. Lig,Vadili TÇBSK,L. Gençler Birliği SK,1,3,A,0,0,2820,https://ktff.org/maclar/2820
2012-10-21,2012-2013,Süper Lig,Cihangir GSK,Çetinkaya TSK,3,1,H,0,0,2778,https://ktff.org/maclar/2778
2012-10-21,2012-2013,Süper Lig,Türk Ocağı Limasol SK,Yenicami AK,0,1,A,0,0,2779,https://ktff.org/maclar/2779
2012-10-21,2012-2013,Süper Lig,Bostancı Bağcıl SK,Gençlik Gücü TSK,0,5,A,0,0,2787,https://ktff.org/maclar/2787
2012-10-21,2012-2013,1. Lig,Görneç KSK,Binatlı YSK,2,1,H,0,0,2817,https://ktff.org/maclar/2817
2012-10-21,2012-2013,1. Lig,Ozanköy SK,Bellapais Tatlısu HOSK,8,2,H,0,0,2821,https://ktff.org/maclar/2821
2012-10-21,2012-2013,1. Lig,Dumlupınar TSK,Mormenekşe GBSK,1,5,A,0,0,2822,https://ktff.org/maclar/2822
2012-10-21,2012-2013,1. Lig,Esentepe KSKK,Düzkaya KOSK,3,3,D,0,0,2823,https://ktff.org/maclar/2823
2012-10-24,2012-2013,Süper Lig,Bostancı Bağcıl SK,Gençlik Gücü TSK,4,1,H,0,1,2780,https://ktff.org/maclar/2780
2012-10-24,2012-2013,1. Lig,Vadili TÇBSK,Mormenekşe GBSK,2,1,H,0,1,2798,https://ktff.org/maclar/2798
2012-10-27,2012-2013,Süper Lig,Göçmenköy İYSK,Doğan Türk Birliği,0,4,A,0,0,2831,https://ktff.org/maclar/2831
2012-10-27,2012-2013,Süper Lig,Çetinkaya TSK,Serdarlı GB,5,0,H,0,0,2832,https://ktff.org/maclar/2832
2012-10-27,2012-2013,Süper Lig,Lefke TSK,Türk Ocağı Limasol SK,3,2,H,0,0,2833,https://ktff.org/maclar/2833
2012-10-27,2012-2013,1. Lig,Yalova SK,Düzkaya KOSK,3,0,H,0,0,2859,https://ktff.org/maclar/2859
2012-10-27,2012-2013,1. Lig,Mormenekşe GBSK,Görneç KSK,0,1,A,0,0,2860,https://ktff.org/maclar/2860
2012-10-27,2012-2013,1. Lig,Bellapais Tatlısu HOSK,Dumlupınar TSK,4,0,H,0,0,2861,https://ktff.org/maclar/2861
2012-10-27,2012-2013,1. Lig,L. Gençler Birliği SK,Ozanköy SK,1,3,A,0,0,2862,https://ktff.org/maclar/2862
2012-10-27,2012-2013,1. Lig,Türkmenköy ASK,Vadili TÇBSK,3,0,H,0,0,2863,https://ktff.org/maclar/2863
2012-10-28,2012-2013,Süper Lig,Mağusa Türk Gücü,Hamitköy ŞHSK,3,4,A,0,0,2834,https://ktff.org/maclar/2834
2012-10-28,2012-2013,Süper Lig,Gençlik Gücü TSK,Cihangir GSK,2,4,A,0,0,2835,https://ktff.org/maclar/2835
2012-10-28,2012-2013,Süper Lig,Yenicami AK,Bostancı Bağcıl SK,2,0,H,0,0,2836,https://ktff.org/maclar/2836
2012-10-28,2012-2013,Süper Lig,Lapta Türk Birliği SK,Küçük Kaymaklı TSK,2,7,A,0,0,2837,https://ktff.org/maclar/2837
2012-10-28,2012-2013,1. Lig,Binatlı YSK,Gönyeli SK,0,0,D,0,0,2864,https://ktff.org/maclar/2864
2012-10-28,2012-2013,1. Lig,Yeniboğaziçi DSK,Esentepe KSKK,0,0,D,0,0,2865,https://ktff.org/maclar/2865
2012-11-03,2012-2013,Süper Lig,Doğan Türk Birliği,Mağusa Türk Gücü,0,1,A,0,0,2845,https://ktff.org/maclar/2845
2012-11-03,2012-2013,Süper Lig,Bostancı Bağcıl SK,Lefke TSK,3,1,H,0,0,2846,https://ktff.org/maclar/2846
2012-11-03,2012-2013,Süper Lig,Cihangir GSK,Yenicami AK,1,3,A,0,0,2847,https://ktff.org/maclar/2847
2012-11-03,2012-2013,Süper Lig,Küçük Kaymaklı TSK,Göçmenköy İYSK,3,1,H,0,0,2848,https://ktff.org/maclar/2848
2012-11-03,2012-2013,1. Lig,Gönyeli SK,Mormenekşe GBSK,3,3,D,0,0,2873,https://ktff.org/maclar/2873
2012-11-03,2012-2013,1. Lig,Düzkaya KOSK,Binatlı YSK,3,0,H,0,0,2874,https://ktff.org/maclar/2874
2012-11-03,2012-2013,1. Lig,Vadili TÇBSK,Yeniboğaziçi DSK,1,1,D,0,0,2875,https://ktff.org/maclar/2875
2012-11-03,2012-2013,1. Lig,Esentepe KSKK,Yalova SK,2,1,H,0,0,2876,https://ktff.org/maclar/2876
2012-11-04,2012-2013,Süper Lig,Serdarlı GB,Gençlik Gücü TSK,2,4,A,0,0,2849,https://ktff.org/maclar/2849
2012-11-04,2012-2013,Süper Lig,Hamitköy ŞHSK,Çetinkaya TSK,2,4,A,0,0,2850,https://ktff.org/maclar/2850
2012-11-04,2012-2013,Süper Lig,Türk Ocağı Limasol SK,Lapta Türk Birliği SK,3,1,H,0,0,2851,https://ktff.org/maclar/2851
2012-11-04,2012-2013,1. Lig,Görneç KSK,Bellapais Tatlısu HOSK,1,3,A,0,0,2877,https://ktff.org/maclar/2877
2012-11-04,2012-2013,1. Lig,Ozanköy SK,Türkmenköy ASK,5,2,H,0,0,2878,https://ktff.org/maclar/2878
2012-11-04,2012-2013,1. Lig,Dumlupınar TSK,L. Gençler Birliği SK,0,3,A,0,0,2879,https://ktff.org/maclar/2879
2012-11-09,2012-2013,Süper Lig,Gençlik Gücü TSK,Hamitköy ŞHSK,0,2,A,0,0,2928,https://ktff.org/maclar/2928
2012-11-10,2012-2013,Süper Lig,Yenicami AK,Serdarlı GB,4,0,H,0,0,2929,https://ktff.org/maclar/2929
2012-11-10,2012-2013,Süper Lig,Lefke TSK,Cihangir GSK,2,1,H,0,0,2930,https://ktff.org/maclar/2930
2012-11-10,2012-2013,Süper Lig,Lapta Türk Birliği SK,Bostancı Bağcıl SK,0,1,A,0,0,2931,https://ktff.org/maclar/2931
2012-11-10,2012-2013,1. Lig,Mormenekşe GBSK,Düzkaya KOSK,1,1,D,0,0,2984,https://ktff.org/maclar/2984
2012-11-10,2012-2013,1. Lig,L. Gençler Birliği SK,Görneç KSK,1,0,H,0,0,2985,https://ktff.org/maclar/2985
2012-11-10,2012-2013,1. Lig,Türkmenköy ASK,Dumlupınar TSK,1,0,H,0,0,2986,https://ktff.org/maclar/2986
2012-11-10,2012-2013,1. Lig,Vadili TÇBSK,Esentepe KSKK,2,2,D,0,0,2988,https://ktff.org/maclar/2988
2012-11-11,2012-2013,Süper Lig,Mağusa Türk Gücü,Göçmenköy İYSK,1,0,H,0,0,2932,https://ktff.org/maclar/2932
2012-11-11,2012-2013,Süper Lig,Çetinkaya TSK,Doğan Türk Birliği,7,0,H,0,0,2933,https://ktff.org/maclar/2933
2012-11-11,2012-2013,Süper Lig,Türk Ocağı Limasol SK,Küçük Kaymaklı TSK,0,2,A,0,0,2934,https://ktff.org/maclar/2934
2012-11-11,2012-2013,1. Lig,Yeniboğaziçi DSK,Ozanköy SK,3,0,H,0,0,2987,https://ktff.org/maclar/2987
2012-11-11,2012-2013,1. Lig,Binatlı YSK,Yalova SK,2,1,H,0,0,2989,https://ktff.org/maclar/2989
2012-11-11,2012-2013,1. Lig,Bellapais Tatlısu HOSK,Gönyeli SK,2,2,D,0,0,2990,https://ktff.org/maclar/2990
2012-11-17,2012-2013,Süper Lig,Göçmenköy İYSK,Çetinkaya TSK,0,1,A,0,0,2942,https://ktff.org/maclar/2942
2012-11-17,2012-2013,Süper Lig,Bostancı Bağcıl SK,Türk Ocağı Limasol SK,2,1,H,0,0,2943,https://ktff.org/maclar/2943
2012-11-17,2012-2013,Süper Lig,Cihangir GSK,Lapta Türk Birliği SK,0,1,A,0,0,2944,https://ktff.org/maclar/2944
2012-11-17,2012-2013,Süper Lig,Küçük Kaymaklı TSK,Mağusa Türk Gücü,1,0,H,0,0,2945,https://ktff.org/maclar/2945
2012-11-17,2012-2013,1. Lig,Gönyeli SK,L. Gençler Birliği SK,2,1,H,0,0,2998,https://ktff.org/maclar/2998
2012-11-17,2012-2013,1. Lig,Düzkaya KOSK,Bellapais Tatlısu HOSK,0,2,A,0,0,2999,https://ktff.org/maclar/2999
2012-11-17,2012-2013,1. Lig,Esentepe KSKK,Binatlı YSK,1,2,A,0,0,3000,https://ktff.org/maclar/3000
2012-11-18,2012-2013,Süper Lig,Serdarlı GB,Lefke TSK,1,1,D,0,0,2946,https://ktff.org/maclar/2946
2012-11-18,2012-2013,Süper Lig,Hamitköy ŞHSK,Yenicami AK,1,8,A,0,0,2947,https://ktff.org/maclar/2947
2012-11-18,2012-2013,Süper Lig,Doğan Türk Birliği,Gençlik Gücü TSK,3,2,H,0,0,2948,https://ktff.org/maclar/2948
2012-11-18,2012-2013,1. Lig,Görneç KSK,Türkmenköy ASK,1,2,A,0,0,3001,https://ktff.org/maclar/3001
2012-11-18,2012-2013,1. Lig,Yalova SK,Mormenekşe GBSK,3,0,H,0,0,3002,https://ktff.org/maclar/3002
2012-11-18,2012-2013,1. Lig,Ozanköy SK,Vadili TÇBSK,2,0,H,0,0,3003,https://ktff.org/maclar/3003
2012-11-18,2012-2013,1. Lig,Dumlupınar TSK,Yeniboğaziçi DSK,2,1,H,0,0,3004,https://ktff.org/maclar/3004
2012-11-23,2012-2013,Süper Lig,Çetinkaya TSK,Mağusa Türk Gücü,4,2,H,0,0,2956,https://ktff.org/maclar/2956
2012-11-24,2012-2013,Süper Lig,Yenicami AK,Doğan Türk Birliği,1,0,H,0,0,2957,https://ktff.org/maclar/2957
2012-11-24,2012-2013,Süper Lig,Lefke TSK,Hamitköy ŞHSK,0,0,D,0,0,2958,https://ktff.org/maclar/2958
2012-11-24,2012-2013,Süper Lig,Lapta Türk Birliği SK,Serdarlı GB,2,0,H,0,0,2959,https://ktff.org/maclar/2959
2012-11-24,2012-2013,1. Lig,Bellapais Tatlısu HOSK,Yalova SK,0,2,A,0,0,3013,https://ktff.org/maclar/3013
2012-11-24,2012-2013,1. Lig,Türkmenköy ASK,Gönyeli SK,0,0,D,0,0,3014,https://ktff.org/maclar/3014
2012-11-24,2012-2013,1. Lig,Yeniboğaziçi DSK,Görneç KSK,2,1,H,0,0,3015,https://ktff.org/maclar/3015
2012-11-24,2012-2013,1. Lig,Vadili TÇBSK,Dumlupınar TSK,0,6,A,0,0,3016,https://ktff.org/maclar/3016
2012-11-25,2012-2013,Süper Lig,Gençlik Gücü TSK,Göçmenköy İYSK,5,2,H,0,0,2960,https://ktff.org/maclar/2960
2012-11-25,2012-2013,Süper Lig,Türk Ocağı Limasol SK,Cihangir GSK,1,6,A,0,0,2961,https://ktff.org/maclar/2961
2012-11-25,2012-2013,Süper Lig,Bostancı Bağcıl SK,Küçük Kaymaklı TSK,0,2,A,0,0,2962,https://ktff.org/maclar/2962
2012-11-25,2012-2013,1. Lig,Mormenekşe GBSK,Binatlı YSK,1,1,D,0,0,3012,https://ktff.org/maclar/3012
2012-11-25,2012-2013,1. Lig,L. Gençler Birliği SK,Düzkaya KOSK,4,2,H,0,0,3017,https://ktff.org/maclar/3017
2012-11-25,2012-2013,1. Lig,Ozanköy SK,Esentepe KSKK,3,3,D,0,0,3018,https://ktff.org/maclar/3018
2012-12-01,2012-2013,Süper Lig,Serdarlı GB,Türk Ocağı Limasol SK,3,1,H,0,0,2970,https://ktff.org/maclar/2970
2012-12-01,2012-2013,Süper Lig,Doğan Türk Birliği,Lefke TSK,1,0,H,0,0,2971,https://ktff.org/maclar/2971
2012-12-01,2012-2013,Süper Lig,Mağusa Türk Gücü,Gençlik Gücü TSK,3,0,H,0,0,2972,https://ktff.org/maclar/2972
2012-12-01,2012-2013,Süper Lig,Küçük Kaymaklı TSK,Çetinkaya TSK,0,0,D,0,0,2973,https://ktff.org/maclar/2973
2012-12-01,2012-2013,1. Lig,Gönyeli SK,Yeniboğaziçi DSK,0,1,A,0,0,3026,https://ktff.org/maclar/3026
2012-12-01,2012-2013,1. Lig,Yalova SK,L. Gençler Birliği SK,0,0,D,0,0,3027,https://ktff.org/maclar/3027
2012-12-01,2012-2013,1. Lig,Binatlı YSK,Bellapais Tatlısu HOSK,0,0,D,0,0,3028,https://ktff.org/maclar/3028
2012-12-01,2012-2013,1. Lig,Esentepe KSKK,Mormenekşe GBSK,3,4,A,0,0,3029,https://ktff.org/maclar/3029
2012-12-02,2012-2013,Süper Lig,Hamitköy ŞHSK,Lapta Türk Birliği SK,0,1,A,0,0,2974,https://ktff.org/maclar/2974
2012-12-02,2012-2013,Süper Lig,Göçmenköy İYSK,Yenicami AK,1,4,A,0,0,2975,https://ktff.org/maclar/2975
2012-12-02,2012-2013,Süper Lig,Cihangir GSK,Bostancı Bağcıl SK,0,3,A,0,0,2976,https://ktff.org/maclar/2976
2012-12-02,2012-2013,1. Lig,Görneç KSK,Vadili TÇBSK,4,1,H,0,0,3030,https://ktff.org/maclar/3030
2012-12-02,2012-2013,1. Lig,Düzkaya KOSK,Türkmenköy ASK,2,1,H,0,0,3031,https://ktff.org/maclar/3031
2012-12-02,2012-2013,1. Lig,Dumlupınar TSK,Ozanköy SK,1,2,A,0,0,3032,https://ktff.org/maclar/3032
2012-12-07,2012-2013,Süper Lig,Gençlik Gücü TSK,Çetinkaya TSK,0,4,A,0,0,3121,https://ktff.org/maclar/3121
2012-12-08,2012-2013,Süper Lig,Yenicami AK,Mağusa Türk Gücü,1,0,H,0,0,3122,https://ktff.org/maclar/3122
2012-12-08,2012-2013,Süper Lig,Türk Ocağı Limasol SK,Hamitköy ŞHSK,4,0,H,0,0,3123,https://ktff.org/maclar/3123
2012-12-08,2012-2013,Süper Lig,Bostancı Bağcıl SK,Serdarlı GB,2,1,H,0,0,3124,https://ktff.org/maclar/3124
2012-12-08,2012-2013,1. Lig,Yeniboğaziçi DSK,Düzkaya KOSK,0,0,D,0,0,3163,https://ktff.org/maclar/3163
2012-12-08,2012-2013,1. Lig,Ozanköy SK,Görneç KSK,1,2,A,0,0,3164,https://ktff.org/maclar/3164
2012-12-08,2012-2013,1. Lig,Bellapais Tatlısu HOSK,Mormenekşe GBSK,0,2,A,0,0,3165,https://ktff.org/maclar/3165
2012-12-09,2012-2013,Süper Lig,Lefke TSK,Göçmenköy İYSK,1,0,H,0,0,3125,https://ktff.org/maclar/3125
2012-12-09,2012-2013,Süper Lig,Lapta Türk Birliği SK,Doğan Türk Birliği,0,0,D,0,0,3126,https://ktff.org/maclar/3126
2012-12-09,2012-2013,Süper Lig,Cihangir GSK,Küçük Kaymaklı TSK,2,1,H,0,0,3127,https://ktff.org/maclar/3127
2012-12-09,2012-2013,1. Lig,L. Gençler Birliği SK,Binatlı YSK,3,0,H,0,0,3166,https://ktff.org/maclar/3166
2012-12-09,2012-2013,1. Lig,Türkmenköy ASK,Yalova SK,2,1,H,0,0,3167,https://ktff.org/maclar/3167
2012-12-09,2012-2013,1. Lig,Vadili TÇBSK,Gönyeli SK,0,2,A,0,0,3168,https://ktff.org/maclar/3168
2012-12-09,2012-2013,1. Lig,Dumlupınar TSK,Esentepe KSKK,1,0,H,0,0,3169,https://ktff.org/maclar/3169
2012-12-14,2012-2013,Süper Lig,Çetinkaya TSK,Yenicami AK,1,1,D,0,0,3135,https://ktff.org/maclar/3135
2012-12-15,2012-2013,Süper Lig,Serdarlı GB,Cihangir GSK,3,0,H,0,0,3136,https://ktff.org/maclar/3136
2012-12-15,2012-2013,Süper Lig,Mağusa Türk Gücü,Lefke TSK,0,0,D,0,0,3137,https://ktff.org/maclar/3137
2012-12-15,2012-2013,Süper Lig,Küçük Kaymaklı TSK,Gençlik Gücü TSK,8,0,H,0,0,3138,https://ktff.org/maclar/3138
2012-12-15,2012-2013,1. Lig,Gönyeli SK,Ozanköy SK,0,1,A,0,0,3177,https://ktff.org/maclar/3177
2012-12-15,2012-2013,1. Lig,Düzkaya KOSK,Vadili TÇBSK,3,0,H,0,0,3178,https://ktff.org/maclar/3178
2012-12-15,2012-2013,1. Lig,Binatlı YSK,Türkmenköy ASK,1,1,D,0,0,3179,https://ktff.org/maclar/3179
2012-12-15,2012-2013,1. Lig,Esentepe KSKK,Bellapais Tatlısu HOSK,2,1,H,0,0,3180,https://ktff.org/maclar/3180
2012-12-16,2012-2013,Süper Lig,Hamitköy ŞHSK,Bostancı Bağcıl SK,1,1,D,0,0,3139,https://ktff.org/maclar/3139
2012-12-16,2012-2013,Süper Lig,Doğan Türk Birliği,Türk Ocağı Limasol SK,0,0,D,0,0,3140,https://ktff.org/maclar/3140
2012-12-16,2012-2013,Süper Lig,Göçmenköy İYSK,Lapta Türk Birliği SK,0,1,A,0,0,3141,https://ktff.org/maclar/3141
2012-12-16,2012-2013,1. Lig,Görneç KSK,Dumlupınar TSK,3,1,H,0,0,3181,https://ktff.org/maclar/3181
2012-12-16,2012-2013,1. Lig,Yalova SK,Yeniboğaziçi DSK,1,1,D,0,0,3182,https://ktff.org/maclar/3182
2012-12-16,2012-2013,1. Lig,Mormenekşe GBSK,L. Gençler Birliği SK,1,2,A,0,0,3183,https://ktff.org/maclar/3183
2012-12-22,2012-2013,Süper Lig,Lefke TSK,Çetinkaya TSK,3,5,A,0,0,3149,https://ktff.org/maclar/3149
2012-12-22,2012-2013,Süper Lig,Türk Ocağı Limasol SK,Göçmenköy İYSK,7,0,H,0,0,3150,https://ktff.org/maclar/3150
2012-12-22,2012-2013,Süper Lig,Cihangir GSK,Hamitköy ŞHSK,0,3,A,0,0,3151,https://ktff.org/maclar/3151
2012-12-22,2012-2013,Süper Lig,Küçük Kaymaklı TSK,Serdarlı GB,6,0,H,0,0,3152,https://ktff.org/maclar/3152
2012-12-22,2012-2013,1. Lig,Yeniboğaziçi DSK,Binatlı YSK,4,0,H,0,0,3191,https://ktff.org/maclar/3191
2012-12-22,2012-2013,1. Lig,Ozanköy SK,Düzkaya KOSK,2,5,A,0,0,3192,https://ktff.org/maclar/3192
2012-12-22,2012-2013,1. Lig,Dumlupınar TSK,Gönyeli SK,2,3,A,0,0,3193,https://ktff.org/maclar/3193
2012-12-22,2012-2013,1. Lig,Esentepe KSKK,Görneç KSK,1,2,A,0,0,3194,https://ktff.org/maclar/3194
2012-12-23,2012-2013,Süper Lig,Yenicami AK,Gençlik Gücü TSK,3,2,H,0,0,3153,https://ktff.org/maclar/3153
2012-12-23,2012-2013,Süper Lig,Lapta Türk Birliği SK,Mağusa Türk Gücü,2,4,A,0,0,3154,https://ktff.org/maclar/3154
2012-12-23,2012-2013,Süper Lig,Bostancı Bağcıl SK,Doğan Türk Birliği,3,1,H,0,0,3155,https://ktff.org/maclar/3155
2012-12-23,2012-2013,1. Lig,L. Gençler Birliği SK,Bellapais Tatlısu HOSK,4,2,H,0,0,3195,https://ktff.org/maclar/3195
2012-12-23,2012-2013,1. Lig,Türkmenköy ASK,Mormenekşe GBSK,1,4,A,0,0,3196,https://ktff.org/maclar/3196
2012-12-23,2012-2013,1. Lig,Vadili TÇBSK,Yalova SK,4,5,A,0,0,3197,https://ktff.org/maclar/3197
2013-01-26,2012-2013,Süper Lig,Çetinkaya TSK,Mağusa Türk Gücü,0,5,A,0,1,2963,https://ktff.org/maclar/2963
2013-01-26,2012-2013,Süper Lig,Lefke TSK,Hamitköy ŞHSK,0,3,A,0,1,2965,https://ktff.org/maclar/2965
2013-01-26,2012-2013,Süper Lig,Lapta Türk Birliği SK,Serdarlı GB,2,1,H,0,1,2966,https://ktff.org/maclar/2966
2013-01-26,2012-2013,1. Lig,Bellapais Tatlısu HOSK,Yalova SK,2,1,H,0,1,3020,https://ktff.org/maclar/3020
2013-01-26,2012-2013,1. Lig,Yeniboğaziçi DSK,Görneç KSK,2,0,H,0,1,3022,https://ktff.org/maclar/3022
2013-01-26,2012-2013,1. Lig,Vadili TÇBSK,Dumlupınar TSK,0,2,A,0,1,3023,https://ktff.org/maclar/3023
2013-01-27,2012-2013,Süper Lig,Gençlik Gücü TSK,Göçmenköy İYSK,0,2,A,0,1,2967,https://ktff.org/maclar/2967
2013-01-27,2012-2013,Süper Lig,Türk Ocağı Limasol SK,Cihangir GSK,0,3,A,0,1,2968,https://ktff.org/maclar/2968
2013-01-27,2012-2013,Süper Lig,Bostancı Bağcıl SK,Küçük Kaymaklı TSK,0,7,A,0,1,2969,https://ktff.org/maclar/2969
2013-01-27,2012-2013,1. Lig,Mormenekşe GBSK,Binatlı YSK,3,0,H,0,1,3019,https://ktff.org/maclar/3019
2013-01-27,2012-2013,1. Lig,L. Gençler Birliği SK,Düzkaya KOSK,5,1,H,0,1,3024,https://ktff.org/maclar/3024
2013-01-27,2012-2013,1. Lig,Ozanköy SK,Esentepe KSKK,1,3,A,0,1,3025,https://ktff.org/maclar/3025
2013-02-02,2012-2013,Süper Lig,Cihangir GSK,Doğan Türk Birliği,0,2,A,0,0,3371,https://ktff.org/maclar/3371
2013-02-02,2012-2013,Süper Lig,Küçük Kaymaklı TSK,Yenicami AK,1,1,D,0,0,3372,https://ktff.org/maclar/3372
2013-02-02,2012-2013,Süper Lig,Bostancı Bağcıl SK,Göçmenköy İYSK,4,0,H,0,0,3373,https://ktff.org/maclar/3373
2013-02-02,2012-2013,Süper Lig,Lefke TSK,Gençlik Gücü TSK,2,0,H,0,0,3374,https://ktff.org/maclar/3374
2013-02-02,2012-2013,1. Lig,Ozanköy SK,Yalova SK,1,0,H,0,0,3385,https://ktff.org/maclar/3385
2013-02-02,2012-2013,1. Lig,Türkmenköy ASK,Bellapais Tatlısu HOSK,2,1,H,0,0,3386,https://ktff.org/maclar/3386
2013-02-02,2012-2013,1. Lig,Görneç KSK,Gönyeli SK,1,1,D,0,0,3387,https://ktff.org/maclar/3387
2013-02-02,2012-2013,1. Lig,Dumlupınar TSK,Düzkaya KOSK,2,1,H,0,0,3388,https://ktff.org/maclar/3388
2013-02-02,2012-2013,1. Lig,Vadili TÇBSK,Binatlı YSK,1,1,D,0,0,3389,https://ktff.org/maclar/3389
2013-02-03,2012-2013,Süper Lig,Lapta Türk Birliği SK,Çetinkaya TSK,1,3,A,0,0,3375,https://ktff.org/maclar/3375
2013-02-03,2012-2013,Süper Lig,Serdarlı GB,Hamitköy ŞHSK,4,0,H,0,0,3376,https://ktff.org/maclar/3376
2013-02-03,2012-2013,Süper Lig,Türk Ocağı Limasol SK,Mağusa Türk Gücü,1,3,A,0,0,3377,https://ktff.org/maclar/3377
2013-02-03,2012-2013,1. Lig,Yeniboğaziçi DSK,Mormenekşe GBSK,1,0,H,0,0,3390,https://ktff.org/maclar/3390
2013-02-03,2012-2013,1. Lig,Esentepe KSKK,L. Gençler Birliği SK,2,1,H,0,0,3391,https://ktff.org/maclar/3391
2013-02-08,2012-2013,Süper Lig,Gençlik Gücü TSK,Lapta Türk Birliği SK,1,1,D,0,0,3419,https://ktff.org/maclar/3419
2013-02-09,2012-2013,Süper Lig,Doğan Türk Birliği,Serdarlı GB,2,1,H,0,0,3420,https://ktff.org/maclar/3420
2013-02-09,2012-2013,Süper Lig,Mağusa Türk Gücü,Bostancı Bağcıl SK,2,3,A,0,0,3421,https://ktff.org/maclar/3421
2013-02-09,2012-2013,Süper Lig,Çetinkaya TSK,Türk Ocağı Limasol SK,7,1,H,0,0,3423,https://ktff.org/maclar/3423
2013-02-09,2012-2013,1. Lig,Mormenekşe GBSK,Vadili TÇBSK,0,1,A,0,0,3461,https://ktff.org/maclar/3461
2013-02-09,2012-2013,1. Lig,Düzkaya KOSK,Görneç KSK,0,0,D,0,0,3462,https://ktff.org/maclar/3462
2013-02-09,2012-2013,1. Lig,Gönyeli SK,Esentepe KSKK,3,1,H,0,0,3463,https://ktff.org/maclar/3463
2013-02-09,2012-2013,1. Lig,Binatlı YSK,Ozanköy SK,1,2,A,0,0,3464,https://ktff.org/maclar/3464
2013-02-09,2012-2013,1. Lig,Yalova SK,Dumlupınar TSK,2,0,H,0,0,3466,https://ktff.org/maclar/3466
2013-02-10,2012-2013,Süper Lig,Göçmenköy İYSK,Cihangir GSK,0,1,A,0,0,3422,https://ktff.org/maclar/3422
2013-02-10,2012-2013,Süper Lig,Yenicami AK,Lefke TSK,1,0,H,0,0,3424,https://ktff.org/maclar/3424
2013-02-10,2012-2013,Süper Lig,Hamitköy ŞHSK,Küçük Kaymaklı TSK,0,0,D,0,0,3425,https://ktff.org/maclar/3425
2013-02-10,2012-2013,1. Lig,Bellapais Tatlısu HOSK,Yeniboğaziçi DSK,2,3,A,0,0,3465,https://ktff.org/maclar/3465
2013-02-10,2012-2013,1. Lig,L. Gençler Birliği SK,Türkmenköy ASK,0,0,D,0,0,3467,https://ktff.org/maclar/3467
2013-02-16,2012-2013,Süper Lig,Bostancı Bağcıl SK,Çetinkaya TSK,2,4,A,0,0,3433,https://ktff.org/maclar/3433
2013-02-16,2012-2013,Süper Lig,Cihangir GSK,Mağusa Türk Gücü,3,4,A,0,0,3434,https://ktff.org/maclar/3434
2013-02-16,2012-2013,Süper Lig,Küçük Kaymaklı TSK,Lefke TSK,0,1,A,0,0,3435,https://ktff.org/maclar/3435
2013-02-16,2012-2013,1. Lig,Ozanköy SK,Mormenekşe GBSK,1,2,A,0,0,3475,https://ktff.org/maclar/3475
2013-02-16,2012-2013,1. Lig,Yeniboğaziçi DSK,L. Gençler Birliği SK,1,1,D,0,0,3476,https://ktff.org/maclar/3476
2013-02-16,2012-2013,1. Lig,Esentepe KSKK,Türkmenköy ASK,1,0,H,0,0,3477,https://ktff.org/maclar/3477
2013-02-17,2012-2013,Süper Lig,Türk Ocağı Limasol SK,Gençlik Gücü TSK,2,0,H,0,0,3437,https://ktff.org/maclar/3437
2013-02-17,2012-2013,Süper Lig,Hamitköy ŞHSK,Doğan Türk Birliği,2,2,D,0,0,3438,https://ktff.org/maclar/3438
2013-02-17,2012-2013,Süper Lig,Serdarlı GB,Göçmenköy İYSK,2,0,H,0,0,3439,https://ktff.org/maclar/3439
2013-02-17,2012-2013,1. Lig,Görneç KSK,Yalova SK,4,1,H,0,0,3478,https://ktff.org/maclar/3478
2013-02-17,2012-2013,1. Lig,Gönyeli SK,Düzkaya KOSK,7,2,H,0,0,3479,https://ktff.org/maclar/3479
2013-02-17,2012-2013,1. Lig,Dumlupınar TSK,Binatlı YSK,1,2,A,0,0,3480,https://ktff.org/maclar/3480
2013-02-17,2012-2013,1. Lig,Vadili TÇBSK,Bellapais Tatlısu HOSK,1,3,A,0,0,3481,https://ktff.org/maclar/3481
2013-02-19,2012-2013,Süper Lig,Lapta Türk Birliği SK,Yenicami AK,3,4,A,0,0,3436,https://ktff.org/maclar/3436
2013-02-22,2012-2013,Süper Lig,Çetinkaya TSK,Cihangir GSK,3,0,H,0,0,3447,https://ktff.org/maclar/3447
2013-02-23,2012-2013,Süper Lig,Göçmenköy İYSK,Hamitköy ŞHSK,0,3,A,0,0,3448,https://ktff.org/maclar/3448
2013-02-23,2012-2013,Süper Lig,Mağusa Türk Gücü,Serdarlı GB,0,1,A,0,0,3449,https://ktff.org/maclar/3449
2013-02-23,2012-2013,Süper Lig,Yenicami AK,Türk Ocağı Limasol SK,3,1,H,0,0,3450,https://ktff.org/maclar/3450
2013-02-23,2012-2013,1. Lig,Yalova SK,Gönyeli SK,2,1,H,0,0,3489,https://ktff.org/maclar/3489
2013-02-23,2012-2013,1. Lig,L. Gençler Birliği SK,Vadili TÇBSK,0,1,A,0,0,3490,https://ktff.org/maclar/3490
2013-02-23,2012-2013,1. Lig,Bellapais Tatlısu HOSK,Ozanköy SK,0,0,D,0,0,3491,https://ktff.org/maclar/3491
2013-02-23,2012-2013,1. Lig,Düzkaya KOSK,Esentepe KSKK,2,0,H,0,0,3492,https://ktff.org/maclar/3492
2013-02-24,2012-2013,Süper Lig,Lefke TSK,Lapta Türk Birliği SK,1,1,D,0,0,3451,https://ktff.org/maclar/3451
2013-02-24,2012-2013,Süper Lig,Doğan Türk Birliği,Küçük Kaymaklı TSK,2,1,H,0,0,3452,https://ktff.org/maclar/3452
2013-02-24,2012-2013,Süper Lig,Gençlik Gücü TSK,Bostancı Bağcıl SK,1,1,D,0,0,3453,https://ktff.org/maclar/3453
2013-02-24,2012-2013,1. Lig,Türkmenköy ASK,Yeniboğaziçi DSK,2,0,H,0,0,3493,https://ktff.org/maclar/3493
2013-02-24,2012-2013,1. Lig,Binatlı YSK,Görneç KSK,2,1,H,0,0,3494,https://ktff.org/maclar/3494
2013-02-24,2012-2013,1. Lig,Mormenekşe GBSK,Dumlupınar TSK,2,1,H,0,0,3495,https://ktff.org/maclar/3495
2013-03-02,2012-2013,Süper Lig,Doğan Türk Birliği,Göçmenköy İYSK,4,1,H,0,0,3643,https://ktff.org/maclar/3643
2013-03-02,2012-2013,Süper Lig,Bostancı Bağcıl SK,Yenicami AK,0,0,D,0,0,3644,https://ktff.org/maclar/3644
2013-03-02,2012-2013,Süper Lig,Küçük Kaymaklı TSK,Lapta Türk Birliği SK,2,3,A,0,0,3645,https://ktff.org/maclar/3645
2013-03-02,2012-2013,Süper Lig,Cihangir GSK,Gençlik Gücü TSK,0,3,A,0,0,3646,https://ktff.org/maclar/3646
2013-03-02,2012-2013,1. Lig,Vadili TÇBSK,Türkmenköy ASK,0,0,D,0,0,3685,https://ktff.org/maclar/3685
2013-03-02,2012-2013,1. Lig,Görneç KSK,Mormenekşe GBSK,1,1,D,0,0,3686,https://ktff.org/maclar/3686
2013-03-02,2012-2013,1. Lig,Ozanköy SK,L. Gençler Birliği SK,3,1,H,0,0,3687,https://ktff.org/maclar/3687
2013-03-02,2012-2013,1. Lig,Dumlupınar TSK,Bellapais Tatlısu HOSK,1,1,D,0,0,3688,https://ktff.org/maclar/3688
2013-03-02,2012-2013,1. Lig,Esentepe KSKK,Yeniboğaziçi DSK,1,1,D,0,0,3689,https://ktff.org/maclar/3689
2013-03-03,2012-2013,Süper Lig,Serdarlı GB,Çetinkaya TSK,1,3,A,0,0,3647,https://ktff.org/maclar/3647
2013-03-03,2012-2013,Süper Lig,Türk Ocağı Limasol SK,Lefke TSK,2,1,H,0,0,3648,https://ktff.org/maclar/3648
2013-03-03,2012-2013,Süper Lig,Hamitköy ŞHSK,Mağusa Türk Gücü,2,1,H,0,0,3649,https://ktff.org/maclar/3649
2013-03-03,2012-2013,1. Lig,Düzkaya KOSK,Yalova SK,2,2,D,0,0,3690,https://ktff.org/maclar/3690
2013-03-03,2012-2013,1. Lig,Gönyeli SK,Binatlı YSK,5,0,H,0,0,3691,https://ktff.org/maclar/3691
2013-03-06,2012-2013,Süper Lig,Mağusa Türk Gücü,Serdarlı GB,3,1,H,0,1,3456,https://ktff.org/maclar/3456
2013-03-08,2012-2013,Süper Lig,Çetinkaya TSK,Hamitköy ŞHSK,3,0,H,0,0,3657,https://ktff.org/maclar/3657
2013-03-09,2012-2013,Süper Lig,Lefke TSK,Bostancı Bağcıl SK,2,1,H,0,0,3658,https://ktff.org/maclar/3658
2013-03-09,2012-2013,Süper Lig,Göçmenköy İYSK,Küçük Kaymaklı TSK,2,5,A,0,0,3659,https://ktff.org/maclar/3659
2013-03-09,2012-2013,Süper Lig,Mağusa Türk Gücü,Doğan Türk Birliği,4,2,H,0,0,3660,https://ktff.org/maclar/3660
2013-03-09,2012-2013,Süper Lig,Lapta Türk Birliği SK,Türk Ocağı Limasol SK,2,0,H,0,0,3661,https://ktff.org/maclar/3661
2013-03-09,2012-2013,1. Lig,Binatlı YSK,Düzkaya KOSK,1,2,A,0,0,3699,https://ktff.org/maclar/3699
2013-03-09,2012-2013,1. Lig,Mormenekşe GBSK,Gönyeli SK,3,1,H,0,0,3700,https://ktff.org/maclar/3700
2013-03-09,2012-2013,1. Lig,Türkmenköy ASK,Ozanköy SK,3,0,H,0,0,3701,https://ktff.org/maclar/3701
2013-03-09,2012-2013,1. Lig,Yeniboğaziçi DSK,Vadili TÇBSK,4,2,H,0,0,3702,https://ktff.org/maclar/3702
2013-03-10,2012-2013,Süper Lig,Yenicami AK,Cihangir GSK,0,1,A,0,0,3662,https://ktff.org/maclar/3662
2013-03-10,2012-2013,Süper Lig,Gençlik Gücü TSK,Serdarlı GB,5,0,H,0,0,3663,https://ktff.org/maclar/3663
2013-03-10,2012-2013,1. Lig,Yalova SK,Esentepe KSKK,3,1,H,0,0,3703,https://ktff.org/maclar/3703
2013-03-10,2012-2013,1. Lig,L. Gençler Birliği SK,Dumlupınar TSK,2,1,H,0,0,3704,https://ktff.org/maclar/3704
2013-03-10,2012-2013,1. Lig,Bellapais Tatlısu HOSK,Görneç KSK,4,4,D,0,0,3705,https://ktff.org/maclar/3705
2013-03-13,2012-2013,Süper Lig,Yenicami AK,Doğan Türk Birliği,2,2,D,0,1,2964,https://ktff.org/maclar/2964
2013-03-13,2012-2013,1. Lig,Türkmenköy ASK,Gönyeli SK,0,2,A,0,1,3021,https://ktff.org/maclar/3021
2013-03-13,2012-2013,Süper Lig,Gençlik Gücü TSK,Çetinkaya TSK,1,4,A,0,1,3128,https://ktff.org/maclar/3128
2013-03-13,2012-2013,1. Lig,Yeniboğaziçi DSK,Düzkaya KOSK,1,7,A,0,1,3170,https://ktff.org/maclar/3170
2013-03-13,2012-2013,1. Lig,Ozanköy SK,Görneç KSK,8,1,H,0,1,3171,https://ktff.org/maclar/3171
2013-03-13,2012-2013,1. Lig,Bellapais Tatlısu HOSK,Mormenekşe GBSK,4,1,H,0,1,3172,https://ktff.org/maclar/3172
2013-03-16,2012-2013,Süper Lig,Hamitköy ŞHSK,Gençlik Gücü TSK,1,2,A,0,0,3671,https://ktff.org/maclar/3671
2013-03-16,2012-2013,Süper Lig,Serdarlı GB,Yenicami AK,1,4,A,0,0,3672,https://ktff.org/maclar/3672
2013-03-16,2012-2013,Süper Lig,Göçmenköy İYSK,Mağusa Türk Gücü,1,1,D,0,0,3673,https://ktff.org/maclar/3673
2013-03-16,2012-2013,1. Lig,Düzkaya KOSK,Mormenekşe GBSK,1,0,H,0,0,3713,https://ktff.org/maclar/3713
2013-03-16,2012-2013,1. Lig,Esentepe KSKK,Vadili TÇBSK,5,1,H,0,0,3714,https://ktff.org/maclar/3714
2013-03-16,2012-2013,1. Lig,Görneç KSK,L. Gençler Birliği SK,2,3,A,0,0,3715,https://ktff.org/maclar/3715
2013-03-16,2012-2013,1. Lig,Yalova SK,Binatlı YSK,0,1,A,0,0,3716,https://ktff.org/maclar/3716
2013-03-16,2012-2013,1. Lig,Gönyeli SK,Bellapais Tatlısu HOSK,0,1,A,0,0,3717,https://ktff.org/maclar/3717
2013-03-17,2012-2013,Süper Lig,Bostancı Bağcıl SK,Lapta Türk Birliği SK,0,1,A,0,0,3674,https://ktff.org/maclar/3674
2013-03-17,2012-2013,Süper Lig,Cihangir GSK,Lefke TSK,0,0,D,0,0,3675,https://ktff.org/maclar/3675
2013-03-17,2012-2013,Süper Lig,Küçük Kaymaklı TSK,Türk Ocağı Limasol SK,3,1,H,0,0,3676,https://ktff.org/maclar/3676
2013-03-17,2012-2013,Süper Lig,Doğan Türk Birliği,Çetinkaya TSK,0,0,D,0,0,3677,https://ktff.org/maclar/3677
2013-03-17,2012-2013,1. Lig,Ozanköy SK,Yeniboğaziçi DSK,1,2,A,0,0,3718,https://ktff.org/maclar/3718
2013-03-17,2012-2013,1. Lig,Dumlupınar TSK,Türkmenköy ASK,3,2,H,0,0,3719,https://ktff.org/maclar/3719
2013-03-20,2012-2013,1. Lig,Ozanköy SK,Düzkaya KOSK,1,1,D,0,1,3199,https://ktff.org/maclar/3199
2013-03-21,2012-2013,Süper Lig,Lapta Türk Birliği SK,Doğan Türk Birliği,0,6,A,0,1,3133,https://ktff.org/maclar/3133
2013-03-23,2012-2013,Süper Lig,Çetinkaya TSK,Göçmenköy İYSK,7,1,H,0,0,3771,https://ktff.org/maclar/3771
2013-03-23,2012-2013,Süper Lig,Lapta Türk Birliği SK,Cihangir GSK,1,1,D,0,0,3772,https://ktff.org/maclar/3772
2013-03-23,2012-2013,Süper Lig,Lefke TSK,Serdarlı GB,4,0,H,0,0,3773,https://ktff.org/maclar/3773
2013-03-23,2012-2013,Süper Lig,Yenicami AK,Hamitköy ŞHSK,2,0,H,0,0,3774,https://ktff.org/maclar/3774
2013-03-23,2012-2013,1. Lig,Bellapais Tatlısu HOSK,Düzkaya KOSK,3,0,H,1,0,3799,https://ktff.org/maclar/3799
2013-03-23,2012-2013,1. Lig,Vadili TÇBSK,Ozanköy SK,2,3,A,0,0,3801,https://ktff.org/maclar/3801
2013-03-23,2012-2013,1. Lig,Yeniboğaziçi DSK,Dumlupınar TSK,1,2,A,0,0,3802,https://ktff.org/maclar/3802
2013-03-24,2012-2013,Süper Lig,Türk Ocağı Limasol SK,Bostancı Bağcıl SK,1,4,A,0,0,3775,https://ktff.org/maclar/3775
2013-03-24,2012-2013,Süper Lig,Mağusa Türk Gücü,Küçük Kaymaklı TSK,3,4,A,0,0,3776,https://ktff.org/maclar/3776
2013-03-24,2012-2013,Süper Lig,Gençlik Gücü TSK,Doğan Türk Birliği,1,3,A,0,0,3777,https://ktff.org/maclar/3777
2013-03-24,2012-2013,1. Lig,L. Gençler Birliği SK,Gönyeli SK,2,0,H,0,0,3800,https://ktff.org/maclar/3800
2013-03-24,2012-2013,1. Lig,Binatlı YSK,Esentepe KSKK,2,1,H,0,0,3803,https://ktff.org/maclar/3803
2013-03-24,2012-2013,1. Lig,Türkmenköy ASK,Görneç KSK,1,0,H,0,0,3804,https://ktff.org/maclar/3804
2013-03-24,2012-2013,1. Lig,Mormenekşe GBSK,Yalova SK,3,0,H,0,0,3805,https://ktff.org/maclar/3805
2013-03-27,2012-2013,Süper Lig,Lefke TSK,Çetinkaya TSK,4,0,H,0,1,3156,https://ktff.org/maclar/3156
2013-03-27,2012-2013,Süper Lig,Türk Ocağı Limasol SK,Göçmenköy İYSK,3,0,H,1,1,3157,https://ktff.org/maclar/3157
2013-03-27,2012-2013,Süper Lig,Cihangir GSK,Hamitköy ŞHSK,4,1,H,0,1,3158,https://ktff.org/maclar/3158
2013-03-27,2012-2013,Süper Lig,Küçük Kaymaklı TSK,Serdarlı GB,14,0,H,0,1,3159,https://ktff.org/maclar/3159
2013-03-27,2012-2013,Süper Lig,Lapta Türk Birliği SK,Mağusa Türk Gücü,0,4,A,0,1,3161,https://ktff.org/maclar/3161
2013-03-27,2012-2013,Süper Lig,Bostancı Bağcıl SK,Doğan Türk Birliği,1,5,A,0,1,3162,https://ktff.org/maclar/3162
2013-03-27,2012-2013,1. Lig,Yeniboğaziçi DSK,Binatlı YSK,1,3,A,0,1,3198,https://ktff.org/maclar/3198
2013-03-27,2012-2013,1. Lig,L. Gençler Birliği SK,Bellapais Tatlısu HOSK,4,2,H,0,1,3202,https://ktff.org/maclar/3202
2013-03-27,2012-2013,1. Lig,Türkmenköy ASK,Mormenekşe GBSK,1,4,A,0,1,3203,https://ktff.org/maclar/3203
2013-03-27,2012-2013,1. Lig,Vadili TÇBSK,Yalova SK,0,3,A,0,1,3204,https://ktff.org/maclar/3204
2013-03-28,2012-2013,1. Lig,Esentepe KSKK,Görneç KSK,2,0,H,0,1,3201,https://ktff.org/maclar/3201
2013-03-30,2012-2013,Süper Lig,Mağusa Türk Gücü,Çetinkaya TSK,0,1,A,0,0,3785,https://ktff.org/maclar/3785
2013-03-30,2012-2013,Süper Lig,Doğan Türk Birliği,Yenicami AK,0,4,A,0,0,3786,https://ktff.org/maclar/3786
2013-03-30,2012-2013,Süper Lig,Serdarlı GB,Lapta Türk Birliği SK,0,0,D,0,0,3787,https://ktff.org/maclar/3787
2013-03-30,2012-2013,Süper Lig,Hamitköy ŞHSK,Lefke TSK,0,0,D,0,0,3788,https://ktff.org/maclar/3788
2013-03-30,2012-2013,1. Lig,Görneç KSK,Yeniboğaziçi DSK,2,2,D,0,0,3813,https://ktff.org/maclar/3813
2013-03-30,2012-2013,1. Lig,Gönyeli SK,Türkmenköy ASK,2,0,H,0,0,3814,https://ktff.org/maclar/3814
2013-03-30,2012-2013,1. Lig,Yalova SK,Bellapais Tatlısu HOSK,4,0,H,0,0,3815,https://ktff.org/maclar/3815
2013-03-31,2012-2013,Süper Lig,Cihangir GSK,Türk Ocağı Limasol SK,3,0,H,0,0,3789,https://ktff.org/maclar/3789
2013-03-31,2012-2013,Süper Lig,Küçük Kaymaklı TSK,Bostancı Bağcıl SK,1,2,A,0,0,3790,https://ktff.org/maclar/3790
2013-03-31,2012-2013,Süper Lig,Göçmenköy İYSK,Gençlik Gücü TSK,0,2,A,0,0,3791,https://ktff.org/maclar/3791
2013-03-31,2012-2013,1. Lig,Dumlupınar TSK,Vadili TÇBSK,2,0,H,0,0,3816,https://ktff.org/maclar/3816
2013-03-31,2012-2013,1. Lig,Binatlı YSK,Mormenekşe GBSK,2,1,H,0,0,3817,https://ktff.org/maclar/3817
2013-03-31,2012-2013,1. Lig,Esentepe KSKK,Ozanköy SK,2,0,H,0,0,3818,https://ktff.org/maclar/3818
2013-03-31,2012-2013,1. Lig,Düzkaya KOSK,L. Gençler Birliği SK,2,0,H,0,0,3819,https://ktff.org/maclar/3819
2013-04-05,2012-2013,Süper Lig,Çetinkaya TSK,Küçük Kaymaklı TSK,1,0,H,0,0,3977,https://ktff.org/maclar/3977
2013-04-06,2012-2013,Süper Lig,Türk Ocağı Limasol SK,Serdarlı GB,1,4,A,0,0,3978,https://ktff.org/maclar/3978
2013-04-06,2012-2013,Süper Lig,Gençlik Gücü TSK,Mağusa Türk Gücü,3,0,H,0,0,3979,https://ktff.org/maclar/3979
2013-04-06,2012-2013,Süper Lig,Lefke TSK,Doğan Türk Birliği,6,4,H,0,0,3980,https://ktff.org/maclar/3980
2013-04-06,2012-2013,Süper Lig,Yenicami AK,Göçmenköy İYSK,3,0,H,0,0,3981,https://ktff.org/maclar/3981
2013-04-06,2012-2013,Süper Lig,Bostancı Bağcıl SK,Cihangir GSK,0,3,A,0,0,3982,https://ktff.org/maclar/3982
2013-04-06,2012-2013,Süper Lig,Lapta Türk Birliği SK,Hamitköy ŞHSK,0,0,D,0,0,3983,https://ktff.org/maclar/3983
2013-04-07,2012-2013,1. Lig,L. Gençler Birliği SK,Yalova SK,3,2,H,0,0,4005,https://ktff.org/maclar/4005
2013-04-07,2012-2013,1. Lig,Bellapais Tatlısu HOSK,Binatlı YSK,1,2,A,0,0,4006,https://ktff.org/maclar/4006
2013-04-07,2012-2013,1. Lig,Mormenekşe GBSK,Esentepe KSKK,1,0,H,0,0,4007,https://ktff.org/maclar/4007
2013-04-07,2012-2013,1. Lig,Yeniboğaziçi DSK,Gönyeli SK,3,2,H,0,0,4008,https://ktff.org/maclar/4008
2013-04-07,2012-2013,1. Lig,Vadili TÇBSK,Görneç KSK,4,6,A,0,0,4009,https://ktff.org/maclar/4009
2013-04-07,2012-2013,1. Lig,Ozanköy SK,Dumlupınar TSK,2,4,A,0,0,4010,https://ktff.org/maclar/4010
2013-04-07,2012-2013,1. Lig,Türkmenköy ASK,Düzkaya KOSK,2,1,H,0,0,4011,https://ktff.org/maclar/4011
2013-04-13,2012-2013,Süper Lig,Çetinkaya TSK,Gençlik Gücü TSK,3,1,H,0,0,3991,https://ktff.org/maclar/3991
2013-04-13,2012-2013,Süper Lig,Serdarlı GB,Bostancı Bağcıl SK,1,2,A,0,0,3992,https://ktff.org/maclar/3992
2013-04-13,2012-2013,Süper Lig,Hamitköy ŞHSK,Türk Ocağı Limasol SK,6,1,H,0,0,3993,https://ktff.org/maclar/3993
2013-04-13,2012-2013,Süper Lig,Mağusa Türk Gücü,Yenicami AK,1,1,D,0,0,3994,https://ktff.org/maclar/3994
2013-04-13,2012-2013,Süper Lig,Göçmenköy İYSK,Lefke TSK,1,3,A,0,0,3995,https://ktff.org/maclar/3995
2013-04-13,2012-2013,Süper Lig,Küçük Kaymaklı TSK,Cihangir GSK,3,2,H,0,0,3996,https://ktff.org/maclar/3996
2013-04-13,2012-2013,Süper Lig,Doğan Türk Birliği,Lapta Türk Birliği SK,2,1,H,0,0,3997,https://ktff.org/maclar/3997
2013-04-14,2012-2013,1. Lig,Mormenekşe GBSK,Bellapais Tatlısu HOSK,5,1,H,0,0,4019,https://ktff.org/maclar/4019
2013-04-14,2012-2013,1. Lig,Görneç KSK,Ozanköy SK,5,3,H,0,0,4020,https://ktff.org/maclar/4020
2013-04-14,2012-2013,1. Lig,Düzkaya KOSK,Yeniboğaziçi DSK,1,0,H,0,0,4021,https://ktff.org/maclar/4021
2013-04-14,2012-2013,1. Lig,Esentepe KSKK,Dumlupınar TSK,2,0,H,0,0,4022,https://ktff.org/maclar/4022
2013-04-14,2012-2013,1. Lig,Gönyeli SK,Vadili TÇBSK,8,1,H,0,0,4023,https://ktff.org/maclar/4023
2013-04-14,2012-2013,1. Lig,Binatlı YSK,L. Gençler Birliği SK,3,3,D,0,0,4024,https://ktff.org/maclar/4024
2013-04-14,2012-2013,1. Lig,Yalova SK,Türkmenköy ASK,4,0,H,0,0,4025,https://ktff.org/maclar/4025
2013-04-19,2012-2013,Süper Lig,Yenicami AK,Çetinkaya TSK,0,5,A,0,0,4123,https://ktff.org/maclar/4123
2013-04-20,2012-2013,Süper Lig,Lefke TSK,Mağusa Türk Gücü,1,3,A,0,0,4124,https://ktff.org/maclar/4124
2013-04-20,2012-2013,Süper Lig,Gençlik Gücü TSK,Küçük Kaymaklı TSK,2,0,H,0,0,4125,https://ktff.org/maclar/4125
2013-04-20,2012-2013,Süper Lig,Cihangir GSK,Serdarlı GB,3,0,H,0,0,4126,https://ktff.org/maclar/4126
2013-04-20,2012-2013,Süper Lig,Türk Ocağı Limasol SK,Doğan Türk Birliği,1,5,A,0,0,4127,https://ktff.org/maclar/4127
2013-04-20,2012-2013,Süper Lig,Bostancı Bağcıl SK,Hamitköy ŞHSK,0,2,A,0,0,4128,https://ktff.org/maclar/4128
2013-04-20,2012-2013,Süper Lig,Lapta Türk Birliği SK,Göçmenköy İYSK,2,4,A,0,0,4129,https://ktff.org/maclar/4129
2013-04-20,2012-2013,Süper Lig,Yenicami AK,Çetinkaya TSK,6,1,H,0,1,4130,https://ktff.org/maclar/4130
2013-04-20,2012-2013,1. Lig,Vadili TÇBSK,Düzkaya KOSK,0,3,A,0,0,4158,https://ktff.org/maclar/4158
2013-04-21,2012-2013,1. Lig,Vadili TÇBSK,Düzkaya KOSK,2,3,A,0,1,4151,https://ktff.org/maclar/4151
2013-04-21,2012-2013,1. Lig,Bellapais Tatlısu HOSK,Esentepe KSKK,4,2,H,0,0,4152,https://ktff.org/maclar/4152
2013-04-21,2012-2013,1. Lig,Ozanköy SK,Gönyeli SK,1,0,H,0,0,4153,https://ktff.org/maclar/4153
2013-04-21,2012-2013,1. Lig,Yeniboğaziçi DSK,Yalova SK,0,0,D,0,0,4155,https://ktff.org/maclar/4155
2013-04-21,2012-2013,1. Lig,L. Gençler Birliği SK,Mormenekşe GBSK,1,1,D,0,0,4156,https://ktff.org/maclar/4156
2013-04-21,2012-2013,1. Lig,Dumlupınar TSK,Görneç KSK,2,0,H,0,0,4157,https://ktff.org/maclar/4157
2013-04-21,2012-2013,1. Lig,Türkmenköy ASK,Binatlı YSK,2,2,D,0,0,4161,https://ktff.org/maclar/4161
2013-04-24,2012-2013,1. Lig,Türkmenköy ASK,Binatlı YSK,1,1,D,0,1,4154,https://ktff.org/maclar/4154
2013-04-26,2012-2013,Süper Lig,Çetinkaya TSK,Lefke TSK,3,1,H,0,0,4137,https://ktff.org/maclar/4137
2013-04-27,2012-2013,Süper Lig,Hamitköy ŞHSK,Cihangir GSK,1,5,A,0,0,4138,https://ktff.org/maclar/4138
2013-04-27,2012-2013,Süper Lig,Serdarlı GB,Küçük Kaymaklı TSK,0,1,A,0,0,4139,https://ktff.org/maclar/4139
2013-04-27,2012-2013,Süper Lig,Göçmenköy İYSK,Türk Ocağı Limasol SK,4,0,H,0,0,4140,https://ktff.org/maclar/4140
2013-04-27,2012-2013,Süper Lig,Doğan Türk Birliği,Bostancı Bağcıl SK,9,2,H,0,0,4141,https://ktff.org/maclar/4141
2013-04-27,2012-2013,Süper Lig,Mağusa Türk Gücü,Lapta Türk Birliği SK,3,1,H,0,0,4142,https://ktff.org/maclar/4142
2013-04-27,2012-2013,Süper Lig,Gençlik Gücü TSK,Yenicami AK,1,2,A,0,0,4143,https://ktff.org/maclar/4143
2013-04-28,2012-2013,1. Lig,Gönyeli SK,Dumlupınar TSK,1,1,D,0,0,4165,https://ktff.org/maclar/4165
2013-04-28,2012-2013,1. Lig,Düzkaya KOSK,Ozanköy SK,1,3,A,0,0,4166,https://ktff.org/maclar/4166
2013-04-28,2012-2013,1. Lig,Görneç KSK,Esentepe KSKK,2,2,D,0,0,4167,https://ktff.org/maclar/4167
2013-04-28,2012-2013,1. Lig,Binatlı YSK,Yeniboğaziçi DSK,1,1,D,0,0,4168,https://ktff.org/maclar/4168
2013-04-28,2012-2013,1. Lig,Bellapais Tatlısu HOSK,L. Gençler Birliği SK,3,3,D,0,0,4169,https://ktff.org/maclar/4169
2013-04-28,2012-2013,1. Lig,Yalova SK,Vadili TÇBSK,4,0,H,0,0,4170,https://ktff.org/maclar/4170
2013-04-28,2012-2013,1. Lig,Mormenekşe GBSK,Türkmenköy ASK,3,0,H,0,0,4171,https://ktff.org/maclar/4171
2013-09-28,2013-2014,Süper Lig,Küçük Kaymaklı TSK,Cihangir GSK,2,1,H,0,0,4374,https://ktff.org/maclar/4374
2013-09-28,2013-2014,Süper Lig,Yalova SK,Serdarlı GB,0,0,D,0,0,4375,https://ktff.org/maclar/4375
2013-09-28,2013-2014,Süper Lig,Mormenekşe GBSK,Hamitköy ŞHSK,3,2,H,0,0,4376,https://ktff.org/maclar/4376
2013-09-28,2013-2014,Süper Lig,Doğan Türk Birliği,Mağusa Türk Gücü,4,3,H,0,0,4377,https://ktff.org/maclar/4377
2013-09-28,2013-2014,1. Lig,Esentepe KSKK,Binatlı YSK,0,0,D,0,0,4403,https://ktff.org/maclar/4403
2013-09-28,2013-2014,1. Lig,Baf Ülkü Yurdu,Değirmenlik SK,0,0,D,0,0,4405,https://ktff.org/maclar/4405
2013-09-28,2013-2014,1. Lig,Göçmenköy İYSK,Akıncılar GSK,1,1,D,0,0,4409,https://ktff.org/maclar/4409
2013-09-29,2013-2014,Süper Lig,Lefke TSK,Yenicami AK,1,4,A,0,0,4378,https://ktff.org/maclar/4378
2013-09-29,2013-2014,Süper Lig,Bostancı Bağcıl SK,Yeniboğaziçi DSK,2,1,H,0,0,4379,https://ktff.org/maclar/4379
2013-09-29,2013-2014,Süper Lig,Çetinkaya TSK,Gençlik Gücü TSK,2,1,H,0,0,4380,https://ktff.org/maclar/4380
2013-09-29,2013-2014,1. Lig,Gönyeli SK,Lapta Türk Birliği SK,5,2,H,0,0,4404,https://ktff.org/maclar/4404
2013-09-29,2013-2014,1. Lig,Düzkaya KOSK,Türkmenköy ASK,2,1,H,0,0,4406,https://ktff.org/maclar/4406
2013-09-29,2013-2014,1. Lig,Ozanköy SK,Türk Ocağı Limasol SK,0,2,A,0,0,4407,https://ktff.org/maclar/4407
2013-09-29,2013-2014,1. Lig,Dumlupınar TSK,L. Gençler Birliği SK,0,1,A,0,0,4408,https://ktff.org/maclar/4408
2013-10-05,2013-2014,Süper Lig,Hamitköy ŞHSK,Mağusa Türk Gücü,0,0,D,0,0,4389,https://ktff.org/maclar/4389
2013-10-05,2013-2014,Süper Lig,Gençlik Gücü TSK,Mormenekşe GBSK,2,1,H,0,0,4390,https://ktff.org/maclar/4390
2013-10-05,2013-2014,Süper Lig,Cihangir GSK,Lefke TSK,1,1,D,0,0,4391,https://ktff.org/maclar/4391
2013-10-05,2013-2014,Süper Lig,Küçük Kaymaklı TSK,Doğan Türk Birliği,5,2,H,0,0,4392,https://ktff.org/maclar/4392
2013-10-05,2013-2014,1. Lig,Akıncılar GSK,Değirmenlik SK,0,1,A,0,0,4417,https://ktff.org/maclar/4417
2013-10-05,2013-2014,1. Lig,Türk Ocağı Limasol SK,Gönyeli SK,0,1,A,0,0,4419,https://ktff.org/maclar/4419
2013-10-05,2013-2014,1. Lig,Türkmenköy ASK,Ozanköy SK,0,3,A,0,0,4420,https://ktff.org/maclar/4420
2013-10-05,2013-2014,1. Lig,Binatlı YSK,Düzkaya KOSK,3,1,H,0,0,4421,https://ktff.org/maclar/4421
2013-10-06,2013-2014,Süper Lig,Serdarlı GB,Çetinkaya TSK,0,0,D,0,0,4393,https://ktff.org/maclar/4393
2013-10-06,2013-2014,Süper Lig,Yeniboğaziçi DSK,Yalova SK,1,1,D,0,0,4394,https://ktff.org/maclar/4394
2013-10-06,2013-2014,Süper Lig,Yenicami AK,Bostancı Bağcıl SK,1,1,D,0,0,4395,https://ktff.org/maclar/4395
2013-10-06,2013-2014,1. Lig,Lapta Türk Birliği SK,Dumlupınar TSK,1,1,D,0,0,4418,https://ktff.org/maclar/4418
2013-10-06,2013-2014,1. Lig,L. Gençler Birliği SK,Göçmenköy İYSK,4,3,H,0,0,4422,https://ktff.org/maclar/4422
2013-10-06,2013-2014,1. Lig,Esentepe KSKK,Baf Ülkü Yurdu,0,0,D,0,0,4423,https://ktff.org/maclar/4423
2013-10-12,2013-2014,Süper Lig,Bostancı Bağcıl SK,Cihangir GSK,2,2,D,0,0,4431,https://ktff.org/maclar/4431
2013-10-12,2013-2014,Süper Lig,Çetinkaya TSK,Yeniboğaziçi DSK,3,2,H,0,0,4432,https://ktff.org/maclar/4432
2013-10-12,2013-2014,Süper Lig,Lefke TSK,Küçük Kaymaklı TSK,1,0,H,0,0,4434,https://ktff.org/maclar/4434
2013-10-12,2013-2014,1. Lig,Düzkaya KOSK,Esentepe KSKK,2,0,H,0,0,4459,https://ktff.org/maclar/4459
2013-10-12,2013-2014,1. Lig,Dumlupınar TSK,Türk Ocağı Limasol SK,5,2,H,0,0,4460,https://ktff.org/maclar/4460
2013-10-13,2013-2014,Süper Lig,Mağusa Türk Gücü,Gençlik Gücü TSK,2,0,H,0,0,4433,https://ktff.org/maclar/4433
2013-10-13,2013-2014,Süper Lig,Yalova SK,Yenicami AK,2,4,A,0,0,4435,https://ktff.org/maclar/4435
2013-10-13,2013-2014,Süper Lig,Mormenekşe GBSK,Serdarlı GB,2,0,H,0,0,4436,https://ktff.org/maclar/4436
2013-10-13,2013-2014,Süper Lig,Doğan Türk Birliği,Hamitköy ŞHSK,1,1,D,0,0,4437,https://ktff.org/maclar/4437
2013-10-13,2013-2014,1. Lig,Değirmenlik SK,L. Gençler Birliği SK,2,5,A,0,0,4461,https://ktff.org/maclar/4461
2013-10-13,2013-2014,1. Lig,Ozanköy SK,Binatlı YSK,2,2,D,0,0,4462,https://ktff.org/maclar/4462
2013-10-13,2013-2014,1. Lig,Gönyeli SK,Türkmenköy ASK,3,1,H,0,0,4463,https://ktff.org/maclar/4463
2013-10-13,2013-2014,1. Lig,Göçmenköy İYSK,Lapta Türk Birliği SK,2,0,H,0,0,4464,https://ktff.org/maclar/4464
2013-10-13,2013-2014,1. Lig,Baf Ülkü Yurdu,Akıncılar GSK,1,0,H,0,0,4465,https://ktff.org/maclar/4465
2013-10-18,2013-2014,Süper Lig,Yenicami AK,Çetinkaya TSK,1,0,H,0,0,4445,https://ktff.org/maclar/4445
2013-10-19,2013-2014,Süper Lig,Yeniboğaziçi DSK,Mormenekşe GBSK,1,0,H,0,0,4446,https://ktff.org/maclar/4446
2013-10-19,2013-2014,Süper Lig,Cihangir GSK,Yalova SK,3,1,H,0,0,4447,https://ktff.org/maclar/4447
2013-10-19,2013-2014,Süper Lig,Küçük Kaymaklı TSK,Bostancı Bağcıl SK,2,0,H,0,0,4448,https://ktff.org/maclar/4448
2013-10-19,2013-2014,Süper Lig,Lefke TSK,Doğan Türk Birliği,3,1,H,0,0,4449,https://ktff.org/maclar/4449
2013-10-19,2013-2014,1. Lig,L. Gençler Birliği SK,Akıncılar GSK,0,1,A,0,0,4473,https://ktff.org/maclar/4473
2013-10-19,2013-2014,1. Lig,Lapta Türk Birliği SK,Değirmenlik SK,1,0,H,0,0,4474,https://ktff.org/maclar/4474
2013-10-19,2013-2014,1. Lig,Türk Ocağı Limasol SK,Göçmenköy İYSK,1,1,D,0,0,4475,https://ktff.org/maclar/4475
2013-10-19,2013-2014,1. Lig,Esentepe KSKK,Ozanköy SK,2,0,H,0,0,4476,https://ktff.org/maclar/4476
2013-10-20,2013-2014,Süper Lig,Gençlik Gücü TSK,Hamitköy ŞHSK,1,2,A,0,0,4450,https://ktff.org/maclar/4450
2013-10-20,2013-2014,Süper Lig,Serdarlı GB,Mağusa Türk Gücü,0,2,A,0,0,4451,https://ktff.org/maclar/4451
2013-10-20,2013-2014,1. Lig,Türkmenköy ASK,Dumlupınar TSK,0,0,D,0,0,4477,https://ktff.org/maclar/4477
2013-10-20,2013-2014,1. Lig,Binatlı YSK,Gönyeli SK,0,1,A,0,0,4478,https://ktff.org/maclar/4478
2013-10-20,2013-2014,1. Lig,Düzkaya KOSK,Baf Ülkü Yurdu,3,1,H,0,0,4479,https://ktff.org/maclar/4479
2013-10-26,2013-2014,Süper Lig,Mağusa Türk Gücü,Yeniboğaziçi DSK,0,3,A,0,0,4544,https://ktff.org/maclar/4544
2013-10-26,2013-2014,Süper Lig,Hamitköy ŞHSK,Serdarlı GB,1,2,A,0,0,4545,https://ktff.org/maclar/4545
2013-10-26,2013-2014,Süper Lig,Bostancı Bağcıl SK,Lefke TSK,2,2,D,0,0,4546,https://ktff.org/maclar/4546
2013-10-26,2013-2014,Süper Lig,Mormenekşe GBSK,Yenicami AK,3,2,H,0,0,4547,https://ktff.org/maclar/4547
2013-10-26,2013-2014,1. Lig,Ozanköy SK,Düzkaya KOSK,1,2,A,0,0,4600,https://ktff.org/maclar/4600
2013-10-26,2013-2014,1. Lig,Gönyeli SK,Esentepe KSKK,3,0,H,0,0,4601,https://ktff.org/maclar/4601
2013-10-26,2013-2014,1. Lig,Göçmenköy İYSK,Türkmenköy ASK,0,1,A,0,0,4602,https://ktff.org/maclar/4602
2013-10-26,2013-2014,1. Lig,Değirmenlik SK,Türk Ocağı Limasol SK,1,0,H,0,0,4603,https://ktff.org/maclar/4603
2013-10-27,2013-2014,Süper Lig,Yalova SK,Küçük Kaymaklı TSK,0,8,A,0,0,4548,https://ktff.org/maclar/4548
2013-10-27,2013-2014,Süper Lig,Çetinkaya TSK,Cihangir GSK,1,1,D,0,0,4549,https://ktff.org/maclar/4549
2013-10-27,2013-2014,Süper Lig,Doğan Türk Birliği,Gençlik Gücü TSK,3,2,H,0,0,4550,https://ktff.org/maclar/4550
2013-10-27,2013-2014,1. Lig,Akıncılar GSK,Lapta Türk Birliği SK,1,1,D,0,0,4604,https://ktff.org/maclar/4604
2013-10-27,2013-2014,1. Lig,Dumlupınar TSK,Binatlı YSK,2,1,H,0,0,4605,https://ktff.org/maclar/4605
2013-10-27,2013-2014,1. Lig,Baf Ülkü Yurdu,L. Gençler Birliği SK,3,3,D,0,0,4606,https://ktff.org/maclar/4606
2013-11-02,2013-2014,Süper Lig,Serdarlı GB,Gençlik Gücü TSK,4,0,H,0,0,4558,https://ktff.org/maclar/4558
2013-11-02,2013-2014,Süper Lig,Yenicami AK,Mağusa Türk Gücü,2,0,H,0,0,4559,https://ktff.org/maclar/4559
2013-11-02,2013-2014,Süper Lig,Cihangir GSK,Mormenekşe GBSK,0,1,A,0,0,4560,https://ktff.org/maclar/4560
2013-11-02,2013-2014,Süper Lig,Bostancı Bağcıl SK,Doğan Türk Birliği,1,1,D,0,0,4561,https://ktff.org/maclar/4561
2013-11-02,2013-2014,1. Lig,Lapta Türk Birliği SK,L. Gençler Birliği SK,4,0,H,0,0,4614,https://ktff.org/maclar/4614
2013-11-02,2013-2014,1. Lig,Türkmenköy ASK,Değirmenlik SK,1,1,D,0,0,4615,https://ktff.org/maclar/4615
2013-11-02,2013-2014,1. Lig,Binatlı YSK,Göçmenköy İYSK,1,2,A,0,0,4616,https://ktff.org/maclar/4616
2013-11-02,2013-2014,1. Lig,Ozanköy SK,Baf Ülkü Yurdu,1,0,H,0,0,4617,https://ktff.org/maclar/4617
2013-11-03,2013-2014,Süper Lig,Küçük Kaymaklı TSK,Çetinkaya TSK,2,0,H,0,0,4562,https://ktff.org/maclar/4562
2013-11-03,2013-2014,Süper Lig,Yeniboğaziçi DSK,Hamitköy ŞHSK,1,2,A,0,0,4563,https://ktff.org/maclar/4563
2013-11-03,2013-2014,Süper Lig,Lefke TSK,Yalova SK,2,0,H,0,0,4564,https://ktff.org/maclar/4564
2013-11-03,2013-2014,1. Lig,Türk Ocağı Limasol SK,Akıncılar GSK,0,0,D,0,0,4618,https://ktff.org/maclar/4618
2013-11-03,2013-2014,1. Lig,Esentepe KSKK,Dumlupınar TSK,1,3,A,0,0,4619,https://ktff.org/maclar/4619
2013-11-03,2013-2014,1. Lig,Düzkaya KOSK,Gönyeli SK,1,2,A,0,0,4620,https://ktff.org/maclar/4620
2013-11-09,2013-2014,Süper Lig,Hamitköy ŞHSK,Yenicami AK,0,4,A,0,0,4572,https://ktff.org/maclar/4572
2013-11-09,2013-2014,Süper Lig,Çetinkaya TSK,Lefke TSK,2,4,A,0,0,4573,https://ktff.org/maclar/4573
2013-11-09,2013-2014,Süper Lig,Doğan Türk Birliği,Serdarlı GB,0,0,D,0,0,4574,https://ktff.org/maclar/4574
2013-11-09,2013-2014,Süper Lig,Mormenekşe GBSK,Küçük Kaymaklı TSK,0,2,A,0,0,4575,https://ktff.org/maclar/4575
2013-11-09,2013-2014,1. Lig,Akıncılar GSK,Türkmenköy ASK,1,0,H,0,0,4628,https://ktff.org/maclar/4628
2013-11-09,2013-2014,1. Lig,Gönyeli SK,Ozanköy SK,3,0,H,0,0,4629,https://ktff.org/maclar/4629
2013-11-09,2013-2014,1. Lig,Dumlupınar TSK,Düzkaya KOSK,0,0,D,0,0,4630,https://ktff.org/maclar/4630
2013-11-09,2013-2014,1. Lig,Baf Ülkü Yurdu,Lapta Türk Birliği SK,1,2,A,0,0,4631,https://ktff.org/maclar/4631
2013-11-10,2013-2014,Süper Lig,Mağusa Türk Gücü,Cihangir GSK,0,0,D,0,0,4576,https://ktff.org/maclar/4576
2013-11-10,2013-2014,Süper Lig,Gençlik Gücü TSK,Yeniboğaziçi DSK,3,5,A,0,0,4577,https://ktff.org/maclar/4577
2013-11-10,2013-2014,Süper Lig,Yalova SK,Bostancı Bağcıl SK,1,3,A,0,0,4578,https://ktff.org/maclar/4578
2013-11-10,2013-2014,1. Lig,Değirmenlik SK,Binatlı YSK,1,1,D,0,0,4632,https://ktff.org/maclar/4632
2013-11-10,2013-2014,1. Lig,L. Gençler Birliği SK,Türk Ocağı Limasol SK,2,1,H,0,0,4633,https://ktff.org/maclar/4633
2013-11-10,2013-2014,1. Lig,Göçmenköy İYSK,Esentepe KSKK,2,0,H,0,0,4634,https://ktff.org/maclar/4634
2013-11-16,2013-2014,Süper Lig,Yeniboğaziçi DSK,Serdarlı GB,2,2,D,0,0,4586,https://ktff.org/maclar/4586
2013-11-16,2013-2014,Süper Lig,Yenicami AK,Gençlik Gücü TSK,6,0,H,0,0,4587,https://ktff.org/maclar/4587
2013-11-16,2013-2014,Süper Lig,Cihangir GSK,Hamitköy ŞHSK,3,2,H,0,0,4588,https://ktff.org/maclar/4588
2013-11-16,2013-2014,Süper Lig,Yalova SK,Doğan Türk Birliği,3,6,A,0,0,4589,https://ktff.org/maclar/4589
2013-11-16,2013-2014,1. Lig,Binatlı YSK,Akıncılar GSK,3,3,D,0,0,4642,https://ktff.org/maclar/4642
2013-11-16,2013-2014,1. Lig,Türkmenköy ASK,L. Gençler Birliği SK,0,1,A,0,0,4643,https://ktff.org/maclar/4643
2013-11-16,2013-2014,1. Lig,Gönyeli SK,Baf Ülkü Yurdu,4,3,H,0,0,4644,https://ktff.org/maclar/4644
2013-11-17,2013-2014,Süper Lig,Küçük Kaymaklı TSK,Mağusa Türk Gücü,2,0,H,0,0,4590,https://ktff.org/maclar/4590
2013-11-17,2013-2014,Süper Lig,Lefke TSK,Mormenekşe GBSK,4,0,H,0,0,4591,https://ktff.org/maclar/4591
2013-11-17,2013-2014,Süper Lig,Bostancı Bağcıl SK,Çetinkaya TSK,1,2,A,0,0,4592,https://ktff.org/maclar/4592
2013-11-17,2013-2014,1. Lig,Türk Ocağı Limasol SK,Lapta Türk Birliği SK,0,0,D,0,0,4645,https://ktff.org/maclar/4645
2013-11-17,2013-2014,1. Lig,Esentepe KSKK,Değirmenlik SK,2,2,D,0,0,4646,https://ktff.org/maclar/4646
2013-11-17,2013-2014,1. Lig,Düzkaya KOSK,Göçmenköy İYSK,2,1,H,0,0,4647,https://ktff.org/maclar/4647
2013-11-17,2013-2014,1. Lig,Ozanköy SK,Dumlupınar TSK,2,6,A,0,0,4648,https://ktff.org/maclar/4648
2013-11-23,2013-2014,Süper Lig,Mağusa Türk Gücü,Lefke TSK,1,0,H,0,0,4712,https://ktff.org/maclar/4712
2013-11-23,2013-2014,Süper Lig,Hamitköy ŞHSK,Küçük Kaymaklı TSK,1,1,D,0,0,4713,https://ktff.org/maclar/4713
2013-11-23,2013-2014,Süper Lig,Serdarlı GB,Yenicami AK,1,2,A,0,0,4714,https://ktff.org/maclar/4714
2013-11-23,2013-2014,Süper Lig,Çetinkaya TSK,Yalova SK,1,1,D,0,0,4715,https://ktff.org/maclar/4715
2013-11-23,2013-2014,1. Lig,Değirmenlik SK,Düzkaya KOSK,0,1,A,0,0,4740,https://ktff.org/maclar/4740
2013-11-23,2013-2014,1. Lig,Akıncılar GSK,Esentepe KSKK,3,1,H,0,0,4741,https://ktff.org/maclar/4741
2013-11-23,2013-2014,1. Lig,L. Gençler Birliği SK,Binatlı YSK,1,3,A,0,0,4742,https://ktff.org/maclar/4742
2013-11-23,2013-2014,1. Lig,Lapta Türk Birliği SK,Türkmenköy ASK,4,0,H,0,0,4743,https://ktff.org/maclar/4743
2013-11-24,2013-2014,Süper Lig,Gençlik Gücü TSK,Cihangir GSK,0,4,A,0,0,4716,https://ktff.org/maclar/4716
2013-11-24,2013-2014,Süper Lig,Mormenekşe GBSK,Bostancı Bağcıl SK,2,0,H,0,0,4717,https://ktff.org/maclar/4717
2013-11-24,2013-2014,Süper Lig,Doğan Türk Birliği,Yeniboğaziçi DSK,3,1,H,0,0,4718,https://ktff.org/maclar/4718
2013-11-24,2013-2014,1. Lig,Dumlupınar TSK,Gönyeli SK,0,2,A,0,0,4744,https://ktff.org/maclar/4744
2013-11-24,2013-2014,1. Lig,Göçmenköy İYSK,Ozanköy SK,2,0,H,0,0,4745,https://ktff.org/maclar/4745
2013-11-24,2013-2014,1. Lig,Baf Ülkü Yurdu,Türk Ocağı Limasol SK,0,2,A,0,0,4746,https://ktff.org/maclar/4746
2013-11-30,2013-2014,Süper Lig,Yenicami AK,Yeniboğaziçi DSK,5,0,H,0,0,4726,https://ktff.org/maclar/4726
2013-11-30,2013-2014,Süper Lig,Cihangir GSK,Serdarlı GB,1,1,D,0,0,4727,https://ktff.org/maclar/4727
2013-11-30,2013-2014,Süper Lig,Lefke TSK,Hamitköy ŞHSK,0,0,D,0,0,4728,https://ktff.org/maclar/4728
2013-11-30,2013-2014,Süper Lig,Yalova SK,Mormenekşe GBSK,1,2,A,0,0,4729,https://ktff.org/maclar/4729
2013-11-30,2013-2014,1. Lig,Türkmenköy ASK,Türk Ocağı Limasol SK,0,3,A,0,0,4754,https://ktff.org/maclar/4754
2013-11-30,2013-2014,1. Lig,Binatlı YSK,Lapta Türk Birliği SK,1,0,H,0,0,4755,https://ktff.org/maclar/4755
2013-11-30,2013-2014,1. Lig,Dumlupınar TSK,Baf Ülkü Yurdu,0,1,A,0,0,4756,https://ktff.org/maclar/4756
2013-12-01,2013-2014,Süper Lig,Küçük Kaymaklı TSK,Gençlik Gücü TSK,4,0,H,0,0,4730,https://ktff.org/maclar/4730
2013-12-01,2013-2014,Süper Lig,Bostancı Bağcıl SK,Mağusa Türk Gücü,1,2,A,0,0,4731,https://ktff.org/maclar/4731
2013-12-01,2013-2014,Süper Lig,Çetinkaya TSK,Doğan Türk Birliği,0,1,A,0,0,4732,https://ktff.org/maclar/4732
2013-12-01,2013-2014,1. Lig,Esentepe KSKK,L. Gençler Birliği SK,2,1,H,0,0,4757,https://ktff.org/maclar/4757
2013-12-01,2013-2014,1. Lig,Düzkaya KOSK,Akıncılar GSK,0,0,D,0,0,4758,https://ktff.org/maclar/4758
2013-12-01,2013-2014,1. Lig,Ozanköy SK,Değirmenlik SK,0,4,A,0,0,4759,https://ktff.org/maclar/4759
2013-12-01,2013-2014,1. Lig,Gönyeli SK,Göçmenköy İYSK,5,0,H,0,0,4760,https://ktff.org/maclar/4760
2013-12-07,2013-2014,Süper Lig,Mağusa Türk Gücü,Yalova SK,1,2,A,0,0,4796,https://ktff.org/maclar/4796
2013-12-07,2013-2014,Süper Lig,Gençlik Gücü TSK,Lefke TSK,1,8,A,0,0,4797,https://ktff.org/maclar/4797
2013-12-07,2013-2014,Süper Lig,Yeniboğaziçi DSK,Cihangir GSK,2,3,A,0,0,4798,https://ktff.org/maclar/4798
2013-12-07,2013-2014,Süper Lig,Mormenekşe GBSK,Çetinkaya TSK,0,1,A,0,0,4799,https://ktff.org/maclar/4799
2013-12-07,2013-2014,1. Lig,Değirmenlik SK,Gönyeli SK,2,1,H,0,0,4838,https://ktff.org/maclar/4838
2013-12-07,2013-2014,1. Lig,Türk Ocağı Limasol SK,Binatlı YSK,1,2,A,0,0,4839,https://ktff.org/maclar/4839
2013-12-07,2013-2014,1. Lig,Göçmenköy İYSK,Dumlupınar TSK,2,3,A,0,0,4840,https://ktff.org/maclar/4840
2013-12-07,2013-2014,1. Lig,Akıncılar GSK,Ozanköy SK,2,0,H,0,0,4841,https://ktff.org/maclar/4841
2013-12-08,2013-2014,Süper Lig,Hamitköy ŞHSK,Bostancı Bağcıl SK,2,0,H,0,0,4800,https://ktff.org/maclar/4800
2013-12-08,2013-2014,Süper Lig,Serdarlı GB,Küçük Kaymaklı TSK,1,2,A,0,0,4801,https://ktff.org/maclar/4801
2013-12-08,2013-2014,Süper Lig,Doğan Türk Birliği,Yenicami AK,1,2,A,0,0,4802,https://ktff.org/maclar/4802
2013-12-08,2013-2014,1. Lig,L. Gençler Birliği SK,Düzkaya KOSK,2,0,H,0,0,4842,https://ktff.org/maclar/4842
2013-12-08,2013-2014,1. Lig,Lapta Türk Birliği SK,Esentepe KSKK,1,0,H,0,0,4843,https://ktff.org/maclar/4843
2013-12-08,2013-2014,1. Lig,Baf Ülkü Yurdu,Türkmenköy ASK,0,2,A,0,0,4844,https://ktff.org/maclar/4844
2013-12-14,2013-2014,Süper Lig,Cihangir GSK,Yenicami AK,0,4,A,0,0,4810,https://ktff.org/maclar/4810
2013-12-14,2013-2014,Süper Lig,Lefke TSK,Serdarlı GB,5,1,H,0,0,4811,https://ktff.org/maclar/4811
2013-12-14,2013-2014,Süper Lig,Bostancı Bağcıl SK,Gençlik Gücü TSK,6,1,H,0,0,4812,https://ktff.org/maclar/4812
2013-12-14,2013-2014,Süper Lig,Çetinkaya TSK,Mağusa Türk Gücü,1,2,A,0,0,4813,https://ktff.org/maclar/4813
2013-12-14,2013-2014,1. Lig,Ozanköy SK,L. Gençler Birliği SK,0,4,A,0,0,4851,https://ktff.org/maclar/4851
2013-12-14,2013-2014,1. Lig,Gönyeli SK,Akıncılar GSK,4,1,H,0,0,4852,https://ktff.org/maclar/4852
2013-12-14,2013-2014,1. Lig,Göçmenköy İYSK,Baf Ülkü Yurdu,0,1,A,0,0,4853,https://ktff.org/maclar/4853
2013-12-14,2013-2014,1. Lig,Esentepe KSKK,Türk Ocağı Limasol SK,4,1,H,0,0,4855,https://ktff.org/maclar/4855
2013-12-15,2013-2014,Süper Lig,Küçük Kaymaklı TSK,Yeniboğaziçi DSK,4,1,H,0,0,4814,https://ktff.org/maclar/4814
2013-12-15,2013-2014,Süper Lig,Yalova SK,Hamitköy ŞHSK,0,4,A,0,0,4815,https://ktff.org/maclar/4815
2013-12-15,2013-2014,Süper Lig,Mormenekşe GBSK,Doğan Türk Birliği,0,1,A,0,0,4816,https://ktff.org/maclar/4816
2013-12-15,2013-2014,1. Lig,Binatlı YSK,Türkmenköy ASK,2,1,H,0,0,4854,https://ktff.org/maclar/4854
2013-12-15,2013-2014,1. Lig,Düzkaya KOSK,Lapta Türk Birliği SK,1,2,A,0,0,4856,https://ktff.org/maclar/4856
2013-12-20,2013-2014,Süper Lig,Yenicami AK,Küçük Kaymaklı TSK,1,0,H,0,0,4824,https://ktff.org/maclar/4824
2013-12-21,2013-2014,Süper Lig,Gençlik Gücü TSK,Yalova SK,1,3,A,0,0,4825,https://ktff.org/maclar/4825
2013-12-21,2013-2014,Süper Lig,Serdarlı GB,Bostancı Bağcıl SK,2,4,A,0,0,4826,https://ktff.org/maclar/4826
2013-12-21,2013-2014,Süper Lig,Yeniboğaziçi DSK,Lefke TSK,0,2,A,0,0,4827,https://ktff.org/maclar/4827
2013-12-21,2013-2014,1. Lig,Türk Ocağı Limasol SK,Düzkaya KOSK,1,1,D,0,0,4865,https://ktff.org/maclar/4865
2013-12-21,2013-2014,1. Lig,Türkmenköy ASK,Esentepe KSKK,2,1,H,0,0,4866,https://ktff.org/maclar/4866
2013-12-21,2013-2014,1. Lig,Baf Ülkü Yurdu,Binatlı YSK,1,1,D,0,0,4867,https://ktff.org/maclar/4867
2013-12-21,2013-2014,1. Lig,Değirmenlik SK,Göçmenköy İYSK,0,2,A,0,0,4868,https://ktff.org/maclar/4868
2013-12-22,2013-2014,Süper Lig,Mağusa Türk Gücü,Mormenekşe GBSK,4,0,H,0,0,4828,https://ktff.org/maclar/4828
2013-12-22,2013-2014,Süper Lig,Hamitköy ŞHSK,Çetinkaya TSK,0,1,A,0,0,4829,https://ktff.org/maclar/4829
2013-12-22,2013-2014,Süper Lig,Doğan Türk Birliği,Cihangir GSK,2,0,H,0,0,4830,https://ktff.org/maclar/4830
2013-12-22,2013-2014,1. Lig,Akıncılar GSK,Dumlupınar TSK,1,1,D,0,0,4869,https://ktff.org/maclar/4869
2013-12-22,2013-2014,1. Lig,L. Gençler Birliği SK,Gönyeli SK,0,3,A,0,0,4870,https://ktff.org/maclar/4870
2013-12-22,2013-2014,1. Lig,Lapta Türk Birliği SK,Ozanköy SK,1,2,A,0,0,4871,https://ktff.org/maclar/4871
2013-12-25,2013-2014,1. Lig,Dumlupınar TSK,Değirmenlik SK,0,2,A,0,0,4857,https://ktff.org/maclar/4857
2014-01-25,2013-2014,Süper Lig,Mağusa Türk Gücü,Doğan Türk Birliği,0,3,A,0,0,4980,https://ktff.org/maclar/4980
2014-01-25,2013-2014,Süper Lig,Gençlik Gücü TSK,Çetinkaya TSK,0,4,A,0,0,4981,https://ktff.org/maclar/4981
2014-01-25,2013-2014,Süper Lig,Cihangir GSK,Küçük Kaymaklı TSK,0,3,A,0,0,4982,https://ktff.org/maclar/4982
2014-01-25,2013-2014,Süper Lig,Hamitköy ŞHSK,Mormenekşe GBSK,4,2,H,0,0,4983,https://ktff.org/maclar/4983
2014-01-25,2013-2014,1. Lig,Lapta Türk Birliği SK,Gönyeli SK,2,1,H,0,0,5036,https://ktff.org/maclar/5036
2014-01-25,2013-2014,1. Lig,Binatlı YSK,Esentepe KSKK,0,2,A,0,0,5037,https://ktff.org/maclar/5037
2014-01-25,2013-2014,1. Lig,Türkmenköy ASK,Düzkaya KOSK,3,0,H,1,0,5038,https://ktff.org/maclar/5038
2014-01-25,2013-2014,1. Lig,Değirmenlik SK,Baf Ülkü Yurdu,1,1,D,0,0,5039,https://ktff.org/maclar/5039
2014-01-26,2013-2014,Süper Lig,Yeniboğaziçi DSK,Bostancı Bağcıl SK,0,1,A,0,0,4984,https://ktff.org/maclar/4984
2014-01-26,2013-2014,Süper Lig,Serdarlı GB,Yalova SK,1,1,D,0,0,4985,https://ktff.org/maclar/4985
2014-01-26,2013-2014,Süper Lig,Yenicami AK,Lefke TSK,0,2,A,0,0,5007,https://ktff.org/maclar/5007
2014-01-26,2013-2014,1. Lig,Türk Ocağı Limasol SK,Ozanköy SK,0,0,D,0,0,5040,https://ktff.org/maclar/5040
2014-01-26,2013-2014,1. Lig,Akıncılar GSK,Göçmenköy İYSK,1,1,D,0,0,5041,https://ktff.org/maclar/5041
2014-01-26,2013-2014,1. Lig,L. Gençler Birliği SK,Dumlupınar TSK,0,1,A,0,0,5042,https://ktff.org/maclar/5042
2014-02-01,2013-2014,Süper Lig,Bostancı Bağcıl SK,Yenicami AK,0,6,A,0,0,4993,https://ktff.org/maclar/4993
2014-02-01,2013-2014,Süper Lig,Lefke TSK,Cihangir GSK,1,0,H,0,0,4994,https://ktff.org/maclar/4994
2014-02-01,2013-2014,Süper Lig,Mormenekşe GBSK,Gençlik Gücü TSK,4,0,H,0,0,4995,https://ktff.org/maclar/4995
2014-02-01,2013-2014,Süper Lig,Çetinkaya TSK,Serdarlı GB,2,0,H,0,0,4996,https://ktff.org/maclar/4996
2014-02-01,2013-2014,1. Lig,Dumlupınar TSK,Lapta Türk Birliği SK,0,1,A,0,0,5051,https://ktff.org/maclar/5051
2014-02-01,2013-2014,1. Lig,Ozanköy SK,Türkmenköy ASK,0,0,D,0,0,5052,https://ktff.org/maclar/5052
2014-02-01,2013-2014,1. Lig,Göçmenköy İYSK,L. Gençler Birliği SK,5,0,H,0,0,5053,https://ktff.org/maclar/5053
2014-02-02,2013-2014,Süper Lig,Yalova SK,Yeniboğaziçi DSK,0,1,A,0,0,4997,https://ktff.org/maclar/4997
2014-02-02,2013-2014,Süper Lig,Mağusa Türk Gücü,Hamitköy ŞHSK,1,4,A,0,0,4998,https://ktff.org/maclar/4998
2014-02-02,2013-2014,Süper Lig,Doğan Türk Birliği,Küçük Kaymaklı TSK,2,1,H,0,0,4999,https://ktff.org/maclar/4999
2014-02-02,2013-2014,1. Lig,Gönyeli SK,Türk Ocağı Limasol SK,2,2,D,0,0,5050,https://ktff.org/maclar/5050
2014-02-02,2013-2014,1. Lig,Baf Ülkü Yurdu,Esentepe KSKK,0,0,D,0,0,5054,https://ktff.org/maclar/5054
2014-02-02,2013-2014,1. Lig,Düzkaya KOSK,Binatlı YSK,3,2,H,0,0,5055,https://ktff.org/maclar/5055
2014-02-02,2013-2014,1. Lig,Değirmenlik SK,Akıncılar GSK,3,2,H,0,0,5056,https://ktff.org/maclar/5056
2014-02-08,2013-2014,Süper Lig,Gençlik Gücü TSK,Mağusa Türk Gücü,1,2,A,0,0,5008,https://ktff.org/maclar/5008
2014-02-08,2013-2014,Süper Lig,Serdarlı GB,Mormenekşe GBSK,2,0,H,0,0,5010,https://ktff.org/maclar/5010
2014-02-08,2013-2014,Süper Lig,Küçük Kaymaklı TSK,Lefke TSK,3,3,D,0,0,5011,https://ktff.org/maclar/5011
2014-02-08,2013-2014,1. Lig,Türkmenköy ASK,Gönyeli SK,2,2,D,0,0,5064,https://ktff.org/maclar/5064
2014-02-08,2013-2014,1. Lig,Esentepe KSKK,Düzkaya KOSK,3,1,H,0,0,5065,https://ktff.org/maclar/5065
2014-02-08,2013-2014,1. Lig,Binatlı YSK,Ozanköy SK,1,0,H,0,0,5066,https://ktff.org/maclar/5066
2014-02-08,2013-2014,1. Lig,Akıncılar GSK,Baf Ülkü Yurdu,0,0,D,0,0,5067,https://ktff.org/maclar/5067
2014-02-09,2013-2014,Süper Lig,Yeniboğaziçi DSK,Çetinkaya TSK,0,3,A,0,0,5009,https://ktff.org/maclar/5009
2014-02-09,2013-2014,Süper Lig,Hamitköy ŞHSK,Doğan Türk Birliği,3,0,H,0,0,5012,https://ktff.org/maclar/5012
2014-02-09,2013-2014,Süper Lig,Cihangir GSK,Bostancı Bağcıl SK,3,2,H,0,0,5013,https://ktff.org/maclar/5013
2014-02-09,2013-2014,Süper Lig,Yenicami AK,Yalova SK,4,0,H,0,0,5014,https://ktff.org/maclar/5014
2014-02-09,2013-2014,1. Lig,Lapta Türk Birliği SK,Göçmenköy İYSK,2,0,H,0,0,5068,https://ktff.org/maclar/5068
2014-02-09,2013-2014,1. Lig,Türk Ocağı Limasol SK,Dumlupınar TSK,6,1,H,0,0,5069,https://ktff.org/maclar/5069
2014-02-09,2013-2014,1. Lig,L. Gençler Birliği SK,Değirmenlik SK,2,1,H,0,0,5070,https://ktff.org/maclar/5070
2014-02-15,2013-2014,Süper Lig,Çetinkaya TSK,Yenicami AK,0,0,D,0,0,5022,https://ktff.org/maclar/5022
2014-02-15,2013-2014,Süper Lig,Mormenekşe GBSK,Yeniboğaziçi DSK,1,0,H,0,0,5023,https://ktff.org/maclar/5023
2014-02-15,2013-2014,Süper Lig,Yalova SK,Cihangir GSK,2,1,H,0,0,5024,https://ktff.org/maclar/5024
2014-02-15,2013-2014,Süper Lig,Doğan Türk Birliği,Lefke TSK,1,1,D,0,0,5028,https://ktff.org/maclar/5028
2014-02-15,2013-2014,1. Lig,Göçmenköy İYSK,Türk Ocağı Limasol SK,1,1,D,0,0,5078,https://ktff.org/maclar/5078
2014-02-15,2013-2014,1. Lig,Ozanköy SK,Esentepe KSKK,0,2,A,0,0,5079,https://ktff.org/maclar/5079
2014-02-15,2013-2014,1. Lig,Baf Ülkü Yurdu,Düzkaya KOSK,2,2,D,0,0,5080,https://ktff.org/maclar/5080
2014-02-15,2013-2014,1. Lig,Değirmenlik SK,Lapta Türk Birliği SK,1,2,A,0,0,5081,https://ktff.org/maclar/5081
2014-02-15,2013-2014,1. Lig,Dumlupınar TSK,Türkmenköy ASK,3,1,H,0,0,5082,https://ktff.org/maclar/5082
2014-02-15,2013-2014,1. Lig,Akıncılar GSK,L. Gençler Birliği SK,3,2,H,0,0,5083,https://ktff.org/maclar/5083
2014-02-16,2013-2014,Süper Lig,Bostancı Bağcıl SK,Küçük Kaymaklı TSK,2,3,A,0,0,5025,https://ktff.org/maclar/5025
2014-02-16,2013-2014,Süper Lig,Hamitköy ŞHSK,Gençlik Gücü TSK,1,1,D,0,0,5026,https://ktff.org/maclar/5026
2014-02-16,2013-2014,Süper Lig,Mağusa Türk Gücü,Serdarlı GB,1,2,A,0,0,5027,https://ktff.org/maclar/5027
2014-02-16,2013-2014,1. Lig,Gönyeli SK,Binatlı YSK,2,0,H,0,0,5084,https://ktff.org/maclar/5084
2014-02-22,2013-2014,Süper Lig,Gençlik Gücü TSK,Doğan Türk Birliği,1,3,A,0,0,5232,https://ktff.org/maclar/5232
2014-02-22,2013-2014,Süper Lig,Cihangir GSK,Çetinkaya TSK,0,1,A,0,0,5233,https://ktff.org/maclar/5233
2014-02-22,2013-2014,Süper Lig,Lefke TSK,Bostancı Bağcıl SK,1,0,H,0,0,5234,https://ktff.org/maclar/5234
2014-02-22,2013-2014,Süper Lig,Küçük Kaymaklı TSK,Yalova SK,5,2,H,0,0,5235,https://ktff.org/maclar/5235
2014-02-22,2013-2014,1. Lig,Esentepe KSKK,Gönyeli SK,1,1,D,0,0,5274,https://ktff.org/maclar/5274
2014-02-22,2013-2014,1. Lig,Türkmenköy ASK,Göçmenköy İYSK,3,0,H,0,0,5275,https://ktff.org/maclar/5275
2014-02-22,2013-2014,1. Lig,Lapta Türk Birliği SK,Akıncılar GSK,1,0,H,0,0,5276,https://ktff.org/maclar/5276
2014-02-23,2013-2014,Süper Lig,Yeniboğaziçi DSK,Mağusa Türk Gücü,0,2,A,0,0,5236,https://ktff.org/maclar/5236
2014-02-23,2013-2014,Süper Lig,Serdarlı GB,Hamitköy ŞHSK,2,1,H,0,0,5237,https://ktff.org/maclar/5237
2014-02-23,2013-2014,Süper Lig,Yenicami AK,Mormenekşe GBSK,4,0,H,0,0,5238,https://ktff.org/maclar/5238
2014-02-23,2013-2014,1. Lig,Düzkaya KOSK,Ozanköy SK,1,1,D,0,0,5277,https://ktff.org/maclar/5277
2014-02-23,2013-2014,1. Lig,L. Gençler Birliği SK,Baf Ülkü Yurdu,3,0,H,0,0,5278,https://ktff.org/maclar/5278
2014-02-23,2013-2014,1. Lig,Binatlı YSK,Dumlupınar TSK,1,0,H,0,0,5279,https://ktff.org/maclar/5279
2014-02-23,2013-2014,1. Lig,Türk Ocağı Limasol SK,Değirmenlik SK,3,1,H,0,0,5280,https://ktff.org/maclar/5280
2014-03-01,2013-2014,Süper Lig,Mormenekşe GBSK,Cihangir GSK,1,2,A,0,0,5246,https://ktff.org/maclar/5246
2014-03-01,2013-2014,Süper Lig,Gençlik Gücü TSK,Serdarlı GB,1,3,A,0,0,5247,https://ktff.org/maclar/5247
2014-03-01,2013-2014,Süper Lig,Hamitköy ŞHSK,Yeniboğaziçi DSK,1,0,H,0,0,5248,https://ktff.org/maclar/5248
2014-03-01,2013-2014,1. Lig,Değirmenlik SK,Türkmenköy ASK,1,0,H,0,0,5288,https://ktff.org/maclar/5288
2014-03-01,2013-2014,1. Lig,Göçmenköy İYSK,Binatlı YSK,1,0,H,0,0,5289,https://ktff.org/maclar/5289
2014-03-01,2013-2014,1. Lig,L. Gençler Birliği SK,Lapta Türk Birliği SK,3,1,H,0,0,5290,https://ktff.org/maclar/5290
2014-03-01,2013-2014,1. Lig,Akıncılar GSK,Türk Ocağı Limasol SK,0,6,A,0,0,5291,https://ktff.org/maclar/5291
2014-03-02,2013-2014,Süper Lig,Yalova SK,Lefke TSK,0,0,D,0,0,5249,https://ktff.org/maclar/5249
2014-03-02,2013-2014,Süper Lig,Doğan Türk Birliği,Bostancı Bağcıl SK,2,4,A,0,0,5250,https://ktff.org/maclar/5250
2014-03-02,2013-2014,Süper Lig,Çetinkaya TSK,Küçük Kaymaklı TSK,2,1,H,0,0,5251,https://ktff.org/maclar/5251
2014-03-02,2013-2014,Süper Lig,Mağusa Türk Gücü,Yenicami AK,1,2,A,0,0,5252,https://ktff.org/maclar/5252
2014-03-02,2013-2014,1. Lig,Baf Ülkü Yurdu,Ozanköy SK,0,1,A,0,0,5292,https://ktff.org/maclar/5292
2014-03-02,2013-2014,1. Lig,Dumlupınar TSK,Esentepe KSKK,2,2,D,0,0,5293,https://ktff.org/maclar/5293
2014-03-02,2013-2014,1. Lig,Gönyeli SK,Düzkaya KOSK,3,2,H,0,0,5294,https://ktff.org/maclar/5294
2014-03-08,2013-2014,Süper Lig,Cihangir GSK,Mağusa Türk Gücü,1,0,H,0,0,5260,https://ktff.org/maclar/5260
2014-03-08,2013-2014,Süper Lig,Lefke TSK,Çetinkaya TSK,3,1,H,0,0,5261,https://ktff.org/maclar/5261
2014-03-08,2013-2014,Süper Lig,Bostancı Bağcıl SK,Yalova SK,1,0,H,0,0,5262,https://ktff.org/maclar/5262
2014-03-08,2013-2014,Süper Lig,Küçük Kaymaklı TSK,Mormenekşe GBSK,1,0,H,0,0,5263,https://ktff.org/maclar/5263
2014-03-08,2013-2014,Süper Lig,Yeniboğaziçi DSK,Gençlik Gücü TSK,1,0,H,0,0,5266,https://ktff.org/maclar/5266
2014-03-08,2013-2014,1. Lig,Ozanköy SK,Gönyeli SK,1,5,A,0,0,5302,https://ktff.org/maclar/5302
2014-03-08,2013-2014,1. Lig,Binatlı YSK,Değirmenlik SK,3,2,H,0,0,5303,https://ktff.org/maclar/5303
2014-03-08,2013-2014,1. Lig,Düzkaya KOSK,Dumlupınar TSK,3,3,D,0,0,5304,https://ktff.org/maclar/5304
2014-03-08,2013-2014,1. Lig,Türk Ocağı Limasol SK,L. Gençler Birliği SK,4,2,H,0,0,5305,https://ktff.org/maclar/5305
2014-03-09,2013-2014,Süper Lig,Yenicami AK,Hamitköy ŞHSK,7,0,H,0,0,5264,https://ktff.org/maclar/5264
2014-03-09,2013-2014,Süper Lig,Serdarlı GB,Doğan Türk Birliği,1,0,H,0,0,5265,https://ktff.org/maclar/5265
2014-03-09,2013-2014,1. Lig,Lapta Türk Birliği SK,Baf Ülkü Yurdu,0,1,A,0,0,5306,https://ktff.org/maclar/5306
2014-03-09,2013-2014,1. Lig,Türkmenköy ASK,Akıncılar GSK,1,1,D,0,0,5307,https://ktff.org/maclar/5307
2014-03-09,2013-2014,1. Lig,Esentepe KSKK,Göçmenköy İYSK,1,0,H,0,0,5308,https://ktff.org/maclar/5308
2014-03-15,2013-2014,Süper Lig,Gençlik Gücü TSK,Yenicami AK,1,5,A,0,0,5402,https://ktff.org/maclar/5402
2014-03-15,2013-2014,Süper Lig,Serdarlı GB,Yeniboğaziçi DSK,6,2,H,0,0,5403,https://ktff.org/maclar/5403
2014-03-15,2013-2014,Süper Lig,Doğan Türk Birliği,Yalova SK,4,1,H,0,0,5404,https://ktff.org/maclar/5404
2014-03-15,2013-2014,Süper Lig,Mormenekşe GBSK,Lefke TSK,1,0,H,0,0,5405,https://ktff.org/maclar/5405
2014-03-15,2013-2014,1. Lig,Lapta Türk Birliği SK,Türk Ocağı Limasol SK,1,0,H,0,0,5444,https://ktff.org/maclar/5444
2014-03-15,2013-2014,1. Lig,Değirmenlik SK,Esentepe KSKK,2,4,A,0,0,5445,https://ktff.org/maclar/5445
2014-03-15,2013-2014,1. Lig,Göçmenköy İYSK,Düzkaya KOSK,3,0,H,0,0,5446,https://ktff.org/maclar/5446
2014-03-15,2013-2014,1. Lig,Dumlupınar TSK,Ozanköy SK,0,0,D,0,0,5447,https://ktff.org/maclar/5447
2014-03-16,2013-2014,Süper Lig,Mağusa Türk Gücü,Küçük Kaymaklı TSK,1,5,A,0,0,5406,https://ktff.org/maclar/5406
2014-03-16,2013-2014,Süper Lig,Çetinkaya TSK,Bostancı Bağcıl SK,2,2,D,0,0,5407,https://ktff.org/maclar/5407
2014-03-16,2013-2014,Süper Lig,Hamitköy ŞHSK,Cihangir GSK,0,4,A,0,0,5408,https://ktff.org/maclar/5408
2014-03-16,2013-2014,1. Lig,Baf Ülkü Yurdu,Gönyeli SK,1,2,A,0,0,5448,https://ktff.org/maclar/5448
2014-03-16,2013-2014,1. Lig,Akıncılar GSK,Binatlı YSK,1,0,H,0,0,5449,https://ktff.org/maclar/5449
2014-03-16,2013-2014,1. Lig,L. Gençler Birliği SK,Türkmenköy ASK,7,1,H,0,0,5450,https://ktff.org/maclar/5450
2014-03-22,2013-2014,Süper Lig,Bostancı Bağcıl SK,Mormenekşe GBSK,2,0,H,0,0,5416,https://ktff.org/maclar/5416
2014-03-22,2013-2014,Süper Lig,Cihangir GSK,Gençlik Gücü TSK,7,0,H,0,0,5417,https://ktff.org/maclar/5417
2014-03-22,2013-2014,Süper Lig,Lefke TSK,Mağusa Türk Gücü,3,0,H,0,0,5419,https://ktff.org/maclar/5419
2014-03-22,2013-2014,Süper Lig,Yenicami AK,Serdarlı GB,0,0,D,0,0,5420,https://ktff.org/maclar/5420
2014-03-22,2013-2014,1. Lig,Türkmenköy ASK,Lapta Türk Birliği SK,2,3,A,0,0,5458,https://ktff.org/maclar/5458
2014-03-22,2013-2014,1. Lig,Türk Ocağı Limasol SK,Baf Ülkü Yurdu,1,0,H,0,0,5459,https://ktff.org/maclar/5459
2014-03-22,2013-2014,1. Lig,Binatlı YSK,L. Gençler Birliği SK,1,2,A,0,0,5460,https://ktff.org/maclar/5460
2014-03-22,2013-2014,1. Lig,Düzkaya KOSK,Değirmenlik SK,1,0,H,0,0,5461,https://ktff.org/maclar/5461
2014-03-23,2013-2014,Süper Lig,Küçük Kaymaklı TSK,Hamitköy ŞHSK,11,1,H,0,0,5418,https://ktff.org/maclar/5418
2014-03-23,2013-2014,Süper Lig,Yalova SK,Çetinkaya TSK,0,1,A,0,0,5421,https://ktff.org/maclar/5421
2014-03-23,2013-2014,Süper Lig,Yeniboğaziçi DSK,Doğan Türk Birliği,1,1,D,0,0,5422,https://ktff.org/maclar/5422
2014-03-23,2013-2014,1. Lig,Ozanköy SK,Göçmenköy İYSK,1,0,H,0,0,5462,https://ktff.org/maclar/5462
2014-03-23,2013-2014,1. Lig,Gönyeli SK,Dumlupınar TSK,1,2,A,0,0,5463,https://ktff.org/maclar/5463
2014-03-23,2013-2014,1. Lig,Esentepe KSKK,Akıncılar GSK,1,0,H,0,0,5464,https://ktff.org/maclar/5464
2014-03-29,2013-2014,Süper Lig,Doğan Türk Birliği,Çetinkaya TSK,0,1,A,0,0,5431,https://ktff.org/maclar/5431
2014-03-29,2013-2014,Süper Lig,Hamitköy ŞHSK,Lefke TSK,1,2,A,0,0,5433,https://ktff.org/maclar/5433
2014-03-29,2013-2014,Süper Lig,Mağusa Türk Gücü,Bostancı Bağcıl SK,4,1,H,0,0,5434,https://ktff.org/maclar/5434
2014-03-29,2013-2014,1. Lig,Baf Ülkü Yurdu,Dumlupınar TSK,5,0,H,0,0,5472,https://ktff.org/maclar/5472
2014-03-29,2013-2014,1. Lig,Akıncılar GSK,Düzkaya KOSK,4,0,H,0,0,5473,https://ktff.org/maclar/5473
2014-03-29,2013-2014,1. Lig,L. Gençler Birliği SK,Esentepe KSKK,1,2,A,0,0,5474,https://ktff.org/maclar/5474
2014-03-30,2013-2014,Süper Lig,Yeniboğaziçi DSK,Yenicami AK,0,3,A,0,0,5430,https://ktff.org/maclar/5430
2014-03-30,2013-2014,Süper Lig,Serdarlı GB,Cihangir GSK,1,1,D,0,0,5432,https://ktff.org/maclar/5432
2014-03-30,2013-2014,Süper Lig,Gençlik Gücü TSK,Küçük Kaymaklı TSK,1,5,A,0,0,5435,https://ktff.org/maclar/5435
2014-03-30,2013-2014,Süper Lig,Mormenekşe GBSK,Yalova SK,4,1,H,0,0,5436,https://ktff.org/maclar/5436
2014-03-30,2013-2014,1. Lig,Lapta Türk Birliği SK,Binatlı YSK,1,0,H,0,0,5475,https://ktff.org/maclar/5475
2014-03-30,2013-2014,1. Lig,Türk Ocağı Limasol SK,Türkmenköy ASK,4,1,H,0,0,5476,https://ktff.org/maclar/5476
2014-03-30,2013-2014,1. Lig,Değirmenlik SK,Ozanköy SK,3,0,H,0,0,5477,https://ktff.org/maclar/5477
2014-03-30,2013-2014,1. Lig,Göçmenköy İYSK,Gönyeli SK,1,0,H,0,0,5478,https://ktff.org/maclar/5478
2014-04-05,2013-2014,Süper Lig,Yalova SK,Mağusa Türk Gücü,1,2,A,0,0,5655,https://ktff.org/maclar/5655
2014-04-05,2013-2014,Süper Lig,Yenicami AK,Doğan Türk Birliği,5,2,H,0,0,5656,https://ktff.org/maclar/5656
2014-04-05,2013-2014,Süper Lig,Cihangir GSK,Yeniboğaziçi DSK,3,1,H,0,0,5657,https://ktff.org/maclar/5657
2014-04-05,2013-2014,Süper Lig,Bostancı Bağcıl SK,Hamitköy ŞHSK,0,0,D,0,0,5658,https://ktff.org/maclar/5658
2014-04-05,2013-2014,Süper Lig,Lefke TSK,Gençlik Gücü TSK,9,1,H,0,0,5659,https://ktff.org/maclar/5659
2014-04-05,2013-2014,Süper Lig,Çetinkaya TSK,Mormenekşe GBSK,2,4,A,0,0,5660,https://ktff.org/maclar/5660
2014-04-05,2013-2014,Süper Lig,Küçük Kaymaklı TSK,Serdarlı GB,5,0,H,0,0,5661,https://ktff.org/maclar/5661
2014-04-05,2013-2014,1. Lig,Binatlı YSK,Türk Ocağı Limasol SK,0,7,A,0,0,5683,https://ktff.org/maclar/5683
2014-04-05,2013-2014,1. Lig,Esentepe KSKK,Lapta Türk Birliği SK,1,0,H,0,0,5684,https://ktff.org/maclar/5684
2014-04-05,2013-2014,1. Lig,Düzkaya KOSK,L. Gençler Birliği SK,2,2,D,0,0,5687,https://ktff.org/maclar/5687
2014-04-05,2013-2014,1. Lig,Gönyeli SK,Değirmenlik SK,7,1,H,0,0,5689,https://ktff.org/maclar/5689
2014-04-06,2013-2014,1. Lig,Türkmenköy ASK,Baf Ülkü Yurdu,1,3,A,0,0,5685,https://ktff.org/maclar/5685
2014-04-06,2013-2014,1. Lig,Dumlupınar TSK,Göçmenköy İYSK,3,0,H,0,0,5686,https://ktff.org/maclar/5686
2014-04-06,2013-2014,1. Lig,Ozanköy SK,Akıncılar GSK,1,0,H,0,0,5688,https://ktff.org/maclar/5688
2014-04-12,2013-2014,Süper Lig,Hamitköy ŞHSK,Yalova SK,0,2,A,0,0,5662,https://ktff.org/maclar/5662
2014-04-12,2013-2014,Süper Lig,Doğan Türk Birliği,Mormenekşe GBSK,2,2,D,0,0,5663,https://ktff.org/maclar/5663
2014-04-12,2013-2014,Süper Lig,Serdarlı GB,Lefke TSK,1,0,H,0,0,5664,https://ktff.org/maclar/5664
2014-04-12,2013-2014,Süper Lig,Yeniboğaziçi DSK,Küçük Kaymaklı TSK,1,4,A,0,0,5665,https://ktff.org/maclar/5665
2014-04-12,2013-2014,Süper Lig,Gençlik Gücü TSK,Bostancı Bağcıl SK,1,4,A,0,0,5666,https://ktff.org/maclar/5666
2014-04-12,2013-2014,Süper Lig,Yenicami AK,Cihangir GSK,2,0,H,0,0,5667,https://ktff.org/maclar/5667
2014-04-12,2013-2014,Süper Lig,Mağusa Türk Gücü,Çetinkaya TSK,3,1,H,0,0,5681,https://ktff.org/maclar/5681
2014-04-12,2013-2014,1. Lig,Türk Ocağı Limasol SK,Esentepe KSKK,4,1,H,0,0,5702,https://ktff.org/maclar/5702
2014-04-12,2013-2014,1. Lig,Lapta Türk Birliği SK,Düzkaya KOSK,3,1,H,0,0,5703,https://ktff.org/maclar/5703
2014-04-13,2013-2014,1. Lig,Değirmenlik SK,Dumlupınar TSK,1,2,A,0,0,5697,https://ktff.org/maclar/5697
2014-04-13,2013-2014,1. Lig,Baf Ülkü Yurdu,Göçmenköy İYSK,0,1,A,0,0,5698,https://ktff.org/maclar/5698
2014-04-13,2013-2014,1. Lig,Türkmenköy ASK,Binatlı YSK,1,1,D,0,0,5699,https://ktff.org/maclar/5699
2014-04-13,2013-2014,1. Lig,L. Gençler Birliği SK,Ozanköy SK,3,1,H,0,0,5700,https://ktff.org/maclar/5700
2014-04-13,2013-2014,1. Lig,Akıncılar GSK,Gönyeli SK,2,1,H,0,0,5701,https://ktff.org/maclar/5701
2014-04-19,2013-2014,Süper Lig,Küçük Kaymaklı TSK,Yenicami AK,1,0,H,0,0,5775,https://ktff.org/maclar/5775
2014-04-19,2013-2014,Süper Lig,Lefke TSK,Yeniboğaziçi DSK,2,3,A,0,0,5776,https://ktff.org/maclar/5776
2014-04-19,2013-2014,Süper Lig,Cihangir GSK,Doğan Türk Birliği,3,5,A,0,0,5777,https://ktff.org/maclar/5777
2014-04-19,2013-2014,Süper Lig,Mormenekşe GBSK,Mağusa Türk Gücü,1,1,D,0,0,5778,https://ktff.org/maclar/5778
2014-04-19,2013-2014,Süper Lig,Çetinkaya TSK,Hamitköy ŞHSK,2,1,H,0,0,5779,https://ktff.org/maclar/5779
2014-04-19,2013-2014,Süper Lig,Yalova SK,Gençlik Gücü TSK,5,1,H,0,0,5780,https://ktff.org/maclar/5780
2014-04-19,2013-2014,Süper Lig,Bostancı Bağcıl SK,Serdarlı GB,1,0,H,0,0,5781,https://ktff.org/maclar/5781
2014-04-20,2013-2014,1. Lig,Düzkaya KOSK,Türk Ocağı Limasol SK,1,0,H,0,0,5789,https://ktff.org/maclar/5789
2014-04-20,2013-2014,1. Lig,Esentepe KSKK,Türkmenköy ASK,6,0,H,0,0,5790,https://ktff.org/maclar/5790
2014-04-20,2013-2014,1. Lig,Ozanköy SK,Lapta Türk Birliği SK,3,0,H,0,0,5791,https://ktff.org/maclar/5791
2014-04-20,2013-2014,1. Lig,Binatlı YSK,Baf Ülkü Yurdu,1,1,D,0,0,5792,https://ktff.org/maclar/5792
2014-04-20,2013-2014,1. Lig,Dumlupınar TSK,Akıncılar GSK,2,2,D,0,0,5793,https://ktff.org/maclar/5793
2014-04-20,2013-2014,1. Lig,Gönyeli SK,L. Gençler Birliği SK,3,3,D,0,0,5794,https://ktff.org/maclar/5794
2014-04-20,2013-2014,1. Lig,Göçmenköy İYSK,Değirmenlik SK,2,3,A,0,0,5795,https://ktff.org/maclar/5795
2014-09-27,2014-2015,Süper Lig,Mormenekşe GBSK,Yeniboğaziçi DSK,0,0,D,0,0,6212,https://ktff.org/maclar/6212
2014-09-27,2014-2015,Süper Lig,Lapta Türk Birliği SK,Yenicami AK,2,6,A,0,0,6213,https://ktff.org/maclar/6213
2014-09-27,2014-2015,Süper Lig,Serdarlı GB,Doğan Türk Birliği,1,1,D,0,0,6214,https://ktff.org/maclar/6214
2014-09-27,2014-2015,Süper Lig,Çetinkaya TSK,Lefke TSK,1,8,A,0,0,6215,https://ktff.org/maclar/6215
2014-09-27,2014-2015,1. Lig,Hamitköy ŞHSK,Değirmenlik SK,1,2,A,0,0,6239,https://ktff.org/maclar/6239
2014-09-27,2014-2015,1. Lig,Geçitkale GSK,Binatlı YSK,0,3,A,0,0,6240,https://ktff.org/maclar/6240
2014-09-27,2014-2015,1. Lig,Yalova SK,Denizli SK,0,0,D,0,0,6241,https://ktff.org/maclar/6241
2014-09-27,2014-2015,1. Lig,Türk Ocağı Limasol SK,Dumlupınar TSK,6,2,H,0,0,6242,https://ktff.org/maclar/6242
2014-09-28,2014-2015,Süper Lig,Küçük Kaymaklı TSK,Mağusa Türk Gücü,2,1,H,0,0,6211,https://ktff.org/maclar/6211
2014-09-28,2014-2015,Süper Lig,Gönyeli SK,L. Gençler Birliği SK,0,1,A,0,0,6216,https://ktff.org/maclar/6216
2014-09-28,2014-2015,Süper Lig,Cihangir GSK,Bostancı Bağcıl SK,1,1,D,0,0,6217,https://ktff.org/maclar/6217
2014-09-28,2014-2015,1. Lig,Düzkaya KOSK,Göçmenköy İYSK,2,2,D,0,0,6243,https://ktff.org/maclar/6243
2014-09-28,2014-2015,1. Lig,Görneç KSK,Esentepe KSKK,1,2,A,0,0,6244,https://ktff.org/maclar/6244
2014-09-28,2014-2015,1. Lig,Gençlik Gücü TSK,Akıncılar GSK,2,0,H,0,0,6245,https://ktff.org/maclar/6245
2014-10-05,2014-2015,Süper Lig,Lefke TSK,Bostancı Bağcıl SK,3,2,H,0,0,6218,https://ktff.org/maclar/6218
2014-10-05,2014-2015,Süper Lig,L. Gençler Birliği SK,Lapta Türk Birliği SK,0,0,D,0,0,6219,https://ktff.org/maclar/6219
2014-10-05,2014-2015,Süper Lig,Mağusa Türk Gücü,Mormenekşe GBSK,1,2,A,0,0,6220,https://ktff.org/maclar/6220
2014-10-05,2014-2015,Süper Lig,Küçük Kaymaklı TSK,Cihangir GSK,2,1,H,0,0,6221,https://ktff.org/maclar/6221
2014-10-05,2014-2015,1. Lig,Akıncılar GSK,Yalova SK,0,0,D,0,0,6247,https://ktff.org/maclar/6247
2014-10-05,2014-2015,1. Lig,Esentepe KSKK,Gençlik Gücü TSK,4,1,H,0,0,6248,https://ktff.org/maclar/6248
2014-10-05,2014-2015,1. Lig,Göçmenköy İYSK,Görneç KSK,4,0,H,0,0,6249,https://ktff.org/maclar/6249
2014-10-06,2014-2015,Süper Lig,Doğan Türk Birliği,Çetinkaya TSK,2,1,H,0,0,6222,https://ktff.org/maclar/6222
2014-10-06,2014-2015,Süper Lig,Yenicami AK,Serdarlı GB,2,0,H,0,0,6223,https://ktff.org/maclar/6223
2014-10-06,2014-2015,Süper Lig,Yeniboğaziçi DSK,Gönyeli SK,0,0,D,0,0,6224,https://ktff.org/maclar/6224
2014-10-06,2014-2015,1. Lig,Denizli SK,Dumlupınar TSK,2,0,H,0,0,6246,https://ktff.org/maclar/6246
2014-10-06,2014-2015,1. Lig,Binatlı YSK,Düzkaya KOSK,2,0,H,0,0,6250,https://ktff.org/maclar/6250
2014-10-06,2014-2015,1. Lig,Değirmenlik SK,Geçitkale GSK,3,1,H,0,0,6251,https://ktff.org/maclar/6251
2014-10-06,2014-2015,1. Lig,Hamitköy ŞHSK,Türk Ocağı Limasol SK,0,2,A,0,0,6252,https://ktff.org/maclar/6252
2014-10-11,2014-2015,Süper Lig,Lapta Türk Birliği SK,Yeniboğaziçi DSK,1,2,A,0,0,6225,https://ktff.org/maclar/6225
2014-10-11,2014-2015,Süper Lig,Serdarlı GB,L. Gençler Birliği SK,1,0,H,0,0,6226,https://ktff.org/maclar/6226
2014-10-11,2014-2015,1. Lig,Dumlupınar TSK,Akıncılar GSK,4,0,H,0,0,6253,https://ktff.org/maclar/6253
2014-10-11,2014-2015,1. Lig,Düzkaya KOSK,Değirmenlik SK,1,2,A,0,0,6254,https://ktff.org/maclar/6254
2014-10-11,2014-2015,1. Lig,Yalova SK,Esentepe KSKK,1,1,D,0,0,6255,https://ktff.org/maclar/6255
2014-10-11,2014-2015,1. Lig,Türk Ocağı Limasol SK,Denizli SK,2,0,H,0,0,6256,https://ktff.org/maclar/6256
2014-10-12,2014-2015,Süper Lig,Bostancı Bağcıl SK,Doğan Türk Birliği,0,1,A,0,0,6228,https://ktff.org/maclar/6228
2014-10-12,2014-2015,Süper Lig,Mormenekşe GBSK,Küçük Kaymaklı TSK,0,0,D,0,0,6229,https://ktff.org/maclar/6229
2014-10-12,2014-2015,Süper Lig,Gönyeli SK,Mağusa Türk Gücü,2,3,A,0,0,6230,https://ktff.org/maclar/6230
2014-10-12,2014-2015,Süper Lig,Cihangir GSK,Lefke TSK,1,3,A,0,0,6231,https://ktff.org/maclar/6231
2014-10-12,2014-2015,1. Lig,Geçitkale GSK,Hamitköy ŞHSK,0,4,A,0,0,6257,https://ktff.org/maclar/6257
2014-10-12,2014-2015,1. Lig,Görneç KSK,Binatlı YSK,1,0,H,0,0,6258,https://ktff.org/maclar/6258
2014-10-12,2014-2015,1. Lig,Gençlik Gücü TSK,Göçmenköy İYSK,0,1,A,0,0,6259,https://ktff.org/maclar/6259
2014-10-14,2014-2015,Süper Lig,Çetinkaya TSK,Yenicami AK,1,3,A,0,0,6227,https://ktff.org/maclar/6227
2014-10-18,2014-2015,Süper Lig,Doğan Türk Birliği,Lefke TSK,2,1,H,0,0,6232,https://ktff.org/maclar/6232
2014-10-18,2014-2015,Süper Lig,Mağusa Türk Gücü,Lapta Türk Birliği SK,4,0,H,0,0,6233,https://ktff.org/maclar/6233
2014-10-18,2014-2015,Süper Lig,Küçük Kaymaklı TSK,Gönyeli SK,4,2,H,0,0,6234,https://ktff.org/maclar/6234
2014-10-18,2014-2015,Süper Lig,Mormenekşe GBSK,Cihangir GSK,2,0,H,0,0,6235,https://ktff.org/maclar/6235
2014-10-18,2014-2015,1. Lig,Göçmenköy İYSK,Yalova SK,0,2,A,0,0,6261,https://ktff.org/maclar/6261
2014-10-18,2014-2015,1. Lig,Hamitköy ŞHSK,Düzkaya KOSK,4,1,H,0,0,6262,https://ktff.org/maclar/6262
2014-10-18,2014-2015,1. Lig,Geçitkale GSK,Türk Ocağı Limasol SK,1,3,A,0,0,6263,https://ktff.org/maclar/6263
2014-10-19,2014-2015,Süper Lig,Yenicami AK,Bostancı Bağcıl SK,1,0,H,0,0,6236,https://ktff.org/maclar/6236
2014-10-19,2014-2015,Süper Lig,L. Gençler Birliği SK,Çetinkaya TSK,5,0,H,0,0,6237,https://ktff.org/maclar/6237
2014-10-19,2014-2015,Süper Lig,Yeniboğaziçi DSK,Serdarlı GB,0,0,D,0,0,6238,https://ktff.org/maclar/6238
2014-10-19,2014-2015,1. Lig,Akıncılar GSK,Denizli SK,0,1,A,0,0,6260,https://ktff.org/maclar/6260
2014-10-19,2014-2015,1. Lig,Esentepe KSKK,Dumlupınar TSK,2,1,H,0,0,6264,https://ktff.org/maclar/6264
2014-10-19,2014-2015,1. Lig,Binatlı YSK,Gençlik Gücü TSK,6,1,H,0,0,6265,https://ktff.org/maclar/6265
2014-10-19,2014-2015,1. Lig,Değirmenlik SK,Görneç KSK,1,2,A,0,0,6266,https://ktff.org/maclar/6266
2014-10-25,2014-2015,Süper Lig,Bostancı Bağcıl SK,L. Gençler Birliği SK,2,2,D,0,0,6380,https://ktff.org/maclar/6380
2014-10-25,2014-2015,Süper Lig,Lapta Türk Birliği SK,Küçük Kaymaklı TSK,2,5,A,0,0,6381,https://ktff.org/maclar/6381
2014-10-25,2014-2015,Süper Lig,Çetinkaya TSK,Yeniboğaziçi DSK,1,1,D,0,0,6382,https://ktff.org/maclar/6382
2014-10-25,2014-2015,Süper Lig,Cihangir GSK,Doğan Türk Birliği,0,4,A,0,0,6383,https://ktff.org/maclar/6383
2014-10-25,2014-2015,1. Lig,Dumlupınar TSK,Göçmenköy İYSK,0,2,A,0,0,6422,https://ktff.org/maclar/6422
2014-10-25,2014-2015,1. Lig,Denizli SK,Esentepe KSKK,0,0,D,0,0,6423,https://ktff.org/maclar/6423
2014-10-25,2014-2015,1. Lig,Düzkaya KOSK,Geçitkale GSK,3,0,H,0,0,6424,https://ktff.org/maclar/6424
2014-10-25,2014-2015,1. Lig,Görneç KSK,Hamitköy ŞHSK,1,1,D,0,0,6425,https://ktff.org/maclar/6425
2014-10-26,2014-2015,Süper Lig,Lefke TSK,Yenicami AK,1,3,A,0,0,6384,https://ktff.org/maclar/6384
2014-10-26,2014-2015,Süper Lig,Gönyeli SK,Mormenekşe GBSK,0,3,A,0,0,6385,https://ktff.org/maclar/6385
2014-10-26,2014-2015,Süper Lig,Serdarlı GB,Mağusa Türk Gücü,1,1,D,0,0,6386,https://ktff.org/maclar/6386
2014-10-26,2014-2015,1. Lig,Gençlik Gücü TSK,Değirmenlik SK,1,2,A,0,0,6426,https://ktff.org/maclar/6426
2014-10-26,2014-2015,1. Lig,Yalova SK,Binatlı YSK,0,2,A,0,0,6427,https://ktff.org/maclar/6427
2014-10-26,2014-2015,1. Lig,Türk Ocağı Limasol SK,Akıncılar GSK,1,0,H,0,0,6428,https://ktff.org/maclar/6428
2014-11-01,2014-2015,Süper Lig,Yenicami AK,Doğan Türk Birliği,3,1,H,0,0,6394,https://ktff.org/maclar/6394
2014-11-01,2014-2015,Süper Lig,L. Gençler Birliği SK,Lefke TSK,0,2,A,0,0,6395,https://ktff.org/maclar/6395
2014-11-01,2014-2015,Süper Lig,Gönyeli SK,Cihangir GSK,2,2,D,0,0,6397,https://ktff.org/maclar/6397
2014-11-01,2014-2015,Süper Lig,Mormenekşe GBSK,Lapta Türk Birliği SK,3,1,H,0,0,6400,https://ktff.org/maclar/6400
2014-11-01,2014-2015,1. Lig,Esentepe KSKK,Akıncılar GSK,9,1,H,0,0,6436,https://ktff.org/maclar/6436
2014-11-01,2014-2015,1. Lig,Değirmenlik SK,Yalova SK,4,0,H,0,0,6437,https://ktff.org/maclar/6437
2014-11-01,2014-2015,1. Lig,Hamitköy ŞHSK,Gençlik Gücü TSK,3,1,H,0,0,6438,https://ktff.org/maclar/6438
2014-11-01,2014-2015,1. Lig,Düzkaya KOSK,Türk Ocağı Limasol SK,1,2,A,0,0,6439,https://ktff.org/maclar/6439
2014-11-02,2014-2015,Süper Lig,Mağusa Türk Gücü,Çetinkaya TSK,1,1,D,0,0,6396,https://ktff.org/maclar/6396
2014-11-02,2014-2015,Süper Lig,Yeniboğaziçi DSK,Bostancı Bağcıl SK,1,0,H,0,0,6398,https://ktff.org/maclar/6398
2014-11-02,2014-2015,Süper Lig,Küçük Kaymaklı TSK,Serdarlı GB,1,0,H,0,0,6399,https://ktff.org/maclar/6399
2014-11-02,2014-2015,1. Lig,Göçmenköy İYSK,Denizli SK,2,0,H,0,0,6440,https://ktff.org/maclar/6440
2014-11-02,2014-2015,1. Lig,Binatlı YSK,Dumlupınar TSK,3,1,H,0,0,6441,https://ktff.org/maclar/6441
2014-11-02,2014-2015,1. Lig,Geçitkale GSK,Görneç KSK,1,1,D,0,0,6442,https://ktff.org/maclar/6442
2014-11-08,2014-2015,Süper Lig,Bostancı Bağcıl SK,Mağusa Türk Gücü,4,2,H,0,0,6408,https://ktff.org/maclar/6408
2014-11-08,2014-2015,Süper Lig,Doğan Türk Birliği,L. Gençler Birliği SK,0,6,A,0,0,6409,https://ktff.org/maclar/6409
2014-11-08,2014-2015,Süper Lig,Serdarlı GB,Mormenekşe GBSK,2,1,H,0,0,6410,https://ktff.org/maclar/6410
2014-11-08,2014-2015,Süper Lig,Çetinkaya TSK,Küçük Kaymaklı TSK,0,6,A,0,0,6411,https://ktff.org/maclar/6411
2014-11-08,2014-2015,1. Lig,Denizli SK,Binatlı YSK,1,0,H,0,0,6450,https://ktff.org/maclar/6450
2014-11-08,2014-2015,1. Lig,Akıncılar GSK,Göçmenköy İYSK,1,2,A,0,0,6451,https://ktff.org/maclar/6451
2014-11-09,2014-2015,Süper Lig,Lefke TSK,Yeniboğaziçi DSK,0,1,A,0,0,6412,https://ktff.org/maclar/6412
2014-11-09,2014-2015,Süper Lig,Lapta Türk Birliği SK,Gönyeli SK,2,2,D,0,0,6413,https://ktff.org/maclar/6413
2014-11-09,2014-2015,Süper Lig,Cihangir GSK,Yenicami AK,0,4,A,0,0,6414,https://ktff.org/maclar/6414
2014-11-09,2014-2015,1. Lig,Dumlupınar TSK,Değirmenlik SK,3,1,H,0,0,6452,https://ktff.org/maclar/6452
2014-11-09,2014-2015,1. Lig,Görneç KSK,Düzkaya KOSK,3,6,A,0,0,6453,https://ktff.org/maclar/6453
2014-11-09,2014-2015,1. Lig,Gençlik Gücü TSK,Geçitkale GSK,0,0,D,0,0,6454,https://ktff.org/maclar/6454
2014-11-09,2014-2015,1. Lig,Yalova SK,Hamitköy ŞHSK,0,1,A,0,0,6455,https://ktff.org/maclar/6455
2014-11-09,2014-2015,1. Lig,Türk Ocağı Limasol SK,Esentepe KSKK,2,1,H,0,0,6456,https://ktff.org/maclar/6456
2014-11-15,2014-2015,Süper Lig,L. Gençler Birliği SK,Yenicami AK,0,1,A,0,0,6506,https://ktff.org/maclar/6506
2014-11-15,2014-2015,Süper Lig,Yeniboğaziçi DSK,Doğan Türk Birliği,2,0,H,0,0,6507,https://ktff.org/maclar/6507
2014-11-15,2014-2015,Süper Lig,Mağusa Türk Gücü,Lefke TSK,3,4,A,0,0,6508,https://ktff.org/maclar/6508
2014-11-15,2014-2015,Süper Lig,Gönyeli SK,Serdarlı GB,1,3,A,0,0,6509,https://ktff.org/maclar/6509
2014-11-15,2014-2015,1. Lig,Binatlı YSK,Akıncılar GSK,3,2,H,0,0,6548,https://ktff.org/maclar/6548
2014-11-15,2014-2015,1. Lig,Değirmenlik SK,Denizli SK,2,1,H,0,0,6549,https://ktff.org/maclar/6549
2014-11-15,2014-2015,1. Lig,Hamitköy ŞHSK,Dumlupınar TSK,0,1,A,0,0,6550,https://ktff.org/maclar/6550
2014-11-15,2014-2015,1. Lig,Görneç KSK,Türk Ocağı Limasol SK,1,1,D,0,0,6551,https://ktff.org/maclar/6551
2014-11-16,2014-2015,Süper Lig,Küçük Kaymaklı TSK,Bostancı Bağcıl SK,0,1,A,0,0,6510,https://ktff.org/maclar/6510
2014-11-16,2014-2015,Süper Lig,Mormenekşe GBSK,Çetinkaya TSK,0,2,A,0,0,6511,https://ktff.org/maclar/6511
2014-11-16,2014-2015,Süper Lig,Lapta Türk Birliği SK,Cihangir GSK,1,1,D,0,0,6512,https://ktff.org/maclar/6512
2014-11-16,2014-2015,1. Lig,Göçmenköy İYSK,Esentepe KSKK,1,5,A,0,0,6552,https://ktff.org/maclar/6552
2014-11-16,2014-2015,1. Lig,Geçitkale GSK,Yalova SK,1,4,A,0,0,6553,https://ktff.org/maclar/6553
2014-11-16,2014-2015,1. Lig,Düzkaya KOSK,Gençlik Gücü TSK,2,1,H,0,0,6554,https://ktff.org/maclar/6554
2014-11-22,2014-2015,Süper Lig,Lefke TSK,Küçük Kaymaklı TSK,1,2,A,0,0,6520,https://ktff.org/maclar/6520
2014-11-22,2014-2015,Süper Lig,Doğan Türk Birliği,Mağusa Türk Gücü,4,1,H,0,0,6521,https://ktff.org/maclar/6521
2014-11-22,2014-2015,Süper Lig,Çetinkaya TSK,Gönyeli SK,5,1,H,0,0,6522,https://ktff.org/maclar/6522
2014-11-22,2014-2015,Süper Lig,Cihangir GSK,L. Gençler Birliği SK,1,2,A,0,0,6523,https://ktff.org/maclar/6523
2014-11-22,2014-2015,1. Lig,Akıncılar GSK,Değirmenlik SK,2,1,H,0,0,6562,https://ktff.org/maclar/6562
2014-11-22,2014-2015,1. Lig,Esentepe KSKK,Binatlı YSK,0,0,D,0,0,6563,https://ktff.org/maclar/6563
2014-11-22,2014-2015,1. Lig,Gençlik Gücü TSK,Görneç KSK,1,0,H,0,0,6564,https://ktff.org/maclar/6564
2014-11-22,2014-2015,1. Lig,Yalova SK,Düzkaya KOSK,1,2,A,0,0,6565,https://ktff.org/maclar/6565
2014-11-23,2014-2015,Süper Lig,Bostancı Bağcıl SK,Mormenekşe GBSK,1,1,D,0,0,6524,https://ktff.org/maclar/6524
2014-11-23,2014-2015,Süper Lig,Yenicami AK,Yeniboğaziçi DSK,1,1,D,0,0,6525,https://ktff.org/maclar/6525
2014-11-23,2014-2015,Süper Lig,Serdarlı GB,Lapta Türk Birliği SK,3,0,H,0,0,6526,https://ktff.org/maclar/6526
2014-11-23,2014-2015,1. Lig,Dumlupınar TSK,Geçitkale GSK,3,1,H,0,0,6566,https://ktff.org/maclar/6566
2014-11-23,2014-2015,1. Lig,Denizli SK,Hamitköy ŞHSK,0,0,D,0,0,6567,https://ktff.org/maclar/6567
2014-11-23,2014-2015,1. Lig,Türk Ocağı Limasol SK,Göçmenköy İYSK,0,0,D,0,0,6568,https://ktff.org/maclar/6568
2014-11-29,2014-2015,Süper Lig,Yeniboğaziçi DSK,L. Gençler Birliği SK,0,0,D,0,0,6534,https://ktff.org/maclar/6534
2014-11-29,2014-2015,Süper Lig,Mağusa Türk Gücü,Yenicami AK,1,3,A,0,0,6535,https://ktff.org/maclar/6535
2014-11-29,2014-2015,Süper Lig,Gönyeli SK,Bostancı Bağcıl SK,2,7,A,0,0,6536,https://ktff.org/maclar/6536
2014-11-29,2014-2015,Süper Lig,Serdarlı GB,Cihangir GSK,1,1,D,0,0,6537,https://ktff.org/maclar/6537
2014-11-29,2014-2015,1. Lig,Binatlı YSK,Göçmenköy İYSK,1,0,H,0,0,6576,https://ktff.org/maclar/6576
2014-11-29,2014-2015,1. Lig,Hamitköy ŞHSK,Akıncılar GSK,4,1,H,0,0,6577,https://ktff.org/maclar/6577
2014-11-29,2014-2015,1. Lig,Geçitkale GSK,Denizli SK,0,4,A,0,0,6578,https://ktff.org/maclar/6578
2014-11-29,2014-2015,1. Lig,Düzkaya KOSK,Dumlupınar TSK,0,2,A,0,0,6579,https://ktff.org/maclar/6579
2014-11-29,2014-2015,1. Lig,Gençlik Gücü TSK,Türk Ocağı Limasol SK,0,2,A,0,0,6580,https://ktff.org/maclar/6580
2014-11-30,2014-2015,Süper Lig,Küçük Kaymaklı TSK,Doğan Türk Birliği,1,0,H,0,0,6538,https://ktff.org/maclar/6538
2014-11-30,2014-2015,Süper Lig,Mormenekşe GBSK,Lefke TSK,3,2,H,0,0,6539,https://ktff.org/maclar/6539
2014-11-30,2014-2015,Süper Lig,Lapta Türk Birliği SK,Çetinkaya TSK,2,0,H,0,0,6540,https://ktff.org/maclar/6540
2014-11-30,2014-2015,1. Lig,Değirmenlik SK,Esentepe KSKK,1,0,H,0,0,6581,https://ktff.org/maclar/6581
2014-11-30,2014-2015,1. Lig,Görneç KSK,Yalova SK,0,7,A,0,0,6582,https://ktff.org/maclar/6582
2014-12-06,2014-2015,Süper Lig,Bostancı Bağcıl SK,Lapta Türk Birliği SK,6,0,H,0,0,6632,https://ktff.org/maclar/6632
2014-12-06,2014-2015,Süper Lig,Doğan Türk Birliği,Mormenekşe GBSK,4,2,H,0,0,6633,https://ktff.org/maclar/6633
2014-12-06,2014-2015,Süper Lig,Yenicami AK,Küçük Kaymaklı TSK,1,0,H,0,0,6634,https://ktff.org/maclar/6634
2014-12-06,2014-2015,Süper Lig,Cihangir GSK,Yeniboğaziçi DSK,4,0,H,0,0,6635,https://ktff.org/maclar/6635
2014-12-06,2014-2015,1. Lig,Dumlupınar TSK,Görneç KSK,0,2,A,0,0,6674,https://ktff.org/maclar/6674
2014-12-06,2014-2015,1. Lig,Denizli SK,Düzkaya KOSK,0,1,A,0,0,6675,https://ktff.org/maclar/6675
2014-12-06,2014-2015,1. Lig,Akıncılar GSK,Geçitkale GSK,2,1,H,0,0,6676,https://ktff.org/maclar/6676
2014-12-06,2014-2015,1. Lig,Esentepe KSKK,Hamitköy ŞHSK,2,1,H,0,0,6677,https://ktff.org/maclar/6677
2014-12-07,2014-2015,Süper Lig,Lefke TSK,Gönyeli SK,5,0,H,0,0,6636,https://ktff.org/maclar/6636
2014-12-07,2014-2015,Süper Lig,L. Gençler Birliği SK,Mağusa Türk Gücü,3,2,H,0,0,6637,https://ktff.org/maclar/6637
2014-12-07,2014-2015,Süper Lig,Çetinkaya TSK,Serdarlı GB,1,1,D,0,0,6638,https://ktff.org/maclar/6638
2014-12-07,2014-2015,1. Lig,Göçmenköy İYSK,Değirmenlik SK,1,1,D,0,0,6678,https://ktff.org/maclar/6678
2014-12-07,2014-2015,1. Lig,Yalova SK,Gençlik Gücü TSK,4,0,H,0,0,6679,https://ktff.org/maclar/6679
2014-12-07,2014-2015,1. Lig,Türk Ocağı Limasol SK,Binatlı YSK,4,0,H,0,0,6680,https://ktff.org/maclar/6680
2014-12-13,2014-2015,Süper Lig,Küçük Kaymaklı TSK,L. Gençler Birliği SK,4,1,H,0,0,6647,https://ktff.org/maclar/6647
2014-12-13,2014-2015,Süper Lig,Lapta Türk Birliği SK,Lefke TSK,0,5,A,0,0,6648,https://ktff.org/maclar/6648
2014-12-13,2014-2015,Süper Lig,Serdarlı GB,Bostancı Bağcıl SK,1,1,D,0,0,6649,https://ktff.org/maclar/6649
2014-12-13,2014-2015,Süper Lig,Mormenekşe GBSK,Yenicami AK,0,2,A,0,0,6650,https://ktff.org/maclar/6650
2014-12-13,2014-2015,1. Lig,Değirmenlik SK,Binatlı YSK,4,1,H,0,0,6688,https://ktff.org/maclar/6688
2014-12-13,2014-2015,1. Lig,Hamitköy ŞHSK,Göçmenköy İYSK,1,2,A,0,0,6689,https://ktff.org/maclar/6689
2014-12-13,2014-2015,1. Lig,Geçitkale GSK,Esentepe KSKK,0,3,A,0,0,6690,https://ktff.org/maclar/6690
2014-12-13,2014-2015,1. Lig,Yalova SK,Türk Ocağı Limasol SK,3,3,D,0,0,6691,https://ktff.org/maclar/6691
2014-12-14,2014-2015,Süper Lig,Mağusa Türk Gücü,Yeniboğaziçi DSK,1,0,H,0,0,6646,https://ktff.org/maclar/6646
2014-12-14,2014-2015,Süper Lig,Gönyeli SK,Doğan Türk Birliği,0,2,A,0,0,6651,https://ktff.org/maclar/6651
2014-12-14,2014-2015,Süper Lig,Çetinkaya TSK,Cihangir GSK,0,3,A,0,0,6652,https://ktff.org/maclar/6652
2014-12-14,2014-2015,1. Lig,Düzkaya KOSK,Akıncılar GSK,4,0,H,0,0,6692,https://ktff.org/maclar/6692
2014-12-14,2014-2015,1. Lig,Görneç KSK,Denizli SK,1,0,H,0,0,6693,https://ktff.org/maclar/6693
2014-12-14,2014-2015,1. Lig,Gençlik Gücü TSK,Dumlupınar TSK,0,0,D,0,0,6694,https://ktff.org/maclar/6694
2014-12-20,2014-2015,Süper Lig,Lefke TSK,Serdarlı GB,2,1,H,0,0,6660,https://ktff.org/maclar/6660
2014-12-20,2014-2015,Süper Lig,Yenicami AK,Gönyeli SK,8,1,H,0,0,6661,https://ktff.org/maclar/6661
2014-12-20,2014-2015,Süper Lig,L. Gençler Birliği SK,Mormenekşe GBSK,0,2,A,0,0,6662,https://ktff.org/maclar/6662
2014-12-20,2014-2015,Süper Lig,Cihangir GSK,Mağusa Türk Gücü,2,1,H,0,0,6663,https://ktff.org/maclar/6663
2014-12-20,2014-2015,1. Lig,Akıncılar GSK,Görneç KSK,0,2,A,0,0,6702,https://ktff.org/maclar/6702
2014-12-20,2014-2015,1. Lig,Esentepe KSKK,Düzkaya KOSK,1,2,A,0,0,6703,https://ktff.org/maclar/6703
2014-12-20,2014-2015,1. Lig,Binatlı YSK,Hamitköy ŞHSK,1,3,A,0,0,6704,https://ktff.org/maclar/6704
2014-12-21,2014-2015,Süper Lig,Bostancı Bağcıl SK,Çetinkaya TSK,4,0,H,0,0,6664,https://ktff.org/maclar/6664
2014-12-21,2014-2015,Süper Lig,Lapta Türk Birliği SK,Doğan Türk Birliği,0,2,A,0,0,6665,https://ktff.org/maclar/6665
2014-12-21,2014-2015,Süper Lig,Yeniboğaziçi DSK,Küçük Kaymaklı TSK,1,0,H,0,0,6666,https://ktff.org/maclar/6666
2014-12-21,2014-2015,1. Lig,Türk Ocağı Limasol SK,Değirmenlik SK,6,1,H,0,0,6705,https://ktff.org/maclar/6705
2014-12-21,2014-2015,1. Lig,Dumlupınar TSK,Yalova SK,0,2,A,0,0,6706,https://ktff.org/maclar/6706
2014-12-21,2014-2015,1. Lig,Denizli SK,Gençlik Gücü TSK,2,0,H,0,0,6707,https://ktff.org/maclar/6707
2014-12-21,2014-2015,1. Lig,Göçmenköy İYSK,Geçitkale GSK,2,0,H,0,0,6708,https://ktff.org/maclar/6708
2015-01-24,2014-2015,Süper Lig,Lefke TSK,Çetinkaya TSK,3,3,D,0,0,6774,https://ktff.org/maclar/6774
2015-01-24,2014-2015,Süper Lig,Yenicami AK,Lapta Türk Birliği SK,13,0,H,0,0,6775,https://ktff.org/maclar/6775
2015-01-24,2014-2015,Süper Lig,Bostancı Bağcıl SK,Cihangir GSK,2,3,A,0,0,6776,https://ktff.org/maclar/6776
2015-01-24,2014-2015,Süper Lig,Yeniboğaziçi DSK,Mormenekşe GBSK,0,0,D,0,0,6777,https://ktff.org/maclar/6777
2015-01-24,2014-2015,1. Lig,Dumlupınar TSK,Türk Ocağı Limasol SK,0,0,D,0,0,6816,https://ktff.org/maclar/6816
2015-01-24,2014-2015,1. Lig,Değirmenlik SK,Hamitköy ŞHSK,3,0,H,0,0,6817,https://ktff.org/maclar/6817
2015-01-24,2014-2015,1. Lig,Esentepe KSKK,Görneç KSK,1,1,D,0,0,6818,https://ktff.org/maclar/6818
2015-01-24,2014-2015,1. Lig,Binatlı YSK,Geçitkale GSK,2,1,H,0,0,6819,https://ktff.org/maclar/6819
2015-01-25,2014-2015,Süper Lig,L. Gençler Birliği SK,Gönyeli SK,2,0,H,0,0,6778,https://ktff.org/maclar/6778
2015-01-25,2014-2015,Süper Lig,Mağusa Türk Gücü,Küçük Kaymaklı TSK,0,0,D,0,0,6779,https://ktff.org/maclar/6779
2015-01-25,2014-2015,Süper Lig,Doğan Türk Birliği,Serdarlı GB,2,2,D,0,0,6780,https://ktff.org/maclar/6780
2015-01-25,2014-2015,1. Lig,Göçmenköy İYSK,Düzkaya KOSK,2,4,A,0,0,6820,https://ktff.org/maclar/6820
2015-01-25,2014-2015,1. Lig,Akıncılar GSK,Gençlik Gücü TSK,3,0,H,0,0,6821,https://ktff.org/maclar/6821
2015-01-25,2014-2015,1. Lig,Denizli SK,Yalova SK,0,0,D,0,0,6822,https://ktff.org/maclar/6822
2015-01-31,2014-2015,Süper Lig,Mormenekşe GBSK,Mağusa Türk Gücü,1,0,H,0,0,6788,https://ktff.org/maclar/6788
2015-01-31,2014-2015,Süper Lig,Çetinkaya TSK,Doğan Türk Birliği,1,0,H,0,0,6789,https://ktff.org/maclar/6789
2015-01-31,2014-2015,Süper Lig,Cihangir GSK,Küçük Kaymaklı TSK,1,0,H,0,0,6790,https://ktff.org/maclar/6790
2015-01-31,2014-2015,1. Lig,Düzkaya KOSK,Binatlı YSK,0,0,D,0,0,6830,https://ktff.org/maclar/6830
2015-01-31,2014-2015,1. Lig,Görneç KSK,Göçmenköy İYSK,0,2,A,0,0,6831,https://ktff.org/maclar/6831
2015-01-31,2014-2015,1. Lig,Yalova SK,Akıncılar GSK,2,0,H,0,0,6832,https://ktff.org/maclar/6832
2015-01-31,2014-2015,1. Lig,Geçitkale GSK,Değirmenlik SK,0,0,D,0,0,6833,https://ktff.org/maclar/6833
2015-02-01,2014-2015,Süper Lig,Serdarlı GB,Yenicami AK,0,1,A,0,0,6791,https://ktff.org/maclar/6791
2015-02-01,2014-2015,Süper Lig,Gönyeli SK,Yeniboğaziçi DSK,2,3,A,0,0,6792,https://ktff.org/maclar/6792
2015-02-01,2014-2015,Süper Lig,Lapta Türk Birliği SK,L. Gençler Birliği SK,0,2,A,0,0,6793,https://ktff.org/maclar/6793
2015-02-01,2014-2015,Süper Lig,Bostancı Bağcıl SK,Lefke TSK,3,0,H,1,0,6794,https://ktff.org/maclar/6794
2015-02-01,2014-2015,1. Lig,Gençlik Gücü TSK,Esentepe KSKK,1,0,H,0,0,6834,https://ktff.org/maclar/6834
2015-02-01,2014-2015,1. Lig,Türk Ocağı Limasol SK,Hamitköy ŞHSK,3,0,H,0,0,6835,https://ktff.org/maclar/6835
2015-02-01,2014-2015,1. Lig,Dumlupınar TSK,Denizli SK,8,0,H,0,0,6836,https://ktff.org/maclar/6836
2015-02-07,2014-2015,Süper Lig,Yeniboğaziçi DSK,Lapta Türk Birliği SK,1,0,H,0,0,6802,https://ktff.org/maclar/6802
2015-02-07,2014-2015,Süper Lig,Doğan Türk Birliği,Bostancı Bağcıl SK,3,2,H,0,0,6803,https://ktff.org/maclar/6803
2015-02-07,2014-2015,Süper Lig,Lefke TSK,Cihangir GSK,0,1,A,0,0,6804,https://ktff.org/maclar/6804
2015-02-07,2014-2015,Süper Lig,Küçük Kaymaklı TSK,Mormenekşe GBSK,1,1,D,0,0,6805,https://ktff.org/maclar/6805
2015-02-07,2014-2015,1. Lig,Göçmenköy İYSK,Gençlik Gücü TSK,3,0,H,0,0,6844,https://ktff.org/maclar/6844
2015-02-07,2014-2015,1. Lig,Akıncılar GSK,Dumlupınar TSK,0,0,D,0,0,6845,https://ktff.org/maclar/6845
2015-02-07,2014-2015,1. Lig,Binatlı YSK,Görneç KSK,2,1,H,0,0,6846,https://ktff.org/maclar/6846
2015-02-08,2014-2015,Süper Lig,Mağusa Türk Gücü,Gönyeli SK,3,0,H,1,0,6806,https://ktff.org/maclar/6806
2015-02-08,2014-2015,Süper Lig,Yenicami AK,Çetinkaya TSK,6,0,H,0,0,6807,https://ktff.org/maclar/6807
2015-02-08,2014-2015,Süper Lig,L. Gençler Birliği SK,Serdarlı GB,1,1,D,0,0,6808,https://ktff.org/maclar/6808
2015-02-08,2014-2015,1. Lig,Denizli SK,Türk Ocağı Limasol SK,0,1,A,0,0,6847,https://ktff.org/maclar/6847
2015-02-08,2014-2015,1. Lig,Değirmenlik SK,Düzkaya KOSK,3,2,H,0,0,6848,https://ktff.org/maclar/6848
2015-02-08,2014-2015,1. Lig,Esentepe KSKK,Yalova SK,2,3,A,0,0,6849,https://ktff.org/maclar/6849
2015-02-08,2014-2015,1. Lig,Hamitköy ŞHSK,Geçitkale GSK,3,0,H,0,0,6850,https://ktff.org/maclar/6850
2015-02-14,2014-2015,Süper Lig,Bostancı Bağcıl SK,Yenicami AK,2,0,H,0,0,6900,https://ktff.org/maclar/6900
2015-02-14,2014-2015,Süper Lig,Lapta Türk Birliği SK,Mağusa Türk Gücü,0,3,A,0,0,6901,https://ktff.org/maclar/6901
2015-02-14,2014-2015,Süper Lig,Serdarlı GB,Yeniboğaziçi DSK,1,1,D,0,0,6902,https://ktff.org/maclar/6902
2015-02-14,2014-2015,Süper Lig,Çetinkaya TSK,L. Gençler Birliği SK,4,1,H,0,0,6903,https://ktff.org/maclar/6903
2015-02-14,2014-2015,1. Lig,Düzkaya KOSK,Hamitköy ŞHSK,0,0,D,0,0,6956,https://ktff.org/maclar/6956
2015-02-14,2014-2015,1. Lig,Denizli SK,Akıncılar GSK,2,0,H,0,0,6957,https://ktff.org/maclar/6957
2015-02-14,2014-2015,1. Lig,Türk Ocağı Limasol SK,Geçitkale GSK,5,0,H,0,0,6958,https://ktff.org/maclar/6958
2015-02-15,2014-2015,Süper Lig,Lefke TSK,Doğan Türk Birliği,2,1,H,0,0,6904,https://ktff.org/maclar/6904
2015-02-15,2014-2015,Süper Lig,Gönyeli SK,Küçük Kaymaklı TSK,1,7,A,0,0,6905,https://ktff.org/maclar/6905
2015-02-15,2014-2015,Süper Lig,Cihangir GSK,Mormenekşe GBSK,2,1,H,0,0,6906,https://ktff.org/maclar/6906
2015-02-15,2014-2015,1. Lig,Dumlupınar TSK,Esentepe KSKK,3,4,A,0,0,6959,https://ktff.org/maclar/6959
2015-02-15,2014-2015,1. Lig,Gençlik Gücü TSK,Binatlı YSK,2,0,H,0,0,6960,https://ktff.org/maclar/6960
2015-02-15,2014-2015,1. Lig,Yalova SK,Göçmenköy İYSK,5,1,H,0,0,6961,https://ktff.org/maclar/6961
2015-02-15,2014-2015,1. Lig,Görneç KSK,Değirmenlik SK,0,2,A,0,0,6962,https://ktff.org/maclar/6962
2015-02-21,2014-2015,Süper Lig,Doğan Türk Birliği,Cihangir GSK,4,3,H,0,0,6914,https://ktff.org/maclar/6914
2015-02-21,2014-2015,Süper Lig,Mağusa Türk Gücü,Serdarlı GB,3,2,H,0,0,6915,https://ktff.org/maclar/6915
2015-02-21,2014-2015,Süper Lig,Küçük Kaymaklı TSK,Lapta Türk Birliği SK,5,0,H,0,0,6916,https://ktff.org/maclar/6916
2015-02-21,2014-2015,Süper Lig,Yeniboğaziçi DSK,Çetinkaya TSK,2,0,H,0,0,6917,https://ktff.org/maclar/6917
2015-02-21,2014-2015,Süper Lig,Yenicami AK,Lefke TSK,3,1,H,0,0,6919,https://ktff.org/maclar/6919
2015-02-21,2014-2015,1. Lig,Binatlı YSK,Yalova SK,0,0,D,0,0,6972,https://ktff.org/maclar/6972
2015-02-21,2014-2015,1. Lig,Geçitkale GSK,Düzkaya KOSK,0,5,A,0,0,6973,https://ktff.org/maclar/6973
2015-02-21,2014-2015,1. Lig,Değirmenlik SK,Gençlik Gücü TSK,3,2,H,0,0,6975,https://ktff.org/maclar/6975
2015-02-21,2014-2015,1. Lig,Akıncılar GSK,Türk Ocağı Limasol SK,1,3,A,0,0,6976,https://ktff.org/maclar/6976
2015-02-22,2014-2015,Süper Lig,L. Gençler Birliği SK,Bostancı Bağcıl SK,0,0,D,0,0,6918,https://ktff.org/maclar/6918
2015-02-22,2014-2015,Süper Lig,Mormenekşe GBSK,Gönyeli SK,4,0,H,0,0,6920,https://ktff.org/maclar/6920
2015-02-22,2014-2015,1. Lig,Esentepe KSKK,Denizli SK,2,1,H,0,0,6970,https://ktff.org/maclar/6970
2015-02-22,2014-2015,1. Lig,Göçmenköy İYSK,Dumlupınar TSK,2,0,H,0,0,6971,https://ktff.org/maclar/6971
2015-02-22,2014-2015,1. Lig,Hamitköy ŞHSK,Görneç KSK,1,1,D,0,0,6974,https://ktff.org/maclar/6974
2015-02-28,2014-2015,Süper Lig,Cihangir GSK,Gönyeli SK,7,1,H,0,0,6928,https://ktff.org/maclar/6928
2015-02-28,2014-2015,Süper Lig,Doğan Türk Birliği,Yenicami AK,1,1,D,0,0,6929,https://ktff.org/maclar/6929
2015-02-28,2014-2015,Süper Lig,Lapta Türk Birliği SK,Mormenekşe GBSK,0,4,A,0,0,6931,https://ktff.org/maclar/6931
2015-02-28,2014-2015,Süper Lig,Çetinkaya TSK,Mağusa Türk Gücü,1,1,D,0,0,6932,https://ktff.org/maclar/6932
2015-02-28,2014-2015,1. Lig,Gençlik Gücü TSK,Hamitköy ŞHSK,2,1,H,0,0,6984,https://ktff.org/maclar/6984
2015-02-28,2014-2015,1. Lig,Dumlupınar TSK,Binatlı YSK,5,1,H,0,0,6985,https://ktff.org/maclar/6985
2015-02-28,2014-2015,1. Lig,Görneç KSK,Geçitkale GSK,8,0,H,0,0,6987,https://ktff.org/maclar/6987
2015-03-01,2014-2015,Süper Lig,Lefke TSK,L. Gençler Birliği SK,1,0,H,0,0,6930,https://ktff.org/maclar/6930
2015-03-01,2014-2015,Süper Lig,Bostancı Bağcıl SK,Yeniboğaziçi DSK,2,2,D,0,0,6933,https://ktff.org/maclar/6933
2015-03-01,2014-2015,Süper Lig,Serdarlı GB,Küçük Kaymaklı TSK,2,4,A,0,0,6934,https://ktff.org/maclar/6934
2015-03-01,2014-2015,1. Lig,Yalova SK,Değirmenlik SK,1,1,D,0,0,6986,https://ktff.org/maclar/6986
2015-03-01,2014-2015,1. Lig,Akıncılar GSK,Esentepe KSKK,2,0,H,0,0,6988,https://ktff.org/maclar/6988
2015-03-01,2014-2015,1. Lig,Türk Ocağı Limasol SK,Düzkaya KOSK,3,1,H,0,0,6989,https://ktff.org/maclar/6989
2015-03-01,2014-2015,1. Lig,Denizli SK,Göçmenköy İYSK,1,0,H,0,0,6990,https://ktff.org/maclar/6990
2015-03-07,2014-2015,Süper Lig,Mağusa Türk Gücü,Bostancı Bağcıl SK,2,0,H,0,0,6942,https://ktff.org/maclar/6942
2015-03-07,2014-2015,Süper Lig,Mormenekşe GBSK,Serdarlı GB,1,0,H,0,0,6943,https://ktff.org/maclar/6943
2015-03-07,2014-2015,Süper Lig,Küçük Kaymaklı TSK,Çetinkaya TSK,1,0,H,0,0,6944,https://ktff.org/maclar/6944
2015-03-07,2014-2015,1. Lig,Binatlı YSK,Denizli SK,3,1,H,0,0,6998,https://ktff.org/maclar/6998
2015-03-07,2014-2015,1. Lig,Değirmenlik SK,Dumlupınar TSK,2,2,D,0,0,6999,https://ktff.org/maclar/6999
2015-03-07,2014-2015,1. Lig,Göçmenköy İYSK,Akıncılar GSK,1,0,H,0,0,7000,https://ktff.org/maclar/7000
2015-03-07,2014-2015,1. Lig,Geçitkale GSK,Gençlik Gücü TSK,0,3,A,0,0,7001,https://ktff.org/maclar/7001
2015-03-08,2014-2015,Süper Lig,Yenicami AK,Cihangir GSK,1,5,A,0,0,6945,https://ktff.org/maclar/6945
2015-03-08,2014-2015,Süper Lig,Yeniboğaziçi DSK,Lefke TSK,1,2,A,0,0,6946,https://ktff.org/maclar/6946
2015-03-08,2014-2015,Süper Lig,Gönyeli SK,Lapta Türk Birliği SK,4,0,H,0,0,6947,https://ktff.org/maclar/6947
2015-03-08,2014-2015,Süper Lig,L. Gençler Birliği SK,Doğan Türk Birliği,1,2,A,0,0,6948,https://ktff.org/maclar/6948
2015-03-08,2014-2015,1. Lig,Düzkaya KOSK,Görneç KSK,2,5,A,0,0,7002,https://ktff.org/maclar/7002
2015-03-08,2014-2015,1. Lig,Hamitköy ŞHSK,Yalova SK,2,2,D,0,0,7003,https://ktff.org/maclar/7003
2015-03-08,2014-2015,1. Lig,Esentepe KSKK,Türk Ocağı Limasol SK,0,2,A,0,0,7004,https://ktff.org/maclar/7004
2015-03-14,2014-2015,Süper Lig,Doğan Türk Birliği,Yeniboğaziçi DSK,2,0,H,0,0,7076,https://ktff.org/maclar/7076
2015-03-14,2014-2015,Süper Lig,Cihangir GSK,Lapta Türk Birliği SK,2,1,H,0,0,7077,https://ktff.org/maclar/7077
2015-03-14,2014-2015,Süper Lig,Bostancı Bağcıl SK,Küçük Kaymaklı TSK,3,4,A,0,0,7078,https://ktff.org/maclar/7078
2015-03-14,2014-2015,Süper Lig,Çetinkaya TSK,Mormenekşe GBSK,0,1,A,0,0,7079,https://ktff.org/maclar/7079
2015-03-14,2014-2015,1. Lig,Dumlupınar TSK,Hamitköy ŞHSK,0,3,A,0,0,7104,https://ktff.org/maclar/7104
2015-03-14,2014-2015,1. Lig,Akıncılar GSK,Binatlı YSK,0,5,A,0,0,7105,https://ktff.org/maclar/7105
2015-03-14,2014-2015,1. Lig,Esentepe KSKK,Göçmenköy İYSK,0,0,D,0,0,7106,https://ktff.org/maclar/7106
2015-03-15,2014-2015,Süper Lig,Lefke TSK,Mağusa Türk Gücü,1,2,A,0,0,7080,https://ktff.org/maclar/7080
2015-03-15,2014-2015,Süper Lig,Serdarlı GB,Gönyeli SK,6,3,H,0,0,7081,https://ktff.org/maclar/7081
2015-03-15,2014-2015,Süper Lig,Yenicami AK,L. Gençler Birliği SK,4,0,H,0,0,7082,https://ktff.org/maclar/7082
2015-03-15,2014-2015,1. Lig,Denizli SK,Değirmenlik SK,1,1,D,0,0,7107,https://ktff.org/maclar/7107
2015-03-15,2014-2015,1. Lig,Gençlik Gücü TSK,Düzkaya KOSK,2,0,H,0,0,7108,https://ktff.org/maclar/7108
2015-03-15,2014-2015,1. Lig,Türk Ocağı Limasol SK,Görneç KSK,3,0,H,0,0,7109,https://ktff.org/maclar/7109
2015-03-15,2014-2015,1. Lig,Yalova SK,Geçitkale GSK,9,0,H,0,0,7110,https://ktff.org/maclar/7110
2015-03-21,2014-2015,Süper Lig,Küçük Kaymaklı TSK,Lefke TSK,3,1,H,0,0,7090,https://ktff.org/maclar/7090
2015-03-21,2014-2015,Süper Lig,Lapta Türk Birliği SK,Serdarlı GB,0,2,A,0,0,7091,https://ktff.org/maclar/7091
2015-03-21,2014-2015,Süper Lig,L. Gençler Birliği SK,Cihangir GSK,3,0,H,0,0,7092,https://ktff.org/maclar/7092
2015-03-21,2014-2015,Süper Lig,Yeniboğaziçi DSK,Yenicami AK,0,2,A,0,0,7093,https://ktff.org/maclar/7093
2015-03-21,2014-2015,1. Lig,Değirmenlik SK,Akıncılar GSK,4,2,H,0,0,7118,https://ktff.org/maclar/7118
2015-03-21,2014-2015,1. Lig,Düzkaya KOSK,Yalova SK,0,5,A,0,0,7119,https://ktff.org/maclar/7119
2015-03-21,2014-2015,1. Lig,Binatlı YSK,Esentepe KSKK,1,0,H,0,0,7120,https://ktff.org/maclar/7120
2015-03-22,2014-2015,Süper Lig,Mormenekşe GBSK,Bostancı Bağcıl SK,4,1,H,0,0,7094,https://ktff.org/maclar/7094
2015-03-22,2014-2015,Süper Lig,Gönyeli SK,Çetinkaya TSK,0,3,A,0,0,7095,https://ktff.org/maclar/7095
2015-03-22,2014-2015,Süper Lig,Mağusa Türk Gücü,Doğan Türk Birliği,2,0,H,0,0,7096,https://ktff.org/maclar/7096
2015-03-22,2014-2015,1. Lig,Hamitköy ŞHSK,Denizli SK,1,0,H,0,0,7121,https://ktff.org/maclar/7121
2015-03-22,2014-2015,1. Lig,Geçitkale GSK,Dumlupınar TSK,1,3,A,0,0,7122,https://ktff.org/maclar/7122
2015-03-22,2014-2015,1. Lig,Görneç KSK,Gençlik Gücü TSK,3,2,H,0,0,7123,https://ktff.org/maclar/7123
2015-03-22,2014-2015,1. Lig,Göçmenköy İYSK,Türk Ocağı Limasol SK,0,3,A,0,0,7124,https://ktff.org/maclar/7124
2015-04-04,2014-2015,Süper Lig,Yenicami AK,Mağusa Türk Gücü,3,0,H,0,0,7164,https://ktff.org/maclar/7164
2015-04-04,2014-2015,Süper Lig,Bostancı Bağcıl SK,Gönyeli SK,9,0,H,0,0,7165,https://ktff.org/maclar/7165
2015-04-04,2014-2015,Süper Lig,L. Gençler Birliği SK,Yeniboğaziçi DSK,4,1,H,0,0,7166,https://ktff.org/maclar/7166
2015-04-04,2014-2015,Süper Lig,Doğan Türk Birliği,Küçük Kaymaklı TSK,0,0,D,0,0,7167,https://ktff.org/maclar/7167
2015-04-04,2014-2015,Süper Lig,Lefke TSK,Mormenekşe GBSK,0,1,A,0,0,7168,https://ktff.org/maclar/7168
2015-04-04,2014-2015,Süper Lig,Cihangir GSK,Serdarlı GB,3,3,D,0,0,7169,https://ktff.org/maclar/7169
2015-04-05,2014-2015,Süper Lig,Çetinkaya TSK,Lapta Türk Birliği SK,4,0,H,0,0,7170,https://ktff.org/maclar/7170
2015-04-05,2014-2015,1. Lig,Dumlupınar TSK,Düzkaya KOSK,2,1,H,0,0,7178,https://ktff.org/maclar/7178
2015-04-05,2014-2015,1. Lig,Akıncılar GSK,Hamitköy ŞHSK,0,4,A,0,0,7179,https://ktff.org/maclar/7179
2015-04-05,2014-2015,1. Lig,Türk Ocağı Limasol SK,Gençlik Gücü TSK,2,0,H,0,0,7180,https://ktff.org/maclar/7180
2015-04-05,2014-2015,1. Lig,Göçmenköy İYSK,Binatlı YSK,1,5,A,0,0,7181,https://ktff.org/maclar/7181
2015-04-05,2014-2015,1. Lig,Yalova SK,Görneç KSK,0,0,D,0,0,7182,https://ktff.org/maclar/7182
2015-04-05,2014-2015,1. Lig,Esentepe KSKK,Değirmenlik SK,0,0,D,0,0,7183,https://ktff.org/maclar/7183
2015-04-05,2014-2015,1. Lig,Denizli SK,Geçitkale GSK,6,0,H,0,0,7184,https://ktff.org/maclar/7184
2015-04-11,2014-2015,Süper Lig,Gönyeli SK,Lefke TSK,1,4,A,0,0,7206,https://ktff.org/maclar/7206
2015-04-11,2014-2015,Süper Lig,Mağusa Türk Gücü,L. Gençler Birliği SK,1,0,H,0,0,7207,https://ktff.org/maclar/7207
2015-04-11,2014-2015,Süper Lig,Küçük Kaymaklı TSK,Yenicami AK,1,4,A,0,0,7208,https://ktff.org/maclar/7208
2015-04-11,2014-2015,Süper Lig,Yeniboğaziçi DSK,Cihangir GSK,0,0,D,0,0,7209,https://ktff.org/maclar/7209
2015-04-11,2014-2015,Süper Lig,Lapta Türk Birliği SK,Bostancı Bağcıl SK,0,3,A,0,0,7210,https://ktff.org/maclar/7210
2015-04-11,2014-2015,Süper Lig,Serdarlı GB,Çetinkaya TSK,1,0,H,0,0,7211,https://ktff.org/maclar/7211
2015-04-11,2014-2015,Süper Lig,Mormenekşe GBSK,Doğan Türk Birliği,3,0,H,0,0,7212,https://ktff.org/maclar/7212
2015-04-11,2014-2015,1. Lig,Gençlik Gücü TSK,Yalova SK,2,2,D,0,0,7223,https://ktff.org/maclar/7223
2015-04-12,2014-2015,1. Lig,Düzkaya KOSK,Denizli SK,2,0,H,0,0,7220,https://ktff.org/maclar/7220
2015-04-12,2014-2015,1. Lig,Geçitkale GSK,Akıncılar GSK,8,6,H,0,0,7221,https://ktff.org/maclar/7221
2015-04-12,2014-2015,1. Lig,Görneç KSK,Dumlupınar TSK,1,1,D,0,0,7222,https://ktff.org/maclar/7222
2015-04-12,2014-2015,1. Lig,Değirmenlik SK,Göçmenköy İYSK,3,1,H,0,0,7224,https://ktff.org/maclar/7224
2015-04-12,2014-2015,1. Lig,Hamitköy ŞHSK,Esentepe KSKK,1,0,H,0,0,7225,https://ktff.org/maclar/7225
2015-04-12,2014-2015,1. Lig,Binatlı YSK,Türk Ocağı Limasol SK,0,0,D,0,0,7226,https://ktff.org/maclar/7226
2015-04-17,2014-2015,Süper Lig,Lefke TSK,Lapta Türk Birliği SK,7,0,H,0,0,7250,https://ktff.org/maclar/7250
2015-04-17,2014-2015,Süper Lig,Yenicami AK,Mormenekşe GBSK,4,1,H,0,0,7251,https://ktff.org/maclar/7251
2015-04-18,2014-2015,Süper Lig,Yeniboğaziçi DSK,Mağusa Türk Gücü,1,0,H,0,0,7252,https://ktff.org/maclar/7252
2015-04-18,2014-2015,Süper Lig,Doğan Türk Birliği,Gönyeli SK,8,2,H,0,0,7253,https://ktff.org/maclar/7253
2015-04-18,2014-2015,Süper Lig,Cihangir GSK,Çetinkaya TSK,2,1,H,0,0,7254,https://ktff.org/maclar/7254
2015-04-18,2014-2015,Süper Lig,L. Gençler Birliği SK,Küçük Kaymaklı TSK,1,2,A,0,0,7255,https://ktff.org/maclar/7255
2015-04-18,2014-2015,Süper Lig,Bostancı Bağcıl SK,Serdarlı GB,3,3,D,0,0,7256,https://ktff.org/maclar/7256
2015-04-18,2014-2015,1. Lig,Göçmenköy İYSK,Hamitköy ŞHSK,3,1,H,0,0,7264,https://ktff.org/maclar/7264
2015-04-18,2014-2015,1. Lig,Akıncılar GSK,Düzkaya KOSK,2,6,A,0,0,7265,https://ktff.org/maclar/7265
2015-04-18,2014-2015,1. Lig,Türk Ocağı Limasol SK,Yalova SK,1,1,D,0,0,7266,https://ktff.org/maclar/7266
2015-04-18,2014-2015,1. Lig,Dumlupınar TSK,Gençlik Gücü TSK,3,0,H,0,0,7267,https://ktff.org/maclar/7267
2015-04-18,2014-2015,1. Lig,Binatlı YSK,Değirmenlik SK,0,0,D,0,0,7268,https://ktff.org/maclar/7268
2015-04-18,2014-2015,1. Lig,Denizli SK,Görneç KSK,0,0,D,0,0,7269,https://ktff.org/maclar/7269
2015-04-18,2014-2015,1. Lig,Esentepe KSKK,Geçitkale GSK,9,1,H,0,0,7270,https://ktff.org/maclar/7270
2015-04-24,2014-2015,Süper Lig,Mormenekşe GBSK,L. Gençler Birliği SK,1,1,D,0,0,7292,https://ktff.org/maclar/7292
2015-04-24,2014-2015,Süper Lig,Serdarlı GB,Lefke TSK,2,1,H,0,0,7293,https://ktff.org/maclar/7293
2015-04-24,2014-2015,Süper Lig,Mağusa Türk Gücü,Cihangir GSK,3,0,H,0,0,7294,https://ktff.org/maclar/7294
2015-04-24,2014-2015,Süper Lig,Çetinkaya TSK,Bostancı Bağcıl SK,3,0,H,0,0,7295,https://ktff.org/maclar/7295
2015-04-24,2014-2015,Süper Lig,Doğan Türk Birliği,Lapta Türk Birliği SK,4,0,H,0,0,7296,https://ktff.org/maclar/7296
2015-04-24,2014-2015,Süper Lig,Küçük Kaymaklı TSK,Yeniboğaziçi DSK,3,1,H,0,0,7297,https://ktff.org/maclar/7297
2015-04-24,2014-2015,Süper Lig,Gönyeli SK,Yenicami AK,1,6,A,0,0,7298,https://ktff.org/maclar/7298
2015-04-24,2014-2015,1. Lig,Değirmenlik SK,Türk Ocağı Limasol SK,1,1,D,0,0,7312,https://ktff.org/maclar/7312
2015-04-25,2014-2015,1. Lig,Gençlik Gücü TSK,Denizli SK,1,1,D,0,0,7306,https://ktff.org/maclar/7306
2015-04-25,2014-2015,1. Lig,Yalova SK,Dumlupınar TSK,2,2,D,0,0,7307,https://ktff.org/maclar/7307
2015-04-25,2014-2015,1. Lig,Görneç KSK,Akıncılar GSK,6,0,H,0,0,7308,https://ktff.org/maclar/7308
2015-04-25,2014-2015,1. Lig,Hamitköy ŞHSK,Binatlı YSK,1,1,D,0,0,7309,https://ktff.org/maclar/7309
2015-04-25,2014-2015,1. Lig,Geçitkale GSK,Göçmenköy İYSK,5,5,D,0,0,7310,https://ktff.org/maclar/7310
2015-04-25,2014-2015,1. Lig,Düzkaya KOSK,Esentepe KSKK,1,1,D,0,0,7311,https://ktff.org/maclar/7311
2015-09-26,2015-2016,Süper Lig,Cihangir GSK,Yenicami AK,2,1,H,0,0,7900,https://ktff.org/maclar/7900
2015-09-26,2015-2016,Süper Lig,Bostancı Bağcıl SK,Lefke TSK,1,0,H,0,0,7901,https://ktff.org/maclar/7901
2015-09-26,2015-2016,Süper Lig,Yeniboğaziçi DSK,Doğan Türk Birliği,2,2,D,0,0,7902,https://ktff.org/maclar/7902
2015-09-26,2015-2016,Süper Lig,Küçük Kaymaklı TSK,Mağusa Türk Gücü,1,0,H,0,0,7903,https://ktff.org/maclar/7903
2015-09-26,2015-2016,1. Lig,Dumlupınar TSK,Baf Ülkü Yurdu,1,0,H,0,0,7956,https://ktff.org/maclar/7956
2015-09-26,2015-2016,1. Lig,Gençlik Gücü TSK,Esentepe KSKK,2,2,D,0,0,7957,https://ktff.org/maclar/7957
2015-09-26,2015-2016,1. Lig,Denizli SK,Lapta Türk Birliği SK,2,1,H,0,0,7958,https://ktff.org/maclar/7958
2015-09-26,2015-2016,1. Lig,Düzkaya KOSK,Göçmenköy İYSK,2,0,H,0,0,7959,https://ktff.org/maclar/7959
2015-09-27,2015-2016,Süper Lig,Türk Ocağı Limasol SK,Mormenekşe GBSK,1,2,A,0,0,7904,https://ktff.org/maclar/7904
2015-09-27,2015-2016,Süper Lig,L. Gençler Birliği SK,Binatlı YSK,0,0,D,0,0,7905,https://ktff.org/maclar/7905
2015-09-27,2015-2016,Süper Lig,Çetinkaya TSK,Değirmenlik SK,5,1,H,0,0,7912,https://ktff.org/maclar/7912
2015-09-27,2015-2016,1. Lig,Hamitköy ŞHSK,Gönyeli SK,3,0,H,0,0,7960,https://ktff.org/maclar/7960
2015-09-27,2015-2016,1. Lig,M. Karşıyaka ASK,Görneç KSK,2,1,H,0,0,7961,https://ktff.org/maclar/7961
2015-09-27,2015-2016,1. Lig,Yalova SK,Girne Halk Evi SK,0,1,A,0,0,7962,https://ktff.org/maclar/7962
2015-10-03,2015-2016,Süper Lig,Mağusa Türk Gücü,Türk Ocağı Limasol SK,4,1,H,0,0,7915,https://ktff.org/maclar/7915
2015-10-03,2015-2016,Süper Lig,Yenicami AK,Bostancı Bağcıl SK,3,1,H,0,0,7916,https://ktff.org/maclar/7916
2015-10-03,2015-2016,Süper Lig,Cihangir GSK,Çetinkaya TSK,1,4,A,0,0,7917,https://ktff.org/maclar/7917
2015-10-03,2015-2016,1. Lig,Göçmenköy İYSK,Girne Halk Evi SK,0,2,A,0,0,7970,https://ktff.org/maclar/7970
2015-10-03,2015-2016,1. Lig,Esentepe KSKK,Denizli SK,0,0,D,0,0,7971,https://ktff.org/maclar/7971
2015-10-03,2015-2016,1. Lig,Baf Ülkü Yurdu,Gençlik Gücü TSK,1,1,D,0,0,7972,https://ktff.org/maclar/7972
2015-10-03,2015-2016,1. Lig,Dumlupınar TSK,Yalova SK,3,2,H,0,0,7976,https://ktff.org/maclar/7976
2015-10-04,2015-2016,Süper Lig,Mormenekşe GBSK,L. Gençler Birliği SK,1,1,D,0,0,7914,https://ktff.org/maclar/7914
2015-10-04,2015-2016,Süper Lig,Binatlı YSK,Değirmenlik SK,3,1,H,0,0,7918,https://ktff.org/maclar/7918
2015-10-04,2015-2016,Süper Lig,Doğan Türk Birliği,Küçük Kaymaklı TSK,5,0,H,0,0,7919,https://ktff.org/maclar/7919
2015-10-04,2015-2016,Süper Lig,Lefke TSK,Yeniboğaziçi DSK,1,0,H,0,0,7920,https://ktff.org/maclar/7920
2015-10-04,2015-2016,1. Lig,Görneç KSK,Düzkaya KOSK,1,2,A,0,0,7973,https://ktff.org/maclar/7973
2015-10-04,2015-2016,1. Lig,Gönyeli SK,M. Karşıyaka ASK,3,2,H,0,0,7974,https://ktff.org/maclar/7974
2015-10-04,2015-2016,1. Lig,Lapta Türk Birliği SK,Hamitköy ŞHSK,0,0,D,0,0,7975,https://ktff.org/maclar/7975
2015-10-10,2015-2016,Süper Lig,Yeniboğaziçi DSK,Yenicami AK,0,3,A,0,0,7929,https://ktff.org/maclar/7929
2015-10-10,2015-2016,Süper Lig,Türk Ocağı Limasol SK,Doğan Türk Birliği,1,1,D,0,0,7930,https://ktff.org/maclar/7930
2015-10-10,2015-2016,Süper Lig,Çetinkaya TSK,Binatlı YSK,1,1,D,0,0,7931,https://ktff.org/maclar/7931
2015-10-10,2015-2016,Süper Lig,L. Gençler Birliği SK,Mağusa Türk Gücü,1,3,A,0,0,7934,https://ktff.org/maclar/7934
2015-10-10,2015-2016,1. Lig,Denizli SK,Baf Ülkü Yurdu,1,0,H,0,0,7984,https://ktff.org/maclar/7984
2015-10-10,2015-2016,1. Lig,Hamitköy ŞHSK,Esentepe KSKK,2,2,D,0,0,7985,https://ktff.org/maclar/7985
2015-10-10,2015-2016,1. Lig,M. Karşıyaka ASK,Lapta Türk Birliği SK,5,0,H,0,0,7986,https://ktff.org/maclar/7986
2015-10-10,2015-2016,1. Lig,Yalova SK,Göçmenköy İYSK,2,0,H,0,0,7987,https://ktff.org/maclar/7987
2015-10-11,2015-2016,Süper Lig,Değirmenlik SK,Mormenekşe GBSK,4,1,H,0,0,7928,https://ktff.org/maclar/7928
2015-10-11,2015-2016,Süper Lig,Bostancı Bağcıl SK,Cihangir GSK,1,1,D,0,0,7932,https://ktff.org/maclar/7932
2015-10-11,2015-2016,Süper Lig,Küçük Kaymaklı TSK,Lefke TSK,0,0,D,0,0,7933,https://ktff.org/maclar/7933
2015-10-11,2015-2016,1. Lig,Girne Halk Evi SK,Görneç KSK,3,0,H,0,0,7988,https://ktff.org/maclar/7988
2015-10-11,2015-2016,1. Lig,Gençlik Gücü TSK,Dumlupınar TSK,3,2,H,0,0,7989,https://ktff.org/maclar/7989
2015-10-11,2015-2016,1. Lig,Düzkaya KOSK,Gönyeli SK,2,1,H,0,0,7990,https://ktff.org/maclar/7990
2015-10-17,2015-2016,Süper Lig,Mormenekşe GBSK,Binatlı YSK,1,3,A,0,0,7942,https://ktff.org/maclar/7942
2015-10-17,2015-2016,Süper Lig,Doğan Türk Birliği,L. Gençler Birliği SK,3,0,H,0,0,7943,https://ktff.org/maclar/7943
2015-10-17,2015-2016,Süper Lig,Lefke TSK,Türk Ocağı Limasol SK,2,0,H,0,0,7944,https://ktff.org/maclar/7944
2015-10-17,2015-2016,Süper Lig,Yenicami AK,Küçük Kaymaklı TSK,1,0,H,0,0,7945,https://ktff.org/maclar/7945
2015-10-17,2015-2016,1. Lig,Görneç KSK,Göçmenköy İYSK,3,2,H,0,0,7998,https://ktff.org/maclar/7998
2015-10-17,2015-2016,1. Lig,Esentepe KSKK,M. Karşıyaka ASK,0,3,A,0,0,7999,https://ktff.org/maclar/7999
2015-10-17,2015-2016,1. Lig,Baf Ülkü Yurdu,Hamitköy ŞHSK,0,1,A,0,0,8000,https://ktff.org/maclar/8000
2015-10-17,2015-2016,1. Lig,Dumlupınar TSK,Denizli SK,2,1,H,0,0,8001,https://ktff.org/maclar/8001
2015-10-18,2015-2016,Süper Lig,Mağusa Türk Gücü,Değirmenlik SK,3,0,H,0,0,7946,https://ktff.org/maclar/7946
2015-10-18,2015-2016,Süper Lig,Cihangir GSK,Yeniboğaziçi DSK,2,3,A,0,0,7947,https://ktff.org/maclar/7947
2015-10-18,2015-2016,Süper Lig,Bostancı Bağcıl SK,Çetinkaya TSK,2,2,D,0,0,7948,https://ktff.org/maclar/7948
2015-10-18,2015-2016,1. Lig,Gönyeli SK,Girne Halk Evi SK,1,10,A,0,0,8002,https://ktff.org/maclar/8002
2015-10-18,2015-2016,1. Lig,Lapta Türk Birliği SK,Düzkaya KOSK,2,1,H,0,0,8003,https://ktff.org/maclar/8003
2015-10-18,2015-2016,1. Lig,Gençlik Gücü TSK,Yalova SK,4,3,H,0,0,8004,https://ktff.org/maclar/8004
2015-10-24,2015-2016,Süper Lig,Değirmenlik SK,Doğan Türk Birliği,3,2,H,0,0,8069,https://ktff.org/maclar/8069
2015-10-24,2015-2016,Süper Lig,Yeniboğaziçi DSK,Bostancı Bağcıl SK,0,0,D,0,0,8070,https://ktff.org/maclar/8070
2015-10-24,2015-2016,Süper Lig,Küçük Kaymaklı TSK,Cihangir GSK,3,0,H,0,0,8071,https://ktff.org/maclar/8071
2015-10-24,2015-2016,Süper Lig,Türk Ocağı Limasol SK,Yenicami AK,2,2,D,0,0,8072,https://ktff.org/maclar/8072
2015-10-24,2015-2016,1. Lig,Göçmenköy İYSK,Gönyeli SK,6,1,H,0,0,8125,https://ktff.org/maclar/8125
2015-10-24,2015-2016,1. Lig,Denizli SK,Gençlik Gücü TSK,1,2,A,0,0,8126,https://ktff.org/maclar/8126
2015-10-24,2015-2016,1. Lig,M. Karşıyaka ASK,Baf Ülkü Yurdu,1,1,D,0,0,8127,https://ktff.org/maclar/8127
2015-10-24,2015-2016,1. Lig,Yalova SK,Görneç KSK,2,2,D,0,0,8128,https://ktff.org/maclar/8128
2015-10-25,2015-2016,Süper Lig,Binatlı YSK,Mağusa Türk Gücü,2,0,H,0,0,8073,https://ktff.org/maclar/8073
2015-10-25,2015-2016,Süper Lig,L. Gençler Birliği SK,Lefke TSK,1,2,A,0,0,8074,https://ktff.org/maclar/8074
2015-10-25,2015-2016,Süper Lig,Çetinkaya TSK,Mormenekşe GBSK,3,0,H,0,0,8075,https://ktff.org/maclar/8075
2015-10-25,2015-2016,1. Lig,Girne Halk Evi SK,Lapta Türk Birliği SK,2,0,H,0,0,8129,https://ktff.org/maclar/8129
2015-10-25,2015-2016,1. Lig,Hamitköy ŞHSK,Dumlupınar TSK,4,1,H,0,0,8130,https://ktff.org/maclar/8130
2015-10-25,2015-2016,1. Lig,Düzkaya KOSK,Esentepe KSKK,2,1,H,0,0,8131,https://ktff.org/maclar/8131
2015-10-31,2015-2016,Süper Lig,Mağusa Türk Gücü,Mormenekşe GBSK,2,0,H,0,0,8083,https://ktff.org/maclar/8083
2015-10-31,2015-2016,Süper Lig,Doğan Türk Birliği,Binatlı YSK,1,1,D,0,0,8084,https://ktff.org/maclar/8084
2015-10-31,2015-2016,Süper Lig,Lefke TSK,Değirmenlik SK,3,1,H,0,0,8085,https://ktff.org/maclar/8085
2015-10-31,2015-2016,Süper Lig,Yeniboğaziçi DSK,Çetinkaya TSK,3,3,D,0,0,8086,https://ktff.org/maclar/8086
2015-10-31,2015-2016,1. Lig,Gönyeli SK,Görneç KSK,0,3,A,0,0,8139,https://ktff.org/maclar/8139
2015-10-31,2015-2016,1. Lig,Lapta Türk Birliği SK,Göçmenköy İYSK,0,3,A,0,0,8140,https://ktff.org/maclar/8140
2015-10-31,2015-2016,1. Lig,Esentepe KSKK,Girne Halk Evi SK,0,0,D,0,0,8141,https://ktff.org/maclar/8141
2015-10-31,2015-2016,1. Lig,Gençlik Gücü TSK,Hamitköy ŞHSK,3,1,H,0,0,8142,https://ktff.org/maclar/8142
2015-11-01,2015-2016,Süper Lig,Yenicami AK,L. Gençler Birliği SK,0,2,A,0,0,8087,https://ktff.org/maclar/8087
2015-11-01,2015-2016,Süper Lig,Cihangir GSK,Türk Ocağı Limasol SK,3,0,H,0,0,8088,https://ktff.org/maclar/8088
2015-11-01,2015-2016,Süper Lig,Bostancı Bağcıl SK,Küçük Kaymaklı TSK,1,0,H,0,0,8089,https://ktff.org/maclar/8089
2015-11-01,2015-2016,1. Lig,Baf Ülkü Yurdu,Düzkaya KOSK,0,1,A,0,0,8143,https://ktff.org/maclar/8143
2015-11-01,2015-2016,1. Lig,Dumlupınar TSK,M. Karşıyaka ASK,0,2,A,0,0,8144,https://ktff.org/maclar/8144
2015-11-01,2015-2016,1. Lig,Denizli SK,Yalova SK,0,2,A,0,0,8145,https://ktff.org/maclar/8145
2015-11-07,2015-2016,Süper Lig,Mormenekşe GBSK,Doğan Türk Birliği,0,3,A,0,0,8097,https://ktff.org/maclar/8097
2015-11-07,2015-2016,Süper Lig,Küçük Kaymaklı TSK,Yeniboğaziçi DSK,5,1,H,0,0,8098,https://ktff.org/maclar/8098
2015-11-07,2015-2016,Süper Lig,Türk Ocağı Limasol SK,Bostancı Bağcıl SK,1,1,D,0,0,8099,https://ktff.org/maclar/8099
2015-11-07,2015-2016,Süper Lig,L. Gençler Birliği SK,Cihangir GSK,2,1,H,0,0,8100,https://ktff.org/maclar/8100
2015-11-07,2015-2016,1. Lig,Göçmenköy İYSK,Esentepe KSKK,2,1,H,0,0,8153,https://ktff.org/maclar/8153
2015-11-07,2015-2016,1. Lig,Görneç KSK,Lapta Türk Birliği SK,2,1,H,0,0,8154,https://ktff.org/maclar/8154
2015-11-07,2015-2016,1. Lig,M. Karşıyaka ASK,Gençlik Gücü TSK,3,3,D,0,0,8155,https://ktff.org/maclar/8155
2015-11-07,2015-2016,1. Lig,Düzkaya KOSK,Dumlupınar TSK,2,3,A,0,0,8156,https://ktff.org/maclar/8156
2015-11-07,2015-2016,1. Lig,Yalova SK,Gönyeli SK,6,0,H,0,0,8157,https://ktff.org/maclar/8157
2015-11-08,2015-2016,Süper Lig,Değirmenlik SK,Yenicami AK,0,3,A,0,0,8101,https://ktff.org/maclar/8101
2015-11-08,2015-2016,Süper Lig,Binatlı YSK,Lefke TSK,4,1,H,0,0,8102,https://ktff.org/maclar/8102
2015-11-08,2015-2016,Süper Lig,Çetinkaya TSK,Mağusa Türk Gücü,1,4,A,0,0,8103,https://ktff.org/maclar/8103
2015-11-08,2015-2016,1. Lig,Girne Halk Evi SK,Baf Ülkü Yurdu,0,1,A,0,0,8158,https://ktff.org/maclar/8158
2015-11-08,2015-2016,1. Lig,Hamitköy ŞHSK,Denizli SK,1,4,A,0,0,8159,https://ktff.org/maclar/8159
2015-11-14,2015-2016,Süper Lig,Lefke TSK,Mormenekşe GBSK,5,1,H,0,0,8111,https://ktff.org/maclar/8111
2015-11-14,2015-2016,Süper Lig,Yenicami AK,Binatlı YSK,2,2,D,0,0,8112,https://ktff.org/maclar/8112
2015-11-14,2015-2016,Süper Lig,Cihangir GSK,Değirmenlik SK,1,2,A,0,0,8113,https://ktff.org/maclar/8113
2015-11-14,2015-2016,Süper Lig,Bostancı Bağcıl SK,L. Gençler Birliği SK,1,2,A,0,0,8114,https://ktff.org/maclar/8114
2015-11-14,2015-2016,1. Lig,Esentepe KSKK,Görneç KSK,3,2,H,0,0,8167,https://ktff.org/maclar/8167
2015-11-14,2015-2016,1. Lig,Dumlupınar TSK,Girne Halk Evi SK,0,1,A,0,0,8168,https://ktff.org/maclar/8168
2015-11-14,2015-2016,1. Lig,Hamitköy ŞHSK,Yalova SK,0,1,A,0,0,8169,https://ktff.org/maclar/8169
2015-11-15,2015-2016,Süper Lig,Doğan Türk Birliği,Mağusa Türk Gücü,2,0,H,0,0,8115,https://ktff.org/maclar/8115
2015-11-15,2015-2016,Süper Lig,Yeniboğaziçi DSK,Türk Ocağı Limasol SK,0,3,A,0,0,8116,https://ktff.org/maclar/8116
2015-11-15,2015-2016,Süper Lig,Küçük Kaymaklı TSK,Çetinkaya TSK,0,4,A,0,0,8117,https://ktff.org/maclar/8117
2015-11-15,2015-2016,1. Lig,Lapta Türk Birliği SK,Gönyeli SK,1,2,A,0,0,8170,https://ktff.org/maclar/8170
2015-11-15,2015-2016,1. Lig,Baf Ülkü Yurdu,Göçmenköy İYSK,1,2,A,0,0,8171,https://ktff.org/maclar/8171
2015-11-15,2015-2016,1. Lig,Gençlik Gücü TSK,Düzkaya KOSK,6,0,H,0,0,8172,https://ktff.org/maclar/8172
2015-11-15,2015-2016,1. Lig,Denizli SK,M. Karşıyaka ASK,3,1,H,0,0,8173,https://ktff.org/maclar/8173
2015-11-21,2015-2016,Süper Lig,Değirmenlik SK,Bostancı Bağcıl SK,0,0,D,0,0,8238,https://ktff.org/maclar/8238
2015-11-21,2015-2016,Süper Lig,Mağusa Türk Gücü,Lefke TSK,3,1,H,0,0,8239,https://ktff.org/maclar/8239
2015-11-21,2015-2016,Süper Lig,Türk Ocağı Limasol SK,Küçük Kaymaklı TSK,1,1,D,0,0,8240,https://ktff.org/maclar/8240
2015-11-21,2015-2016,Süper Lig,Çetinkaya TSK,Doğan Türk Birliği,4,0,H,0,0,8241,https://ktff.org/maclar/8241
2015-11-21,2015-2016,1. Lig,Görneç KSK,Baf Ülkü Yurdu,1,4,A,0,0,8308,https://ktff.org/maclar/8308
2015-11-21,2015-2016,1. Lig,Gönyeli SK,Esentepe KSKK,2,1,H,0,0,8309,https://ktff.org/maclar/8309
2015-11-21,2015-2016,1. Lig,Düzkaya KOSK,Denizli SK,1,3,A,0,0,8310,https://ktff.org/maclar/8310
2015-11-21,2015-2016,1. Lig,Yalova SK,Lapta Türk Birliği SK,1,0,H,0,0,8311,https://ktff.org/maclar/8311
2015-11-22,2015-2016,Süper Lig,Binatlı YSK,Cihangir GSK,2,2,D,0,0,8242,https://ktff.org/maclar/8242
2015-11-22,2015-2016,Süper Lig,Mormenekşe GBSK,Yenicami AK,1,0,H,0,0,8243,https://ktff.org/maclar/8243
2015-11-22,2015-2016,Süper Lig,L. Gençler Birliği SK,Yeniboğaziçi DSK,3,1,H,0,0,8244,https://ktff.org/maclar/8244
2015-11-22,2015-2016,1. Lig,Girne Halk Evi SK,Gençlik Gücü TSK,2,1,H,0,0,8312,https://ktff.org/maclar/8312
2015-11-22,2015-2016,1. Lig,Göçmenköy İYSK,Dumlupınar TSK,1,3,A,0,0,8313,https://ktff.org/maclar/8313
2015-11-22,2015-2016,1. Lig,M. Karşıyaka ASK,Hamitköy ŞHSK,0,0,D,0,0,8314,https://ktff.org/maclar/8314
2015-11-28,2015-2016,Süper Lig,Yenicami AK,Mağusa Türk Gücü,2,0,H,0,0,8252,https://ktff.org/maclar/8252
2015-11-28,2015-2016,Süper Lig,Cihangir GSK,Mormenekşe GBSK,2,1,H,0,0,8253,https://ktff.org/maclar/8253
2015-11-28,2015-2016,Süper Lig,Bostancı Bağcıl SK,Binatlı YSK,1,4,A,0,0,8254,https://ktff.org/maclar/8254
2015-11-28,2015-2016,Süper Lig,Türk Ocağı Limasol SK,Çetinkaya TSK,1,1,D,0,0,8255,https://ktff.org/maclar/8255
2015-11-28,2015-2016,1. Lig,Esentepe KSKK,Lapta Türk Birliği SK,2,1,H,0,0,8322,https://ktff.org/maclar/8322
2015-11-28,2015-2016,1. Lig,Denizli SK,Girne Halk Evi SK,1,1,D,0,0,8323,https://ktff.org/maclar/8323
2015-11-28,2015-2016,1. Lig,Hamitköy ŞHSK,Düzkaya KOSK,1,2,A,0,0,8324,https://ktff.org/maclar/8324
2015-11-28,2015-2016,1. Lig,M. Karşıyaka ASK,Yalova SK,0,1,A,0,0,8325,https://ktff.org/maclar/8325
2015-11-29,2015-2016,Süper Lig,Lefke TSK,Doğan Türk Birliği,2,2,D,0,0,8256,https://ktff.org/maclar/8256
2015-11-29,2015-2016,Süper Lig,Yeniboğaziçi DSK,Değirmenlik SK,2,2,D,0,0,8257,https://ktff.org/maclar/8257
2015-11-29,2015-2016,Süper Lig,Küçük Kaymaklı TSK,L. Gençler Birliği SK,1,1,D,0,0,8258,https://ktff.org/maclar/8258
2015-11-29,2015-2016,1. Lig,Baf Ülkü Yurdu,Gönyeli SK,2,0,H,0,0,8326,https://ktff.org/maclar/8326
2015-11-29,2015-2016,1. Lig,Dumlupınar TSK,Görneç KSK,2,1,H,0,0,8327,https://ktff.org/maclar/8327
2015-11-29,2015-2016,1. Lig,Gençlik Gücü TSK,Göçmenköy İYSK,3,1,H,0,0,8328,https://ktff.org/maclar/8328
2015-12-05,2015-2016,Süper Lig,Binatlı YSK,Yeniboğaziçi DSK,4,0,H,0,0,8267,https://ktff.org/maclar/8267
2015-12-05,2015-2016,Süper Lig,L. Gençler Birliği SK,Türk Ocağı Limasol SK,1,0,H,0,0,8268,https://ktff.org/maclar/8268
2015-12-05,2015-2016,Süper Lig,Çetinkaya TSK,Lefke TSK,0,0,D,0,0,8269,https://ktff.org/maclar/8269
2015-12-05,2015-2016,Süper Lig,Mağusa Türk Gücü,Cihangir GSK,2,1,H,0,0,8271,https://ktff.org/maclar/8271
2015-12-05,2015-2016,1. Lig,Girne Halk Evi SK,Hamitköy ŞHSK,3,0,H,0,0,8336,https://ktff.org/maclar/8336
2015-12-05,2015-2016,1. Lig,Görneç KSK,Gençlik Gücü TSK,2,3,A,0,0,8337,https://ktff.org/maclar/8337
2015-12-05,2015-2016,1. Lig,Gönyeli SK,Dumlupınar TSK,1,4,A,0,0,8338,https://ktff.org/maclar/8338
2015-12-05,2015-2016,1. Lig,Düzkaya KOSK,M. Karşıyaka ASK,3,0,H,0,0,8339,https://ktff.org/maclar/8339
2015-12-06,2015-2016,Süper Lig,Değirmenlik SK,Küçük Kaymaklı TSK,2,4,A,0,0,8266,https://ktff.org/maclar/8266
2015-12-06,2015-2016,Süper Lig,Mormenekşe GBSK,Bostancı Bağcıl SK,5,1,H,0,0,8270,https://ktff.org/maclar/8270
2015-12-06,2015-2016,Süper Lig,Doğan Türk Birliği,Yenicami AK,2,2,D,0,0,8272,https://ktff.org/maclar/8272
2015-12-06,2015-2016,1. Lig,Göçmenköy İYSK,Denizli SK,2,0,H,0,0,8340,https://ktff.org/maclar/8340
2015-12-06,2015-2016,1. Lig,Lapta Türk Birliği SK,Baf Ülkü Yurdu,0,2,A,0,0,8341,https://ktff.org/maclar/8341
2015-12-06,2015-2016,1. Lig,Yalova SK,Esentepe KSKK,1,3,A,0,0,8342,https://ktff.org/maclar/8342
2015-12-12,2015-2016,Süper Lig,Yenicami AK,Lefke TSK,2,1,H,0,0,8280,https://ktff.org/maclar/8280
2015-12-12,2015-2016,Süper Lig,Cihangir GSK,Doğan Türk Birliği,3,1,H,0,0,8281,https://ktff.org/maclar/8281
2015-12-12,2015-2016,Süper Lig,Yeniboğaziçi DSK,Mormenekşe GBSK,0,0,D,0,0,8282,https://ktff.org/maclar/8282
2015-12-12,2015-2016,Süper Lig,Türk Ocağı Limasol SK,Değirmenlik SK,4,1,H,0,0,8283,https://ktff.org/maclar/8283
2015-12-12,2015-2016,1. Lig,Baf Ülkü Yurdu,Esentepe KSKK,0,1,A,0,0,8350,https://ktff.org/maclar/8350
2015-12-12,2015-2016,1. Lig,Dumlupınar TSK,Lapta Türk Birliği SK,7,1,H,0,0,8351,https://ktff.org/maclar/8351
2015-12-12,2015-2016,1. Lig,Hamitköy ŞHSK,Göçmenköy İYSK,1,4,A,0,0,8352,https://ktff.org/maclar/8352
2015-12-12,2015-2016,1. Lig,M. Karşıyaka ASK,Girne Halk Evi SK,0,0,D,0,0,8353,https://ktff.org/maclar/8353
2015-12-13,2015-2016,Süper Lig,Bostancı Bağcıl SK,Mağusa Türk Gücü,1,1,D,0,0,8284,https://ktff.org/maclar/8284
2015-12-13,2015-2016,Süper Lig,Küçük Kaymaklı TSK,Binatlı YSK,1,2,A,0,0,8285,https://ktff.org/maclar/8285
2015-12-13,2015-2016,Süper Lig,L. Gençler Birliği SK,Çetinkaya TSK,5,3,H,0,0,8286,https://ktff.org/maclar/8286
2015-12-13,2015-2016,1. Lig,Gençlik Gücü TSK,Gönyeli SK,5,1,H,0,0,8354,https://ktff.org/maclar/8354
2015-12-13,2015-2016,1. Lig,Denizli SK,Görneç KSK,4,0,H,0,0,8355,https://ktff.org/maclar/8355
2015-12-13,2015-2016,1. Lig,Düzkaya KOSK,Yalova SK,2,3,A,0,0,8356,https://ktff.org/maclar/8356
2015-12-19,2015-2016,Süper Lig,Değirmenlik SK,L. Gençler Birliği SK,0,6,A,0,0,8294,https://ktff.org/maclar/8294
2015-12-19,2015-2016,Süper Lig,Mormenekşe GBSK,Küçük Kaymaklı TSK,0,3,A,0,0,8295,https://ktff.org/maclar/8295
2015-12-19,2015-2016,Süper Lig,Lefke TSK,Cihangir GSK,2,2,D,0,0,8296,https://ktff.org/maclar/8296
2015-12-19,2015-2016,1. Lig,Girne Halk Evi SK,Düzkaya KOSK,2,1,H,0,0,8364,https://ktff.org/maclar/8364
2015-12-19,2015-2016,1. Lig,Görneç KSK,Hamitköy ŞHSK,1,3,A,0,0,8365,https://ktff.org/maclar/8365
2015-12-19,2015-2016,1. Lig,Yalova SK,Baf Ülkü Yurdu,2,2,D,0,0,8367,https://ktff.org/maclar/8367
2015-12-19,2015-2016,1. Lig,Göçmenköy İYSK,M. Karşıyaka ASK,1,2,A,0,0,8368,https://ktff.org/maclar/8368
2015-12-20,2015-2016,Süper Lig,Çetinkaya TSK,Yenicami AK,1,1,D,0,0,8297,https://ktff.org/maclar/8297
2015-12-20,2015-2016,Süper Lig,Binatlı YSK,Türk Ocağı Limasol SK,4,0,H,0,0,8298,https://ktff.org/maclar/8298
2015-12-20,2015-2016,Süper Lig,Mağusa Türk Gücü,Yeniboğaziçi DSK,4,2,H,0,0,8299,https://ktff.org/maclar/8299
2015-12-20,2015-2016,Süper Lig,Doğan Türk Birliği,Bostancı Bağcıl SK,3,3,D,0,0,8300,https://ktff.org/maclar/8300
2015-12-20,2015-2016,1. Lig,Gönyeli SK,Denizli SK,0,1,A,0,0,8369,https://ktff.org/maclar/8369
2015-12-20,2015-2016,1. Lig,Esentepe KSKK,Dumlupınar TSK,0,1,A,0,0,8370,https://ktff.org/maclar/8370
2015-12-23,2015-2016,1. Lig,Lapta Türk Birliği SK,Gençlik Gücü TSK,1,3,A,0,0,8366,https://ktff.org/maclar/8366
2016-02-06,2015-2016,Süper Lig,Lefke TSK,Bostancı Bağcıl SK,1,0,H,0,0,8480,https://ktff.org/maclar/8480
2016-02-06,2015-2016,Süper Lig,Doğan Türk Birliği,Yeniboğaziçi DSK,5,2,H,0,0,8481,https://ktff.org/maclar/8481
2016-02-06,2015-2016,Süper Lig,Mağusa Türk Gücü,Küçük Kaymaklı TSK,2,0,H,0,0,8482,https://ktff.org/maclar/8482
2016-02-06,2015-2016,Süper Lig,Mormenekşe GBSK,Türk Ocağı Limasol SK,0,1,A,0,0,8483,https://ktff.org/maclar/8483
2016-02-06,2015-2016,1. Lig,Baf Ülkü Yurdu,Dumlupınar TSK,1,2,A,0,0,8536,https://ktff.org/maclar/8536
2016-02-06,2015-2016,1. Lig,Esentepe KSKK,Gençlik Gücü TSK,0,2,A,0,0,8537,https://ktff.org/maclar/8537
2016-02-06,2015-2016,1. Lig,Gönyeli SK,Hamitköy ŞHSK,3,2,H,0,0,8538,https://ktff.org/maclar/8538
2016-02-06,2015-2016,1. Lig,Göçmenköy İYSK,Düzkaya KOSK,1,1,D,0,0,8539,https://ktff.org/maclar/8539
2016-02-07,2015-2016,Süper Lig,Yenicami AK,Cihangir GSK,1,0,H,0,0,8484,https://ktff.org/maclar/8484
2016-02-07,2015-2016,Süper Lig,Binatlı YSK,L. Gençler Birliği SK,3,1,H,0,0,8485,https://ktff.org/maclar/8485
2016-02-07,2015-2016,Süper Lig,Değirmenlik SK,Çetinkaya TSK,0,1,A,0,0,8486,https://ktff.org/maclar/8486
2016-02-07,2015-2016,1. Lig,Lapta Türk Birliği SK,Denizli SK,0,3,A,0,0,8540,https://ktff.org/maclar/8540
2016-02-07,2015-2016,1. Lig,Görneç KSK,M. Karşıyaka ASK,1,2,A,0,0,8541,https://ktff.org/maclar/8541
2016-02-07,2015-2016,1. Lig,Girne Halk Evi SK,Yalova SK,0,2,A,0,0,8542,https://ktff.org/maclar/8542
2016-02-13,2015-2016,Süper Lig,Değirmenlik SK,Binatlı YSK,1,0,H,0,0,8494,https://ktff.org/maclar/8494
2016-02-13,2015-2016,Süper Lig,L. Gençler Birliği SK,Mormenekşe GBSK,0,0,D,0,0,8495,https://ktff.org/maclar/8495
2016-02-13,2015-2016,Süper Lig,Bostancı Bağcıl SK,Yenicami AK,0,0,D,0,0,8496,https://ktff.org/maclar/8496
2016-02-13,2015-2016,Süper Lig,Çetinkaya TSK,Cihangir GSK,4,2,H,0,0,8497,https://ktff.org/maclar/8497
2016-02-13,2015-2016,1. Lig,Girne Halk Evi SK,Göçmenköy İYSK,0,1,A,0,0,8550,https://ktff.org/maclar/8550
2016-02-13,2015-2016,1. Lig,Düzkaya KOSK,Görneç KSK,0,1,A,0,0,8551,https://ktff.org/maclar/8551
2016-02-13,2015-2016,1. Lig,M. Karşıyaka ASK,Gönyeli SK,1,0,H,0,0,8552,https://ktff.org/maclar/8552
2016-02-13,2015-2016,1. Lig,Hamitköy ŞHSK,Lapta Türk Birliği SK,3,0,H,0,0,8553,https://ktff.org/maclar/8553
2016-02-14,2015-2016,Süper Lig,Türk Ocağı Limasol SK,Mağusa Türk Gücü,2,2,D,0,0,8498,https://ktff.org/maclar/8498
2016-02-14,2015-2016,Süper Lig,Küçük Kaymaklı TSK,Doğan Türk Birliği,0,2,A,0,0,8499,https://ktff.org/maclar/8499
2016-02-14,2015-2016,Süper Lig,Yeniboğaziçi DSK,Lefke TSK,0,3,A,0,0,8500,https://ktff.org/maclar/8500
2016-02-14,2015-2016,1. Lig,Denizli SK,Esentepe KSKK,2,2,D,0,0,8554,https://ktff.org/maclar/8554
2016-02-14,2015-2016,1. Lig,Gençlik Gücü TSK,Baf Ülkü Yurdu,2,1,H,0,0,8555,https://ktff.org/maclar/8555
2016-02-14,2015-2016,1. Lig,Yalova SK,Dumlupınar TSK,2,1,H,0,0,8556,https://ktff.org/maclar/8556
2016-02-20,2015-2016,Süper Lig,Cihangir GSK,Bostancı Bağcıl SK,5,1,H,0,0,8508,https://ktff.org/maclar/8508
2016-02-20,2015-2016,Süper Lig,Yenicami AK,Yeniboğaziçi DSK,2,2,D,0,0,8509,https://ktff.org/maclar/8509
2016-02-20,2015-2016,Süper Lig,Lefke TSK,Küçük Kaymaklı TSK,1,0,H,0,0,8510,https://ktff.org/maclar/8510
2016-02-20,2015-2016,Süper Lig,Binatlı YSK,Çetinkaya TSK,1,3,A,0,0,8511,https://ktff.org/maclar/8511
2016-02-20,2015-2016,1. Lig,Görneç KSK,Girne Halk Evi SK,1,2,A,0,0,8564,https://ktff.org/maclar/8564
2016-02-20,2015-2016,1. Lig,Dumlupınar TSK,Gençlik Gücü TSK,3,2,H,0,0,8565,https://ktff.org/maclar/8565
2016-02-20,2015-2016,1. Lig,Lapta Türk Birliği SK,M. Karşıyaka ASK,0,2,A,0,0,8566,https://ktff.org/maclar/8566
2016-02-20,2015-2016,1. Lig,Gönyeli SK,Düzkaya KOSK,1,2,A,0,0,8567,https://ktff.org/maclar/8567
2016-02-21,2015-2016,Süper Lig,Mormenekşe GBSK,Değirmenlik SK,1,2,A,0,0,8512,https://ktff.org/maclar/8512
2016-02-21,2015-2016,Süper Lig,Doğan Türk Birliği,Türk Ocağı Limasol SK,1,3,A,0,0,8513,https://ktff.org/maclar/8513
2016-02-21,2015-2016,Süper Lig,Mağusa Türk Gücü,L. Gençler Birliği SK,1,6,A,0,0,8514,https://ktff.org/maclar/8514
2016-02-21,2015-2016,1. Lig,Baf Ülkü Yurdu,Denizli SK,1,1,D,0,0,8568,https://ktff.org/maclar/8568
2016-02-21,2015-2016,1. Lig,Esentepe KSKK,Hamitköy ŞHSK,2,1,H,0,0,8569,https://ktff.org/maclar/8569
2016-02-21,2015-2016,1. Lig,Göçmenköy İYSK,Yalova SK,1,6,A,0,0,8570,https://ktff.org/maclar/8570
2016-02-27,2015-2016,Süper Lig,Değirmenlik SK,Mağusa Türk Gücü,1,2,A,0,0,8522,https://ktff.org/maclar/8522
2016-02-27,2015-2016,Süper Lig,L. Gençler Birliği SK,Doğan Türk Birliği,2,1,H,0,0,8523,https://ktff.org/maclar/8523
2016-02-27,2015-2016,Süper Lig,Türk Ocağı Limasol SK,Lefke TSK,5,1,H,0,0,8524,https://ktff.org/maclar/8524
2016-02-27,2015-2016,Süper Lig,Küçük Kaymaklı TSK,Yenicami AK,1,0,H,0,0,8525,https://ktff.org/maclar/8525
2016-02-27,2015-2016,1. Lig,Göçmenköy İYSK,Görneç KSK,0,1,A,0,0,8578,https://ktff.org/maclar/8578
2016-02-27,2015-2016,1. Lig,Düzkaya KOSK,Lapta Türk Birliği SK,3,1,H,0,0,8579,https://ktff.org/maclar/8579
2016-02-27,2015-2016,1. Lig,M. Karşıyaka ASK,Esentepe KSKK,0,1,A,0,0,8580,https://ktff.org/maclar/8580
2016-02-27,2015-2016,1. Lig,Denizli SK,Dumlupınar TSK,0,1,A,0,0,8581,https://ktff.org/maclar/8581
2016-02-27,2015-2016,1. Lig,Yalova SK,Gençlik Gücü TSK,4,1,H,0,0,8582,https://ktff.org/maclar/8582
2016-02-28,2015-2016,Süper Lig,Binatlı YSK,Mormenekşe GBSK,3,2,H,0,0,8526,https://ktff.org/maclar/8526
2016-02-28,2015-2016,Süper Lig,Yeniboğaziçi DSK,Cihangir GSK,1,0,H,0,0,8527,https://ktff.org/maclar/8527
2016-02-28,2015-2016,Süper Lig,Çetinkaya TSK,Bostancı Bağcıl SK,1,1,D,0,0,8528,https://ktff.org/maclar/8528
2016-02-28,2015-2016,1. Lig,Girne Halk Evi SK,Gönyeli SK,1,2,A,0,0,8583,https://ktff.org/maclar/8583
2016-02-28,2015-2016,1. Lig,Hamitköy ŞHSK,Baf Ülkü Yurdu,1,3,A,0,0,8584,https://ktff.org/maclar/8584
2016-03-05,2015-2016,Süper Lig,Doğan Türk Birliği,Değirmenlik SK,4,3,H,0,0,8656,https://ktff.org/maclar/8656
2016-03-05,2015-2016,Süper Lig,Bostancı Bağcıl SK,Yeniboğaziçi DSK,0,3,A,0,0,8657,https://ktff.org/maclar/8657
2016-03-05,2015-2016,Süper Lig,Yenicami AK,Türk Ocağı Limasol SK,0,2,A,0,0,8658,https://ktff.org/maclar/8658
2016-03-05,2015-2016,Süper Lig,Mormenekşe GBSK,Çetinkaya TSK,2,3,A,0,0,8659,https://ktff.org/maclar/8659
2016-03-05,2015-2016,1. Lig,Lapta Türk Birliği SK,Girne Halk Evi SK,2,0,H,0,0,8712,https://ktff.org/maclar/8712
2016-03-05,2015-2016,1. Lig,Dumlupınar TSK,Hamitköy ŞHSK,2,0,H,0,0,8713,https://ktff.org/maclar/8713
2016-03-05,2015-2016,1. Lig,Esentepe KSKK,Düzkaya KOSK,1,3,A,0,0,8714,https://ktff.org/maclar/8714
2016-03-05,2015-2016,1. Lig,Görneç KSK,Yalova SK,1,1,D,0,0,8715,https://ktff.org/maclar/8715
2016-03-06,2015-2016,Süper Lig,Mağusa Türk Gücü,Binatlı YSK,0,0,D,0,0,8660,https://ktff.org/maclar/8660
2016-03-06,2015-2016,Süper Lig,Cihangir GSK,Küçük Kaymaklı TSK,0,2,A,0,0,8661,https://ktff.org/maclar/8661
2016-03-06,2015-2016,Süper Lig,Lefke TSK,L. Gençler Birliği SK,1,1,D,0,0,8662,https://ktff.org/maclar/8662
2016-03-06,2015-2016,1. Lig,Gönyeli SK,Göçmenköy İYSK,0,1,A,0,0,8716,https://ktff.org/maclar/8716
2016-03-06,2015-2016,1. Lig,Gençlik Gücü TSK,Denizli SK,3,1,H,0,0,8717,https://ktff.org/maclar/8717
2016-03-06,2015-2016,1. Lig,Baf Ülkü Yurdu,M. Karşıyaka ASK,4,1,H,0,0,8718,https://ktff.org/maclar/8718
2016-03-12,2015-2016,Süper Lig,L. Gençler Birliği SK,Yenicami AK,3,1,H,0,0,8670,https://ktff.org/maclar/8670
2016-03-12,2015-2016,Süper Lig,Türk Ocağı Limasol SK,Cihangir GSK,1,2,A,0,0,8671,https://ktff.org/maclar/8671
2016-03-12,2015-2016,Süper Lig,Küçük Kaymaklı TSK,Bostancı Bağcıl SK,2,0,H,0,0,8672,https://ktff.org/maclar/8672
2016-03-12,2015-2016,1. Lig,Göçmenköy İYSK,Lapta Türk Birliği SK,2,2,D,0,0,8726,https://ktff.org/maclar/8726
2016-03-12,2015-2016,1. Lig,M. Karşıyaka ASK,Dumlupınar TSK,0,5,A,0,0,8727,https://ktff.org/maclar/8727
2016-03-12,2015-2016,1. Lig,Hamitköy ŞHSK,Gençlik Gücü TSK,0,0,D,0,0,8728,https://ktff.org/maclar/8728
2016-03-12,2015-2016,1. Lig,Yalova SK,Denizli SK,0,0,D,0,0,8729,https://ktff.org/maclar/8729
2016-03-13,2015-2016,Süper Lig,Mormenekşe GBSK,Mağusa Türk Gücü,1,1,D,0,0,8673,https://ktff.org/maclar/8673
2016-03-13,2015-2016,Süper Lig,Binatlı YSK,Doğan Türk Birliği,3,2,H,0,0,8674,https://ktff.org/maclar/8674
2016-03-13,2015-2016,Süper Lig,Değirmenlik SK,Lefke TSK,2,5,A,0,0,8675,https://ktff.org/maclar/8675
2016-03-13,2015-2016,Süper Lig,Çetinkaya TSK,Yeniboğaziçi DSK,5,2,H,0,0,8676,https://ktff.org/maclar/8676
2016-03-13,2015-2016,1. Lig,Görneç KSK,Gönyeli SK,1,2,A,0,0,8730,https://ktff.org/maclar/8730
2016-03-13,2015-2016,1. Lig,Girne Halk Evi SK,Esentepe KSKK,1,1,D,0,0,8731,https://ktff.org/maclar/8731
2016-03-13,2015-2016,1. Lig,Düzkaya KOSK,Baf Ülkü Yurdu,1,1,D,0,0,8732,https://ktff.org/maclar/8732
2016-03-19,2015-2016,Süper Lig,Yenicami AK,Değirmenlik SK,4,4,D,0,0,8684,https://ktff.org/maclar/8684
2016-03-19,2015-2016,Süper Lig,Bostancı Bağcıl SK,Türk Ocağı Limasol SK,1,3,A,0,0,8685,https://ktff.org/maclar/8685
2016-03-19,2015-2016,Süper Lig,Cihangir GSK,L. Gençler Birliği SK,2,2,D,0,0,8686,https://ktff.org/maclar/8686
2016-03-19,2015-2016,1. Lig,Esentepe KSKK,Göçmenköy İYSK,0,0,D,0,0,8740,https://ktff.org/maclar/8740
2016-03-19,2015-2016,1. Lig,Denizli SK,Hamitköy ŞHSK,1,0,H,0,0,8741,https://ktff.org/maclar/8741
2016-03-19,2015-2016,1. Lig,Gönyeli SK,Yalova SK,0,1,A,0,0,8742,https://ktff.org/maclar/8742
2016-03-20,2015-2016,Süper Lig,Mağusa Türk Gücü,Çetinkaya TSK,0,2,A,0,0,8687,https://ktff.org/maclar/8687
2016-03-20,2015-2016,Süper Lig,Lefke TSK,Binatlı YSK,2,0,H,0,0,8688,https://ktff.org/maclar/8688
2016-03-20,2015-2016,Süper Lig,Doğan Türk Birliği,Mormenekşe GBSK,3,0,H,0,0,8689,https://ktff.org/maclar/8689
2016-03-20,2015-2016,Süper Lig,Yeniboğaziçi DSK,Küçük Kaymaklı TSK,2,5,A,0,0,8690,https://ktff.org/maclar/8690
2016-03-20,2015-2016,1. Lig,Baf Ülkü Yurdu,Girne Halk Evi SK,2,1,H,0,0,8743,https://ktff.org/maclar/8743
2016-03-20,2015-2016,1. Lig,Lapta Türk Birliği SK,Görneç KSK,0,2,A,0,0,8744,https://ktff.org/maclar/8744
2016-03-20,2015-2016,1. Lig,Gençlik Gücü TSK,M. Karşıyaka ASK,2,1,H,0,0,8745,https://ktff.org/maclar/8745
2016-03-20,2015-2016,1. Lig,Dumlupınar TSK,Düzkaya KOSK,5,1,H,0,0,8746,https://ktff.org/maclar/8746
2016-03-26,2015-2016,Süper Lig,Mağusa Türk Gücü,Doğan Türk Birliği,3,1,H,0,0,8698,https://ktff.org/maclar/8698
2016-03-26,2015-2016,Süper Lig,Binatlı YSK,Yenicami AK,1,1,D,0,0,8699,https://ktff.org/maclar/8699
2016-03-26,2015-2016,Süper Lig,L. Gençler Birliği SK,Bostancı Bağcıl SK,2,0,H,0,0,8700,https://ktff.org/maclar/8700
2016-03-26,2015-2016,Süper Lig,Çetinkaya TSK,Küçük Kaymaklı TSK,2,2,D,0,0,8701,https://ktff.org/maclar/8701
2016-03-26,2015-2016,Süper Lig,Mormenekşe GBSK,Lefke TSK,1,0,H,0,0,8702,https://ktff.org/maclar/8702
2016-03-26,2015-2016,1. Lig,Görneç KSK,Esentepe KSKK,1,1,D,0,0,8754,https://ktff.org/maclar/8754
2016-03-26,2015-2016,1. Lig,Girne Halk Evi SK,Dumlupınar TSK,0,5,A,0,0,8755,https://ktff.org/maclar/8755
2016-03-26,2015-2016,1. Lig,M. Karşıyaka ASK,Denizli SK,1,2,A,0,0,8756,https://ktff.org/maclar/8756
2016-03-27,2015-2016,Süper Lig,Değirmenlik SK,Cihangir GSK,1,2,A,0,0,8703,https://ktff.org/maclar/8703
2016-03-27,2015-2016,Süper Lig,Türk Ocağı Limasol SK,Yeniboğaziçi DSK,4,1,H,0,0,8704,https://ktff.org/maclar/8704
2016-03-27,2015-2016,1. Lig,Gönyeli SK,Lapta Türk Birliği SK,1,0,H,0,0,8757,https://ktff.org/maclar/8757
2016-03-27,2015-2016,1. Lig,Göçmenköy İYSK,Baf Ülkü Yurdu,0,2,A,0,0,8758,https://ktff.org/maclar/8758
2016-03-27,2015-2016,1. Lig,Düzkaya KOSK,Gençlik Gücü TSK,0,1,A,0,0,8759,https://ktff.org/maclar/8759
2016-03-27,2015-2016,1. Lig,Yalova SK,Hamitköy ŞHSK,2,0,H,0,0,8760,https://ktff.org/maclar/8760
2016-04-02,2015-2016,Süper Lig,Bostancı Bağcıl SK,Değirmenlik SK,0,1,A,0,0,8824,https://ktff.org/maclar/8824
2016-04-02,2015-2016,Süper Lig,Cihangir GSK,Binatlı YSK,5,2,H,0,0,8825,https://ktff.org/maclar/8825
2016-04-02,2015-2016,Süper Lig,Yeniboğaziçi DSK,L. Gençler Birliği SK,3,2,H,0,0,8826,https://ktff.org/maclar/8826
2016-04-02,2015-2016,1. Lig,Gençlik Gücü TSK,Girne Halk Evi SK,4,2,H,0,0,8894,https://ktff.org/maclar/8894
2016-04-02,2015-2016,1. Lig,Dumlupınar TSK,Göçmenköy İYSK,4,0,H,0,0,8895,https://ktff.org/maclar/8895
2016-04-02,2015-2016,1. Lig,Hamitköy ŞHSK,M. Karşıyaka ASK,5,0,H,0,0,8896,https://ktff.org/maclar/8896
2016-04-02,2015-2016,1. Lig,Denizli SK,Düzkaya KOSK,1,0,H,0,0,8897,https://ktff.org/maclar/8897
2016-04-03,2015-2016,Süper Lig,Yenicami AK,Mormenekşe GBSK,2,2,D,0,0,8827,https://ktff.org/maclar/8827
2016-04-03,2015-2016,Süper Lig,Lefke TSK,Mağusa Türk Gücü,1,1,D,0,0,8828,https://ktff.org/maclar/8828
2016-04-03,2015-2016,Süper Lig,Küçük Kaymaklı TSK,Türk Ocağı Limasol SK,2,2,D,0,0,8829,https://ktff.org/maclar/8829
2016-04-03,2015-2016,Süper Lig,Doğan Türk Birliği,Çetinkaya TSK,2,2,D,0,0,8830,https://ktff.org/maclar/8830
2016-04-03,2015-2016,1. Lig,Baf Ülkü Yurdu,Görneç KSK,5,1,H,0,0,8898,https://ktff.org/maclar/8898
2016-04-03,2015-2016,1. Lig,Esentepe KSKK,Gönyeli SK,1,3,A,0,0,8899,https://ktff.org/maclar/8899
2016-04-03,2015-2016,1. Lig,Lapta Türk Birliği SK,Yalova SK,5,0,H,0,0,8900,https://ktff.org/maclar/8900
2016-04-09,2015-2016,1. Lig,Lapta Türk Birliği SK,Esentepe KSKK,1,2,A,0,0,8908,https://ktff.org/maclar/8908
2016-04-09,2015-2016,1. Lig,Göçmenköy İYSK,Gençlik Gücü TSK,1,0,H,0,0,8909,https://ktff.org/maclar/8909
2016-04-09,2015-2016,1. Lig,Girne Halk Evi SK,Denizli SK,1,2,A,0,0,8910,https://ktff.org/maclar/8910
2016-04-09,2015-2016,1. Lig,Yalova SK,M. Karşıyaka ASK,5,0,H,0,0,8911,https://ktff.org/maclar/8911
2016-04-09,2015-2016,1. Lig,Gönyeli SK,Baf Ülkü Yurdu,3,2,H,0,0,8912,https://ktff.org/maclar/8912
2016-04-09,2015-2016,1. Lig,Görneç KSK,Dumlupınar TSK,0,2,A,0,0,8913,https://ktff.org/maclar/8913
2016-04-09,2015-2016,1. Lig,Düzkaya KOSK,Hamitköy ŞHSK,2,1,H,0,0,8914,https://ktff.org/maclar/8914
2016-04-10,2015-2016,Süper Lig,Mormenekşe GBSK,Cihangir GSK,1,0,H,0,0,8838,https://ktff.org/maclar/8838
2016-04-10,2015-2016,Süper Lig,Binatlı YSK,Bostancı Bağcıl SK,3,1,H,0,0,8839,https://ktff.org/maclar/8839
2016-04-10,2015-2016,Süper Lig,Değirmenlik SK,Yeniboğaziçi DSK,3,0,H,0,0,8840,https://ktff.org/maclar/8840
2016-04-10,2015-2016,Süper Lig,Doğan Türk Birliği,Lefke TSK,1,4,A,0,0,8841,https://ktff.org/maclar/8841
2016-04-10,2015-2016,Süper Lig,Mağusa Türk Gücü,Yenicami AK,3,2,H,0,0,8842,https://ktff.org/maclar/8842
2016-04-10,2015-2016,Süper Lig,L. Gençler Birliği SK,Küçük Kaymaklı TSK,2,0,H,0,0,8843,https://ktff.org/maclar/8843
2016-04-10,2015-2016,Süper Lig,Çetinkaya TSK,Türk Ocağı Limasol SK,3,1,H,0,0,8844,https://ktff.org/maclar/8844
2016-04-16,2015-2016,Süper Lig,Küçük Kaymaklı TSK,Değirmenlik SK,2,2,D,0,0,8852,https://ktff.org/maclar/8852
2016-04-16,2015-2016,Süper Lig,Yeniboğaziçi DSK,Binatlı YSK,1,3,A,0,0,8853,https://ktff.org/maclar/8853
2016-04-16,2015-2016,Süper Lig,Bostancı Bağcıl SK,Mormenekşe GBSK,0,5,A,0,0,8854,https://ktff.org/maclar/8854
2016-04-16,2015-2016,Süper Lig,Cihangir GSK,Mağusa Türk Gücü,1,3,A,0,0,8855,https://ktff.org/maclar/8855
2016-04-16,2015-2016,Süper Lig,Yenicami AK,Doğan Türk Birliği,6,3,H,0,0,8856,https://ktff.org/maclar/8856
2016-04-16,2015-2016,Süper Lig,Türk Ocağı Limasol SK,L. Gençler Birliği SK,2,0,H,0,0,8857,https://ktff.org/maclar/8857
2016-04-16,2015-2016,Süper Lig,Lefke TSK,Çetinkaya TSK,1,1,D,0,0,8858,https://ktff.org/maclar/8858
2016-04-17,2015-2016,1. Lig,Hamitköy ŞHSK,Girne Halk Evi SK,0,0,D,0,0,8926,https://ktff.org/maclar/8926
2016-04-17,2015-2016,1. Lig,Denizli SK,Göçmenköy İYSK,1,1,D,0,0,8927,https://ktff.org/maclar/8927
2016-04-17,2015-2016,1. Lig,Gençlik Gücü TSK,Görneç KSK,1,1,D,0,0,8928,https://ktff.org/maclar/8928
2016-04-17,2015-2016,1. Lig,Dumlupınar TSK,Gönyeli SK,4,1,H,0,0,8929,https://ktff.org/maclar/8929
2016-04-17,2015-2016,1. Lig,Baf Ülkü Yurdu,Lapta Türk Birliği SK,1,1,D,0,0,8930,https://ktff.org/maclar/8930
2016-04-17,2015-2016,1. Lig,M. Karşıyaka ASK,Düzkaya KOSK,2,2,D,0,0,8931,https://ktff.org/maclar/8931
2016-04-17,2015-2016,1. Lig,Esentepe KSKK,Yalova SK,0,1,A,0,0,8932,https://ktff.org/maclar/8932
2016-04-23,2015-2016,Süper Lig,Lefke TSK,Yenicami AK,1,2,A,0,0,8866,https://ktff.org/maclar/8866
2016-04-23,2015-2016,Süper Lig,Doğan Türk Birliği,Cihangir GSK,1,2,A,0,0,8867,https://ktff.org/maclar/8867
2016-04-23,2015-2016,Süper Lig,Mağusa Türk Gücü,Bostancı Bağcıl SK,6,0,H,0,0,8868,https://ktff.org/maclar/8868
2016-04-23,2015-2016,Süper Lig,Mormenekşe GBSK,Yeniboğaziçi DSK,1,1,D,0,0,8869,https://ktff.org/maclar/8869
2016-04-23,2015-2016,Süper Lig,Binatlı YSK,Küçük Kaymaklı TSK,2,4,A,0,0,8870,https://ktff.org/maclar/8870
2016-04-23,2015-2016,Süper Lig,Değirmenlik SK,Türk Ocağı Limasol SK,0,0,D,0,0,8871,https://ktff.org/maclar/8871
2016-04-23,2015-2016,Süper Lig,Çetinkaya TSK,L. Gençler Birliği SK,2,0,H,0,0,8872,https://ktff.org/maclar/8872
2016-04-24,2015-2016,1. Lig,Esentepe KSKK,Baf Ülkü Yurdu,1,3,A,0,0,8940,https://ktff.org/maclar/8940
2016-04-24,2015-2016,1. Lig,Lapta Türk Birliği SK,Dumlupınar TSK,3,2,H,0,0,8941,https://ktff.org/maclar/8941
2016-04-24,2015-2016,1. Lig,Gönyeli SK,Gençlik Gücü TSK,1,3,A,0,0,8942,https://ktff.org/maclar/8942
2016-04-24,2015-2016,1. Lig,Görneç KSK,Denizli SK,1,0,H,0,0,8943,https://ktff.org/maclar/8943
2016-04-24,2015-2016,1. Lig,Göçmenköy İYSK,Hamitköy ŞHSK,0,1,A,0,0,8944,https://ktff.org/maclar/8944
2016-04-24,2015-2016,1. Lig,Girne Halk Evi SK,M. Karşıyaka ASK,3,0,H,0,0,8945,https://ktff.org/maclar/8945
2016-04-24,2015-2016,1. Lig,Yalova SK,Düzkaya KOSK,2,1,H,0,0,8946,https://ktff.org/maclar/8946
2016-04-29,2015-2016,Süper Lig,L. Gençler Birliği SK,Değirmenlik SK,5,2,H,0,0,8880,https://ktff.org/maclar/8880
2016-04-29,2015-2016,Süper Lig,Türk Ocağı Limasol SK,Binatlı YSK,3,0,H,0,0,8881,https://ktff.org/maclar/8881
2016-04-29,2015-2016,Süper Lig,Küçük Kaymaklı TSK,Mormenekşe GBSK,2,1,H,0,0,8882,https://ktff.org/maclar/8882
2016-04-29,2015-2016,Süper Lig,Bostancı Bağcıl SK,Doğan Türk Birliği,0,3,A,0,0,8884,https://ktff.org/maclar/8884
2016-04-29,2015-2016,Süper Lig,Cihangir GSK,Lefke TSK,3,2,H,0,0,8885,https://ktff.org/maclar/8885
2016-04-29,2015-2016,1. Lig,M. Karşıyaka ASK,Göçmenköy İYSK,1,1,D,0,0,8955,https://ktff.org/maclar/8955
2016-04-29,2015-2016,1. Lig,Dumlupınar TSK,Esentepe KSKK,6,3,H,0,0,8959,https://ktff.org/maclar/8959
2016-04-30,2015-2016,Süper Lig,Yeniboğaziçi DSK,Mağusa Türk Gücü,1,2,A,0,0,8883,https://ktff.org/maclar/8883
2016-04-30,2015-2016,Süper Lig,Yenicami AK,Çetinkaya TSK,2,1,H,0,0,8886,https://ktff.org/maclar/8886
2016-04-30,2015-2016,1. Lig,Düzkaya KOSK,Girne Halk Evi SK,0,1,A,0,0,8954,https://ktff.org/maclar/8954
2016-04-30,2015-2016,1. Lig,Hamitköy ŞHSK,Görneç KSK,3,0,H,0,0,8956,https://ktff.org/maclar/8956
2016-04-30,2015-2016,1. Lig,Denizli SK,Gönyeli SK,1,1,D,0,0,8957,https://ktff.org/maclar/8957
2016-04-30,2015-2016,1. Lig,Gençlik Gücü TSK,Lapta Türk Birliği SK,5,2,H,0,0,8958,https://ktff.org/maclar/8958
2016-04-30,2015-2016,1. Lig,Baf Ülkü Yurdu,Yalova SK,1,1,D,0,0,8960,https://ktff.org/maclar/8960
2016-09-23,2016-2017,Süper Lig,Çetinkaya TSK,Mağusa Türk Gücü,2,0,H,0,0,9451,https://ktff.org/maclar/9451
2016-09-24,2016-2017,Süper Lig,Yalova SK,Yenicami AK,1,0,H,0,0,9452,https://ktff.org/maclar/9452
2016-09-24,2016-2017,Süper Lig,Cihangir GSK,Dumlupınar TSK,2,0,H,0,0,9453,https://ktff.org/maclar/9453
2016-09-24,2016-2017,Süper Lig,Lefke TSK,Küçük Kaymaklı TSK,3,0,H,0,0,9454,https://ktff.org/maclar/9454
2016-09-25,2016-2017,Süper Lig,Gençlik Gücü TSK,Değirmenlik SK,0,0,D,0,0,9455,https://ktff.org/maclar/9455
2016-09-25,2016-2017,Süper Lig,Baf Ülkü Yurdu,L. Gençler Birliği SK,1,3,A,0,0,9456,https://ktff.org/maclar/9456
2016-09-25,2016-2017,Süper Lig,Mormenekşe GBSK,Binatlı YSK,3,1,H,0,0,9457,https://ktff.org/maclar/9457
2016-09-26,2016-2017,Süper Lig,Türk Ocağı Limasol SK,Doğan Türk Birliği,0,1,A,0,0,9458,https://ktff.org/maclar/9458
2016-09-30,2016-2017,Süper Lig,Yenicami AK,Gençlik Gücü TSK,2,0,H,0,0,9467,https://ktff.org/maclar/9467
2016-10-01,2016-2017,Süper Lig,L. Gençler Birliği SK,Yalova SK,4,3,H,0,0,9468,https://ktff.org/maclar/9468
2016-10-01,2016-2017,Süper Lig,Dumlupınar TSK,Baf Ülkü Yurdu,1,2,A,0,0,9469,https://ktff.org/maclar/9469
2016-10-01,2016-2017,Süper Lig,Binatlı YSK,Cihangir GSK,0,0,D,0,0,9470,https://ktff.org/maclar/9470
2016-10-01,2016-2017,Süper Lig,Küçük Kaymaklı TSK,Çetinkaya TSK,1,0,H,0,0,9471,https://ktff.org/maclar/9471
2016-10-02,2016-2017,Süper Lig,Değirmenlik SK,Türk Ocağı Limasol SK,2,1,H,0,0,9472,https://ktff.org/maclar/9472
2016-10-02,2016-2017,Süper Lig,Mağusa Türk Gücü,Mormenekşe GBSK,1,1,D,0,0,9473,https://ktff.org/maclar/9473
2016-10-02,2016-2017,Süper Lig,Doğan Türk Birliği,Lefke TSK,3,4,A,0,0,9474,https://ktff.org/maclar/9474
2016-10-07,2016-2017,Süper Lig,Çetinkaya TSK,Lefke TSK,2,0,H,0,0,9483,https://ktff.org/maclar/9483
2016-10-08,2016-2017,Süper Lig,Yalova SK,Dumlupınar TSK,3,3,D,0,0,9484,https://ktff.org/maclar/9484
2016-10-08,2016-2017,Süper Lig,Mormenekşe GBSK,Küçük Kaymaklı TSK,0,1,A,0,0,9485,https://ktff.org/maclar/9485
2016-10-08,2016-2017,Süper Lig,Değirmenlik SK,Doğan Türk Birliği,0,1,A,0,0,9486,https://ktff.org/maclar/9486
2016-10-09,2016-2017,Süper Lig,Gençlik Gücü TSK,L. Gençler Birliği SK,2,0,H,0,0,9487,https://ktff.org/maclar/9487
2016-10-09,2016-2017,Süper Lig,Baf Ülkü Yurdu,Binatlı YSK,4,2,H,0,0,9488,https://ktff.org/maclar/9488
2016-10-09,2016-2017,Süper Lig,Cihangir GSK,Mağusa Türk Gücü,1,0,H,0,0,9489,https://ktff.org/maclar/9489
2016-10-10,2016-2017,Süper Lig,Türk Ocağı Limasol SK,Yenicami AK,0,1,A,0,0,9490,https://ktff.org/maclar/9490
2016-10-14,2016-2017,Süper Lig,Doğan Türk Birliği,Çetinkaya TSK,1,0,H,0,0,9499,https://ktff.org/maclar/9499
2016-10-15,2016-2017,Süper Lig,L. Gençler Birliği SK,Türk Ocağı Limasol SK,2,1,H,0,0,9500,https://ktff.org/maclar/9500
2016-10-15,2016-2017,Süper Lig,Mağusa Türk Gücü,Baf Ülkü Yurdu,1,1,D,0,0,9501,https://ktff.org/maclar/9501
2016-10-15,2016-2017,Süper Lig,Lefke TSK,Mormenekşe GBSK,2,2,D,0,0,9502,https://ktff.org/maclar/9502
2016-10-15,2016-2017,Süper Lig,Yenicami AK,Değirmenlik SK,3,1,H,0,0,9503,https://ktff.org/maclar/9503
2016-10-15,2016-2017,Süper Lig,Küçük Kaymaklı TSK,Cihangir GSK,2,2,D,0,0,9506,https://ktff.org/maclar/9506
2016-10-16,2016-2017,Süper Lig,Dumlupınar TSK,Gençlik Gücü TSK,1,2,A,0,0,9504,https://ktff.org/maclar/9504
2016-10-16,2016-2017,Süper Lig,Binatlı YSK,Yalova SK,2,2,D,0,0,9505,https://ktff.org/maclar/9505
2016-10-21,2016-2017,Süper Lig,Türk Ocağı Limasol SK,Dumlupınar TSK,4,0,H,0,0,9515,https://ktff.org/maclar/9515
2016-10-22,2016-2017,Süper Lig,Gençlik Gücü TSK,Binatlı YSK,1,3,A,0,0,9516,https://ktff.org/maclar/9516
2016-10-22,2016-2017,Süper Lig,Baf Ülkü Yurdu,Küçük Kaymaklı TSK,2,0,H,0,0,9518,https://ktff.org/maclar/9518
2016-10-22,2016-2017,Süper Lig,Cihangir GSK,Lefke TSK,2,2,D,0,0,9519,https://ktff.org/maclar/9519
2016-10-23,2016-2017,Süper Lig,Yalova SK,Mağusa Türk Gücü,2,4,A,0,0,9517,https://ktff.org/maclar/9517
2016-10-23,2016-2017,Süper Lig,Mormenekşe GBSK,Çetinkaya TSK,0,1,A,0,0,9520,https://ktff.org/maclar/9520
2016-10-23,2016-2017,Süper Lig,Değirmenlik SK,L. Gençler Birliği SK,1,0,H,0,0,9521,https://ktff.org/maclar/9521
2016-10-24,2016-2017,Süper Lig,Yenicami AK,Doğan Türk Birliği,2,1,H,0,0,9522,https://ktff.org/maclar/9522
2016-10-28,2016-2017,Süper Lig,Çetinkaya TSK,Cihangir GSK,2,0,H,0,0,9535,https://ktff.org/maclar/9535
2016-10-29,2016-2017,Süper Lig,Küçük Kaymaklı TSK,Yalova SK,2,2,D,0,0,9533,https://ktff.org/maclar/9533
2016-10-29,2016-2017,Süper Lig,Lefke TSK,Baf Ülkü Yurdu,1,0,H,0,0,9534,https://ktff.org/maclar/9534
2016-10-29,2016-2017,Süper Lig,Dumlupınar TSK,Değirmenlik SK,2,0,H,0,0,9537,https://ktff.org/maclar/9537
2016-10-29,2016-2017,1. Lig,Mehmetçik TÇBSK,Hamitköy ŞHSK,2,3,A,0,0,9739,https://ktff.org/maclar/9739
2016-10-29,2016-2017,1. Lig,Yeniboğaziçi DSK,Düzkaya KOSK,3,2,H,0,0,9740,https://ktff.org/maclar/9740
2016-10-29,2016-2017,1. Lig,Göçmenköy İYSK,Akova Vuda TÇBSK,2,2,D,0,0,9741,https://ktff.org/maclar/9741
2016-10-29,2016-2017,1. Lig,Mesarya SK,Dipkarpaz SK,4,3,H,0,0,9743,https://ktff.org/maclar/9743
2016-10-30,2016-2017,Süper Lig,Binatlı YSK,Türk Ocağı Limasol SK,2,2,D,0,0,9531,https://ktff.org/maclar/9531
2016-10-30,2016-2017,Süper Lig,Mağusa Türk Gücü,Gençlik Gücü TSK,5,1,H,0,0,9532,https://ktff.org/maclar/9532
2016-10-30,2016-2017,Süper Lig,L. Gençler Birliği SK,Yenicami AK,0,2,A,0,0,9538,https://ktff.org/maclar/9538
2016-10-30,2016-2017,1. Lig,Alsancak Yeşilova SK,Maraş GSK,1,0,H,0,0,9742,https://ktff.org/maclar/9742
2016-10-31,2016-2017,Süper Lig,Doğan Türk Birliği,Mormenekşe GBSK,4,0,H,0,0,9536,https://ktff.org/maclar/9536
2016-11-05,2016-2017,Süper Lig,Gençlik Gücü TSK,Küçük Kaymaklı TSK,0,0,D,0,0,9548,https://ktff.org/maclar/9548
2016-11-05,2016-2017,Süper Lig,Baf Ülkü Yurdu,Çetinkaya TSK,2,6,A,0,0,9550,https://ktff.org/maclar/9550
2016-11-05,2016-2017,Süper Lig,Cihangir GSK,Mormenekşe GBSK,3,1,H,0,0,9551,https://ktff.org/maclar/9551
2016-11-05,2016-2017,1. Lig,Maraş GSK,Mehmetçik TÇBSK,1,2,A,0,0,9749,https://ktff.org/maclar/9749
2016-11-05,2016-2017,1. Lig,Düzkaya KOSK,Mesarya SK,4,0,H,0,0,9750,https://ktff.org/maclar/9750
2016-11-05,2016-2017,1. Lig,Akova Vuda TÇBSK,Yeniboğaziçi DSK,6,1,H,0,0,9751,https://ktff.org/maclar/9751
2016-11-06,2016-2017,Süper Lig,Yalova SK,Lefke TSK,2,1,H,0,0,9549,https://ktff.org/maclar/9549
2016-11-06,2016-2017,Süper Lig,Değirmenlik SK,Binatlı YSK,1,1,D,0,0,9552,https://ktff.org/maclar/9552
2016-11-06,2016-2017,Süper Lig,Yenicami AK,Dumlupınar TSK,5,0,H,0,0,9553,https://ktff.org/maclar/9553
2016-11-06,2016-2017,Süper Lig,L. Gençler Birliği SK,Doğan Türk Birliği,1,0,H,0,0,9554,https://ktff.org/maclar/9554
2016-11-06,2016-2017,1. Lig,Dipkarpaz SK,Alsancak Yeşilova SK,0,5,A,0,0,9752,https://ktff.org/maclar/9752
2016-11-06,2016-2017,1. Lig,Hamitköy ŞHSK,Göçmenköy İYSK,1,0,H,0,0,9753,https://ktff.org/maclar/9753
2016-11-07,2016-2017,Süper Lig,Türk Ocağı Limasol SK,Mağusa Türk Gücü,1,0,H,0,0,9547,https://ktff.org/maclar/9547
2016-11-11,2016-2017,Süper Lig,Çetinkaya TSK,Yalova SK,1,1,D,0,0,9565,https://ktff.org/maclar/9565
2016-11-12,2016-2017,Süper Lig,Lefke TSK,Gençlik Gücü TSK,2,0,H,0,0,9564,https://ktff.org/maclar/9564
2016-11-12,2016-2017,Süper Lig,Mağusa Türk Gücü,Değirmenlik SK,3,1,H,0,0,9568,https://ktff.org/maclar/9568
2016-11-12,2016-2017,Süper Lig,Dumlupınar TSK,L. Gençler Birliği SK,2,2,D,0,0,9570,https://ktff.org/maclar/9570
2016-11-12,2016-2017,1. Lig,Mehmetçik TÇBSK,Dipkarpaz SK,2,1,H,0,0,9759,https://ktff.org/maclar/9759
2016-11-12,2016-2017,1. Lig,Mesarya SK,Akova Vuda TÇBSK,3,2,H,0,0,9760,https://ktff.org/maclar/9760
2016-11-13,2016-2017,Süper Lig,Küçük Kaymaklı TSK,Türk Ocağı Limasol SK,0,1,A,0,0,9563,https://ktff.org/maclar/9563
2016-11-13,2016-2017,Süper Lig,Mormenekşe GBSK,Baf Ülkü Yurdu,4,3,H,0,0,9566,https://ktff.org/maclar/9566
2016-11-13,2016-2017,Süper Lig,Binatlı YSK,Yenicami AK,1,2,A,0,0,9569,https://ktff.org/maclar/9569
2016-11-13,2016-2017,1. Lig,Alsancak Yeşilova SK,Düzkaya KOSK,0,0,D,0,0,9761,https://ktff.org/maclar/9761
2016-11-13,2016-2017,1. Lig,Yeniboğaziçi DSK,Göçmenköy İYSK,1,3,A,0,0,9762,https://ktff.org/maclar/9762
2016-11-13,2016-2017,1. Lig,Maraş GSK,Hamitköy ŞHSK,3,1,H,0,0,9763,https://ktff.org/maclar/9763
2016-11-14,2016-2017,Süper Lig,Doğan Türk Birliği,Cihangir GSK,3,1,H,0,0,9567,https://ktff.org/maclar/9567
2016-11-18,2016-2017,Süper Lig,Yenicami AK,Mağusa Türk Gücü,2,0,H,0,0,9584,https://ktff.org/maclar/9584
2016-11-19,2016-2017,Süper Lig,Gençlik Gücü TSK,Çetinkaya TSK,0,2,A,0,0,9580,https://ktff.org/maclar/9580
2016-11-19,2016-2017,Süper Lig,Baf Ülkü Yurdu,Cihangir GSK,0,3,A,0,0,9582,https://ktff.org/maclar/9582
2016-11-19,2016-2017,Süper Lig,L. Gençler Birliği SK,Binatlı YSK,2,0,H,0,0,9585,https://ktff.org/maclar/9585
2016-11-19,2016-2017,1. Lig,Düzkaya KOSK,Mehmetçik TÇBSK,1,1,D,0,0,9817,https://ktff.org/maclar/9817
2016-11-19,2016-2017,1. Lig,Akova Vuda TÇBSK,Alsancak Yeşilova SK,1,4,A,0,0,9818,https://ktff.org/maclar/9818
2016-11-19,2016-2017,1. Lig,Göçmenköy İYSK,Mesarya SK,0,0,D,0,0,9819,https://ktff.org/maclar/9819
2016-11-20,2016-2017,Süper Lig,Yalova SK,Mormenekşe GBSK,2,0,H,0,0,9581,https://ktff.org/maclar/9581
2016-11-20,2016-2017,Süper Lig,Değirmenlik SK,Küçük Kaymaklı TSK,0,2,A,0,0,9583,https://ktff.org/maclar/9583
2016-11-20,2016-2017,Süper Lig,Dumlupınar TSK,Doğan Türk Birliği,0,1,A,0,0,9586,https://ktff.org/maclar/9586
2016-11-20,2016-2017,1. Lig,Hamitköy ŞHSK,Yeniboğaziçi DSK,2,4,A,0,0,9820,https://ktff.org/maclar/9820
2016-11-20,2016-2017,1. Lig,Dipkarpaz SK,Maraş GSK,2,3,A,0,0,9821,https://ktff.org/maclar/9821
2016-11-21,2016-2017,Süper Lig,Türk Ocağı Limasol SK,Lefke TSK,3,2,H,0,0,9579,https://ktff.org/maclar/9579
2016-11-25,2016-2017,Süper Lig,Doğan Türk Birliği,Baf Ülkü Yurdu,1,0,H,0,0,9598,https://ktff.org/maclar/9598
2016-11-26,2016-2017,Süper Lig,Mormenekşe GBSK,Gençlik Gücü TSK,1,3,A,0,0,9596,https://ktff.org/maclar/9596
2016-11-26,2016-2017,Süper Lig,Cihangir GSK,Yalova SK,0,0,D,0,0,9597,https://ktff.org/maclar/9597
2016-11-26,2016-2017,Süper Lig,Küçük Kaymaklı TSK,Yenicami AK,1,3,A,0,0,9600,https://ktff.org/maclar/9600
2016-11-26,2016-2017,1. Lig,Mehmetçik TÇBSK,Akova Vuda TÇBSK,0,2,A,0,0,9827,https://ktff.org/maclar/9827
2016-11-26,2016-2017,1. Lig,Mesarya SK,Yeniboğaziçi DSK,4,3,H,0,0,9828,https://ktff.org/maclar/9828
2016-11-26,2016-2017,1. Lig,Maraş GSK,Düzkaya KOSK,4,2,H,0,0,9829,https://ktff.org/maclar/9829
2016-11-27,2016-2017,Süper Lig,Lefke TSK,Değirmenlik SK,2,0,H,0,0,9599,https://ktff.org/maclar/9599
2016-11-27,2016-2017,Süper Lig,Mağusa Türk Gücü,L. Gençler Birliği SK,1,1,D,0,0,9601,https://ktff.org/maclar/9601
2016-11-27,2016-2017,Süper Lig,Binatlı YSK,Dumlupınar TSK,2,3,A,0,0,9602,https://ktff.org/maclar/9602
2016-11-27,2016-2017,1. Lig,Alsancak Yeşilova SK,Göçmenköy İYSK,2,1,H,0,0,9830,https://ktff.org/maclar/9830
2016-11-27,2016-2017,1. Lig,Dipkarpaz SK,Hamitköy ŞHSK,0,0,D,0,0,9831,https://ktff.org/maclar/9831
2016-11-28,2016-2017,Süper Lig,Çetinkaya TSK,Türk Ocağı Limasol SK,1,2,A,0,0,9595,https://ktff.org/maclar/9595
2016-12-02,2016-2017,Süper Lig,Yenicami AK,Lefke TSK,9,0,H,0,0,9615,https://ktff.org/maclar/9615
2016-12-03,2016-2017,Süper Lig,L. Gençler Birliği SK,Küçük Kaymaklı TSK,1,1,D,0,0,9616,https://ktff.org/maclar/9616
2016-12-03,2016-2017,Süper Lig,Binatlı YSK,Doğan Türk Birliği,2,1,H,0,0,9618,https://ktff.org/maclar/9618
2016-12-03,2016-2017,1. Lig,Göçmenköy İYSK,Mehmetçik TÇBSK,1,1,D,0,0,9837,https://ktff.org/maclar/9837
2016-12-03,2016-2017,1. Lig,Hamitköy ŞHSK,Mesarya SK,2,1,H,0,0,9838,https://ktff.org/maclar/9838
2016-12-03,2016-2017,1. Lig,Düzkaya KOSK,Dipkarpaz SK,3,1,H,0,0,9839,https://ktff.org/maclar/9839
2016-12-04,2016-2017,Süper Lig,Gençlik Gücü TSK,Cihangir GSK,1,2,A,0,0,9612,https://ktff.org/maclar/9612
2016-12-04,2016-2017,Süper Lig,Yalova SK,Baf Ülkü Yurdu,1,1,D,0,0,9613,https://ktff.org/maclar/9613
2016-12-04,2016-2017,Süper Lig,Değirmenlik SK,Çetinkaya TSK,1,4,A,0,0,9614,https://ktff.org/maclar/9614
2016-12-04,2016-2017,Süper Lig,Dumlupınar TSK,Mağusa Türk Gücü,3,1,H,0,0,9617,https://ktff.org/maclar/9617
2016-12-04,2016-2017,1. Lig,Yeniboğaziçi DSK,Alsancak Yeşilova SK,3,1,H,0,0,9840,https://ktff.org/maclar/9840
2016-12-04,2016-2017,1. Lig,Akova Vuda TÇBSK,Maraş GSK,1,2,A,0,0,9841,https://ktff.org/maclar/9841
2016-12-05,2016-2017,Süper Lig,Türk Ocağı Limasol SK,Mormenekşe GBSK,3,1,H,0,0,9611,https://ktff.org/maclar/9611
2016-12-09,2016-2017,Süper Lig,Çetinkaya TSK,Yenicami AK,2,2,D,0,0,9631,https://ktff.org/maclar/9631
2016-12-10,2016-2017,Süper Lig,Cihangir GSK,Türk Ocağı Limasol SK,3,1,H,0,0,9627,https://ktff.org/maclar/9627
2016-12-10,2016-2017,Süper Lig,Lefke TSK,L. Gençler Birliği SK,2,1,H,0,0,9632,https://ktff.org/maclar/9632
2016-12-10,2016-2017,Süper Lig,Mağusa Türk Gücü,Binatlı YSK,1,2,A,0,0,9634,https://ktff.org/maclar/9634
2016-12-10,2016-2017,1. Lig,Maraş GSK,Göçmenköy İYSK,2,2,D,0,0,9847,https://ktff.org/maclar/9847
2016-12-10,2016-2017,1. Lig,Dipkarpaz SK,Akova Vuda TÇBSK,1,2,A,0,0,9848,https://ktff.org/maclar/9848
2016-12-10,2016-2017,1. Lig,Düzkaya KOSK,Hamitköy ŞHSK,1,0,H,0,0,9849,https://ktff.org/maclar/9849
2016-12-11,2016-2017,Süper Lig,Baf Ülkü Yurdu,Gençlik Gücü TSK,0,1,A,0,0,9628,https://ktff.org/maclar/9628
2016-12-11,2016-2017,Süper Lig,Mormenekşe GBSK,Değirmenlik SK,1,2,A,0,0,9630,https://ktff.org/maclar/9630
2016-12-11,2016-2017,Süper Lig,Küçük Kaymaklı TSK,Dumlupınar TSK,2,2,D,0,0,9633,https://ktff.org/maclar/9633
2016-12-11,2016-2017,1. Lig,Mehmetçik TÇBSK,Yeniboğaziçi DSK,2,1,H,0,0,9850,https://ktff.org/maclar/9850
2016-12-11,2016-2017,1. Lig,Alsancak Yeşilova SK,Mesarya SK,4,1,H,0,0,9851,https://ktff.org/maclar/9851
2016-12-12,2016-2017,Süper Lig,Doğan Türk Birliği,Yalova SK,1,1,D,0,0,9629,https://ktff.org/maclar/9629
2016-12-17,2016-2017,Süper Lig,Değirmenlik SK,Cihangir GSK,1,4,A,0,0,9645,https://ktff.org/maclar/9645
2016-12-17,2016-2017,Süper Lig,Yenicami AK,Mormenekşe GBSK,7,1,H,0,0,9646,https://ktff.org/maclar/9646
2016-12-17,2016-2017,Süper Lig,Dumlupınar TSK,Lefke TSK,1,2,A,0,0,9648,https://ktff.org/maclar/9648
2016-12-17,2016-2017,Süper Lig,Binatlı YSK,Küçük Kaymaklı TSK,2,3,A,0,0,9649,https://ktff.org/maclar/9649
2016-12-17,2016-2017,1. Lig,Mesarya SK,Mehmetçik TÇBSK,2,2,D,0,0,9893,https://ktff.org/maclar/9893
2016-12-17,2016-2017,1. Lig,Hamitköy ŞHSK,Alsancak Yeşilova SK,0,1,A,0,0,9894,https://ktff.org/maclar/9894
2016-12-17,2016-2017,1. Lig,Yeniboğaziçi DSK,Maraş GSK,0,0,D,0,0,9895,https://ktff.org/maclar/9895
2016-12-17,2016-2017,1. Lig,Göçmenköy İYSK,Dipkarpaz SK,10,0,H,0,0,9896,https://ktff.org/maclar/9896
2016-12-18,2016-2017,Süper Lig,Türk Ocağı Limasol SK,Baf Ülkü Yurdu,6,1,H,0,0,9643,https://ktff.org/maclar/9643
2016-12-18,2016-2017,Süper Lig,Gençlik Gücü TSK,Yalova SK,2,0,H,0,0,9644,https://ktff.org/maclar/9644
2016-12-18,2016-2017,Süper Lig,L. Gençler Birliği SK,Çetinkaya TSK,0,1,A,0,0,9647,https://ktff.org/maclar/9647
2016-12-18,2016-2017,Süper Lig,Mağusa Türk Gücü,Doğan Türk Birliği,2,2,D,0,0,9650,https://ktff.org/maclar/9650
2016-12-18,2016-2017,1. Lig,Akova Vuda TÇBSK,Düzkaya KOSK,3,2,H,0,0,9897,https://ktff.org/maclar/9897
2016-12-23,2016-2017,Süper Lig,Çetinkaya TSK,Dumlupınar TSK,2,0,H,0,0,9664,https://ktff.org/maclar/9664
2016-12-24,2016-2017,Süper Lig,Baf Ülkü Yurdu,Değirmenlik SK,4,0,H,0,0,9661,https://ktff.org/maclar/9661
2016-12-24,2016-2017,Süper Lig,Cihangir GSK,Yenicami AK,0,0,D,0,0,9662,https://ktff.org/maclar/9662
2016-12-24,2016-2017,Süper Lig,Mormenekşe GBSK,L. Gençler Birliği SK,0,1,A,0,0,9663,https://ktff.org/maclar/9663
2016-12-24,2016-2017,Süper Lig,Lefke TSK,Binatlı YSK,2,2,D,0,0,9665,https://ktff.org/maclar/9665
2016-12-24,2016-2017,Süper Lig,Küçük Kaymaklı TSK,Mağusa Türk Gücü,2,0,H,0,0,9666,https://ktff.org/maclar/9666
2016-12-24,2016-2017,1. Lig,Maraş GSK,Mesarya SK,3,1,H,0,0,9903,https://ktff.org/maclar/9903
2016-12-24,2016-2017,1. Lig,Düzkaya KOSK,Göçmenköy İYSK,2,3,A,0,0,9905,https://ktff.org/maclar/9905
2016-12-25,2016-2017,1. Lig,Akova Vuda TÇBSK,Hamitköy ŞHSK,3,0,H,0,0,9907,https://ktff.org/maclar/9907
2016-12-30,2016-2017,Süper Lig,Türk Ocağı Limasol SK,Gençlik Gücü TSK,2,0,H,0,0,9675,https://ktff.org/maclar/9675
2016-12-30,2016-2017,Süper Lig,Değirmenlik SK,Yalova SK,0,4,A,0,0,9676,https://ktff.org/maclar/9676
2016-12-30,2016-2017,Süper Lig,Yenicami AK,Baf Ülkü Yurdu,3,0,H,0,0,9677,https://ktff.org/maclar/9677
2016-12-30,2016-2017,Süper Lig,L. Gençler Birliği SK,Cihangir GSK,3,3,D,0,0,9678,https://ktff.org/maclar/9678
2016-12-30,2016-2017,Süper Lig,Dumlupınar TSK,Mormenekşe GBSK,4,0,H,0,0,9679,https://ktff.org/maclar/9679
2016-12-30,2016-2017,Süper Lig,Binatlı YSK,Çetinkaya TSK,5,3,H,0,0,9680,https://ktff.org/maclar/9680
2016-12-30,2016-2017,Süper Lig,Mağusa Türk Gücü,Lefke TSK,0,2,A,0,0,9681,https://ktff.org/maclar/9681
2016-12-30,2016-2017,Süper Lig,Küçük Kaymaklı TSK,Doğan Türk Birliği,0,4,A,0,0,9682,https://ktff.org/maclar/9682
2017-01-21,2016-2017,Süper Lig,Yalova SK,Türk Ocağı Limasol SK,1,0,H,0,0,9659,https://ktff.org/maclar/9659
2017-01-21,2016-2017,Süper Lig,Doğan Türk Birliği,Gençlik Gücü TSK,1,0,H,0,0,9660,https://ktff.org/maclar/9660
2017-01-21,2016-2017,1. Lig,Dipkarpaz SK,Yeniboğaziçi DSK,0,4,A,0,0,9904,https://ktff.org/maclar/9904
2017-01-21,2016-2017,1. Lig,Mehmetçik TÇBSK,Alsancak Yeşilova SK,2,2,D,0,0,9906,https://ktff.org/maclar/9906
2017-01-27,2016-2017,Süper Lig,Doğan Türk Birliği,Türk Ocağı Limasol SK,2,2,D,0,0,9913,https://ktff.org/maclar/9913
2017-01-28,2016-2017,Süper Lig,Mağusa Türk Gücü,Çetinkaya TSK,3,1,H,0,0,9914,https://ktff.org/maclar/9914
2017-01-28,2016-2017,Süper Lig,Yenicami AK,Yalova SK,2,1,H,0,0,9915,https://ktff.org/maclar/9915
2017-01-28,2016-2017,Süper Lig,Binatlı YSK,Mormenekşe GBSK,1,0,H,0,0,9916,https://ktff.org/maclar/9916
2017-01-28,2016-2017,Süper Lig,Değirmenlik SK,Gençlik Gücü TSK,0,0,D,0,0,9918,https://ktff.org/maclar/9918
2017-01-28,2016-2017,1. Lig,Hamitköy ŞHSK,Mehmetçik TÇBSK,3,1,H,0,0,9979,https://ktff.org/maclar/9979
2017-01-28,2016-2017,1. Lig,Dipkarpaz SK,Mesarya SK,2,2,D,0,0,9980,https://ktff.org/maclar/9980
2017-01-29,2016-2017,Süper Lig,Küçük Kaymaklı TSK,Lefke TSK,1,0,H,0,0,9917,https://ktff.org/maclar/9917
2017-01-29,2016-2017,Süper Lig,L. Gençler Birliği SK,Baf Ülkü Yurdu,3,0,H,0,0,9919,https://ktff.org/maclar/9919
2017-01-29,2016-2017,Süper Lig,Dumlupınar TSK,Cihangir GSK,1,4,A,0,0,9920,https://ktff.org/maclar/9920
2017-01-29,2016-2017,1. Lig,Düzkaya KOSK,Yeniboğaziçi DSK,2,0,H,0,0,9977,https://ktff.org/maclar/9977
2017-01-29,2016-2017,1. Lig,Akova Vuda TÇBSK,Göçmenköy İYSK,1,1,D,0,0,9978,https://ktff.org/maclar/9978
2017-01-29,2016-2017,1. Lig,Maraş GSK,Alsancak Yeşilova SK,5,3,H,0,0,9981,https://ktff.org/maclar/9981
2017-02-04,2016-2017,Süper Lig,Baf Ülkü Yurdu,Dumlupınar TSK,2,0,H,0,0,9930,https://ktff.org/maclar/9930
2017-02-04,2016-2017,Süper Lig,Mormenekşe GBSK,Mağusa Türk Gücü,0,2,A,0,0,9931,https://ktff.org/maclar/9931
2017-02-04,2016-2017,Süper Lig,Lefke TSK,Doğan Türk Birliği,1,2,A,0,0,9932,https://ktff.org/maclar/9932
2017-02-04,2016-2017,1. Lig,Göçmenköy İYSK,Hamitköy ŞHSK,2,1,H,0,0,9988,https://ktff.org/maclar/9988
2017-02-04,2016-2017,1. Lig,Alsancak Yeşilova SK,Dipkarpaz SK,8,0,H,0,0,9989,https://ktff.org/maclar/9989
2017-02-05,2016-2017,Süper Lig,Gençlik Gücü TSK,Yenicami AK,0,2,A,0,0,9933,https://ktff.org/maclar/9933
2017-02-05,2016-2017,Süper Lig,Cihangir GSK,Binatlı YSK,1,0,H,0,0,9934,https://ktff.org/maclar/9934
2017-02-05,2016-2017,Süper Lig,Yalova SK,L. Gençler Birliği SK,3,1,H,0,0,9935,https://ktff.org/maclar/9935
2017-02-05,2016-2017,Süper Lig,Türk Ocağı Limasol SK,Değirmenlik SK,2,0,H,0,0,9936,https://ktff.org/maclar/9936
2017-02-05,2016-2017,1. Lig,Yeniboğaziçi DSK,Akova Vuda TÇBSK,3,0,H,0,0,9987,https://ktff.org/maclar/9987
2017-02-05,2016-2017,1. Lig,Mesarya SK,Düzkaya KOSK,3,1,H,0,0,9990,https://ktff.org/maclar/9990
2017-02-05,2016-2017,1. Lig,Mehmetçik TÇBSK,Maraş GSK,1,1,D,0,0,9991,https://ktff.org/maclar/9991
2017-02-06,2016-2017,Süper Lig,Çetinkaya TSK,Küçük Kaymaklı TSK,2,2,D,0,0,9929,https://ktff.org/maclar/9929
2017-02-10,2016-2017,Süper Lig,Binatlı YSK,Baf Ülkü Yurdu,1,2,A,0,0,9945,https://ktff.org/maclar/9945
2017-02-11,2016-2017,Süper Lig,Mağusa Türk Gücü,Cihangir GSK,1,0,H,0,0,9947,https://ktff.org/maclar/9947
2017-02-11,2016-2017,Süper Lig,L. Gençler Birliği SK,Gençlik Gücü TSK,2,0,H,0,0,9948,https://ktff.org/maclar/9948
2017-02-11,2016-2017,Süper Lig,Doğan Türk Birliği,Değirmenlik SK,1,2,A,0,0,9951,https://ktff.org/maclar/9951
2017-02-11,2016-2017,Süper Lig,Yenicami AK,Türk Ocağı Limasol SK,4,1,H,0,0,9952,https://ktff.org/maclar/9952
2017-02-11,2016-2017,1. Lig,Akova Vuda TÇBSK,Mesarya SK,2,6,A,0,0,9997,https://ktff.org/maclar/9997
2017-02-11,2016-2017,1. Lig,Dipkarpaz SK,Mehmetçik TÇBSK,0,3,A,0,0,9998,https://ktff.org/maclar/9998
2017-02-11,2016-2017,1. Lig,Düzkaya KOSK,Alsancak Yeşilova SK,0,1,A,0,0,9999,https://ktff.org/maclar/9999
2017-02-12,2016-2017,Süper Lig,Küçük Kaymaklı TSK,Mormenekşe GBSK,3,0,H,0,0,9946,https://ktff.org/maclar/9946
2017-02-12,2016-2017,Süper Lig,Lefke TSK,Çetinkaya TSK,1,0,H,0,0,9949,https://ktff.org/maclar/9949
2017-02-12,2016-2017,Süper Lig,Dumlupınar TSK,Yalova SK,1,1,D,0,0,9950,https://ktff.org/maclar/9950
2017-02-12,2016-2017,1. Lig,Göçmenköy İYSK,Yeniboğaziçi DSK,1,2,A,0,0,10000,https://ktff.org/maclar/10000
2017-02-12,2016-2017,1. Lig,Hamitköy ŞHSK,Maraş GSK,2,1,H,0,0,10001,https://ktff.org/maclar/10001
2017-02-18,2016-2017,Süper Lig,Çetinkaya TSK,Doğan Türk Birliği,2,1,H,0,0,9961,https://ktff.org/maclar/9961
2017-02-18,2016-2017,Süper Lig,Değirmenlik SK,Yenicami AK,1,1,D,0,0,9962,https://ktff.org/maclar/9962
2017-02-18,2016-2017,Süper Lig,Mormenekşe GBSK,Lefke TSK,3,0,H,0,0,9963,https://ktff.org/maclar/9963
2017-02-18,2016-2017,Süper Lig,Yalova SK,Binatlı YSK,2,1,H,0,0,9964,https://ktff.org/maclar/9964
2017-02-18,2016-2017,1. Lig,Yeniboğaziçi DSK,Hamitköy ŞHSK,1,1,D,0,0,10008,https://ktff.org/maclar/10008
2017-02-18,2016-2017,1. Lig,Mehmetçik TÇBSK,Düzkaya KOSK,1,0,H,0,0,10009,https://ktff.org/maclar/10009
2017-02-19,2016-2017,Süper Lig,Baf Ülkü Yurdu,Mağusa Türk Gücü,3,1,H,0,0,9965,https://ktff.org/maclar/9965
2017-02-19,2016-2017,Süper Lig,Cihangir GSK,Küçük Kaymaklı TSK,0,2,A,0,0,9966,https://ktff.org/maclar/9966
2017-02-19,2016-2017,Süper Lig,Gençlik Gücü TSK,Dumlupınar TSK,3,1,H,0,0,9967,https://ktff.org/maclar/9967
2017-02-19,2016-2017,Süper Lig,Türk Ocağı Limasol SK,L. Gençler Birliği SK,1,2,A,0,0,9968,https://ktff.org/maclar/9968
2017-02-19,2016-2017,1. Lig,Mesarya SK,Göçmenköy İYSK,2,0,H,0,0,10007,https://ktff.org/maclar/10007
2017-02-19,2016-2017,1. Lig,Alsancak Yeşilova SK,Akova Vuda TÇBSK,1,0,H,0,0,10010,https://ktff.org/maclar/10010
2017-02-19,2016-2017,1. Lig,Maraş GSK,Dipkarpaz SK,4,1,H,0,0,10011,https://ktff.org/maclar/10011
2017-02-24,2016-2017,Süper Lig,Binatlı YSK,Gençlik Gücü TSK,2,5,A,0,0,10169,https://ktff.org/maclar/10169
2017-02-25,2016-2017,Süper Lig,Lefke TSK,Cihangir GSK,0,2,A,0,0,10168,https://ktff.org/maclar/10168
2017-02-25,2016-2017,Süper Lig,Çetinkaya TSK,Mormenekşe GBSK,2,3,A,0,0,10170,https://ktff.org/maclar/10170
2017-02-25,2016-2017,Süper Lig,L. Gençler Birliği SK,Değirmenlik SK,1,0,H,0,0,10171,https://ktff.org/maclar/10171
2017-02-25,2016-2017,1. Lig,Düzkaya KOSK,Maraş GSK,1,0,H,0,0,10231,https://ktff.org/maclar/10231
2017-02-25,2016-2017,1. Lig,Hamitköy ŞHSK,Dipkarpaz SK,6,0,H,0,0,10232,https://ktff.org/maclar/10232
2017-02-26,2016-2017,Süper Lig,Dumlupınar TSK,Türk Ocağı Limasol SK,1,3,A,0,0,10172,https://ktff.org/maclar/10172
2017-02-26,2016-2017,Süper Lig,Mağusa Türk Gücü,Yalova SK,1,1,D,0,0,10173,https://ktff.org/maclar/10173
2017-02-26,2016-2017,Süper Lig,Küçük Kaymaklı TSK,Baf Ülkü Yurdu,1,0,H,0,0,10174,https://ktff.org/maclar/10174
2017-02-26,2016-2017,1. Lig,Göçmenköy İYSK,Alsancak Yeşilova SK,0,0,D,0,0,10233,https://ktff.org/maclar/10233
2017-02-26,2016-2017,1. Lig,Akova Vuda TÇBSK,Mehmetçik TÇBSK,1,4,A,0,0,10234,https://ktff.org/maclar/10234
2017-02-26,2016-2017,1. Lig,Yeniboğaziçi DSK,Mesarya SK,3,1,H,0,0,10235,https://ktff.org/maclar/10235
2017-02-27,2016-2017,Süper Lig,Doğan Türk Birliği,Yenicami AK,0,1,A,0,0,10167,https://ktff.org/maclar/10167
2017-03-03,2016-2017,Süper Lig,Türk Ocağı Limasol SK,Binatlı YSK,2,4,A,0,0,10183,https://ktff.org/maclar/10183
2017-03-04,2016-2017,Süper Lig,Gençlik Gücü TSK,Mağusa Türk Gücü,0,0,D,0,0,10184,https://ktff.org/maclar/10184
2017-03-04,2016-2017,Süper Lig,Yalova SK,Küçük Kaymaklı TSK,1,3,A,0,0,10185,https://ktff.org/maclar/10185
2017-03-04,2016-2017,Süper Lig,Değirmenlik SK,Dumlupınar TSK,0,1,A,0,0,10186,https://ktff.org/maclar/10186
2017-03-05,2016-2017,Süper Lig,Mormenekşe GBSK,Doğan Türk Birliği,1,2,A,0,0,10187,https://ktff.org/maclar/10187
2017-03-05,2016-2017,Süper Lig,Yenicami AK,L. Gençler Birliği SK,1,1,D,0,0,10188,https://ktff.org/maclar/10188
2017-03-05,2016-2017,Süper Lig,Cihangir GSK,Çetinkaya TSK,2,0,H,0,0,10189,https://ktff.org/maclar/10189
2017-03-05,2016-2017,1. Lig,Alsancak Yeşilova SK,Yeniboğaziçi DSK,1,0,H,0,0,10241,https://ktff.org/maclar/10241
2017-03-05,2016-2017,1. Lig,Mesarya SK,Hamitköy ŞHSK,0,1,A,0,0,10242,https://ktff.org/maclar/10242
2017-03-05,2016-2017,1. Lig,Dipkarpaz SK,Düzkaya KOSK,1,4,A,0,0,10243,https://ktff.org/maclar/10243
2017-03-05,2016-2017,1. Lig,Mehmetçik TÇBSK,Göçmenköy İYSK,1,2,A,0,0,10244,https://ktff.org/maclar/10244
2017-03-05,2016-2017,1. Lig,Maraş GSK,Akova Vuda TÇBSK,1,6,A,0,0,10245,https://ktff.org/maclar/10245
2017-03-06,2016-2017,Süper Lig,Baf Ülkü Yurdu,Lefke TSK,2,0,H,0,0,10190,https://ktff.org/maclar/10190
2017-03-11,2016-2017,Süper Lig,Çetinkaya TSK,Baf Ülkü Yurdu,3,1,H,0,0,10199,https://ktff.org/maclar/10199
2017-03-11,2016-2017,Süper Lig,Doğan Türk Birliği,L. Gençler Birliği SK,1,2,A,0,0,10200,https://ktff.org/maclar/10200
2017-03-11,2016-2017,Süper Lig,Mağusa Türk Gücü,Türk Ocağı Limasol SK,2,1,H,0,0,10201,https://ktff.org/maclar/10201
2017-03-11,2016-2017,Süper Lig,Mormenekşe GBSK,Cihangir GSK,2,2,D,0,0,10202,https://ktff.org/maclar/10202
2017-03-11,2016-2017,Süper Lig,Küçük Kaymaklı TSK,Gençlik Gücü TSK,4,2,H,0,0,10203,https://ktff.org/maclar/10203
2017-03-11,2016-2017,Süper Lig,Lefke TSK,Yalova SK,1,2,A,0,0,10204,https://ktff.org/maclar/10204
2017-03-11,2016-2017,1. Lig,Hamitköy ŞHSK,Düzkaya KOSK,3,1,H,0,0,10251,https://ktff.org/maclar/10251
2017-03-11,2016-2017,1. Lig,Mesarya SK,Alsancak Yeşilova SK,0,3,A,0,0,10252,https://ktff.org/maclar/10252
2017-03-11,2016-2017,1. Lig,Yeniboğaziçi DSK,Mehmetçik TÇBSK,1,2,A,0,0,10253,https://ktff.org/maclar/10253
2017-03-11,2016-2017,1. Lig,Göçmenköy İYSK,Maraş GSK,3,2,H,0,0,10254,https://ktff.org/maclar/10254
2017-03-11,2016-2017,1. Lig,Akova Vuda TÇBSK,Dipkarpaz SK,7,1,H,0,0,10255,https://ktff.org/maclar/10255
2017-03-12,2016-2017,Süper Lig,Dumlupınar TSK,Yenicami AK,0,4,A,0,0,10205,https://ktff.org/maclar/10205
2017-03-12,2016-2017,Süper Lig,Binatlı YSK,Değirmenlik SK,4,0,H,0,0,10206,https://ktff.org/maclar/10206
2017-03-18,2016-2017,Süper Lig,Değirmenlik SK,Mağusa Türk Gücü,3,1,H,0,0,10215,https://ktff.org/maclar/10215
2017-03-18,2016-2017,Süper Lig,Yenicami AK,Binatlı YSK,4,0,H,0,0,10216,https://ktff.org/maclar/10216
2017-03-18,2016-2017,Süper Lig,Baf Ülkü Yurdu,Mormenekşe GBSK,3,2,H,0,0,10217,https://ktff.org/maclar/10217
2017-03-18,2016-2017,Süper Lig,Gençlik Gücü TSK,Lefke TSK,3,0,H,0,0,10218,https://ktff.org/maclar/10218
2017-03-19,2016-2017,Süper Lig,Cihangir GSK,Doğan Türk Birliği,0,0,D,0,0,10219,https://ktff.org/maclar/10219
2017-03-19,2016-2017,Süper Lig,Türk Ocağı Limasol SK,Küçük Kaymaklı TSK,0,1,A,0,0,10220,https://ktff.org/maclar/10220
2017-03-19,2016-2017,Süper Lig,L. Gençler Birliği SK,Dumlupınar TSK,4,1,H,0,0,10221,https://ktff.org/maclar/10221
2017-03-19,2016-2017,Süper Lig,Yalova SK,Çetinkaya TSK,2,1,H,0,0,10222,https://ktff.org/maclar/10222
2017-03-19,2016-2017,1. Lig,Maraş GSK,Yeniboğaziçi DSK,2,3,A,0,0,10261,https://ktff.org/maclar/10261
2017-03-19,2016-2017,1. Lig,Alsancak Yeşilova SK,Hamitköy ŞHSK,1,1,D,0,0,10262,https://ktff.org/maclar/10262
2017-03-19,2016-2017,1. Lig,Dipkarpaz SK,Göçmenköy İYSK,0,4,A,0,0,10263,https://ktff.org/maclar/10263
2017-03-19,2016-2017,1. Lig,Düzkaya KOSK,Akova Vuda TÇBSK,3,1,H,0,0,10264,https://ktff.org/maclar/10264
2017-03-19,2016-2017,1. Lig,Mehmetçik TÇBSK,Mesarya SK,0,1,A,0,0,10265,https://ktff.org/maclar/10265
2017-03-24,2016-2017,Süper Lig,Çetinkaya TSK,Gençlik Gücü TSK,2,3,A,0,0,10396,https://ktff.org/maclar/10396
2017-03-24,2016-2017,Süper Lig,Doğan Türk Birliği,Dumlupınar TSK,3,2,H,0,0,10397,https://ktff.org/maclar/10397
2017-03-25,2016-2017,Süper Lig,Lefke TSK,Türk Ocağı Limasol SK,3,0,H,0,0,10398,https://ktff.org/maclar/10398
2017-03-25,2016-2017,Süper Lig,Mormenekşe GBSK,Yalova SK,0,6,A,0,0,10399,https://ktff.org/maclar/10399
2017-03-25,2016-2017,Süper Lig,Cihangir GSK,Baf Ülkü Yurdu,1,2,A,0,0,10400,https://ktff.org/maclar/10400
2017-03-25,2016-2017,Süper Lig,Binatlı YSK,L. Gençler Birliği SK,3,1,H,0,0,10401,https://ktff.org/maclar/10401
2017-03-25,2016-2017,Süper Lig,Küçük Kaymaklı TSK,Değirmenlik SK,1,2,A,0,0,10402,https://ktff.org/maclar/10402
2017-03-25,2016-2017,1. Lig,Göçmenköy İYSK,Düzkaya KOSK,1,0,H,0,0,10428,https://ktff.org/maclar/10428
2017-03-25,2016-2017,1. Lig,Alsancak Yeşilova SK,Mehmetçik TÇBSK,2,0,H,0,0,10429,https://ktff.org/maclar/10429
2017-03-25,2016-2017,1. Lig,Hamitköy ŞHSK,Akova Vuda TÇBSK,0,1,A,0,0,10430,https://ktff.org/maclar/10430
2017-03-25,2016-2017,1. Lig,Mesarya SK,Maraş GSK,2,3,A,0,0,10431,https://ktff.org/maclar/10431
2017-03-25,2016-2017,1. Lig,Yeniboğaziçi DSK,Dipkarpaz SK,7,0,H,0,0,10432,https://ktff.org/maclar/10432
2017-03-26,2016-2017,Süper Lig,Mağusa Türk Gücü,Yenicami AK,0,4,A,0,0,10403,https://ktff.org/maclar/10403
2017-04-01,2016-2017,Süper Lig,Dumlupınar TSK,Binatlı YSK,1,1,D,0,0,10412,https://ktff.org/maclar/10412
2017-04-01,2016-2017,Süper Lig,Değirmenlik SK,Lefke TSK,2,2,D,0,0,10413,https://ktff.org/maclar/10413
2017-04-02,2016-2017,Süper Lig,L. Gençler Birliği SK,Mağusa Türk Gücü,1,0,H,0,0,10414,https://ktff.org/maclar/10414
2017-04-02,2016-2017,Süper Lig,Baf Ülkü Yurdu,Doğan Türk Birliği,0,3,A,0,0,10415,https://ktff.org/maclar/10415
2017-04-02,2016-2017,Süper Lig,Yenicami AK,Küçük Kaymaklı TSK,2,1,H,0,0,10416,https://ktff.org/maclar/10416
2017-04-02,2016-2017,Süper Lig,Yalova SK,Cihangir GSK,1,1,D,0,0,10417,https://ktff.org/maclar/10417
2017-04-02,2016-2017,Süper Lig,Gençlik Gücü TSK,Mormenekşe GBSK,2,1,H,0,0,10418,https://ktff.org/maclar/10418
2017-04-03,2016-2017,Süper Lig,Türk Ocağı Limasol SK,Çetinkaya TSK,3,1,H,0,0,10419,https://ktff.org/maclar/10419
2017-04-07,2016-2017,Süper Lig,Baf Ülkü Yurdu,Yalova SK,0,1,A,0,0,10481,https://ktff.org/maclar/10481
2017-04-08,2016-2017,Süper Lig,Lefke TSK,Yenicami AK,0,0,D,0,0,10482,https://ktff.org/maclar/10482
2017-04-08,2016-2017,Süper Lig,Mormenekşe GBSK,Türk Ocağı Limasol SK,2,2,D,0,0,10483,https://ktff.org/maclar/10483
2017-04-08,2016-2017,Süper Lig,Küçük Kaymaklı TSK,L. Gençler Birliği SK,1,0,H,0,0,10484,https://ktff.org/maclar/10484
2017-04-09,2016-2017,Süper Lig,Doğan Türk Birliği,Binatlı YSK,5,0,H,0,0,10485,https://ktff.org/maclar/10485
2017-04-09,2016-2017,Süper Lig,Cihangir GSK,Gençlik Gücü TSK,4,1,H,0,0,10486,https://ktff.org/maclar/10486
2017-04-09,2016-2017,Süper Lig,Mağusa Türk Gücü,Dumlupınar TSK,1,0,H,0,0,10487,https://ktff.org/maclar/10487
2017-04-09,2016-2017,Süper Lig,Çetinkaya TSK,Değirmenlik SK,3,2,H,0,0,10488,https://ktff.org/maclar/10488
2017-04-16,2016-2017,Süper Lig,Binatlı YSK,Mağusa Türk Gücü,0,1,A,0,0,10497,https://ktff.org/maclar/10497
2017-04-16,2016-2017,Süper Lig,Yalova SK,Doğan Türk Birliği,0,2,A,0,0,10498,https://ktff.org/maclar/10498
2017-04-16,2016-2017,Süper Lig,Dumlupınar TSK,Küçük Kaymaklı TSK,2,7,A,0,0,10499,https://ktff.org/maclar/10499
2017-04-16,2016-2017,Süper Lig,Türk Ocağı Limasol SK,Cihangir GSK,6,2,H,0,0,10500,https://ktff.org/maclar/10500
2017-04-16,2016-2017,Süper Lig,Değirmenlik SK,Mormenekşe GBSK,3,1,H,0,0,10501,https://ktff.org/maclar/10501
2017-04-16,2016-2017,Süper Lig,Gençlik Gücü TSK,Baf Ülkü Yurdu,4,1,H,0,0,10502,https://ktff.org/maclar/10502
2017-04-16,2016-2017,Süper Lig,L. Gençler Birliği SK,Lefke TSK,3,1,H,0,0,10503,https://ktff.org/maclar/10503
2017-04-16,2016-2017,Süper Lig,Yenicami AK,Çetinkaya TSK,1,1,D,0,0,10504,https://ktff.org/maclar/10504
2017-04-22,2016-2017,Süper Lig,Baf Ülkü Yurdu,Türk Ocağı Limasol SK,0,0,D,0,0,10546,https://ktff.org/maclar/10546
2017-04-22,2016-2017,Süper Lig,Çetinkaya TSK,L. Gençler Birliği SK,1,3,A,0,0,10547,https://ktff.org/maclar/10547
2017-04-22,2016-2017,Süper Lig,Mormenekşe GBSK,Yenicami AK,0,6,A,0,0,10548,https://ktff.org/maclar/10548
2017-04-22,2016-2017,Süper Lig,Doğan Türk Birliği,Mağusa Türk Gücü,2,1,H,0,0,10549,https://ktff.org/maclar/10549
2017-04-22,2016-2017,Süper Lig,Küçük Kaymaklı TSK,Binatlı YSK,1,1,D,0,0,10550,https://ktff.org/maclar/10550
2017-04-22,2016-2017,Süper Lig,Yalova SK,Gençlik Gücü TSK,0,0,D,0,0,10551,https://ktff.org/maclar/10551
2017-04-22,2016-2017,Süper Lig,Lefke TSK,Dumlupınar TSK,4,0,H,0,0,10552,https://ktff.org/maclar/10552
2017-04-22,2016-2017,Süper Lig,Cihangir GSK,Değirmenlik SK,3,0,H,0,0,10553,https://ktff.org/maclar/10553
2017-04-29,2016-2017,Süper Lig,Gençlik Gücü TSK,Doğan Türk Birliği,0,3,A,0,0,10682,https://ktff.org/maclar/10682
2017-04-29,2016-2017,Süper Lig,Yenicami AK,Cihangir GSK,3,4,A,0,0,10683,https://ktff.org/maclar/10683
2017-04-29,2016-2017,Süper Lig,Değirmenlik SK,Baf Ülkü Yurdu,2,6,A,0,0,10684,https://ktff.org/maclar/10684
2017-04-29,2016-2017,Süper Lig,Binatlı YSK,Lefke TSK,1,1,D,0,0,10685,https://ktff.org/maclar/10685
2017-04-29,2016-2017,Süper Lig,Dumlupınar TSK,Çetinkaya TSK,0,4,A,0,0,10686,https://ktff.org/maclar/10686
2017-04-30,2016-2017,Süper Lig,Mağusa Türk Gücü,Küçük Kaymaklı TSK,1,1,D,0,0,10687,https://ktff.org/maclar/10687
2017-04-30,2016-2017,Süper Lig,Türk Ocağı Limasol SK,Yalova SK,4,1,H,0,0,10688,https://ktff.org/maclar/10688
2017-04-30,2016-2017,Süper Lig,L. Gençler Birliği SK,Mormenekşe GBSK,6,1,H,0,0,10689,https://ktff.org/maclar/10689
2017-05-06,2016-2017,Süper Lig,Baf Ülkü Yurdu,Yenicami AK,3,6,A,0,0,10702,https://ktff.org/maclar/10702
2017-05-06,2016-2017,Süper Lig,Lefke TSK,Mağusa Türk Gücü,4,2,H,0,0,10703,https://ktff.org/maclar/10703
2017-05-06,2016-2017,Süper Lig,Gençlik Gücü TSK,Türk Ocağı Limasol SK,2,6,A,0,0,10704,https://ktff.org/maclar/10704
2017-05-06,2016-2017,Süper Lig,Doğan Türk Birliği,Küçük Kaymaklı TSK,1,1,D,0,0,10705,https://ktff.org/maclar/10705
2017-05-06,2016-2017,Süper Lig,Çetinkaya TSK,Binatlı YSK,3,4,A,0,0,10706,https://ktff.org/maclar/10706
2017-05-06,2016-2017,Süper Lig,Cihangir GSK,L. Gençler Birliği SK,2,1,H,0,0,10707,https://ktff.org/maclar/10707
2017-05-06,2016-2017,Süper Lig,Mormenekşe GBSK,Dumlupınar TSK,5,3,H,0,0,10708,https://ktff.org/maclar/10708
2017-05-06,2016-2017,Süper Lig,Yalova SK,Değirmenlik SK,8,3,H,0,0,10709,https://ktff.org/maclar/10709
2017-09-22,2017-2018,Süper Lig,Baf Ülkü Yurdu,Binatlı YSK,0,1,A,0,0,10859,https://ktff.org/maclar/10859
2017-09-23,2017-2018,Süper Lig,Küçük Kaymaklı TSK,Gençlik Gücü TSK,3,2,H,0,0,10855,https://ktff.org/maclar/10855
2017-09-23,2017-2018,Süper Lig,Lefke TSK,Yeniboğaziçi DSK,1,1,D,0,0,10858,https://ktff.org/maclar/10858
2017-09-23,2017-2018,Süper Lig,Mağusa Türk Gücü,Yenicami AK,2,2,D,0,0,10861,https://ktff.org/maclar/10861
2017-09-23,2017-2018,1. Lig,Esentepe KSKK,Akova Vuda TÇBSK,4,1,H,0,0,11095,https://ktff.org/maclar/11095
2017-09-23,2017-2018,1. Lig,Mehmetçik TÇBSK,Lapta Türk Birliği SK,0,3,A,0,0,11097,https://ktff.org/maclar/11097
2017-09-23,2017-2018,1. Lig,Değirmenlik SK,Gönyeli SK,1,1,D,0,0,11099,https://ktff.org/maclar/11099
2017-09-23,2017-2018,1. Lig,Girne Halk Evi SK,Göçmenköy İYSK,1,0,H,0,0,11100,https://ktff.org/maclar/11100
2017-09-24,2017-2018,Süper Lig,Alsancak Yeşilova SK,Doğan Türk Birliği,2,2,D,0,0,10856,https://ktff.org/maclar/10856
2017-09-24,2017-2018,Süper Lig,Çetinkaya TSK,Ozanköy SK,3,0,H,0,0,10857,https://ktff.org/maclar/10857
2017-09-24,2017-2018,Süper Lig,L. Gençler Birliği SK,Yalova SK,4,3,H,0,0,10860,https://ktff.org/maclar/10860
2017-09-24,2017-2018,1. Lig,Doğancı SK,Mormenekşe GBSK,1,4,A,0,0,11096,https://ktff.org/maclar/11096
2017-09-24,2017-2018,1. Lig,Bostancı Bağcıl SK,Çanakkale TSK,1,0,H,0,0,11098,https://ktff.org/maclar/11098
2017-09-24,2017-2018,1. Lig,Hamitköy ŞHSK,Görneç KSK,2,2,D,0,0,11101,https://ktff.org/maclar/11101
2017-09-24,2017-2018,1. Lig,Maraş GSK,Dumlupınar TSK,0,2,A,0,0,11102,https://ktff.org/maclar/11102
2017-09-25,2017-2018,Süper Lig,Türk Ocağı Limasol SK,Cihangir GSK,1,0,H,0,0,10862,https://ktff.org/maclar/10862
2017-09-29,2017-2018,Süper Lig,Binatlı YSK,Lefke TSK,0,0,D,0,0,10874,https://ktff.org/maclar/10874
2017-09-30,2017-2018,Süper Lig,Ozanköy SK,Alsancak Yeşilova SK,1,1,D,0,0,10872,https://ktff.org/maclar/10872
2017-09-30,2017-2018,Süper Lig,Yeniboğaziçi DSK,Çetinkaya TSK,0,3,A,0,0,10873,https://ktff.org/maclar/10873
2017-09-30,2017-2018,Süper Lig,Yenicami AK,L. Gençler Birliği SK,2,2,D,0,0,10876,https://ktff.org/maclar/10876
2017-09-30,2017-2018,1. Lig,Çanakkale TSK,Mehmetçik TÇBSK,0,0,D,0,0,11105,https://ktff.org/maclar/11105
2017-09-30,2017-2018,1. Lig,Gönyeli SK,Bostancı Bağcıl SK,1,0,H,0,0,11106,https://ktff.org/maclar/11106
2017-09-30,2017-2018,1. Lig,Göçmenköy İYSK,Değirmenlik SK,0,1,A,0,0,11107,https://ktff.org/maclar/11107
2017-09-30,2017-2018,1. Lig,Görneç KSK,Girne Halk Evi SK,0,2,A,0,0,11108,https://ktff.org/maclar/11108
2017-10-01,2017-2018,Süper Lig,Yalova SK,Baf Ülkü Yurdu,0,0,D,0,0,10875,https://ktff.org/maclar/10875
2017-10-01,2017-2018,Süper Lig,Cihangir GSK,Mağusa Türk Gücü,2,1,H,0,0,10877,https://ktff.org/maclar/10877
2017-10-01,2017-2018,Süper Lig,Gençlik Gücü TSK,Türk Ocağı Limasol SK,1,0,H,0,0,10878,https://ktff.org/maclar/10878
2017-10-01,2017-2018,1. Lig,Mormenekşe GBSK,Esentepe KSKK,2,2,D,0,0,11103,https://ktff.org/maclar/11103
2017-10-01,2017-2018,1. Lig,Lapta Türk Birliği SK,Doğancı SK,0,0,D,0,0,11104,https://ktff.org/maclar/11104
2017-10-01,2017-2018,1. Lig,Dumlupınar TSK,Hamitköy ŞHSK,3,2,H,0,0,11109,https://ktff.org/maclar/11109
2017-10-01,2017-2018,1. Lig,Akova Vuda TÇBSK,Maraş GSK,1,3,A,0,0,11110,https://ktff.org/maclar/11110
2017-10-02,2017-2018,Süper Lig,Doğan Türk Birliği,Küçük Kaymaklı TSK,4,2,H,0,0,10871,https://ktff.org/maclar/10871
2017-10-06,2017-2018,Süper Lig,Baf Ülkü Yurdu,Yenicami AK,4,5,A,0,0,10891,https://ktff.org/maclar/10891
2017-10-07,2017-2018,Süper Lig,L. Gençler Birliği SK,Cihangir GSK,0,0,D,0,0,10892,https://ktff.org/maclar/10892
2017-10-07,2017-2018,Süper Lig,Mağusa Türk Gücü,Türk Ocağı Limasol SK,2,2,D,0,0,10893,https://ktff.org/maclar/10893
2017-10-07,2017-2018,Süper Lig,Doğan Türk Birliği,Gençlik Gücü TSK,2,0,H,0,0,10894,https://ktff.org/maclar/10894
2017-10-07,2017-2018,1. Lig,Doğancı SK,Çanakkale TSK,4,0,H,0,0,11112,https://ktff.org/maclar/11112
2017-10-07,2017-2018,1. Lig,Hamitköy ŞHSK,Maraş GSK,3,1,H,0,0,11117,https://ktff.org/maclar/11117
2017-10-08,2017-2018,Süper Lig,Küçük Kaymaklı TSK,Ozanköy SK,2,0,H,0,0,10887,https://ktff.org/maclar/10887
2017-10-08,2017-2018,Süper Lig,Alsancak Yeşilova SK,Yeniboğaziçi DSK,0,0,D,0,0,10888,https://ktff.org/maclar/10888
2017-10-08,2017-2018,Süper Lig,Lefke TSK,Yalova SK,4,2,H,0,0,10890,https://ktff.org/maclar/10890
2017-10-08,2017-2018,1. Lig,Mehmetçik TÇBSK,Gönyeli SK,0,0,D,0,0,11113,https://ktff.org/maclar/11113
2017-10-08,2017-2018,1. Lig,Bostancı Bağcıl SK,Göçmenköy İYSK,1,0,H,0,0,11114,https://ktff.org/maclar/11114
2017-10-08,2017-2018,1. Lig,Değirmenlik SK,Görneç KSK,2,0,H,0,0,11115,https://ktff.org/maclar/11115
2017-10-08,2017-2018,1. Lig,Girne Halk Evi SK,Dumlupınar TSK,2,3,A,0,0,11116,https://ktff.org/maclar/11116
2017-10-08,2017-2018,1. Lig,Mormenekşe GBSK,Akova Vuda TÇBSK,2,0,H,0,0,11118,https://ktff.org/maclar/11118
2017-10-09,2017-2018,Süper Lig,Çetinkaya TSK,Binatlı YSK,2,4,A,0,0,10889,https://ktff.org/maclar/10889
2017-10-10,2017-2018,1. Lig,Esentepe KSKK,Lapta Türk Birliği SK,0,0,D,0,0,11111,https://ktff.org/maclar/11111
2017-10-13,2017-2018,Süper Lig,Yenicami AK,Lefke TSK,4,1,H,0,0,10906,https://ktff.org/maclar/10906
2017-10-14,2017-2018,Süper Lig,Binatlı YSK,Alsancak Yeşilova SK,2,2,D,0,0,10904,https://ktff.org/maclar/10904
2017-10-14,2017-2018,Süper Lig,Gençlik Gücü TSK,Mağusa Türk Gücü,1,1,D,0,0,10909,https://ktff.org/maclar/10909
2017-10-14,2017-2018,Süper Lig,Ozanköy SK,Doğan Türk Birliği,1,1,D,0,0,10910,https://ktff.org/maclar/10910
2017-10-14,2017-2018,1. Lig,Gönyeli SK,Doğancı SK,3,0,H,0,0,11120,https://ktff.org/maclar/11120
2017-10-14,2017-2018,1. Lig,Dumlupınar TSK,Değirmenlik SK,4,1,H,0,0,11123,https://ktff.org/maclar/11123
2017-10-14,2017-2018,1. Lig,Maraş GSK,Girne Halk Evi SK,5,2,H,0,0,11124,https://ktff.org/maclar/11124
2017-10-14,2017-2018,1. Lig,Akova Vuda TÇBSK,Hamitköy ŞHSK,2,3,A,0,0,11125,https://ktff.org/maclar/11125
2017-10-15,2017-2018,Süper Lig,Yeniboğaziçi DSK,Küçük Kaymaklı TSK,3,1,H,0,0,10903,https://ktff.org/maclar/10903
2017-10-15,2017-2018,Süper Lig,Yalova SK,Çetinkaya TSK,5,1,H,0,0,10905,https://ktff.org/maclar/10905
2017-10-15,2017-2018,Süper Lig,Cihangir GSK,Baf Ülkü Yurdu,4,1,H,0,0,10907,https://ktff.org/maclar/10907
2017-10-15,2017-2018,1. Lig,Çanakkale TSK,Esentepe KSKK,0,1,A,0,0,11119,https://ktff.org/maclar/11119
2017-10-15,2017-2018,1. Lig,Göçmenköy İYSK,Mehmetçik TÇBSK,1,0,H,0,0,11121,https://ktff.org/maclar/11121
2017-10-15,2017-2018,1. Lig,Görneç KSK,Bostancı Bağcıl SK,1,0,H,0,0,11122,https://ktff.org/maclar/11122
2017-10-15,2017-2018,1. Lig,Lapta Türk Birliği SK,Mormenekşe GBSK,2,1,H,0,0,11126,https://ktff.org/maclar/11126
2017-10-16,2017-2018,Süper Lig,Türk Ocağı Limasol SK,L. Gençler Birliği SK,0,2,A,0,0,10908,https://ktff.org/maclar/10908
2017-10-20,2017-2018,Süper Lig,Doğan Türk Birliği,Yeniboğaziçi DSK,0,1,A,0,0,10925,https://ktff.org/maclar/10925
2017-10-21,2017-2018,Süper Lig,Küçük Kaymaklı TSK,Binatlı YSK,4,3,H,0,0,10919,https://ktff.org/maclar/10919
2017-10-21,2017-2018,Süper Lig,Baf Ülkü Yurdu,Türk Ocağı Limasol SK,5,2,H,0,0,10923,https://ktff.org/maclar/10923
2017-10-21,2017-2018,Süper Lig,Ozanköy SK,Gençlik Gücü TSK,3,1,H,0,0,10926,https://ktff.org/maclar/10926
2017-10-21,2017-2018,1. Lig,Esentepe KSKK,Gönyeli SK,1,3,A,0,0,11127,https://ktff.org/maclar/11127
2017-10-21,2017-2018,1. Lig,Mehmetçik TÇBSK,Görneç KSK,1,0,H,0,0,11129,https://ktff.org/maclar/11129
2017-10-21,2017-2018,1. Lig,Değirmenlik SK,Maraş GSK,2,4,A,0,0,11131,https://ktff.org/maclar/11131
2017-10-21,2017-2018,1. Lig,Mormenekşe GBSK,Çanakkale TSK,3,2,H,0,0,11133,https://ktff.org/maclar/11133
2017-10-21,2017-2018,1. Lig,Lapta Türk Birliği SK,Akova Vuda TÇBSK,2,2,D,0,0,11134,https://ktff.org/maclar/11134
2017-10-22,2017-2018,Süper Lig,Alsancak Yeşilova SK,Yalova SK,1,1,D,0,0,10920,https://ktff.org/maclar/10920
2017-10-22,2017-2018,Süper Lig,Çetinkaya TSK,Yenicami AK,2,0,H,0,0,10921,https://ktff.org/maclar/10921
2017-10-22,2017-2018,Süper Lig,Lefke TSK,Cihangir GSK,5,1,H,0,0,10922,https://ktff.org/maclar/10922
2017-10-22,2017-2018,Süper Lig,L. Gençler Birliği SK,Mağusa Türk Gücü,2,2,D,0,0,10924,https://ktff.org/maclar/10924
2017-10-22,2017-2018,1. Lig,Doğancı SK,Göçmenköy İYSK,2,2,D,0,0,11128,https://ktff.org/maclar/11128
2017-10-22,2017-2018,1. Lig,Bostancı Bağcıl SK,Dumlupınar TSK,0,0,D,0,0,11130,https://ktff.org/maclar/11130
2017-10-22,2017-2018,1. Lig,Girne Halk Evi SK,Hamitköy ŞHSK,1,4,A,0,0,11132,https://ktff.org/maclar/11132
2017-10-27,2017-2018,Süper Lig,Binatlı YSK,Doğan Türk Birliği,3,1,H,0,0,10941,https://ktff.org/maclar/10941
2017-10-28,2017-2018,Süper Lig,Yalova SK,Küçük Kaymaklı TSK,2,4,A,0,0,10935,https://ktff.org/maclar/10935
2017-10-28,2017-2018,Süper Lig,Mağusa Türk Gücü,Baf Ülkü Yurdu,0,5,A,0,0,10939,https://ktff.org/maclar/10939
2017-10-28,2017-2018,Süper Lig,Yeniboğaziçi DSK,Ozanköy SK,1,1,D,0,0,10942,https://ktff.org/maclar/10942
2017-10-28,2017-2018,1. Lig,Göçmenköy İYSK,Esentepe KSKK,1,0,H,0,0,11135,https://ktff.org/maclar/11135
2017-10-28,2017-2018,1. Lig,Görneç KSK,Doğancı SK,2,1,H,0,0,11136,https://ktff.org/maclar/11136
2017-10-28,2017-2018,1. Lig,Dumlupınar TSK,Mehmetçik TÇBSK,1,2,A,0,0,11137,https://ktff.org/maclar/11137
2017-10-28,2017-2018,1. Lig,Gönyeli SK,Mormenekşe GBSK,2,1,H,0,0,11141,https://ktff.org/maclar/11141
2017-10-29,2017-2018,Süper Lig,Cihangir GSK,Çetinkaya TSK,1,4,A,0,0,10937,https://ktff.org/maclar/10937
2017-10-29,2017-2018,Süper Lig,Türk Ocağı Limasol SK,Lefke TSK,4,2,H,0,0,10938,https://ktff.org/maclar/10938
2017-10-29,2017-2018,Süper Lig,Gençlik Gücü TSK,L. Gençler Birliği SK,1,1,D,0,0,10940,https://ktff.org/maclar/10940
2017-10-29,2017-2018,1. Lig,Maraş GSK,Bostancı Bağcıl SK,1,1,D,0,0,11138,https://ktff.org/maclar/11138
2017-10-29,2017-2018,1. Lig,Hamitköy ŞHSK,Değirmenlik SK,1,0,H,0,0,11139,https://ktff.org/maclar/11139
2017-10-29,2017-2018,1. Lig,Akova Vuda TÇBSK,Girne Halk Evi SK,2,1,H,0,0,11140,https://ktff.org/maclar/11140
2017-10-29,2017-2018,1. Lig,Çanakkale TSK,Lapta Türk Birliği SK,1,2,A,0,0,11142,https://ktff.org/maclar/11142
2017-10-30,2017-2018,Süper Lig,Yenicami AK,Alsancak Yeşilova SK,2,0,H,0,0,10936,https://ktff.org/maclar/10936
2017-11-03,2017-2018,Süper Lig,Doğan Türk Birliği,Yalova SK,3,2,H,0,0,10956,https://ktff.org/maclar/10956
2017-11-04,2017-2018,Süper Lig,Küçük Kaymaklı TSK,Yenicami AK,4,2,H,0,0,10951,https://ktff.org/maclar/10951
2017-11-04,2017-2018,Süper Lig,Lefke TSK,Mağusa Türk Gücü,1,0,H,0,0,10954,https://ktff.org/maclar/10954
2017-11-04,2017-2018,Süper Lig,Yeniboğaziçi DSK,Gençlik Gücü TSK,0,1,A,0,0,10958,https://ktff.org/maclar/10958
2017-11-04,2017-2018,1. Lig,Doğancı SK,Dumlupınar TSK,1,0,H,0,0,11144,https://ktff.org/maclar/11144
2017-11-04,2017-2018,1. Lig,Değirmenlik SK,Girne Halk Evi SK,1,2,A,0,0,11147,https://ktff.org/maclar/11147
2017-11-04,2017-2018,1. Lig,Lapta Türk Birliği SK,Gönyeli SK,1,2,A,0,0,11149,https://ktff.org/maclar/11149
2017-11-04,2017-2018,1. Lig,Çanakkale TSK,Akova Vuda TÇBSK,2,1,H,0,0,11150,https://ktff.org/maclar/11150
2017-11-05,2017-2018,Süper Lig,Alsancak Yeşilova SK,Cihangir GSK,4,1,H,0,0,10952,https://ktff.org/maclar/10952
2017-11-05,2017-2018,Süper Lig,Çetinkaya TSK,Türk Ocağı Limasol SK,2,1,H,0,0,10953,https://ktff.org/maclar/10953
2017-11-05,2017-2018,Süper Lig,Ozanköy SK,Binatlı YSK,1,3,A,0,0,10957,https://ktff.org/maclar/10957
2017-11-05,2017-2018,1. Lig,Esentepe KSKK,Görneç KSK,1,0,H,0,0,11143,https://ktff.org/maclar/11143
2017-11-05,2017-2018,1. Lig,Mehmetçik TÇBSK,Maraş GSK,0,2,A,0,0,11145,https://ktff.org/maclar/11145
2017-11-05,2017-2018,1. Lig,Mormenekşe GBSK,Göçmenköy İYSK,2,0,H,0,0,11148,https://ktff.org/maclar/11148
2017-11-06,2017-2018,Süper Lig,Baf Ülkü Yurdu,L. Gençler Birliği SK,1,3,A,0,0,10955,https://ktff.org/maclar/10955
2017-11-08,2017-2018,1. Lig,Bostancı Bağcıl SK,Hamitköy ŞHSK,0,1,A,0,0,11146,https://ktff.org/maclar/11146
2017-11-10,2017-2018,Süper Lig,Yenicami AK,Doğan Türk Birliği,1,2,A,0,0,10972,https://ktff.org/maclar/10972
2017-11-11,2017-2018,Süper Lig,Mağusa Türk Gücü,Çetinkaya TSK,2,1,H,0,0,10969,https://ktff.org/maclar/10969
2017-11-11,2017-2018,Süper Lig,Gençlik Gücü TSK,Baf Ülkü Yurdu,0,3,A,0,0,10971,https://ktff.org/maclar/10971
2017-11-11,2017-2018,1. Lig,Görneç KSK,Mormenekşe GBSK,1,0,H,0,0,11156,https://ktff.org/maclar/11156
2017-11-11,2017-2018,1. Lig,Gönyeli SK,Çanakkale TSK,3,0,H,0,0,11158,https://ktff.org/maclar/11158
2017-11-12,2017-2018,Süper Lig,Cihangir GSK,Küçük Kaymaklı TSK,1,4,A,0,0,10967,https://ktff.org/maclar/10967
2017-11-12,2017-2018,Süper Lig,L. Gençler Birliği SK,Lefke TSK,3,2,H,0,0,10970,https://ktff.org/maclar/10970
2017-11-12,2017-2018,Süper Lig,Binatlı YSK,Yeniboğaziçi DSK,1,1,D,0,0,10974,https://ktff.org/maclar/10974
2017-11-12,2017-2018,1. Lig,Dumlupınar TSK,Esentepe KSKK,0,0,D,0,0,11151,https://ktff.org/maclar/11151
2017-11-12,2017-2018,1. Lig,Maraş GSK,Doğancı SK,2,0,H,0,0,11152,https://ktff.org/maclar/11152
2017-11-12,2017-2018,1. Lig,Hamitköy ŞHSK,Mehmetçik TÇBSK,1,0,H,0,0,11153,https://ktff.org/maclar/11153
2017-11-12,2017-2018,1. Lig,Girne Halk Evi SK,Bostancı Bağcıl SK,3,2,H,0,0,11154,https://ktff.org/maclar/11154
2017-11-12,2017-2018,1. Lig,Akova Vuda TÇBSK,Değirmenlik SK,2,2,D,0,0,11155,https://ktff.org/maclar/11155
2017-11-12,2017-2018,1. Lig,Göçmenköy İYSK,Lapta Türk Birliği SK,1,0,H,0,0,11157,https://ktff.org/maclar/11157
2017-11-13,2017-2018,Süper Lig,Türk Ocağı Limasol SK,Alsancak Yeşilova SK,1,2,A,0,0,10968,https://ktff.org/maclar/10968
2017-11-13,2017-2018,Süper Lig,Yalova SK,Ozanköy SK,1,2,A,0,0,10973,https://ktff.org/maclar/10973
2017-11-17,2017-2018,Süper Lig,Çetinkaya TSK,L. Gençler Birliği SK,2,1,H,0,0,10985,https://ktff.org/maclar/10985
2017-11-18,2017-2018,Süper Lig,Küçük Kaymaklı TSK,Türk Ocağı Limasol SK,0,2,A,0,0,10983,https://ktff.org/maclar/10983
2017-11-18,2017-2018,Süper Lig,Lefke TSK,Baf Ülkü Yurdu,0,7,A,0,0,10986,https://ktff.org/maclar/10986
2017-11-18,2017-2018,Süper Lig,Binatlı YSK,Gençlik Gücü TSK,3,0,H,0,0,10990,https://ktff.org/maclar/10990
2017-11-18,2017-2018,1. Lig,Doğancı SK,Hamitköy ŞHSK,0,1,A,0,0,11160,https://ktff.org/maclar/11160
2017-11-18,2017-2018,1. Lig,Mormenekşe GBSK,Dumlupınar TSK,2,0,H,0,0,11163,https://ktff.org/maclar/11163
2017-11-18,2017-2018,1. Lig,Lapta Türk Birliği SK,Görneç KSK,4,1,H,0,0,11164,https://ktff.org/maclar/11164
2017-11-18,2017-2018,1. Lig,Çanakkale TSK,Göçmenköy İYSK,0,1,A,0,0,11165,https://ktff.org/maclar/11165
2017-11-18,2017-2018,1. Lig,Gönyeli SK,Akova Vuda TÇBSK,3,1,H,0,0,11166,https://ktff.org/maclar/11166
2017-11-19,2017-2018,Süper Lig,Alsancak Yeşilova SK,Mağusa Türk Gücü,2,0,H,0,0,10984,https://ktff.org/maclar/10984
2017-11-19,2017-2018,Süper Lig,Ozanköy SK,Yenicami AK,0,4,A,0,0,10988,https://ktff.org/maclar/10988
2017-11-19,2017-2018,Süper Lig,Yeniboğaziçi DSK,Yalova SK,0,1,A,0,0,10989,https://ktff.org/maclar/10989
2017-11-19,2017-2018,1. Lig,Esentepe KSKK,Maraş GSK,2,1,H,0,0,11159,https://ktff.org/maclar/11159
2017-11-19,2017-2018,1. Lig,Mehmetçik TÇBSK,Girne Halk Evi SK,0,1,A,0,0,11161,https://ktff.org/maclar/11161
2017-11-19,2017-2018,1. Lig,Bostancı Bağcıl SK,Değirmenlik SK,1,1,D,0,0,11162,https://ktff.org/maclar/11162
2017-11-20,2017-2018,Süper Lig,Doğan Türk Birliği,Cihangir GSK,2,1,H,0,0,10987,https://ktff.org/maclar/10987
2017-11-24,2017-2018,Süper Lig,Baf Ülkü Yurdu,Çetinkaya TSK,2,1,H,0,0,11001,https://ktff.org/maclar/11001
2017-11-25,2017-2018,Süper Lig,Mağusa Türk Gücü,Küçük Kaymaklı TSK,2,1,H,0,0,10999,https://ktff.org/maclar/10999
2017-11-25,2017-2018,Süper Lig,Cihangir GSK,Ozanköy SK,1,1,D,0,0,11004,https://ktff.org/maclar/11004
2017-11-25,2017-2018,Süper Lig,Yenicami AK,Yeniboğaziçi DSK,1,0,H,0,0,11005,https://ktff.org/maclar/11005
2017-11-25,2017-2018,1. Lig,Hamitköy ŞHSK,Esentepe KSKK,3,3,D,0,0,11167,https://ktff.org/maclar/11167
2017-11-25,2017-2018,1. Lig,Girne Halk Evi SK,Doğancı SK,3,1,H,0,0,11168,https://ktff.org/maclar/11168
2017-11-25,2017-2018,1. Lig,Akova Vuda TÇBSK,Bostancı Bağcıl SK,0,1,A,0,0,11170,https://ktff.org/maclar/11170
2017-11-26,2017-2018,Süper Lig,L. Gençler Birliği SK,Alsancak Yeşilova SK,0,0,D,0,0,11000,https://ktff.org/maclar/11000
2017-11-26,2017-2018,Süper Lig,Gençlik Gücü TSK,Lefke TSK,2,1,H,0,0,11002,https://ktff.org/maclar/11002
2017-11-26,2017-2018,Süper Lig,Yalova SK,Binatlı YSK,3,5,A,0,0,11006,https://ktff.org/maclar/11006
2017-11-26,2017-2018,1. Lig,Değirmenlik SK,Mehmetçik TÇBSK,2,0,H,0,0,11169,https://ktff.org/maclar/11169
2017-11-26,2017-2018,1. Lig,Maraş GSK,Mormenekşe GBSK,2,1,H,0,0,11171,https://ktff.org/maclar/11171
2017-11-26,2017-2018,1. Lig,Dumlupınar TSK,Lapta Türk Birliği SK,4,0,H,0,0,11172,https://ktff.org/maclar/11172
2017-11-26,2017-2018,1. Lig,Görneç KSK,Çanakkale TSK,1,1,D,0,0,11173,https://ktff.org/maclar/11173
2017-11-26,2017-2018,1. Lig,Göçmenköy İYSK,Gönyeli SK,1,4,A,0,0,11174,https://ktff.org/maclar/11174
2017-11-27,2017-2018,Süper Lig,Türk Ocağı Limasol SK,Doğan Türk Birliği,1,3,A,0,0,11003,https://ktff.org/maclar/11003
2017-12-01,2017-2018,Süper Lig,Çetinkaya TSK,Lefke TSK,2,1,H,0,0,11017,https://ktff.org/maclar/11017
2017-12-02,2017-2018,Süper Lig,Alsancak Yeşilova SK,Baf Ülkü Yurdu,1,1,D,0,0,11016,https://ktff.org/maclar/11016
2017-12-02,2017-2018,Süper Lig,Ozanköy SK,Türk Ocağı Limasol SK,0,5,A,0,0,11019,https://ktff.org/maclar/11019
2017-12-02,2017-2018,Süper Lig,Yeniboğaziçi DSK,Cihangir GSK,0,0,D,0,0,11020,https://ktff.org/maclar/11020
2017-12-02,2017-2018,1. Lig,Doğancı SK,Değirmenlik SK,2,3,A,0,0,11176,https://ktff.org/maclar/11176
2017-12-02,2017-2018,1. Lig,Mehmetçik TÇBSK,Bostancı Bağcıl SK,0,2,A,0,0,11177,https://ktff.org/maclar/11177
2017-12-02,2017-2018,1. Lig,Mormenekşe GBSK,Hamitköy ŞHSK,3,1,H,0,0,11178,https://ktff.org/maclar/11178
2017-12-02,2017-2018,1. Lig,Gönyeli SK,Görneç KSK,1,1,D,0,0,11181,https://ktff.org/maclar/11181
2017-12-02,2017-2018,1. Lig,Göçmenköy İYSK,Akova Vuda TÇBSK,3,0,H,0,0,11182,https://ktff.org/maclar/11182
2017-12-03,2017-2018,Süper Lig,Küçük Kaymaklı TSK,L. Gençler Birliği SK,1,1,D,0,0,11015,https://ktff.org/maclar/11015
2017-12-03,2017-2018,Süper Lig,Doğan Türk Birliği,Mağusa Türk Gücü,2,0,H,0,0,11018,https://ktff.org/maclar/11018
2017-12-03,2017-2018,Süper Lig,Yalova SK,Gençlik Gücü TSK,3,1,H,0,0,11022,https://ktff.org/maclar/11022
2017-12-03,2017-2018,1. Lig,Esentepe KSKK,Girne Halk Evi SK,3,2,H,0,0,11175,https://ktff.org/maclar/11175
2017-12-03,2017-2018,1. Lig,Lapta Türk Birliği SK,Maraş GSK,2,3,A,0,0,11179,https://ktff.org/maclar/11179
2017-12-03,2017-2018,1. Lig,Çanakkale TSK,Dumlupınar TSK,1,3,A,0,0,11180,https://ktff.org/maclar/11180
2017-12-04,2017-2018,Süper Lig,Binatlı YSK,Yenicami AK,0,0,D,0,0,11021,https://ktff.org/maclar/11021
2017-12-09,2017-2018,Süper Lig,Gençlik Gücü TSK,Çetinkaya TSK,2,1,H,0,0,11033,https://ktff.org/maclar/11033
2017-12-09,2017-2018,Süper Lig,L. Gençler Birliği SK,Doğan Türk Birliği,4,1,H,0,0,11034,https://ktff.org/maclar/11034
2017-12-09,2017-2018,Süper Lig,Mağusa Türk Gücü,Ozanköy SK,4,1,H,0,0,11035,https://ktff.org/maclar/11035
2017-12-09,2017-2018,Süper Lig,Cihangir GSK,Binatlı YSK,3,1,H,0,0,11037,https://ktff.org/maclar/11037
2017-12-09,2017-2018,1. Lig,Değirmenlik SK,Esentepe KSKK,2,5,A,0,0,11183,https://ktff.org/maclar/11183
2017-12-09,2017-2018,1. Lig,Bostancı Bağcıl SK,Doğancı SK,1,0,H,0,0,11184,https://ktff.org/maclar/11184
2017-12-09,2017-2018,1. Lig,Girne Halk Evi SK,Mormenekşe GBSK,3,1,H,0,0,11186,https://ktff.org/maclar/11186
2017-12-10,2017-2018,Süper Lig,Baf Ülkü Yurdu,Küçük Kaymaklı TSK,0,1,A,0,0,11031,https://ktff.org/maclar/11031
2017-12-10,2017-2018,Süper Lig,Lefke TSK,Alsancak Yeşilova SK,4,0,H,0,0,11032,https://ktff.org/maclar/11032
2017-12-10,2017-2018,Süper Lig,Türk Ocağı Limasol SK,Yeniboğaziçi DSK,2,0,H,0,0,11036,https://ktff.org/maclar/11036
2017-12-10,2017-2018,Süper Lig,Yenicami AK,Yalova SK,4,1,H,0,0,11038,https://ktff.org/maclar/11038
2017-12-10,2017-2018,1. Lig,Akova Vuda TÇBSK,Mehmetçik TÇBSK,2,1,H,0,0,11185,https://ktff.org/maclar/11185
2017-12-10,2017-2018,1. Lig,Hamitköy ŞHSK,Lapta Türk Birliği SK,1,2,A,0,0,11187,https://ktff.org/maclar/11187
2017-12-10,2017-2018,1. Lig,Maraş GSK,Çanakkale TSK,1,2,A,0,0,11188,https://ktff.org/maclar/11188
2017-12-10,2017-2018,1. Lig,Görneç KSK,Göçmenköy İYSK,1,1,D,0,0,11190,https://ktff.org/maclar/11190
2017-12-11,2017-2018,1. Lig,Dumlupınar TSK,Gönyeli SK,1,0,H,0,0,11189,https://ktff.org/maclar/11189
2017-12-15,2017-2018,Süper Lig,Yenicami AK,Gençlik Gücü TSK,4,1,H,0,0,11054,https://ktff.org/maclar/11054
2017-12-16,2017-2018,Süper Lig,Küçük Kaymaklı TSK,Lefke TSK,2,1,H,0,0,11047,https://ktff.org/maclar/11047
2017-12-16,2017-2018,Süper Lig,Alsancak Yeşilova SK,Çetinkaya TSK,0,1,A,0,0,11048,https://ktff.org/maclar/11048
2017-12-16,2017-2018,Süper Lig,Ozanköy SK,L. Gençler Birliği SK,1,3,A,0,0,11050,https://ktff.org/maclar/11050
2017-12-16,2017-2018,Süper Lig,Yalova SK,Cihangir GSK,1,1,D,0,0,11053,https://ktff.org/maclar/11053
2017-12-16,2017-2018,1. Lig,Esentepe KSKK,Bostancı Bağcıl SK,2,0,H,0,0,11191,https://ktff.org/maclar/11191
2017-12-16,2017-2018,1. Lig,Doğancı SK,Mehmetçik TÇBSK,2,0,H,0,0,11192,https://ktff.org/maclar/11192
2017-12-16,2017-2018,1. Lig,Mormenekşe GBSK,Değirmenlik SK,1,3,A,0,0,11193,https://ktff.org/maclar/11193
2017-12-16,2017-2018,1. Lig,Çanakkale TSK,Hamitköy ŞHSK,2,1,H,0,0,11195,https://ktff.org/maclar/11195
2017-12-16,2017-2018,1. Lig,Görneç KSK,Akova Vuda TÇBSK,1,2,A,0,0,11198,https://ktff.org/maclar/11198
2017-12-17,2017-2018,Süper Lig,Doğan Türk Birliği,Baf Ülkü Yurdu,1,1,D,0,0,11049,https://ktff.org/maclar/11049
2017-12-17,2017-2018,Süper Lig,Yeniboğaziçi DSK,Mağusa Türk Gücü,0,4,A,0,0,11051,https://ktff.org/maclar/11051
2017-12-17,2017-2018,1. Lig,Lapta Türk Birliği SK,Girne Halk Evi SK,2,2,D,0,0,11194,https://ktff.org/maclar/11194
2017-12-17,2017-2018,1. Lig,Gönyeli SK,Maraş GSK,0,0,D,0,0,11196,https://ktff.org/maclar/11196
2017-12-17,2017-2018,1. Lig,Göçmenköy İYSK,Dumlupınar TSK,2,0,H,0,0,11197,https://ktff.org/maclar/11197
2017-12-18,2017-2018,Süper Lig,Binatlı YSK,Türk Ocağı Limasol SK,2,1,H,0,0,11052,https://ktff.org/maclar/11052
2017-12-22,2017-2018,Süper Lig,Çetinkaya TSK,Küçük Kaymaklı TSK,3,1,H,0,0,11063,https://ktff.org/maclar/11063
2017-12-22,2017-2018,Süper Lig,Lefke TSK,Doğan Türk Birliği,1,2,A,0,0,11065,https://ktff.org/maclar/11065
2017-12-23,2017-2018,Süper Lig,L. Gençler Birliği SK,Yeniboğaziçi DSK,0,1,A,0,0,11067,https://ktff.org/maclar/11067
2017-12-23,2017-2018,Süper Lig,Türk Ocağı Limasol SK,Yalova SK,0,1,A,0,0,11069,https://ktff.org/maclar/11069
2017-12-23,2017-2018,Süper Lig,Cihangir GSK,Yenicami AK,1,2,A,0,0,11070,https://ktff.org/maclar/11070
2017-12-23,2017-2018,1. Lig,Mehmetçik TÇBSK,Esentepe KSKK,0,3,A,0,0,11199,https://ktff.org/maclar/11199
2017-12-23,2017-2018,1. Lig,Hamitköy ŞHSK,Gönyeli SK,1,0,H,0,0,11204,https://ktff.org/maclar/11204
2017-12-23,2017-2018,1. Lig,Maraş GSK,Göçmenköy İYSK,0,0,D,0,0,11205,https://ktff.org/maclar/11205
2017-12-23,2017-2018,1. Lig,Dumlupınar TSK,Görneç KSK,7,2,H,0,0,11206,https://ktff.org/maclar/11206
2017-12-24,2017-2018,Süper Lig,Gençlik Gücü TSK,Alsancak Yeşilova SK,1,0,H,0,0,11064,https://ktff.org/maclar/11064
2017-12-24,2017-2018,Süper Lig,Baf Ülkü Yurdu,Ozanköy SK,1,1,D,0,0,11066,https://ktff.org/maclar/11066
2017-12-24,2017-2018,Süper Lig,Mağusa Türk Gücü,Binatlı YSK,2,2,D,0,0,11068,https://ktff.org/maclar/11068
2017-12-24,2017-2018,1. Lig,Akova Vuda TÇBSK,Doğancı SK,3,2,H,0,0,11200,https://ktff.org/maclar/11200
2017-12-24,2017-2018,1. Lig,Bostancı Bağcıl SK,Mormenekşe GBSK,3,0,H,0,0,11201,https://ktff.org/maclar/11201
2017-12-24,2017-2018,1. Lig,Değirmenlik SK,Lapta Türk Birliği SK,3,1,H,0,0,11202,https://ktff.org/maclar/11202
2017-12-24,2017-2018,1. Lig,Girne Halk Evi SK,Çanakkale TSK,2,0,H,0,0,11203,https://ktff.org/maclar/11203
2017-12-28,2017-2018,Süper Lig,Yenicami AK,Türk Ocağı Limasol SK,4,0,H,0,0,11085,https://ktff.org/maclar/11085
2017-12-29,2017-2018,Süper Lig,Doğan Türk Birliği,Çetinkaya TSK,1,1,D,0,0,11080,https://ktff.org/maclar/11080
2017-12-29,2017-2018,Süper Lig,Yeniboğaziçi DSK,Baf Ülkü Yurdu,2,2,D,0,0,11082,https://ktff.org/maclar/11082
2017-12-29,2017-2018,Süper Lig,Binatlı YSK,L. Gençler Birliği SK,3,1,H,0,0,11083,https://ktff.org/maclar/11083
2017-12-30,2017-2018,Süper Lig,Küçük Kaymaklı TSK,Alsancak Yeşilova SK,0,1,A,0,0,11079,https://ktff.org/maclar/11079
2017-12-30,2017-2018,Süper Lig,Ozanköy SK,Lefke TSK,0,1,A,0,0,11081,https://ktff.org/maclar/11081
2017-12-30,2017-2018,Süper Lig,Yalova SK,Mağusa Türk Gücü,2,3,A,0,0,11084,https://ktff.org/maclar/11084
2017-12-30,2017-2018,Süper Lig,Cihangir GSK,Gençlik Gücü TSK,5,0,H,0,0,11086,https://ktff.org/maclar/11086
2017-12-30,2017-2018,1. Lig,Esentepe KSKK,Doğancı SK,0,0,D,0,0,11207,https://ktff.org/maclar/11207
2017-12-30,2017-2018,1. Lig,Mormenekşe GBSK,Mehmetçik TÇBSK,1,0,H,0,0,11208,https://ktff.org/maclar/11208
2017-12-30,2017-2018,1. Lig,Lapta Türk Birliği SK,Bostancı Bağcıl SK,0,1,A,0,0,11209,https://ktff.org/maclar/11209
2017-12-30,2017-2018,1. Lig,Çanakkale TSK,Değirmenlik SK,3,0,H,0,0,11210,https://ktff.org/maclar/11210
2017-12-30,2017-2018,1. Lig,Gönyeli SK,Girne Halk Evi SK,2,1,H,0,0,11211,https://ktff.org/maclar/11211
2017-12-30,2017-2018,1. Lig,Görneç KSK,Maraş GSK,2,3,A,0,0,11213,https://ktff.org/maclar/11213
2017-12-30,2017-2018,1. Lig,Dumlupınar TSK,Akova Vuda TÇBSK,3,3,D,0,0,11214,https://ktff.org/maclar/11214
2018-01-06,2017-2018,1. Lig,Göçmenköy İYSK,Hamitköy ŞHSK,3,2,H,0,0,11212,https://ktff.org/maclar/11212
2018-01-26,2017-2018,Süper Lig,Yenicami AK,Mağusa Türk Gücü,2,1,H,0,0,11554,https://ktff.org/maclar/11554
2018-01-27,2017-2018,Süper Lig,Cihangir GSK,Türk Ocağı Limasol SK,2,1,H,0,0,11555,https://ktff.org/maclar/11555
2018-01-27,2017-2018,Süper Lig,Ozanköy SK,Çetinkaya TSK,0,4,A,0,0,11557,https://ktff.org/maclar/11557
2018-01-27,2017-2018,Süper Lig,Doğan Türk Birliği,Alsancak Yeşilova SK,0,2,A,0,0,11559,https://ktff.org/maclar/11559
2018-01-27,2017-2018,1. Lig,Akova Vuda TÇBSK,Esentepe KSKK,1,3,A,0,0,11602,https://ktff.org/maclar/11602
2018-01-27,2017-2018,1. Lig,Göçmenköy İYSK,Girne Halk Evi SK,1,1,D,0,0,11603,https://ktff.org/maclar/11603
2018-01-27,2017-2018,1. Lig,Çanakkale TSK,Bostancı Bağcıl SK,1,1,D,0,0,11604,https://ktff.org/maclar/11604
2018-01-27,2017-2018,1. Lig,Lapta Türk Birliği SK,Mehmetçik TÇBSK,2,2,D,0,0,11605,https://ktff.org/maclar/11605
2018-01-27,2017-2018,1. Lig,Mormenekşe GBSK,Doğancı SK,2,1,H,0,0,11606,https://ktff.org/maclar/11606
2018-01-28,2017-2018,Süper Lig,Gençlik Gücü TSK,Küçük Kaymaklı TSK,2,1,H,0,0,11556,https://ktff.org/maclar/11556
2018-01-28,2017-2018,Süper Lig,Yeniboğaziçi DSK,Lefke TSK,0,2,A,0,0,11558,https://ktff.org/maclar/11558
2018-01-28,2017-2018,Süper Lig,Yalova SK,L. Gençler Birliği SK,2,1,H,0,0,11560,https://ktff.org/maclar/11560
2018-01-28,2017-2018,1. Lig,Görneç KSK,Hamitköy ŞHSK,0,5,A,0,0,11607,https://ktff.org/maclar/11607
2018-01-28,2017-2018,1. Lig,Gönyeli SK,Değirmenlik SK,1,0,H,0,0,11608,https://ktff.org/maclar/11608
2018-01-28,2017-2018,1. Lig,Dumlupınar TSK,Maraş GSK,1,1,D,0,0,11609,https://ktff.org/maclar/11609
2018-01-29,2017-2018,Süper Lig,Binatlı YSK,Baf Ülkü Yurdu,1,1,D,0,0,11561,https://ktff.org/maclar/11561
2018-02-03,2017-2018,Süper Lig,Küçük Kaymaklı TSK,Doğan Türk Birliği,1,3,A,0,0,11571,https://ktff.org/maclar/11571
2018-02-03,2017-2018,Süper Lig,Lefke TSK,Binatlı YSK,0,1,A,0,0,11572,https://ktff.org/maclar/11572
2018-02-03,2017-2018,Süper Lig,Alsancak Yeşilova SK,Ozanköy SK,2,1,H,0,0,11573,https://ktff.org/maclar/11573
2018-02-03,2017-2018,Süper Lig,Türk Ocağı Limasol SK,Gençlik Gücü TSK,1,0,H,0,0,11574,https://ktff.org/maclar/11574
2018-02-03,2017-2018,1. Lig,Bostancı Bağcıl SK,Gönyeli SK,3,4,A,0,0,11610,https://ktff.org/maclar/11610
2018-02-03,2017-2018,1. Lig,Esentepe KSKK,Mormenekşe GBSK,1,0,H,0,0,11611,https://ktff.org/maclar/11611
2018-02-03,2017-2018,1. Lig,Değirmenlik SK,Göçmenköy İYSK,1,2,A,0,0,11612,https://ktff.org/maclar/11612
2018-02-03,2017-2018,1. Lig,Maraş GSK,Akova Vuda TÇBSK,5,1,H,0,0,11613,https://ktff.org/maclar/11613
2018-02-03,2017-2018,1. Lig,Mehmetçik TÇBSK,Çanakkale TSK,1,1,D,0,0,11616,https://ktff.org/maclar/11616
2018-02-04,2017-2018,Süper Lig,L. Gençler Birliği SK,Yenicami AK,1,2,A,0,0,11570,https://ktff.org/maclar/11570
2018-02-04,2017-2018,Süper Lig,Çetinkaya TSK,Yeniboğaziçi DSK,2,1,H,0,0,11575,https://ktff.org/maclar/11575
2018-02-04,2017-2018,Süper Lig,Mağusa Türk Gücü,Cihangir GSK,1,2,A,0,0,11576,https://ktff.org/maclar/11576
2018-02-04,2017-2018,Süper Lig,Baf Ülkü Yurdu,Yalova SK,1,1,D,0,0,11577,https://ktff.org/maclar/11577
2018-02-04,2017-2018,1. Lig,Doğancı SK,Lapta Türk Birliği SK,1,2,A,0,0,11614,https://ktff.org/maclar/11614
2018-02-04,2017-2018,1. Lig,Hamitköy ŞHSK,Dumlupınar TSK,2,1,H,0,0,11615,https://ktff.org/maclar/11615
2018-02-04,2017-2018,1. Lig,Girne Halk Evi SK,Görneç KSK,1,1,D,0,0,11617,https://ktff.org/maclar/11617
2018-02-10,2017-2018,Süper Lig,Gençlik Gücü TSK,Doğan Türk Birliği,1,3,A,0,0,11586,https://ktff.org/maclar/11586
2018-02-10,2017-2018,Süper Lig,Yeniboğaziçi DSK,Alsancak Yeşilova SK,1,2,A,0,0,11587,https://ktff.org/maclar/11587
2018-02-10,2017-2018,Süper Lig,Cihangir GSK,L. Gençler Birliği SK,3,3,D,0,0,11588,https://ktff.org/maclar/11588
2018-02-10,2017-2018,Süper Lig,Yalova SK,Lefke TSK,2,2,D,0,0,11589,https://ktff.org/maclar/11589
2018-02-10,2017-2018,1. Lig,Lapta Türk Birliği SK,Esentepe KSKK,1,1,D,0,0,11618,https://ktff.org/maclar/11618
2018-02-10,2017-2018,1. Lig,Dumlupınar TSK,Girne Halk Evi SK,0,2,A,0,0,11619,https://ktff.org/maclar/11619
2018-02-10,2017-2018,1. Lig,Göçmenköy İYSK,Bostancı Bağcıl SK,3,1,H,0,0,11620,https://ktff.org/maclar/11620
2018-02-10,2017-2018,1. Lig,Görneç KSK,Değirmenlik SK,0,0,D,0,0,11621,https://ktff.org/maclar/11621
2018-02-11,2017-2018,Süper Lig,Türk Ocağı Limasol SK,Mağusa Türk Gücü,2,0,H,0,0,11590,https://ktff.org/maclar/11590
2018-02-11,2017-2018,Süper Lig,Ozanköy SK,Küçük Kaymaklı TSK,0,1,A,0,0,11591,https://ktff.org/maclar/11591
2018-02-11,2017-2018,Süper Lig,Yenicami AK,Baf Ülkü Yurdu,0,0,D,0,0,11592,https://ktff.org/maclar/11592
2018-02-11,2017-2018,1. Lig,Maraş GSK,Hamitköy ŞHSK,2,1,H,0,0,11622,https://ktff.org/maclar/11622
2018-02-11,2017-2018,1. Lig,Akova Vuda TÇBSK,Mormenekşe GBSK,4,4,D,0,0,11623,https://ktff.org/maclar/11623
2018-02-11,2017-2018,1. Lig,Gönyeli SK,Mehmetçik TÇBSK,2,2,D,0,0,11624,https://ktff.org/maclar/11624
2018-02-11,2017-2018,1. Lig,Çanakkale TSK,Doğancı SK,1,0,H,0,0,11625,https://ktff.org/maclar/11625
2018-02-12,2017-2018,Süper Lig,Binatlı YSK,Çetinkaya TSK,2,3,A,0,0,11593,https://ktff.org/maclar/11593
2018-02-16,2017-2018,Süper Lig,Lefke TSK,Yenicami AK,1,2,A,0,0,11740,https://ktff.org/maclar/11740
2018-02-17,2017-2018,Süper Lig,Küçük Kaymaklı TSK,Yeniboğaziçi DSK,3,1,H,0,0,11742,https://ktff.org/maclar/11742
2018-02-17,2017-2018,Süper Lig,Baf Ülkü Yurdu,Cihangir GSK,1,4,A,0,0,11743,https://ktff.org/maclar/11743
2018-02-17,2017-2018,Süper Lig,Mağusa Türk Gücü,Gençlik Gücü TSK,4,0,H,0,0,11744,https://ktff.org/maclar/11744
2018-02-17,2017-2018,Süper Lig,Doğan Türk Birliği,Ozanköy SK,6,1,H,0,0,11746,https://ktff.org/maclar/11746
2018-02-17,2017-2018,1. Lig,Doğancı SK,Gönyeli SK,0,1,A,0,0,11804,https://ktff.org/maclar/11804
2018-02-17,2017-2018,1. Lig,Değirmenlik SK,Dumlupınar TSK,1,3,A,0,0,11805,https://ktff.org/maclar/11805
2018-02-17,2017-2018,1. Lig,Esentepe KSKK,Çanakkale TSK,2,0,H,0,0,11810,https://ktff.org/maclar/11810
2018-02-18,2017-2018,Süper Lig,L. Gençler Birliği SK,Türk Ocağı Limasol SK,0,3,A,0,0,11741,https://ktff.org/maclar/11741
2018-02-18,2017-2018,Süper Lig,Alsancak Yeşilova SK,Binatlı YSK,2,2,D,0,0,11745,https://ktff.org/maclar/11745
2018-02-18,2017-2018,Süper Lig,Çetinkaya TSK,Yalova SK,2,1,H,0,0,11747,https://ktff.org/maclar/11747
2018-02-18,2017-2018,1. Lig,Hamitköy ŞHSK,Akova Vuda TÇBSK,0,1,A,0,0,11806,https://ktff.org/maclar/11806
2018-02-18,2017-2018,1. Lig,Girne Halk Evi SK,Maraş GSK,1,1,D,0,0,11807,https://ktff.org/maclar/11807
2018-02-18,2017-2018,1. Lig,Mormenekşe GBSK,Lapta Türk Birliği SK,3,1,H,0,0,11808,https://ktff.org/maclar/11808
2018-02-18,2017-2018,1. Lig,Mehmetçik TÇBSK,Göçmenköy İYSK,3,1,H,0,0,11809,https://ktff.org/maclar/11809
2018-02-18,2017-2018,1. Lig,Bostancı Bağcıl SK,Görneç KSK,0,1,A,0,0,11811,https://ktff.org/maclar/11811
2018-02-23,2017-2018,Süper Lig,Yeniboğaziçi DSK,Doğan Türk Birliği,1,7,A,0,0,11757,https://ktff.org/maclar/11757
2018-02-24,2017-2018,Süper Lig,Binatlı YSK,Küçük Kaymaklı TSK,1,4,A,0,0,11756,https://ktff.org/maclar/11756
2018-02-24,2017-2018,Süper Lig,Gençlik Gücü TSK,Ozanköy SK,4,2,H,0,0,11758,https://ktff.org/maclar/11758
2018-02-24,2017-2018,Süper Lig,Yalova SK,Alsancak Yeşilova SK,1,1,D,0,0,11759,https://ktff.org/maclar/11759
2018-02-24,2017-2018,1. Lig,Akova Vuda TÇBSK,Lapta Türk Birliği SK,3,1,H,0,0,11812,https://ktff.org/maclar/11812
2018-02-24,2017-2018,1. Lig,Dumlupınar TSK,Bostancı Bağcıl SK,3,0,H,0,0,11813,https://ktff.org/maclar/11813
2018-02-24,2017-2018,1. Lig,Görneç KSK,Mehmetçik TÇBSK,3,0,H,0,0,11815,https://ktff.org/maclar/11815
2018-02-24,2017-2018,1. Lig,Maraş GSK,Değirmenlik SK,1,2,A,0,0,11816,https://ktff.org/maclar/11816
2018-02-25,2017-2018,Süper Lig,Türk Ocağı Limasol SK,Baf Ülkü Yurdu,0,1,A,0,0,11760,https://ktff.org/maclar/11760
2018-02-25,2017-2018,Süper Lig,Mağusa Türk Gücü,L. Gençler Birliği SK,3,0,H,0,0,11761,https://ktff.org/maclar/11761
2018-02-25,2017-2018,Süper Lig,Cihangir GSK,Lefke TSK,0,2,A,0,0,11762,https://ktff.org/maclar/11762
2018-02-25,2017-2018,1. Lig,Gönyeli SK,Esentepe KSKK,1,4,A,0,0,11817,https://ktff.org/maclar/11817
2018-02-25,2017-2018,1. Lig,Hamitköy ŞHSK,Girne Halk Evi SK,4,1,H,0,0,11818,https://ktff.org/maclar/11818
2018-02-25,2017-2018,1. Lig,Göçmenköy İYSK,Doğancı SK,0,0,D,0,0,11819,https://ktff.org/maclar/11819
2018-02-26,2017-2018,Süper Lig,Yenicami AK,Çetinkaya TSK,4,0,H,0,0,11763,https://ktff.org/maclar/11763
2018-02-28,2017-2018,1. Lig,Çanakkale TSK,Mormenekşe GBSK,0,3,A,0,0,11814,https://ktff.org/maclar/11814
2018-03-02,2017-2018,Süper Lig,Baf Ülkü Yurdu,Mağusa Türk Gücü,4,1,H,0,0,11772,https://ktff.org/maclar/11772
2018-03-03,2017-2018,Süper Lig,Lefke TSK,Türk Ocağı Limasol SK,5,1,H,0,0,11773,https://ktff.org/maclar/11773
2018-03-03,2017-2018,Süper Lig,L. Gençler Birliği SK,Gençlik Gücü TSK,3,2,H,0,0,11774,https://ktff.org/maclar/11774
2018-03-03,2017-2018,Süper Lig,Küçük Kaymaklı TSK,Yalova SK,3,0,H,0,0,11775,https://ktff.org/maclar/11775
2018-03-03,2017-2018,1. Lig,Esentepe KSKK,Göçmenköy İYSK,2,0,H,0,0,11820,https://ktff.org/maclar/11820
2018-03-03,2017-2018,1. Lig,Mehmetçik TÇBSK,Dumlupınar TSK,1,0,H,0,0,11821,https://ktff.org/maclar/11821
2018-03-03,2017-2018,1. Lig,Lapta Türk Birliği SK,Çanakkale TSK,4,2,H,0,0,11822,https://ktff.org/maclar/11822
2018-03-03,2017-2018,1. Lig,Bostancı Bağcıl SK,Maraş GSK,4,2,H,0,0,11823,https://ktff.org/maclar/11823
2018-03-04,2017-2018,Süper Lig,Alsancak Yeşilova SK,Yenicami AK,2,3,A,0,0,11776,https://ktff.org/maclar/11776
2018-03-04,2017-2018,Süper Lig,Ozanköy SK,Yeniboğaziçi DSK,0,1,A,0,0,11777,https://ktff.org/maclar/11777
2018-03-04,2017-2018,Süper Lig,Çetinkaya TSK,Cihangir GSK,2,2,D,0,0,11778,https://ktff.org/maclar/11778
2018-03-04,2017-2018,1. Lig,Mormenekşe GBSK,Gönyeli SK,5,3,H,0,0,11824,https://ktff.org/maclar/11824
2018-03-04,2017-2018,1. Lig,Değirmenlik SK,Hamitköy ŞHSK,2,1,H,0,0,11825,https://ktff.org/maclar/11825
2018-03-04,2017-2018,1. Lig,Girne Halk Evi SK,Akova Vuda TÇBSK,4,0,H,0,0,11826,https://ktff.org/maclar/11826
2018-03-04,2017-2018,1. Lig,Doğancı SK,Görneç KSK,4,0,H,0,0,11827,https://ktff.org/maclar/11827
2018-03-05,2017-2018,Süper Lig,Doğan Türk Birliği,Binatlı YSK,0,2,A,0,0,11779,https://ktff.org/maclar/11779
2018-03-10,2017-2018,Süper Lig,Gençlik Gücü TSK,Yeniboğaziçi DSK,4,0,H,0,0,11789,https://ktff.org/maclar/11789
2018-03-10,2017-2018,Süper Lig,Cihangir GSK,Alsancak Yeşilova SK,0,2,A,0,0,11790,https://ktff.org/maclar/11790
2018-03-10,2017-2018,Süper Lig,Mağusa Türk Gücü,Lefke TSK,2,1,H,0,0,11791,https://ktff.org/maclar/11791
2018-03-10,2017-2018,1. Lig,Görneç KSK,Esentepe KSKK,0,3,A,0,0,11828,https://ktff.org/maclar/11828
2018-03-10,2017-2018,1. Lig,Gönyeli SK,Lapta Türk Birliği SK,3,2,H,0,0,11829,https://ktff.org/maclar/11829
2018-03-10,2017-2018,1. Lig,Akova Vuda TÇBSK,Çanakkale TSK,3,2,H,0,0,11830,https://ktff.org/maclar/11830
2018-03-10,2017-2018,1. Lig,Girne Halk Evi SK,Değirmenlik SK,2,0,H,0,0,11831,https://ktff.org/maclar/11831
2018-03-11,2017-2018,Süper Lig,Yenicami AK,Küçük Kaymaklı TSK,6,1,H,0,0,11788,https://ktff.org/maclar/11788
2018-03-11,2017-2018,Süper Lig,Yalova SK,Doğan Türk Birliği,0,1,A,0,0,11792,https://ktff.org/maclar/11792
2018-03-11,2017-2018,Süper Lig,Binatlı YSK,Ozanköy SK,0,2,A,0,0,11793,https://ktff.org/maclar/11793
2018-03-11,2017-2018,Süper Lig,L. Gençler Birliği SK,Baf Ülkü Yurdu,0,2,A,0,0,11794,https://ktff.org/maclar/11794
2018-03-11,2017-2018,1. Lig,Hamitköy ŞHSK,Bostancı Bağcıl SK,2,1,H,0,0,11832,https://ktff.org/maclar/11832
2018-03-11,2017-2018,1. Lig,Göçmenköy İYSK,Mormenekşe GBSK,2,3,A,0,0,11833,https://ktff.org/maclar/11833
2018-03-11,2017-2018,1. Lig,Maraş GSK,Mehmetçik TÇBSK,1,1,D,0,0,11834,https://ktff.org/maclar/11834
2018-03-11,2017-2018,1. Lig,Dumlupınar TSK,Doğancı SK,1,2,A,0,0,11835,https://ktff.org/maclar/11835
2018-03-12,2017-2018,Süper Lig,Türk Ocağı Limasol SK,Çetinkaya TSK,1,0,H,0,0,11795,https://ktff.org/maclar/11795
2018-03-17,2017-2018,Süper Lig,Küçük Kaymaklı TSK,Cihangir GSK,0,2,A,0,0,11957,https://ktff.org/maclar/11957
2018-03-17,2017-2018,Süper Lig,Baf Ülkü Yurdu,Gençlik Gücü TSK,1,2,A,0,0,11958,https://ktff.org/maclar/11958
2018-03-17,2017-2018,Süper Lig,Çetinkaya TSK,Mağusa Türk Gücü,1,1,D,0,0,11959,https://ktff.org/maclar/11959
2018-03-17,2017-2018,Süper Lig,Doğan Türk Birliği,Yenicami AK,0,0,D,0,0,11960,https://ktff.org/maclar/11960
2018-03-17,2017-2018,1. Lig,Esentepe KSKK,Dumlupınar TSK,2,1,H,0,0,12006,https://ktff.org/maclar/12006
2018-03-17,2017-2018,1. Lig,Değirmenlik SK,Akova Vuda TÇBSK,2,2,D,0,0,12007,https://ktff.org/maclar/12007
2018-03-17,2017-2018,1. Lig,Doğancı SK,Maraş GSK,0,0,D,0,0,12008,https://ktff.org/maclar/12008
2018-03-18,2017-2018,Süper Lig,Yeniboğaziçi DSK,Binatlı YSK,2,5,A,0,0,11962,https://ktff.org/maclar/11962
2018-03-18,2017-2018,Süper Lig,Ozanköy SK,Yalova SK,3,0,H,0,0,11963,https://ktff.org/maclar/11963
2018-03-18,2017-2018,Süper Lig,Lefke TSK,L. Gençler Birliği SK,4,0,H,0,0,11964,https://ktff.org/maclar/11964
2018-03-18,2017-2018,1. Lig,Çanakkale TSK,Gönyeli SK,1,0,H,0,0,12005,https://ktff.org/maclar/12005
2018-03-18,2017-2018,1. Lig,Mehmetçik TÇBSK,Hamitköy ŞHSK,1,0,H,0,0,12009,https://ktff.org/maclar/12009
2018-03-18,2017-2018,1. Lig,Bostancı Bağcıl SK,Girne Halk Evi SK,2,4,A,0,0,12010,https://ktff.org/maclar/12010
2018-03-18,2017-2018,1. Lig,Lapta Türk Birliği SK,Göçmenköy İYSK,4,1,H,0,0,12011,https://ktff.org/maclar/12011
2018-03-18,2017-2018,1. Lig,Mormenekşe GBSK,Görneç KSK,3,1,H,0,0,12012,https://ktff.org/maclar/12012
2018-03-19,2017-2018,Süper Lig,Alsancak Yeşilova SK,Türk Ocağı Limasol SK,2,1,H,0,0,11961,https://ktff.org/maclar/11961
2018-03-24,2017-2018,Süper Lig,Yalova SK,Yeniboğaziçi DSK,2,2,D,0,0,11973,https://ktff.org/maclar/11973
2018-03-24,2017-2018,Süper Lig,Gençlik Gücü TSK,Binatlı YSK,1,3,A,0,0,11974,https://ktff.org/maclar/11974
2018-03-24,2017-2018,Süper Lig,L. Gençler Birliği SK,Çetinkaya TSK,1,3,A,0,0,11975,https://ktff.org/maclar/11975
2018-03-24,2017-2018,1. Lig,Maraş GSK,Esentepe KSKK,4,1,H,0,0,12013,https://ktff.org/maclar/12013
2018-03-24,2017-2018,1. Lig,Görneç KSK,Lapta Türk Birliği SK,2,1,H,0,0,12014,https://ktff.org/maclar/12014
2018-03-24,2017-2018,1. Lig,Dumlupınar TSK,Mormenekşe GBSK,4,0,H,0,0,12015,https://ktff.org/maclar/12015
2018-03-24,2017-2018,1. Lig,Girne Halk Evi SK,Mehmetçik TÇBSK,3,3,D,0,0,12016,https://ktff.org/maclar/12016
2018-03-24,2017-2018,1. Lig,Göçmenköy İYSK,Çanakkale TSK,0,1,A,0,0,12017,https://ktff.org/maclar/12017
2018-03-25,2017-2018,Süper Lig,Cihangir GSK,Doğan Türk Birliği,1,2,A,0,0,11976,https://ktff.org/maclar/11976
2018-03-25,2017-2018,Süper Lig,Türk Ocağı Limasol SK,Küçük Kaymaklı TSK,1,1,D,0,0,11977,https://ktff.org/maclar/11977
2018-03-25,2017-2018,Süper Lig,Yenicami AK,Ozanköy SK,1,1,D,0,0,11978,https://ktff.org/maclar/11978
2018-03-25,2017-2018,Süper Lig,Mağusa Türk Gücü,Alsancak Yeşilova SK,1,2,A,0,0,11979,https://ktff.org/maclar/11979
2018-03-25,2017-2018,1. Lig,Akova Vuda TÇBSK,Gönyeli SK,2,3,A,0,0,12018,https://ktff.org/maclar/12018
2018-03-25,2017-2018,1. Lig,Değirmenlik SK,Bostancı Bağcıl SK,2,2,D,0,0,12019,https://ktff.org/maclar/12019
2018-03-25,2017-2018,1. Lig,Hamitköy ŞHSK,Doğancı SK,4,5,A,0,0,12020,https://ktff.org/maclar/12020
2018-03-26,2017-2018,Süper Lig,Baf Ülkü Yurdu,Lefke TSK,3,4,A,0,0,11980,https://ktff.org/maclar/11980
2018-03-30,2017-2018,Süper Lig,Doğan Türk Birliği,Türk Ocağı Limasol SK,1,4,A,0,0,11989,https://ktff.org/maclar/11989
2018-03-31,2017-2018,Süper Lig,Yeniboğaziçi DSK,Yenicami AK,0,0,D,0,0,11990,https://ktff.org/maclar/11990
2018-03-31,2017-2018,Süper Lig,Küçük Kaymaklı TSK,Mağusa Türk Gücü,2,4,A,0,0,11991,https://ktff.org/maclar/11991
2018-03-31,2017-2018,Süper Lig,Ozanköy SK,Cihangir GSK,0,3,A,0,0,11992,https://ktff.org/maclar/11992
2018-03-31,2017-2018,Süper Lig,Alsancak Yeşilova SK,L. Gençler Birliği SK,4,1,H,0,0,11995,https://ktff.org/maclar/11995
2018-03-31,2017-2018,1. Lig,Esentepe KSKK,Hamitköy ŞHSK,0,4,A,0,0,12021,https://ktff.org/maclar/12021
2018-03-31,2017-2018,1. Lig,Doğancı SK,Girne Halk Evi SK,3,0,H,0,0,12022,https://ktff.org/maclar/12022
2018-03-31,2017-2018,1. Lig,Gönyeli SK,Göçmenköy İYSK,2,1,H,0,0,12023,https://ktff.org/maclar/12023
2018-03-31,2017-2018,1. Lig,Lapta Türk Birliği SK,Dumlupınar TSK,1,2,A,0,0,12024,https://ktff.org/maclar/12024
2018-03-31,2017-2018,1. Lig,Bostancı Bağcıl SK,Akova Vuda TÇBSK,1,1,D,0,0,12025,https://ktff.org/maclar/12025
2018-04-01,2017-2018,Süper Lig,Lefke TSK,Gençlik Gücü TSK,5,0,H,0,0,11993,https://ktff.org/maclar/11993
2018-04-01,2017-2018,Süper Lig,Çetinkaya TSK,Baf Ülkü Yurdu,2,1,H,0,0,11994,https://ktff.org/maclar/11994
2018-04-01,2017-2018,1. Lig,Mehmetçik TÇBSK,Değirmenlik SK,0,0,D,0,0,12026,https://ktff.org/maclar/12026
2018-04-01,2017-2018,1. Lig,Çanakkale TSK,Görneç KSK,1,1,D,0,0,12027,https://ktff.org/maclar/12027
2018-04-01,2017-2018,1. Lig,Mormenekşe GBSK,Maraş GSK,1,0,H,0,0,12028,https://ktff.org/maclar/12028
2018-04-02,2017-2018,Süper Lig,Binatlı YSK,Yalova SK,3,0,H,0,0,11996,https://ktff.org/maclar/11996
2018-04-06,2017-2018,1. Lig,Hamitköy ŞHSK,Mormenekşe GBSK,1,3,A,0,0,12193,https://ktff.org/maclar/12193
2018-04-07,2017-2018,Süper Lig,Türk Ocağı Limasol SK,Ozanköy SK,5,2,H,0,0,12185,https://ktff.org/maclar/12185
2018-04-07,2017-2018,Süper Lig,Gençlik Gücü TSK,Yalova SK,5,4,H,0,0,12186,https://ktff.org/maclar/12186
2018-04-07,2017-2018,Süper Lig,Baf Ülkü Yurdu,Alsancak Yeşilova SK,3,2,H,0,0,12187,https://ktff.org/maclar/12187
2018-04-07,2017-2018,Süper Lig,Lefke TSK,Çetinkaya TSK,1,1,D,0,0,12188,https://ktff.org/maclar/12188
2018-04-07,2017-2018,1. Lig,Dumlupınar TSK,Çanakkale TSK,3,2,H,0,0,12189,https://ktff.org/maclar/12189
2018-04-07,2017-2018,1. Lig,Görneç KSK,Gönyeli SK,0,4,A,0,0,12190,https://ktff.org/maclar/12190
2018-04-08,2017-2018,Süper Lig,Mağusa Türk Gücü,Doğan Türk Birliği,0,2,A,0,0,12181,https://ktff.org/maclar/12181
2018-04-08,2017-2018,Süper Lig,Cihangir GSK,Yeniboğaziçi DSK,4,1,H,0,0,12182,https://ktff.org/maclar/12182
2018-04-08,2017-2018,Süper Lig,L. Gençler Birliği SK,Küçük Kaymaklı TSK,4,8,A,0,0,12183,https://ktff.org/maclar/12183
2018-04-08,2017-2018,1. Lig,Maraş GSK,Lapta Türk Birliği SK,4,2,H,0,0,12192,https://ktff.org/maclar/12192
2018-04-08,2017-2018,1. Lig,Akova Vuda TÇBSK,Göçmenköy İYSK,2,5,A,0,0,12194,https://ktff.org/maclar/12194
2018-04-08,2017-2018,1. Lig,Bostancı Bağcıl SK,Mehmetçik TÇBSK,3,3,D,0,0,12195,https://ktff.org/maclar/12195
2018-04-08,2017-2018,1. Lig,Değirmenlik SK,Doğancı SK,1,2,A,0,0,12196,https://ktff.org/maclar/12196
2018-04-09,2017-2018,Süper Lig,Yenicami AK,Binatlı YSK,1,0,H,0,0,12184,https://ktff.org/maclar/12184
2018-04-14,2017-2018,Süper Lig,Ozanköy SK,Mağusa Türk Gücü,1,1,D,0,0,12213,https://ktff.org/maclar/12213
2018-04-14,2017-2018,Süper Lig,Yeniboğaziçi DSK,Türk Ocağı Limasol SK,2,1,H,0,0,12214,https://ktff.org/maclar/12214
2018-04-14,2017-2018,Süper Lig,Çetinkaya TSK,Gençlik Gücü TSK,3,1,H,0,0,12215,https://ktff.org/maclar/12215
2018-04-14,2017-2018,Süper Lig,Doğan Türk Birliği,L. Gençler Birliği SK,2,1,H,0,0,12216,https://ktff.org/maclar/12216
2018-04-14,2017-2018,Süper Lig,Yalova SK,Yenicami AK,1,3,A,0,0,12217,https://ktff.org/maclar/12217
2018-04-14,2017-2018,Süper Lig,Binatlı YSK,Cihangir GSK,4,0,H,0,0,12218,https://ktff.org/maclar/12218
2018-04-14,2017-2018,Süper Lig,Küçük Kaymaklı TSK,Baf Ülkü Yurdu,1,2,A,0,0,12219,https://ktff.org/maclar/12219
2018-04-14,2017-2018,Süper Lig,Alsancak Yeşilova SK,Lefke TSK,1,1,D,0,0,12220,https://ktff.org/maclar/12220
2018-04-14,2017-2018,1. Lig,Mormenekşe GBSK,Girne Halk Evi SK,0,1,A,0,0,12245,https://ktff.org/maclar/12245
2018-04-14,2017-2018,1. Lig,Esentepe KSKK,Değirmenlik SK,1,1,D,0,0,12247,https://ktff.org/maclar/12247
2018-04-15,2017-2018,1. Lig,Gönyeli SK,Dumlupınar TSK,1,0,H,0,0,12246,https://ktff.org/maclar/12246
2018-04-15,2017-2018,1. Lig,Lapta Türk Birliği SK,Hamitköy ŞHSK,0,0,D,0,0,12248,https://ktff.org/maclar/12248
2018-04-15,2017-2018,1. Lig,Doğancı SK,Bostancı Bağcıl SK,2,1,H,0,0,12249,https://ktff.org/maclar/12249
2018-04-15,2017-2018,1. Lig,Mehmetçik TÇBSK,Akova Vuda TÇBSK,1,2,A,0,0,12250,https://ktff.org/maclar/12250
2018-04-15,2017-2018,1. Lig,Göçmenköy İYSK,Görneç KSK,3,1,H,0,0,12251,https://ktff.org/maclar/12251
2018-04-15,2017-2018,1. Lig,Çanakkale TSK,Maraş GSK,1,0,H,0,0,12252,https://ktff.org/maclar/12252
2018-04-18,2017-2018,1. Lig,Girne Halk Evi SK,Esentepe KSKK,3,0,H,0,0,12191,https://ktff.org/maclar/12191
2018-04-21,2017-2018,Süper Lig,Gençlik Gücü TSK,Yenicami AK,0,1,A,0,0,12229,https://ktff.org/maclar/12229
2018-04-21,2017-2018,Süper Lig,Baf Ülkü Yurdu,Doğan Türk Birliği,2,1,H,0,0,12230,https://ktff.org/maclar/12230
2018-04-21,2017-2018,Süper Lig,Mağusa Türk Gücü,Yeniboğaziçi DSK,4,0,H,0,0,12231,https://ktff.org/maclar/12231
2018-04-21,2017-2018,Süper Lig,Lefke TSK,Küçük Kaymaklı TSK,2,1,H,0,0,12232,https://ktff.org/maclar/12232
2018-04-21,2017-2018,Süper Lig,Türk Ocağı Limasol SK,Binatlı YSK,1,0,H,0,0,12233,https://ktff.org/maclar/12233
2018-04-21,2017-2018,Süper Lig,L. Gençler Birliği SK,Ozanköy SK,2,1,H,0,0,12234,https://ktff.org/maclar/12234
2018-04-21,2017-2018,Süper Lig,Cihangir GSK,Yalova SK,3,0,H,0,0,12235,https://ktff.org/maclar/12235
2018-04-22,2017-2018,1. Lig,Maraş GSK,Gönyeli SK,1,3,A,0,0,12253,https://ktff.org/maclar/12253
2018-04-22,2017-2018,1. Lig,Bostancı Bağcıl SK,Esentepe KSKK,3,1,H,0,0,12254,https://ktff.org/maclar/12254
2018-04-22,2017-2018,1. Lig,Girne Halk Evi SK,Lapta Türk Birliği SK,4,0,H,0,0,12255,https://ktff.org/maclar/12255
2018-04-22,2017-2018,1. Lig,Değirmenlik SK,Mormenekşe GBSK,2,0,H,0,0,12256,https://ktff.org/maclar/12256
2018-04-22,2017-2018,1. Lig,Dumlupınar TSK,Göçmenköy İYSK,5,1,H,0,0,12257,https://ktff.org/maclar/12257
2018-04-22,2017-2018,1. Lig,Hamitköy ŞHSK,Çanakkale TSK,4,0,H,0,0,12258,https://ktff.org/maclar/12258
2018-04-22,2017-2018,1. Lig,Akova Vuda TÇBSK,Görneç KSK,6,2,H,0,0,12259,https://ktff.org/maclar/12259
2018-04-22,2017-2018,1. Lig,Mehmetçik TÇBSK,Doğancı SK,4,3,H,0,0,12260,https://ktff.org/maclar/12260
2018-04-23,2017-2018,Süper Lig,Çetinkaya TSK,Alsancak Yeşilova SK,0,0,D,0,0,12236,https://ktff.org/maclar/12236
2018-04-28,2017-2018,Süper Lig,Binatlı YSK,Mağusa Türk Gücü,1,1,D,0,0,12366,https://ktff.org/maclar/12366
2018-04-28,2017-2018,Süper Lig,Yalova SK,Türk Ocağı Limasol SK,2,0,H,0,0,12367,https://ktff.org/maclar/12367
2018-04-28,2017-2018,Süper Lig,Yenicami AK,Cihangir GSK,0,2,A,0,0,12368,https://ktff.org/maclar/12368
2018-04-28,2017-2018,Süper Lig,Alsancak Yeşilova SK,Gençlik Gücü TSK,1,1,D,0,0,12369,https://ktff.org/maclar/12369
2018-04-28,2017-2018,Süper Lig,Ozanköy SK,Baf Ülkü Yurdu,1,7,A,0,0,12370,https://ktff.org/maclar/12370
2018-04-28,2017-2018,Süper Lig,Yeniboğaziçi DSK,L. Gençler Birliği SK,1,4,A,0,0,12371,https://ktff.org/maclar/12371
2018-04-28,2017-2018,Süper Lig,Doğan Türk Birliği,Lefke TSK,3,2,H,0,0,12372,https://ktff.org/maclar/12372
2018-04-28,2017-2018,1. Lig,Gönyeli SK,Hamitköy ŞHSK,2,1,H,0,0,12382,https://ktff.org/maclar/12382
2018-04-29,2017-2018,Süper Lig,Küçük Kaymaklı TSK,Çetinkaya TSK,2,2,D,0,0,12373,https://ktff.org/maclar/12373
2018-04-29,2017-2018,1. Lig,Çanakkale TSK,Girne Halk Evi SK,2,1,H,0,0,12383,https://ktff.org/maclar/12383
2018-04-29,2017-2018,1. Lig,Mormenekşe GBSK,Bostancı Bağcıl SK,1,2,A,0,0,12384,https://ktff.org/maclar/12384
2018-04-29,2017-2018,1. Lig,Görneç KSK,Dumlupınar TSK,2,4,A,0,0,12385,https://ktff.org/maclar/12385
2018-04-29,2017-2018,1. Lig,Esentepe KSKK,Mehmetçik TÇBSK,1,0,H,0,0,12386,https://ktff.org/maclar/12386
2018-04-29,2017-2018,1. Lig,Doğancı SK,Akova Vuda TÇBSK,1,2,A,0,0,12387,https://ktff.org/maclar/12387
2018-04-29,2017-2018,1. Lig,Lapta Türk Birliği SK,Değirmenlik SK,2,3,A,0,0,12388,https://ktff.org/maclar/12388
2018-04-29,2017-2018,1. Lig,Göçmenköy İYSK,Maraş GSK,3,3,D,0,0,12389,https://ktff.org/maclar/12389
2018-05-04,2017-2018,Süper Lig,Çetinkaya TSK,Doğan Türk Birliği,3,3,D,0,0,12394,https://ktff.org/maclar/12394
2018-05-05,2017-2018,Süper Lig,Türk Ocağı Limasol SK,Yenicami AK,3,1,H,0,0,12395,https://ktff.org/maclar/12395
2018-05-05,2017-2018,Süper Lig,Baf Ülkü Yurdu,Yeniboğaziçi DSK,1,1,D,0,0,12396,https://ktff.org/maclar/12396
2018-05-05,2017-2018,Süper Lig,Alsancak Yeşilova SK,Küçük Kaymaklı TSK,5,2,H,0,0,12397,https://ktff.org/maclar/12397
2018-05-05,2017-2018,Süper Lig,Lefke TSK,Ozanköy SK,7,1,H,0,0,12398,https://ktff.org/maclar/12398
2018-05-05,2017-2018,Süper Lig,Gençlik Gücü TSK,Cihangir GSK,3,3,D,0,0,12399,https://ktff.org/maclar/12399
2018-05-05,2017-2018,Süper Lig,Mağusa Türk Gücü,Yalova SK,5,1,H,0,0,12400,https://ktff.org/maclar/12400
2018-05-05,2017-2018,Süper Lig,L. Gençler Birliği SK,Binatlı YSK,4,0,H,0,0,12401,https://ktff.org/maclar/12401
2018-05-06,2017-2018,1. Lig,Girne Halk Evi SK,Gönyeli SK,2,1,H,0,0,12410,https://ktff.org/maclar/12410
2018-05-06,2017-2018,1. Lig,Doğancı SK,Esentepe KSKK,5,0,H,0,0,12411,https://ktff.org/maclar/12411
2018-05-06,2017-2018,1. Lig,Bostancı Bağcıl SK,Lapta Türk Birliği SK,1,3,A,0,0,12412,https://ktff.org/maclar/12412
2018-05-06,2017-2018,1. Lig,Mehmetçik TÇBSK,Mormenekşe GBSK,1,2,A,0,0,12413,https://ktff.org/maclar/12413
2018-05-06,2017-2018,1. Lig,Hamitköy ŞHSK,Göçmenköy İYSK,3,2,H,0,0,12414,https://ktff.org/maclar/12414
2018-05-06,2017-2018,1. Lig,Akova Vuda TÇBSK,Dumlupınar TSK,3,2,H,0,0,12415,https://ktff.org/maclar/12415
2018-05-06,2017-2018,1. Lig,Değirmenlik SK,Çanakkale TSK,0,2,A,0,0,12416,https://ktff.org/maclar/12416
2018-05-06,2017-2018,1. Lig,Maraş GSK,Görneç KSK,3,0,H,1,0,12417,https://ktff.org/maclar/12417
2018-09-20,2018-2019,Süper Lig,Türk Ocağı Limasol SK,Doğan Türk Birliği,2,0,H,0,0,12543,https://ktff.org/maclar/12543
2018-09-21,2018-2019,Süper Lig,Çetinkaya TSK,Baf Ülkü Yurdu,1,0,H,0,0,12544,https://ktff.org/maclar/12544
2018-09-22,2018-2019,Süper Lig,L. Gençler Birliği SK,Gençlik Gücü TSK,1,1,D,0,0,12540,https://ktff.org/maclar/12540
2018-09-22,2018-2019,Süper Lig,Küçük Kaymaklı TSK,Cihangir GSK,2,2,D,0,0,12546,https://ktff.org/maclar/12546
2018-09-22,2018-2019,1. Lig,Değirmenlik SK,Doğancı SK,2,3,A,0,0,12659,https://ktff.org/maclar/12659
2018-09-22,2018-2019,1. Lig,Mormenekşe GBSK,Yalova SK,1,0,H,0,0,12662,https://ktff.org/maclar/12662
2018-09-22,2018-2019,1. Lig,Düzkaya KOSK,Göçmenköy İYSK,2,3,A,0,0,12665,https://ktff.org/maclar/12665
2018-09-22,2018-2019,1. Lig,Çanakkale TSK,Akova Vuda TÇBSK,0,2,A,0,0,12666,https://ktff.org/maclar/12666
2018-09-23,2018-2019,Süper Lig,Esentepe KSKK,Lefke TSK,1,1,D,0,0,12539,https://ktff.org/maclar/12539
2018-09-23,2018-2019,Süper Lig,Gönyeli SK,Girne Halk Evi SK,2,1,H,0,0,12541,https://ktff.org/maclar/12541
2018-09-23,2018-2019,Süper Lig,Alsancak Yeşilova SK,Mağusa Türk Gücü,0,5,A,0,0,12545,https://ktff.org/maclar/12545
2018-09-23,2018-2019,1. Lig,Maraş GSK,Dumlupınar TSK,0,3,A,0,0,12660,https://ktff.org/maclar/12660
2018-09-23,2018-2019,1. Lig,Hamitköy ŞHSK,M. Karşıyaka ASK,2,2,D,0,0,12661,https://ktff.org/maclar/12661
2018-09-23,2018-2019,1. Lig,Bostancı Bağcıl SK,Ozanköy SK,0,3,A,0,0,12663,https://ktff.org/maclar/12663
2018-09-23,2018-2019,1. Lig,Yeniboğaziçi DSK,Mesarya SK,0,0,D,0,0,12664,https://ktff.org/maclar/12664
2018-09-24,2018-2019,Süper Lig,Binatlı YSK,Yenicami AK,0,1,A,0,0,12542,https://ktff.org/maclar/12542
2018-09-28,2018-2019,Süper Lig,Mağusa Türk Gücü,Çetinkaya TSK,1,1,D,0,0,12552,https://ktff.org/maclar/12552
2018-09-29,2018-2019,Süper Lig,Gençlik Gücü TSK,Esentepe KSKK,4,0,H,0,0,12547,https://ktff.org/maclar/12547
2018-09-29,2018-2019,Süper Lig,Girne Halk Evi SK,L. Gençler Birliği SK,5,0,H,0,0,12548,https://ktff.org/maclar/12548
2018-09-29,2018-2019,Süper Lig,Baf Ülkü Yurdu,Türk Ocağı Limasol SK,4,2,H,0,0,12551,https://ktff.org/maclar/12551
2018-09-29,2018-2019,1. Lig,Dumlupınar TSK,Değirmenlik SK,4,0,H,0,0,12667,https://ktff.org/maclar/12667
2018-09-29,2018-2019,1. Lig,Yalova SK,Hamitköy ŞHSK,3,0,H,0,0,12669,https://ktff.org/maclar/12669
2018-09-29,2018-2019,1. Lig,Mesarya SK,Bostancı Bağcıl SK,2,3,A,0,0,12671,https://ktff.org/maclar/12671
2018-09-29,2018-2019,1. Lig,Göçmenköy İYSK,Yeniboğaziçi DSK,0,1,A,0,0,12672,https://ktff.org/maclar/12672
2018-09-29,2018-2019,1. Lig,Doğancı SK,Çanakkale TSK,1,5,A,0,0,12674,https://ktff.org/maclar/12674
2018-09-30,2018-2019,Süper Lig,Yenicami AK,Gönyeli SK,3,1,H,0,0,12549,https://ktff.org/maclar/12549
2018-09-30,2018-2019,Süper Lig,Cihangir GSK,Alsancak Yeşilova SK,1,4,A,0,0,12553,https://ktff.org/maclar/12553
2018-09-30,2018-2019,Süper Lig,Lefke TSK,Küçük Kaymaklı TSK,4,1,H,0,0,12554,https://ktff.org/maclar/12554
2018-09-30,2018-2019,1. Lig,M. Karşıyaka ASK,Maraş GSK,5,1,H,0,0,12668,https://ktff.org/maclar/12668
2018-09-30,2018-2019,1. Lig,Ozanköy SK,Mormenekşe GBSK,3,3,D,0,0,12670,https://ktff.org/maclar/12670
2018-09-30,2018-2019,1. Lig,Akova Vuda TÇBSK,Düzkaya KOSK,1,2,A,0,0,12673,https://ktff.org/maclar/12673
2018-10-01,2018-2019,Süper Lig,Doğan Türk Birliği,Binatlı YSK,1,2,A,0,0,12550,https://ktff.org/maclar/12550
2018-10-05,2018-2019,Süper Lig,Türk Ocağı Limasol SK,Mağusa Türk Gücü,1,2,A,0,0,12559,https://ktff.org/maclar/12559
2018-10-06,2018-2019,Süper Lig,Esentepe KSKK,Girne Halk Evi SK,2,1,H,0,0,12555,https://ktff.org/maclar/12555
2018-10-06,2018-2019,Süper Lig,L. Gençler Birliği SK,Yenicami AK,1,2,A,0,0,12556,https://ktff.org/maclar/12556
2018-10-06,2018-2019,Süper Lig,Çetinkaya TSK,Cihangir GSK,0,2,A,0,0,12560,https://ktff.org/maclar/12560
2018-10-06,2018-2019,1. Lig,Hamitköy ŞHSK,Ozanköy SK,7,0,H,0,0,12677,https://ktff.org/maclar/12677
2018-10-06,2018-2019,1. Lig,Mormenekşe GBSK,Mesarya SK,3,1,H,0,0,12678,https://ktff.org/maclar/12678
2018-10-06,2018-2019,1. Lig,Düzkaya KOSK,Çanakkale TSK,2,0,H,0,0,12681,https://ktff.org/maclar/12681
2018-10-06,2018-2019,1. Lig,Dumlupınar TSK,Doğancı SK,7,2,H,0,0,12682,https://ktff.org/maclar/12682
2018-10-07,2018-2019,Süper Lig,Gönyeli SK,Doğan Türk Birliği,4,1,H,0,0,12557,https://ktff.org/maclar/12557
2018-10-07,2018-2019,Süper Lig,Alsancak Yeşilova SK,Küçük Kaymaklı TSK,0,0,D,0,0,12561,https://ktff.org/maclar/12561
2018-10-07,2018-2019,Süper Lig,Gençlik Gücü TSK,Lefke TSK,1,1,D,0,0,12562,https://ktff.org/maclar/12562
2018-10-07,2018-2019,1. Lig,Değirmenlik SK,M. Karşıyaka ASK,1,2,A,0,0,12675,https://ktff.org/maclar/12675
2018-10-07,2018-2019,1. Lig,Maraş GSK,Yalova SK,1,3,A,0,0,12676,https://ktff.org/maclar/12676
2018-10-07,2018-2019,1. Lig,Bostancı Bağcıl SK,Göçmenköy İYSK,1,2,A,0,0,12679,https://ktff.org/maclar/12679
2018-10-07,2018-2019,1. Lig,Yeniboğaziçi DSK,Akova Vuda TÇBSK,1,4,A,0,0,12680,https://ktff.org/maclar/12680
2018-10-08,2018-2019,Süper Lig,Binatlı YSK,Baf Ülkü Yurdu,1,4,A,0,0,12558,https://ktff.org/maclar/12558
2018-10-12,2018-2019,Süper Lig,Lefke TSK,Alsancak Yeşilova SK,3,3,D,0,0,12569,https://ktff.org/maclar/12569
2018-10-13,2018-2019,Süper Lig,Doğan Türk Birliği,L. Gençler Birliği SK,5,2,H,0,0,12564,https://ktff.org/maclar/12564
2018-10-13,2018-2019,Süper Lig,Mağusa Türk Gücü,Binatlı YSK,4,1,H,0,0,12566,https://ktff.org/maclar/12566
2018-10-13,2018-2019,Süper Lig,Küçük Kaymaklı TSK,Çetinkaya TSK,1,1,D,0,0,12568,https://ktff.org/maclar/12568
2018-10-13,2018-2019,1. Lig,Yalova SK,Değirmenlik SK,4,1,H,0,0,12683,https://ktff.org/maclar/12683
2018-10-13,2018-2019,1. Lig,Göçmenköy İYSK,Mormenekşe GBSK,2,1,H,0,0,12686,https://ktff.org/maclar/12686
2018-10-13,2018-2019,1. Lig,Akova Vuda TÇBSK,Bostancı Bağcıl SK,5,0,H,0,0,12687,https://ktff.org/maclar/12687
2018-10-13,2018-2019,1. Lig,M. Karşıyaka ASK,Dumlupınar TSK,1,0,H,0,0,12690,https://ktff.org/maclar/12690
2018-10-14,2018-2019,Süper Lig,Yenicami AK,Esentepe KSKK,3,1,H,0,0,12563,https://ktff.org/maclar/12563
2018-10-14,2018-2019,Süper Lig,Baf Ülkü Yurdu,Gönyeli SK,3,1,H,0,0,12565,https://ktff.org/maclar/12565
2018-10-14,2018-2019,Süper Lig,Cihangir GSK,Türk Ocağı Limasol SK,3,2,H,0,0,12567,https://ktff.org/maclar/12567
2018-10-14,2018-2019,Süper Lig,Girne Halk Evi SK,Gençlik Gücü TSK,1,3,A,0,0,12570,https://ktff.org/maclar/12570
2018-10-14,2018-2019,1. Lig,Ozanköy SK,Maraş GSK,2,2,D,0,0,12684,https://ktff.org/maclar/12684
2018-10-14,2018-2019,1. Lig,Mesarya SK,Hamitköy ŞHSK,2,6,A,0,0,12685,https://ktff.org/maclar/12685
2018-10-14,2018-2019,1. Lig,Çanakkale TSK,Yeniboğaziçi DSK,1,4,A,0,0,12688,https://ktff.org/maclar/12688
2018-10-14,2018-2019,1. Lig,Doğancı SK,Düzkaya KOSK,1,0,H,0,0,12689,https://ktff.org/maclar/12689
2018-10-19,2018-2019,Süper Lig,Çetinkaya TSK,Alsancak Yeşilova SK,1,0,H,0,0,12576,https://ktff.org/maclar/12576
2018-10-20,2018-2019,Süper Lig,L. Gençler Birliği SK,Baf Ülkü Yurdu,0,0,D,0,0,12572,https://ktff.org/maclar/12572
2018-10-20,2018-2019,Süper Lig,Gönyeli SK,Mağusa Türk Gücü,5,1,H,0,0,12573,https://ktff.org/maclar/12573
2018-10-20,2018-2019,Süper Lig,Girne Halk Evi SK,Lefke TSK,3,0,H,0,0,12578,https://ktff.org/maclar/12578
2018-10-20,2018-2019,1. Lig,Hamitköy ŞHSK,Göçmenköy İYSK,3,1,H,0,0,12693,https://ktff.org/maclar/12693
2018-10-20,2018-2019,1. Lig,Mormenekşe GBSK,Akova Vuda TÇBSK,0,4,A,0,0,12694,https://ktff.org/maclar/12694
2018-10-20,2018-2019,1. Lig,Bostancı Bağcıl SK,Çanakkale TSK,4,0,H,0,0,12695,https://ktff.org/maclar/12695
2018-10-20,2018-2019,1. Lig,Dumlupınar TSK,Yalova SK,1,1,D,0,0,12697,https://ktff.org/maclar/12697
2018-10-21,2018-2019,Süper Lig,Esentepe KSKK,Doğan Türk Birliği,0,5,A,0,0,12571,https://ktff.org/maclar/12571
2018-10-21,2018-2019,Süper Lig,Binatlı YSK,Cihangir GSK,0,2,A,0,0,12574,https://ktff.org/maclar/12574
2018-10-21,2018-2019,Süper Lig,Türk Ocağı Limasol SK,Küçük Kaymaklı TSK,6,0,H,0,0,12575,https://ktff.org/maclar/12575
2018-10-21,2018-2019,1. Lig,Değirmenlik SK,Ozanköy SK,0,3,A,0,0,12691,https://ktff.org/maclar/12691
2018-10-21,2018-2019,1. Lig,Maraş GSK,Mesarya SK,0,1,A,0,0,12692,https://ktff.org/maclar/12692
2018-10-21,2018-2019,1. Lig,Yeniboğaziçi DSK,Düzkaya KOSK,1,2,A,0,0,12696,https://ktff.org/maclar/12696
2018-10-21,2018-2019,1. Lig,M. Karşıyaka ASK,Doğancı SK,1,0,H,0,0,12698,https://ktff.org/maclar/12698
2018-10-23,2018-2019,Süper Lig,Gençlik Gücü TSK,Yenicami AK,2,6,A,0,0,12577,https://ktff.org/maclar/12577
2018-10-26,2018-2019,Süper Lig,Lefke TSK,Çetinkaya TSK,5,2,H,0,0,12584,https://ktff.org/maclar/12584
2018-10-27,2018-2019,Süper Lig,Cihangir GSK,Gönyeli SK,1,2,A,0,0,12581,https://ktff.org/maclar/12581
2018-10-27,2018-2019,Süper Lig,Doğan Türk Birliği,Gençlik Gücü TSK,4,1,H,0,0,12585,https://ktff.org/maclar/12585
2018-10-27,2018-2019,Süper Lig,Yenicami AK,Girne Halk Evi SK,3,1,H,0,0,12586,https://ktff.org/maclar/12586
2018-10-27,2018-2019,1. Lig,Mesarya SK,Değirmenlik SK,2,0,H,0,0,12699,https://ktff.org/maclar/12699
2018-10-27,2018-2019,1. Lig,Göçmenköy İYSK,Maraş GSK,3,0,H,0,0,12700,https://ktff.org/maclar/12700
2018-10-27,2018-2019,1. Lig,Akova Vuda TÇBSK,Hamitköy ŞHSK,2,3,A,0,0,12701,https://ktff.org/maclar/12701
2018-10-27,2018-2019,1. Lig,Ozanköy SK,Dumlupınar TSK,2,1,H,0,0,12705,https://ktff.org/maclar/12705
2018-10-27,2018-2019,1. Lig,Yalova SK,M. Karşıyaka ASK,1,0,H,0,0,12706,https://ktff.org/maclar/12706
2018-10-28,2018-2019,Süper Lig,Baf Ülkü Yurdu,Esentepe KSKK,3,2,H,0,0,12579,https://ktff.org/maclar/12579
2018-10-28,2018-2019,Süper Lig,Küçük Kaymaklı TSK,Binatlı YSK,2,2,D,0,0,12582,https://ktff.org/maclar/12582
2018-10-28,2018-2019,Süper Lig,Alsancak Yeşilova SK,Türk Ocağı Limasol SK,1,3,A,0,0,12583,https://ktff.org/maclar/12583
2018-10-28,2018-2019,1. Lig,Çanakkale TSK,Mormenekşe GBSK,2,0,H,0,0,12702,https://ktff.org/maclar/12702
2018-10-28,2018-2019,1. Lig,Düzkaya KOSK,Bostancı Bağcıl SK,2,0,H,0,0,12703,https://ktff.org/maclar/12703
2018-10-28,2018-2019,1. Lig,Doğancı SK,Yeniboğaziçi DSK,1,0,H,0,0,12704,https://ktff.org/maclar/12704
2018-10-29,2018-2019,Süper Lig,Mağusa Türk Gücü,L. Gençler Birliği SK,4,1,H,0,0,12580,https://ktff.org/maclar/12580
2018-11-03,2018-2019,Süper Lig,Gönyeli SK,Küçük Kaymaklı TSK,1,1,D,0,0,12589,https://ktff.org/maclar/12589
2018-11-03,2018-2019,Süper Lig,Binatlı YSK,Alsancak Yeşilova SK,2,0,H,0,0,12590,https://ktff.org/maclar/12590
2018-11-03,2018-2019,Süper Lig,Türk Ocağı Limasol SK,Çetinkaya TSK,1,1,D,0,0,12591,https://ktff.org/maclar/12591
2018-11-03,2018-2019,1. Lig,Maraş GSK,Akova Vuda TÇBSK,2,6,A,0,0,12708,https://ktff.org/maclar/12708
2018-11-03,2018-2019,1. Lig,Mormenekşe GBSK,Düzkaya KOSK,3,2,H,0,0,12710,https://ktff.org/maclar/12710
2018-11-03,2018-2019,1. Lig,Bostancı Bağcıl SK,Yeniboğaziçi DSK,1,2,A,0,0,12711,https://ktff.org/maclar/12711
2018-11-03,2018-2019,1. Lig,M. Karşıyaka ASK,Ozanköy SK,2,2,D,0,0,12713,https://ktff.org/maclar/12713
2018-11-03,2018-2019,1. Lig,Yalova SK,Doğancı SK,1,1,D,0,0,12714,https://ktff.org/maclar/12714
2018-11-04,2018-2019,Süper Lig,Esentepe KSKK,Mağusa Türk Gücü,0,1,A,0,0,12587,https://ktff.org/maclar/12587
2018-11-04,2018-2019,Süper Lig,L. Gençler Birliği SK,Cihangir GSK,2,2,D,0,0,12588,https://ktff.org/maclar/12588
2018-11-04,2018-2019,Süper Lig,Gençlik Gücü TSK,Baf Ülkü Yurdu,2,2,D,0,0,12592,https://ktff.org/maclar/12592
2018-11-04,2018-2019,Süper Lig,Yenicami AK,Lefke TSK,5,0,H,0,0,12594,https://ktff.org/maclar/12594
2018-11-04,2018-2019,1. Lig,Değirmenlik SK,Göçmenköy İYSK,0,1,A,0,0,12707,https://ktff.org/maclar/12707
2018-11-04,2018-2019,1. Lig,Hamitköy ŞHSK,Çanakkale TSK,3,0,H,0,0,12709,https://ktff.org/maclar/12709
2018-11-04,2018-2019,1. Lig,Dumlupınar TSK,Mesarya SK,2,3,A,0,0,12712,https://ktff.org/maclar/12712
2018-11-05,2018-2019,Süper Lig,Girne Halk Evi SK,Doğan Türk Birliği,1,3,A,0,0,12593,https://ktff.org/maclar/12593
2018-11-10,2018-2019,Süper Lig,Cihangir GSK,Esentepe KSKK,2,1,H,0,0,12595,https://ktff.org/maclar/12595
2018-11-10,2018-2019,Süper Lig,Çetinkaya TSK,Binatlı YSK,0,3,A,0,0,12598,https://ktff.org/maclar/12598
2018-11-10,2018-2019,Süper Lig,Lefke TSK,Türk Ocağı Limasol SK,0,2,A,0,0,12599,https://ktff.org/maclar/12599
2018-11-10,2018-2019,Süper Lig,Mağusa Türk Gücü,Gençlik Gücü TSK,4,3,H,0,0,12600,https://ktff.org/maclar/12600
2018-11-10,2018-2019,1. Lig,Düzkaya KOSK,Hamitköy ŞHSK,4,1,H,0,0,12717,https://ktff.org/maclar/12717
2018-11-10,2018-2019,1. Lig,Yeniboğaziçi DSK,Mormenekşe GBSK,0,4,A,0,0,12718,https://ktff.org/maclar/12718
2018-11-10,2018-2019,1. Lig,Mesarya SK,M. Karşıyaka ASK,1,1,D,0,0,12721,https://ktff.org/maclar/12721
2018-11-11,2018-2019,Süper Lig,Küçük Kaymaklı TSK,L. Gençler Birliği SK,1,0,H,0,0,12596,https://ktff.org/maclar/12596
2018-11-11,2018-2019,Süper Lig,Alsancak Yeşilova SK,Gönyeli SK,4,1,H,0,0,12597,https://ktff.org/maclar/12597
2018-11-11,2018-2019,Süper Lig,Baf Ülkü Yurdu,Girne Halk Evi SK,5,0,H,0,0,12601,https://ktff.org/maclar/12601
2018-11-11,2018-2019,1. Lig,Akova Vuda TÇBSK,Değirmenlik SK,4,1,H,0,0,12715,https://ktff.org/maclar/12715
2018-11-11,2018-2019,1. Lig,Çanakkale TSK,Maraş GSK,2,1,H,0,0,12716,https://ktff.org/maclar/12716
2018-11-11,2018-2019,1. Lig,Doğancı SK,Bostancı Bağcıl SK,0,0,D,0,0,12719,https://ktff.org/maclar/12719
2018-11-11,2018-2019,1. Lig,Göçmenköy İYSK,Dumlupınar TSK,3,0,H,0,0,12720,https://ktff.org/maclar/12720
2018-11-11,2018-2019,1. Lig,Ozanköy SK,Yalova SK,3,0,H,0,0,12722,https://ktff.org/maclar/12722
2018-11-12,2018-2019,Süper Lig,Doğan Türk Birliği,Yenicami AK,0,1,A,0,0,12602,https://ktff.org/maclar/12602
2018-11-16,2018-2019,Süper Lig,Binatlı YSK,Türk Ocağı Limasol SK,0,3,A,0,0,13113,https://ktff.org/maclar/13113
2018-11-17,2018-2019,Süper Lig,Esentepe KSKK,Küçük Kaymaklı TSK,0,1,A,0,0,12603,https://ktff.org/maclar/12603
2018-11-17,2018-2019,Süper Lig,Gençlik Gücü TSK,Cihangir GSK,2,3,A,0,0,12607,https://ktff.org/maclar/12607
2018-11-17,2018-2019,Süper Lig,Girne Halk Evi SK,Mağusa Türk Gücü,0,2,A,0,0,12608,https://ktff.org/maclar/12608
2018-11-17,2018-2019,Süper Lig,Yenicami AK,Baf Ülkü Yurdu,1,1,D,0,0,12609,https://ktff.org/maclar/12609
2018-11-17,2018-2019,1. Lig,Maraş GSK,Düzkaya KOSK,1,0,H,0,0,12724,https://ktff.org/maclar/12724
2018-11-17,2018-2019,1. Lig,Mormenekşe GBSK,Bostancı Bağcıl SK,1,2,A,0,0,12726,https://ktff.org/maclar/12726
2018-11-17,2018-2019,1. Lig,M. Karşıyaka ASK,Göçmenköy İYSK,0,1,A,0,0,12728,https://ktff.org/maclar/12728
2018-11-17,2018-2019,1. Lig,Yalova SK,Mesarya SK,1,1,D,0,0,12729,https://ktff.org/maclar/12729
2018-11-17,2018-2019,1. Lig,Ozanköy SK,Doğancı SK,0,1,A,0,0,12730,https://ktff.org/maclar/12730
2018-11-18,2018-2019,Süper Lig,L. Gençler Birliği SK,Alsancak Yeşilova SK,2,3,A,0,0,12604,https://ktff.org/maclar/12604
2018-11-18,2018-2019,Süper Lig,Gönyeli SK,Çetinkaya TSK,0,1,A,0,0,12605,https://ktff.org/maclar/12605
2018-11-18,2018-2019,Süper Lig,Doğan Türk Birliği,Lefke TSK,2,1,H,0,0,12610,https://ktff.org/maclar/12610
2018-11-18,2018-2019,1. Lig,Değirmenlik SK,Çanakkale TSK,1,3,A,0,0,12723,https://ktff.org/maclar/12723
2018-11-18,2018-2019,1. Lig,Hamitköy ŞHSK,Yeniboğaziçi DSK,1,1,D,0,0,12725,https://ktff.org/maclar/12725
2018-11-18,2018-2019,1. Lig,Dumlupınar TSK,Akova Vuda TÇBSK,2,2,D,0,0,12727,https://ktff.org/maclar/12727
2018-11-23,2018-2019,Süper Lig,Mağusa Türk Gücü,Yenicami AK,3,0,H,0,0,12617,https://ktff.org/maclar/12617
2018-11-24,2018-2019,Süper Lig,Alsancak Yeşilova SK,Esentepe KSKK,2,1,H,0,0,12611,https://ktff.org/maclar/12611
2018-11-24,2018-2019,Süper Lig,Küçük Kaymaklı TSK,Gençlik Gücü TSK,1,1,D,0,0,12615,https://ktff.org/maclar/12615
2018-11-24,2018-2019,Süper Lig,Baf Ülkü Yurdu,Doğan Türk Birliği,0,1,A,0,0,12618,https://ktff.org/maclar/12618
2018-11-24,2018-2019,1. Lig,Düzkaya KOSK,Değirmenlik SK,3,1,H,0,0,12731,https://ktff.org/maclar/12731
2018-11-24,2018-2019,1. Lig,Yeniboğaziçi DSK,Maraş GSK,1,4,A,0,0,12732,https://ktff.org/maclar/12732
2018-11-24,2018-2019,1. Lig,Doğancı SK,Mormenekşe GBSK,3,0,H,0,0,12734,https://ktff.org/maclar/12734
2018-11-24,2018-2019,1. Lig,Akova Vuda TÇBSK,M. Karşıyaka ASK,2,2,D,0,0,12736,https://ktff.org/maclar/12736
2018-11-24,2018-2019,1. Lig,Göçmenköy İYSK,Yalova SK,2,4,A,0,0,12737,https://ktff.org/maclar/12737
2018-11-24,2018-2019,1. Lig,Mesarya SK,Ozanköy SK,1,4,A,0,0,12738,https://ktff.org/maclar/12738
2018-11-25,2018-2019,Süper Lig,Çetinkaya TSK,L. Gençler Birliği SK,3,0,H,0,0,12612,https://ktff.org/maclar/12612
2018-11-25,2018-2019,Süper Lig,Türk Ocağı Limasol SK,Gönyeli SK,0,3,A,0,0,12613,https://ktff.org/maclar/12613
2018-11-25,2018-2019,Süper Lig,Cihangir GSK,Girne Halk Evi SK,2,1,H,0,0,12616,https://ktff.org/maclar/12616
2018-11-25,2018-2019,1. Lig,Bostancı Bağcıl SK,Hamitköy ŞHSK,2,3,A,0,0,12733,https://ktff.org/maclar/12733
2018-11-25,2018-2019,1. Lig,Çanakkale TSK,Dumlupınar TSK,2,1,H,0,0,12735,https://ktff.org/maclar/12735
2018-11-26,2018-2019,Süper Lig,Lefke TSK,Binatlı YSK,2,1,H,0,0,12614,https://ktff.org/maclar/12614
2018-11-30,2018-2019,Süper Lig,Doğan Türk Birliği,Mağusa Türk Gücü,0,1,A,0,0,12625,https://ktff.org/maclar/12625
2018-12-01,2018-2019,Süper Lig,Esentepe KSKK,Çetinkaya TSK,1,0,H,0,0,12619,https://ktff.org/maclar/12619
2018-12-01,2018-2019,Süper Lig,Gönyeli SK,Binatlı YSK,3,1,H,0,0,12621,https://ktff.org/maclar/12621
2018-12-01,2018-2019,Süper Lig,Baf Ülkü Yurdu,Lefke TSK,0,2,A,0,0,12626,https://ktff.org/maclar/12626
2018-12-01,2018-2019,1. Lig,Değirmenlik SK,Yeniboğaziçi DSK,1,5,A,0,0,12739,https://ktff.org/maclar/12739
2018-12-01,2018-2019,1. Lig,Maraş GSK,Bostancı Bağcıl SK,2,6,A,0,0,12740,https://ktff.org/maclar/12740
2018-12-01,2018-2019,1. Lig,M. Karşıyaka ASK,Çanakkale TSK,4,2,H,0,0,12743,https://ktff.org/maclar/12743
2018-12-01,2018-2019,1. Lig,Yalova SK,Akova Vuda TÇBSK,1,0,H,0,0,12744,https://ktff.org/maclar/12744
2018-12-01,2018-2019,1. Lig,Mesarya SK,Doğancı SK,4,0,H,0,0,12746,https://ktff.org/maclar/12746
2018-12-02,2018-2019,Süper Lig,L. Gençler Birliği SK,Türk Ocağı Limasol SK,1,1,D,0,0,12620,https://ktff.org/maclar/12620
2018-12-02,2018-2019,Süper Lig,Gençlik Gücü TSK,Alsancak Yeşilova SK,0,2,A,0,0,12622,https://ktff.org/maclar/12622
2018-12-02,2018-2019,Süper Lig,Girne Halk Evi SK,Küçük Kaymaklı TSK,1,1,D,0,0,12623,https://ktff.org/maclar/12623
2018-12-02,2018-2019,1. Lig,Hamitköy ŞHSK,Mormenekşe GBSK,4,1,H,0,0,12741,https://ktff.org/maclar/12741
2018-12-02,2018-2019,1. Lig,Dumlupınar TSK,Düzkaya KOSK,0,2,A,0,0,12742,https://ktff.org/maclar/12742
2018-12-02,2018-2019,1. Lig,Ozanköy SK,Göçmenköy İYSK,0,2,A,0,0,12745,https://ktff.org/maclar/12745
2018-12-03,2018-2019,Süper Lig,Yenicami AK,Cihangir GSK,2,2,D,0,0,12624,https://ktff.org/maclar/12624
2018-12-08,2018-2019,1. Lig,Akova Vuda TÇBSK,Ozanköy SK,3,0,H,0,0,12753,https://ktff.org/maclar/12753
2018-12-09,2018-2019,Süper Lig,Binatlı YSK,L. Gençler Birliği SK,1,2,A,0,0,12628,https://ktff.org/maclar/12628
2018-12-09,2018-2019,Süper Lig,Lefke TSK,Gönyeli SK,2,0,H,0,0,12629,https://ktff.org/maclar/12629
2018-12-09,2018-2019,Süper Lig,Çetinkaya TSK,Gençlik Gücü TSK,5,2,H,0,0,12630,https://ktff.org/maclar/12630
2018-12-09,2018-2019,Süper Lig,Alsancak Yeşilova SK,Girne Halk Evi SK,2,1,H,0,0,12631,https://ktff.org/maclar/12631
2018-12-09,2018-2019,Süper Lig,Küçük Kaymaklı TSK,Yenicami AK,1,4,A,0,0,12632,https://ktff.org/maclar/12632
2018-12-09,2018-2019,Süper Lig,Cihangir GSK,Doğan Türk Birliği,0,2,A,0,0,12633,https://ktff.org/maclar/12633
2018-12-09,2018-2019,Süper Lig,Mağusa Türk Gücü,Baf Ülkü Yurdu,1,0,H,0,0,12634,https://ktff.org/maclar/12634
2018-12-09,2018-2019,1. Lig,Bostancı Bağcıl SK,Değirmenlik SK,3,0,H,0,0,12747,https://ktff.org/maclar/12747
2018-12-09,2018-2019,1. Lig,Mormenekşe GBSK,Maraş GSK,4,0,H,0,0,12748,https://ktff.org/maclar/12748
2018-12-09,2018-2019,1. Lig,Doğancı SK,Hamitköy ŞHSK,0,2,A,0,0,12749,https://ktff.org/maclar/12749
2018-12-09,2018-2019,1. Lig,Yeniboğaziçi DSK,Dumlupınar TSK,0,1,A,0,0,12750,https://ktff.org/maclar/12750
2018-12-09,2018-2019,1. Lig,Düzkaya KOSK,M. Karşıyaka ASK,2,1,H,0,0,12751,https://ktff.org/maclar/12751
2018-12-09,2018-2019,1. Lig,Çanakkale TSK,Yalova SK,0,1,A,0,0,12752,https://ktff.org/maclar/12752
2018-12-09,2018-2019,1. Lig,Göçmenköy İYSK,Mesarya SK,1,1,D,0,0,12754,https://ktff.org/maclar/12754
2018-12-10,2018-2019,Süper Lig,Türk Ocağı Limasol SK,Esentepe KSKK,1,0,H,0,0,12627,https://ktff.org/maclar/12627
2018-12-14,2018-2019,Süper Lig,Mağusa Türk Gücü,Lefke TSK,1,1,D,0,0,12642,https://ktff.org/maclar/12642
2018-12-15,2018-2019,Süper Lig,L. Gençler Birliği SK,Gönyeli SK,0,0,D,0,0,12636,https://ktff.org/maclar/12636
2018-12-15,2018-2019,Süper Lig,Girne Halk Evi SK,Çetinkaya TSK,1,2,A,0,0,12638,https://ktff.org/maclar/12638
2018-12-15,2018-2019,Süper Lig,Yenicami AK,Alsancak Yeşilova SK,6,2,H,0,0,12639,https://ktff.org/maclar/12639
2018-12-15,2018-2019,1. Lig,Değirmenlik SK,Mormenekşe GBSK,4,2,H,0,0,12755,https://ktff.org/maclar/12755
2018-12-15,2018-2019,1. Lig,Maraş GSK,Hamitköy ŞHSK,3,1,H,0,0,12756,https://ktff.org/maclar/12756
2018-12-15,2018-2019,1. Lig,M. Karşıyaka ASK,Yeniboğaziçi DSK,2,2,D,0,0,12758,https://ktff.org/maclar/12758
2018-12-15,2018-2019,1. Lig,Ozanköy SK,Çanakkale TSK,3,0,H,0,0,12760,https://ktff.org/maclar/12760
2018-12-16,2018-2019,Süper Lig,Esentepe KSKK,Binatlı YSK,1,2,A,0,0,12635,https://ktff.org/maclar/12635
2018-12-16,2018-2019,Süper Lig,Gençlik Gücü TSK,Türk Ocağı Limasol SK,3,1,H,0,0,12637,https://ktff.org/maclar/12637
2018-12-16,2018-2019,Süper Lig,Doğan Türk Birliği,Küçük Kaymaklı TSK,2,0,H,0,0,12640,https://ktff.org/maclar/12640
2018-12-16,2018-2019,1. Lig,Dumlupınar TSK,Bostancı Bağcıl SK,3,0,H,0,0,12757,https://ktff.org/maclar/12757
2018-12-16,2018-2019,1. Lig,Yalova SK,Düzkaya KOSK,0,0,D,0,0,12759,https://ktff.org/maclar/12759
2018-12-16,2018-2019,1. Lig,Mesarya SK,Akova Vuda TÇBSK,2,3,A,0,0,12761,https://ktff.org/maclar/12761
2018-12-16,2018-2019,1. Lig,Göçmenköy İYSK,Doğancı SK,2,1,H,0,0,12762,https://ktff.org/maclar/12762
2018-12-17,2018-2019,Süper Lig,Baf Ülkü Yurdu,Cihangir GSK,3,0,H,0,0,12641,https://ktff.org/maclar/12641
2018-12-21,2018-2019,Süper Lig,Çetinkaya TSK,Yenicami AK,2,1,H,0,0,12647,https://ktff.org/maclar/12647
2018-12-22,2018-2019,Süper Lig,Binatlı YSK,Gençlik Gücü TSK,1,3,A,0,0,12645,https://ktff.org/maclar/12645
2018-12-22,2018-2019,Süper Lig,Türk Ocağı Limasol SK,Girne Halk Evi SK,4,0,H,0,0,12646,https://ktff.org/maclar/12646
2018-12-22,2018-2019,Süper Lig,Küçük Kaymaklı TSK,Baf Ülkü Yurdu,2,3,A,0,0,12649,https://ktff.org/maclar/12649
2018-12-22,2018-2019,1. Lig,Doğancı SK,Maraş GSK,0,1,A,0,0,12764,https://ktff.org/maclar/12764
2018-12-22,2018-2019,1. Lig,Yeniboğaziçi DSK,Yalova SK,1,0,H,0,0,12767,https://ktff.org/maclar/12767
2018-12-22,2018-2019,1. Lig,Çanakkale TSK,Mesarya SK,1,3,A,0,0,12769,https://ktff.org/maclar/12769
2018-12-22,2018-2019,1. Lig,Akova Vuda TÇBSK,Göçmenköy İYSK,4,1,H,0,0,12770,https://ktff.org/maclar/12770
2018-12-23,2018-2019,Süper Lig,Gönyeli SK,Esentepe KSKK,1,0,H,0,0,12643,https://ktff.org/maclar/12643
2018-12-23,2018-2019,Süper Lig,Lefke TSK,L. Gençler Birliği SK,2,0,H,0,0,12644,https://ktff.org/maclar/12644
2018-12-23,2018-2019,Süper Lig,Alsancak Yeşilova SK,Doğan Türk Birliği,0,2,A,0,0,12648,https://ktff.org/maclar/12648
2018-12-23,2018-2019,Süper Lig,Cihangir GSK,Mağusa Türk Gücü,4,3,H,0,0,12650,https://ktff.org/maclar/12650
2018-12-23,2018-2019,1. Lig,Hamitköy ŞHSK,Değirmenlik SK,1,1,D,0,0,12763,https://ktff.org/maclar/12763
2018-12-23,2018-2019,1. Lig,Mormenekşe GBSK,Dumlupınar TSK,1,2,A,0,0,12765,https://ktff.org/maclar/12765
2018-12-23,2018-2019,1. Lig,Bostancı Bağcıl SK,M. Karşıyaka ASK,4,1,H,0,0,12766,https://ktff.org/maclar/12766
2018-12-23,2018-2019,1. Lig,Düzkaya KOSK,Ozanköy SK,0,1,A,0,0,12768,https://ktff.org/maclar/12768
2018-12-27,2018-2019,Süper Lig,Yenicami AK,Türk Ocağı Limasol SK,0,0,D,0,0,12654,https://ktff.org/maclar/12654
2018-12-28,2018-2019,Süper Lig,Doğan Türk Birliği,Çetinkaya TSK,2,1,H,0,0,12655,https://ktff.org/maclar/12655
2018-12-28,2018-2019,Süper Lig,Baf Ülkü Yurdu,Alsancak Yeşilova SK,0,1,A,0,0,12656,https://ktff.org/maclar/12656
2018-12-29,2018-2019,Süper Lig,Esentepe KSKK,L. Gençler Birliği SK,2,3,A,0,0,12651,https://ktff.org/maclar/12651
2018-12-29,2018-2019,Süper Lig,Gençlik Gücü TSK,Gönyeli SK,1,2,A,0,0,12652,https://ktff.org/maclar/12652
2018-12-29,2018-2019,Süper Lig,Girne Halk Evi SK,Binatlı YSK,1,1,D,0,0,12653,https://ktff.org/maclar/12653
2018-12-29,2018-2019,Süper Lig,Mağusa Türk Gücü,Küçük Kaymaklı TSK,6,1,H,0,0,12657,https://ktff.org/maclar/12657
2018-12-29,2018-2019,Süper Lig,Cihangir GSK,Lefke TSK,2,0,H,0,0,12658,https://ktff.org/maclar/12658
2018-12-29,2018-2019,1. Lig,Değirmenlik SK,Maraş GSK,3,2,H,0,0,12771,https://ktff.org/maclar/12771
2018-12-29,2018-2019,1. Lig,Dumlupınar TSK,Hamitköy ŞHSK,2,3,A,0,0,12772,https://ktff.org/maclar/12772
2018-12-29,2018-2019,1. Lig,M. Karşıyaka ASK,Mormenekşe GBSK,1,0,H,0,0,12773,https://ktff.org/maclar/12773
2018-12-29,2018-2019,1. Lig,Yalova SK,Bostancı Bağcıl SK,1,0,H,0,0,12774,https://ktff.org/maclar/12774
2018-12-29,2018-2019,1. Lig,Ozanköy SK,Yeniboğaziçi DSK,1,0,H,0,0,12775,https://ktff.org/maclar/12775
2018-12-29,2018-2019,1. Lig,Mesarya SK,Düzkaya KOSK,2,0,H,0,0,12776,https://ktff.org/maclar/12776
2018-12-29,2018-2019,1. Lig,Göçmenköy İYSK,Çanakkale TSK,9,0,H,0,0,12777,https://ktff.org/maclar/12777
2018-12-29,2018-2019,1. Lig,Akova Vuda TÇBSK,Doğancı SK,1,1,D,0,0,12778,https://ktff.org/maclar/12778
2019-02-01,2018-2019,Süper Lig,Baf Ülkü Yurdu,Çetinkaya TSK,1,1,D,0,0,13200,https://ktff.org/maclar/13200
2019-02-02,2018-2019,Süper Lig,Lefke TSK,Esentepe KSKK,4,0,H,0,0,13199,https://ktff.org/maclar/13199
2019-02-02,2018-2019,Süper Lig,Cihangir GSK,Küçük Kaymaklı TSK,5,1,H,0,0,13201,https://ktff.org/maclar/13201
2019-02-02,2018-2019,Süper Lig,Yenicami AK,Binatlı YSK,4,3,H,0,0,13202,https://ktff.org/maclar/13202
2019-02-02,2018-2019,1. Lig,Mesarya SK,Yeniboğaziçi DSK,4,3,H,0,0,13333,https://ktff.org/maclar/13333
2019-02-02,2018-2019,1. Lig,M. Karşıyaka ASK,Hamitköy ŞHSK,4,0,H,0,0,13334,https://ktff.org/maclar/13334
2019-02-02,2018-2019,1. Lig,Ozanköy SK,Bostancı Bağcıl SK,2,1,H,0,0,13336,https://ktff.org/maclar/13336
2019-02-02,2018-2019,1. Lig,Dumlupınar TSK,Maraş GSK,1,0,H,0,0,13340,https://ktff.org/maclar/13340
2019-02-03,2018-2019,Süper Lig,Girne Halk Evi SK,Gönyeli SK,0,1,A,0,0,13198,https://ktff.org/maclar/13198
2019-02-03,2018-2019,Süper Lig,Mağusa Türk Gücü,Alsancak Yeşilova SK,2,1,H,0,0,13203,https://ktff.org/maclar/13203
2019-02-03,2018-2019,Süper Lig,Gençlik Gücü TSK,L. Gençler Birliği SK,6,2,H,0,0,13204,https://ktff.org/maclar/13204
2019-02-03,2018-2019,1. Lig,Göçmenköy İYSK,Düzkaya KOSK,3,2,H,0,0,13335,https://ktff.org/maclar/13335
2019-02-03,2018-2019,1. Lig,Yalova SK,Mormenekşe GBSK,3,2,H,0,0,13337,https://ktff.org/maclar/13337
2019-02-03,2018-2019,1. Lig,Akova Vuda TÇBSK,Çanakkale TSK,3,3,D,0,0,13338,https://ktff.org/maclar/13338
2019-02-03,2018-2019,1. Lig,Doğancı SK,Değirmenlik SK,4,2,H,0,0,13339,https://ktff.org/maclar/13339
2019-02-04,2018-2019,Süper Lig,Doğan Türk Birliği,Türk Ocağı Limasol SK,3,0,H,0,0,13197,https://ktff.org/maclar/13197
2019-02-09,2018-2019,Süper Lig,Gönyeli SK,Yenicami AK,1,2,A,0,0,13205,https://ktff.org/maclar/13205
2019-02-09,2018-2019,Süper Lig,L. Gençler Birliği SK,Girne Halk Evi SK,1,0,H,0,0,13208,https://ktff.org/maclar/13208
2019-02-09,2018-2019,Süper Lig,Alsancak Yeşilova SK,Cihangir GSK,4,2,H,0,0,13209,https://ktff.org/maclar/13209
2019-02-09,2018-2019,Süper Lig,Esentepe KSKK,Gençlik Gücü TSK,4,1,H,0,0,13210,https://ktff.org/maclar/13210
2019-02-09,2018-2019,Süper Lig,Küçük Kaymaklı TSK,Lefke TSK,1,2,A,0,0,13212,https://ktff.org/maclar/13212
2019-02-09,2018-2019,1. Lig,Düzkaya KOSK,Akova Vuda TÇBSK,1,1,D,0,0,13344,https://ktff.org/maclar/13344
2019-02-09,2018-2019,1. Lig,Maraş GSK,M. Karşıyaka ASK,3,1,H,0,0,13345,https://ktff.org/maclar/13345
2019-02-09,2018-2019,1. Lig,Çanakkale TSK,Doğancı SK,2,1,H,0,0,13346,https://ktff.org/maclar/13346
2019-02-09,2018-2019,1. Lig,Bostancı Bağcıl SK,Mesarya SK,1,1,D,0,0,13347,https://ktff.org/maclar/13347
2019-02-10,2018-2019,Süper Lig,Çetinkaya TSK,Mağusa Türk Gücü,2,1,H,0,0,13206,https://ktff.org/maclar/13206
2019-02-10,2018-2019,Süper Lig,Binatlı YSK,Doğan Türk Birliği,1,4,A,0,0,13207,https://ktff.org/maclar/13207
2019-02-10,2018-2019,Süper Lig,Türk Ocağı Limasol SK,Baf Ülkü Yurdu,4,1,H,0,0,13211,https://ktff.org/maclar/13211
2019-02-10,2018-2019,1. Lig,Mormenekşe GBSK,Ozanköy SK,1,4,A,0,0,13341,https://ktff.org/maclar/13341
2019-02-10,2018-2019,1. Lig,Hamitköy ŞHSK,Yalova SK,2,2,D,0,0,13342,https://ktff.org/maclar/13342
2019-02-10,2018-2019,1. Lig,Yeniboğaziçi DSK,Göçmenköy İYSK,0,2,A,0,0,13343,https://ktff.org/maclar/13343
2019-02-10,2018-2019,1. Lig,Değirmenlik SK,Dumlupınar TSK,2,2,D,0,0,13348,https://ktff.org/maclar/13348
2019-02-16,2018-2019,Süper Lig,Girne Halk Evi SK,Esentepe KSKK,5,1,H,0,0,13216,https://ktff.org/maclar/13216
2019-02-16,2018-2019,Süper Lig,Lefke TSK,Gençlik Gücü TSK,3,0,H,0,0,13218,https://ktff.org/maclar/13218
2019-02-16,2018-2019,Süper Lig,Küçük Kaymaklı TSK,Alsancak Yeşilova SK,2,4,A,0,0,13219,https://ktff.org/maclar/13219
2019-02-16,2018-2019,1. Lig,Akova Vuda TÇBSK,Yeniboğaziçi DSK,2,0,H,0,0,13349,https://ktff.org/maclar/13349
2019-02-16,2018-2019,1. Lig,Göçmenköy İYSK,Bostancı Bağcıl SK,3,1,H,0,0,13352,https://ktff.org/maclar/13352
2019-02-16,2018-2019,1. Lig,M. Karşıyaka ASK,Değirmenlik SK,1,1,D,0,0,13354,https://ktff.org/maclar/13354
2019-02-16,2018-2019,1. Lig,Yalova SK,Maraş GSK,1,0,H,0,0,13355,https://ktff.org/maclar/13355
2019-02-17,2018-2019,Süper Lig,Mağusa Türk Gücü,Türk Ocağı Limasol SK,2,1,H,0,0,13213,https://ktff.org/maclar/13213
2019-02-17,2018-2019,Süper Lig,Doğan Türk Birliği,Gönyeli SK,2,1,H,0,0,13214,https://ktff.org/maclar/13214
2019-02-17,2018-2019,Süper Lig,Cihangir GSK,Çetinkaya TSK,2,1,H,0,0,13215,https://ktff.org/maclar/13215
2019-02-17,2018-2019,Süper Lig,Yenicami AK,L. Gençler Birliği SK,7,1,H,0,0,13220,https://ktff.org/maclar/13220
2019-02-17,2018-2019,1. Lig,Ozanköy SK,Hamitköy ŞHSK,3,1,H,0,0,13350,https://ktff.org/maclar/13350
2019-02-17,2018-2019,1. Lig,Çanakkale TSK,Düzkaya KOSK,0,1,A,0,0,13351,https://ktff.org/maclar/13351
2019-02-17,2018-2019,1. Lig,Mesarya SK,Mormenekşe GBSK,2,2,D,0,0,13353,https://ktff.org/maclar/13353
2019-02-17,2018-2019,1. Lig,Doğancı SK,Dumlupınar TSK,4,4,D,0,0,13356,https://ktff.org/maclar/13356
2019-02-18,2018-2019,Süper Lig,Baf Ülkü Yurdu,Binatlı YSK,3,3,D,0,0,13217,https://ktff.org/maclar/13217
2019-02-23,2018-2019,Süper Lig,Esentepe KSKK,Yenicami AK,0,1,A,0,0,13221,https://ktff.org/maclar/13221
2019-02-23,2018-2019,Süper Lig,Binatlı YSK,Mağusa Türk Gücü,0,7,A,0,0,13222,https://ktff.org/maclar/13222
2019-02-23,2018-2019,Süper Lig,L. Gençler Birliği SK,Doğan Türk Birliği,0,1,A,0,0,13223,https://ktff.org/maclar/13223
2019-02-23,2018-2019,Süper Lig,Çetinkaya TSK,Küçük Kaymaklı TSK,4,1,H,0,0,13224,https://ktff.org/maclar/13224
2019-02-23,2018-2019,1. Lig,Maraş GSK,Ozanköy SK,1,1,D,0,0,13357,https://ktff.org/maclar/13357
2019-02-23,2018-2019,1. Lig,Mormenekşe GBSK,Göçmenköy İYSK,0,2,A,0,0,13359,https://ktff.org/maclar/13359
2019-02-23,2018-2019,1. Lig,Dumlupınar TSK,M. Karşıyaka ASK,1,1,D,0,0,13362,https://ktff.org/maclar/13362
2019-02-23,2018-2019,1. Lig,Düzkaya KOSK,Doğancı SK,3,1,H,0,0,13363,https://ktff.org/maclar/13363
2019-02-24,2018-2019,Süper Lig,Gençlik Gücü TSK,Girne Halk Evi SK,3,1,H,0,0,13225,https://ktff.org/maclar/13225
2019-02-24,2018-2019,Süper Lig,Gönyeli SK,Baf Ülkü Yurdu,4,1,H,0,0,13227,https://ktff.org/maclar/13227
2019-02-24,2018-2019,Süper Lig,Alsancak Yeşilova SK,Lefke TSK,1,0,H,0,0,13228,https://ktff.org/maclar/13228
2019-02-24,2018-2019,1. Lig,Değirmenlik SK,Yalova SK,1,0,H,0,0,13358,https://ktff.org/maclar/13358
2019-02-24,2018-2019,1. Lig,Yeniboğaziçi DSK,Çanakkale TSK,0,2,A,0,0,13360,https://ktff.org/maclar/13360
2019-02-24,2018-2019,1. Lig,Bostancı Bağcıl SK,Akova Vuda TÇBSK,2,0,H,0,0,13361,https://ktff.org/maclar/13361
2019-02-24,2018-2019,1. Lig,Hamitköy ŞHSK,Mesarya SK,2,1,H,0,0,13364,https://ktff.org/maclar/13364
2019-02-27,2018-2019,Süper Lig,Türk Ocağı Limasol SK,Cihangir GSK,1,0,H,0,0,13226,https://ktff.org/maclar/13226
2019-03-01,2018-2019,Süper Lig,Yenicami AK,Gençlik Gücü TSK,4,1,H,0,0,13235,https://ktff.org/maclar/13235
2019-03-02,2018-2019,Süper Lig,Mağusa Türk Gücü,Gönyeli SK,3,0,H,0,0,13230,https://ktff.org/maclar/13230
2019-03-02,2018-2019,Süper Lig,Doğan Türk Birliği,Esentepe KSKK,2,3,A,0,0,13231,https://ktff.org/maclar/13231
2019-03-02,2018-2019,Süper Lig,Cihangir GSK,Binatlı YSK,2,3,A,0,0,13234,https://ktff.org/maclar/13234
2019-03-02,2018-2019,Süper Lig,Baf Ülkü Yurdu,L. Gençler Birliği SK,3,3,D,0,0,13236,https://ktff.org/maclar/13236
2019-03-02,2018-2019,1. Lig,Çanakkale TSK,Bostancı Bağcıl SK,1,5,A,0,0,13367,https://ktff.org/maclar/13367
2019-03-02,2018-2019,1. Lig,Ozanköy SK,Değirmenlik SK,1,0,H,0,0,13369,https://ktff.org/maclar/13369
2019-03-02,2018-2019,1. Lig,Mesarya SK,Maraş GSK,1,3,A,0,0,13370,https://ktff.org/maclar/13370
2019-03-02,2018-2019,1. Lig,Yalova SK,Dumlupınar TSK,1,1,D,0,0,13372,https://ktff.org/maclar/13372
2019-03-03,2018-2019,Süper Lig,Küçük Kaymaklı TSK,Türk Ocağı Limasol SK,2,1,H,0,0,13229,https://ktff.org/maclar/13229
2019-03-03,2018-2019,Süper Lig,Alsancak Yeşilova SK,Çetinkaya TSK,1,1,D,0,0,13232,https://ktff.org/maclar/13232
2019-03-03,2018-2019,Süper Lig,Lefke TSK,Girne Halk Evi SK,4,2,H,0,0,13233,https://ktff.org/maclar/13233
2019-03-03,2018-2019,1. Lig,Düzkaya KOSK,Yeniboğaziçi DSK,5,0,H,0,0,13365,https://ktff.org/maclar/13365
2019-03-03,2018-2019,1. Lig,Göçmenköy İYSK,Hamitköy ŞHSK,0,4,A,0,0,13366,https://ktff.org/maclar/13366
2019-03-03,2018-2019,1. Lig,Akova Vuda TÇBSK,Mormenekşe GBSK,1,1,D,0,0,13368,https://ktff.org/maclar/13368
2019-03-03,2018-2019,1. Lig,Doğancı SK,M. Karşıyaka ASK,3,1,H,0,0,13371,https://ktff.org/maclar/13371
2019-03-08,2018-2019,Süper Lig,Çetinkaya TSK,Lefke TSK,1,0,H,0,0,13244,https://ktff.org/maclar/13244
2019-03-09,2018-2019,Süper Lig,Gönyeli SK,Cihangir GSK,2,2,D,0,0,13241,https://ktff.org/maclar/13241
2019-03-09,2018-2019,Süper Lig,Türk Ocağı Limasol SK,Alsancak Yeşilova SK,1,1,D,0,0,13243,https://ktff.org/maclar/13243
2019-03-09,2018-2019,1. Lig,Maraş GSK,Göçmenköy İYSK,0,1,A,0,0,13376,https://ktff.org/maclar/13376
2019-03-09,2018-2019,1. Lig,Hamitköy ŞHSK,Akova Vuda TÇBSK,0,0,D,0,0,13378,https://ktff.org/maclar/13378
2019-03-09,2018-2019,1. Lig,Yeniboğaziçi DSK,Doğancı SK,3,1,H,0,0,13379,https://ktff.org/maclar/13379
2019-03-09,2018-2019,1. Lig,Değirmenlik SK,Mesarya SK,3,2,H,0,0,13380,https://ktff.org/maclar/13380
2019-03-10,2018-2019,Süper Lig,L. Gençler Birliği SK,Mağusa Türk Gücü,0,2,A,0,0,13238,https://ktff.org/maclar/13238
2019-03-10,2018-2019,Süper Lig,Gençlik Gücü TSK,Doğan Türk Birliği,2,0,H,0,0,13239,https://ktff.org/maclar/13239
2019-03-10,2018-2019,Süper Lig,Binatlı YSK,Küçük Kaymaklı TSK,1,3,A,0,0,13240,https://ktff.org/maclar/13240
2019-03-10,2018-2019,Süper Lig,Esentepe KSKK,Baf Ülkü Yurdu,2,0,H,0,0,13242,https://ktff.org/maclar/13242
2019-03-10,2018-2019,1. Lig,Bostancı Bağcıl SK,Düzkaya KOSK,0,1,A,0,0,13373,https://ktff.org/maclar/13373
2019-03-10,2018-2019,1. Lig,Dumlupınar TSK,Ozanköy SK,0,0,D,0,0,13374,https://ktff.org/maclar/13374
2019-03-10,2018-2019,1. Lig,M. Karşıyaka ASK,Yalova SK,0,0,D,0,0,13375,https://ktff.org/maclar/13375
2019-03-10,2018-2019,1. Lig,Mormenekşe GBSK,Çanakkale TSK,1,1,D,0,0,13377,https://ktff.org/maclar/13377
2019-03-11,2018-2019,Süper Lig,Girne Halk Evi SK,Yenicami AK,1,6,A,0,0,13237,https://ktff.org/maclar/13237
2019-03-16,2018-2019,Süper Lig,Çetinkaya TSK,Türk Ocağı Limasol SK,4,0,H,0,0,13246,https://ktff.org/maclar/13246
2019-03-16,2018-2019,Süper Lig,Mağusa Türk Gücü,Esentepe KSKK,3,0,H,0,0,13248,https://ktff.org/maclar/13248
2019-03-16,2018-2019,Süper Lig,Baf Ülkü Yurdu,Gençlik Gücü TSK,3,5,A,0,0,13251,https://ktff.org/maclar/13251
2019-03-16,2018-2019,Süper Lig,Cihangir GSK,L. Gençler Birliği SK,2,1,H,0,0,13252,https://ktff.org/maclar/13252
2019-03-16,2018-2019,1. Lig,Çanakkale TSK,Hamitköy ŞHSK,0,3,A,0,0,13381,https://ktff.org/maclar/13381
2019-03-16,2018-2019,1. Lig,Yeniboğaziçi DSK,Bostancı Bağcıl SK,0,0,D,0,0,13382,https://ktff.org/maclar/13382
2019-03-16,2018-2019,1. Lig,Doğancı SK,Yalova SK,1,1,D,0,0,13383,https://ktff.org/maclar/13383
2019-03-16,2018-2019,1. Lig,Düzkaya KOSK,Mormenekşe GBSK,4,1,H,0,0,13384,https://ktff.org/maclar/13384
2019-03-17,2018-2019,Süper Lig,Lefke TSK,Yenicami AK,0,3,A,0,0,13245,https://ktff.org/maclar/13245
2019-03-17,2018-2019,Süper Lig,Küçük Kaymaklı TSK,Gönyeli SK,1,0,H,0,0,13247,https://ktff.org/maclar/13247
2019-03-17,2018-2019,Süper Lig,Doğan Türk Birliği,Girne Halk Evi SK,2,0,H,0,0,13249,https://ktff.org/maclar/13249
2019-03-17,2018-2019,Süper Lig,Alsancak Yeşilova SK,Binatlı YSK,3,1,H,0,0,13250,https://ktff.org/maclar/13250
2019-03-17,2018-2019,1. Lig,Göçmenköy İYSK,Değirmenlik SK,2,0,H,0,0,13385,https://ktff.org/maclar/13385
2019-03-17,2018-2019,1. Lig,Akova Vuda TÇBSK,Maraş GSK,0,0,D,0,0,13386,https://ktff.org/maclar/13386
2019-03-17,2018-2019,1. Lig,Ozanköy SK,M. Karşıyaka ASK,3,3,D,0,0,13387,https://ktff.org/maclar/13387
2019-03-17,2018-2019,1. Lig,Mesarya SK,Dumlupınar TSK,4,3,H,0,0,13388,https://ktff.org/maclar/13388
2019-03-22,2018-2019,Süper Lig,Gönyeli SK,Alsancak Yeşilova SK,0,2,A,0,0,13259,https://ktff.org/maclar/13259
2019-03-23,2018-2019,Süper Lig,Binatlı YSK,Çetinkaya TSK,1,0,H,0,0,13255,https://ktff.org/maclar/13255
2019-03-23,2018-2019,Süper Lig,L. Gençler Birliği SK,Küçük Kaymaklı TSK,2,2,D,0,0,13256,https://ktff.org/maclar/13256
2019-03-23,2018-2019,Süper Lig,Esentepe KSKK,Cihangir GSK,2,0,H,0,0,13257,https://ktff.org/maclar/13257
2019-03-23,2018-2019,Süper Lig,Girne Halk Evi SK,Baf Ülkü Yurdu,1,3,A,0,0,13258,https://ktff.org/maclar/13258
2019-03-23,2018-2019,1. Lig,Mormenekşe GBSK,Yeniboğaziçi DSK,1,0,H,0,0,13389,https://ktff.org/maclar/13389
2019-03-23,2018-2019,1. Lig,Yalova SK,Ozanköy SK,0,0,D,0,0,13391,https://ktff.org/maclar/13391
2019-03-23,2018-2019,1. Lig,Dumlupınar TSK,Göçmenköy İYSK,1,1,D,0,0,13392,https://ktff.org/maclar/13392
2019-03-23,2018-2019,1. Lig,Değirmenlik SK,Akova Vuda TÇBSK,1,5,A,0,0,13394,https://ktff.org/maclar/13394
2019-03-23,2018-2019,1. Lig,M. Karşıyaka ASK,Mesarya SK,0,3,A,0,0,13396,https://ktff.org/maclar/13396
2019-03-24,2018-2019,Süper Lig,Gençlik Gücü TSK,Mağusa Türk Gücü,2,4,A,0,0,13253,https://ktff.org/maclar/13253
2019-03-24,2018-2019,Süper Lig,Yenicami AK,Doğan Türk Birliği,6,2,H,0,0,13254,https://ktff.org/maclar/13254
2019-03-24,2018-2019,Süper Lig,Türk Ocağı Limasol SK,Lefke TSK,1,3,A,0,0,13260,https://ktff.org/maclar/13260
2019-03-24,2018-2019,1. Lig,Hamitköy ŞHSK,Düzkaya KOSK,1,2,A,0,0,13390,https://ktff.org/maclar/13390
2019-03-24,2018-2019,1. Lig,Maraş GSK,Çanakkale TSK,4,1,H,0,0,13393,https://ktff.org/maclar/13393
2019-03-24,2018-2019,1. Lig,Bostancı Bağcıl SK,Doğancı SK,1,0,H,0,0,13395,https://ktff.org/maclar/13395
2019-03-30,2018-2019,Süper Lig,Çetinkaya TSK,Gönyeli SK,4,2,H,0,0,13262,https://ktff.org/maclar/13262
2019-03-30,2018-2019,Süper Lig,Küçük Kaymaklı TSK,Esentepe KSKK,2,3,A,0,0,13263,https://ktff.org/maclar/13263
2019-03-30,2018-2019,Süper Lig,Alsancak Yeşilova SK,L. Gençler Birliği SK,3,0,H,0,0,13268,https://ktff.org/maclar/13268
2019-03-30,2018-2019,1. Lig,Yeniboğaziçi DSK,Hamitköy ŞHSK,0,2,A,0,0,13397,https://ktff.org/maclar/13397
2019-03-30,2018-2019,1. Lig,Mesarya SK,Yalova SK,4,1,H,0,0,13399,https://ktff.org/maclar/13399
2019-03-30,2018-2019,1. Lig,Bostancı Bağcıl SK,Mormenekşe GBSK,3,2,H,0,0,13400,https://ktff.org/maclar/13400
2019-03-30,2018-2019,1. Lig,Çanakkale TSK,Değirmenlik SK,0,3,A,0,0,13401,https://ktff.org/maclar/13401
2019-03-31,2018-2019,Süper Lig,Lefke TSK,Doğan Türk Birliği,0,1,A,0,0,13264,https://ktff.org/maclar/13264
2019-03-31,2018-2019,Süper Lig,Mağusa Türk Gücü,Girne Halk Evi SK,4,0,H,0,0,13265,https://ktff.org/maclar/13265
2019-03-31,2018-2019,Süper Lig,Türk Ocağı Limasol SK,Binatlı YSK,2,0,H,0,0,13266,https://ktff.org/maclar/13266
2019-03-31,2018-2019,Süper Lig,Cihangir GSK,Gençlik Gücü TSK,1,2,A,0,0,13267,https://ktff.org/maclar/13267
2019-03-31,2018-2019,1. Lig,Doğancı SK,Ozanköy SK,2,3,A,0,0,13398,https://ktff.org/maclar/13398
2019-03-31,2018-2019,1. Lig,Düzkaya KOSK,Maraş GSK,3,0,H,0,0,13402,https://ktff.org/maclar/13402
2019-03-31,2018-2019,1. Lig,Göçmenköy İYSK,M. Karşıyaka ASK,1,0,H,0,0,13403,https://ktff.org/maclar/13403
2019-03-31,2018-2019,1. Lig,Akova Vuda TÇBSK,Dumlupınar TSK,1,1,D,0,0,13404,https://ktff.org/maclar/13404
2019-04-01,2018-2019,Süper Lig,Baf Ülkü Yurdu,Yenicami AK,1,3,A,0,0,13261,https://ktff.org/maclar/13261
2019-04-05,2018-2019,Süper Lig,L. Gençler Birliği SK,Çetinkaya TSK,0,0,D,0,0,13271,https://ktff.org/maclar/13271
2019-04-06,2018-2019,Süper Lig,Yenicami AK,Mağusa Türk Gücü,3,3,D,0,0,13269,https://ktff.org/maclar/13269
2019-04-06,2018-2019,Süper Lig,Doğan Türk Birliği,Baf Ülkü Yurdu,5,1,H,0,0,13274,https://ktff.org/maclar/13274
2019-04-06,2018-2019,1. Lig,Değirmenlik SK,Düzkaya KOSK,0,2,A,0,0,13406,https://ktff.org/maclar/13406
2019-04-06,2018-2019,1. Lig,Dumlupınar TSK,Çanakkale TSK,6,0,H,0,0,13409,https://ktff.org/maclar/13409
2019-04-06,2018-2019,1. Lig,Ozanköy SK,Mesarya SK,4,4,D,0,0,13412,https://ktff.org/maclar/13412
2019-04-07,2018-2019,Süper Lig,Gönyeli SK,Türk Ocağı Limasol SK,2,3,A,0,0,13270,https://ktff.org/maclar/13270
2019-04-07,2018-2019,Süper Lig,Gençlik Gücü TSK,Küçük Kaymaklı TSK,2,2,D,0,0,13272,https://ktff.org/maclar/13272
2019-04-07,2018-2019,Süper Lig,Girne Halk Evi SK,Cihangir GSK,3,3,D,0,0,13273,https://ktff.org/maclar/13273
2019-04-07,2018-2019,Süper Lig,Esentepe KSKK,Alsancak Yeşilova SK,1,6,A,0,0,13275,https://ktff.org/maclar/13275
2019-04-07,2018-2019,1. Lig,Maraş GSK,Yeniboğaziçi DSK,3,2,H,0,0,13405,https://ktff.org/maclar/13405
2019-04-07,2018-2019,1. Lig,Hamitköy ŞHSK,Bostancı Bağcıl SK,2,2,D,0,0,13407,https://ktff.org/maclar/13407
2019-04-07,2018-2019,1. Lig,Yalova SK,Göçmenköy İYSK,0,2,A,0,0,13408,https://ktff.org/maclar/13408
2019-04-07,2018-2019,1. Lig,M. Karşıyaka ASK,Akova Vuda TÇBSK,2,1,H,0,0,13410,https://ktff.org/maclar/13410
2019-04-07,2018-2019,1. Lig,Mormenekşe GBSK,Doğancı SK,2,1,H,0,0,13411,https://ktff.org/maclar/13411
2019-04-08,2018-2019,Süper Lig,Binatlı YSK,Lefke TSK,3,1,H,0,0,13276,https://ktff.org/maclar/13276
2019-04-12,2018-2019,Süper Lig,Türk Ocağı Limasol SK,L. Gençler Birliği SK,2,0,H,0,0,13284,https://ktff.org/maclar/13284
2019-04-13,2018-2019,Süper Lig,Çetinkaya TSK,Esentepe KSKK,4,2,H,0,0,13279,https://ktff.org/maclar/13279
2019-04-13,2018-2019,Süper Lig,Küçük Kaymaklı TSK,Girne Halk Evi SK,4,2,H,0,0,13281,https://ktff.org/maclar/13281
2019-04-13,2018-2019,Süper Lig,Alsancak Yeşilova SK,Gençlik Gücü TSK,5,1,H,0,0,13282,https://ktff.org/maclar/13282
2019-04-13,2018-2019,1. Lig,Akova Vuda TÇBSK,Yalova SK,4,1,H,0,0,13415,https://ktff.org/maclar/13415
2019-04-13,2018-2019,1. Lig,Bostancı Bağcıl SK,Maraş GSK,2,2,D,0,0,13417,https://ktff.org/maclar/13417
2019-04-13,2018-2019,1. Lig,Doğancı SK,Mesarya SK,1,6,A,0,0,13419,https://ktff.org/maclar/13419
2019-04-14,2018-2019,Süper Lig,Cihangir GSK,Yenicami AK,0,4,A,0,0,13277,https://ktff.org/maclar/13277
2019-04-14,2018-2019,Süper Lig,Binatlı YSK,Gönyeli SK,0,3,A,0,0,13278,https://ktff.org/maclar/13278
2019-04-14,2018-2019,Süper Lig,Mağusa Türk Gücü,Doğan Türk Birliği,6,0,H,0,0,13280,https://ktff.org/maclar/13280
2019-04-14,2018-2019,1. Lig,Göçmenköy İYSK,Ozanköy SK,1,2,A,0,0,13414,https://ktff.org/maclar/13414
2019-04-14,2018-2019,1. Lig,Yeniboğaziçi DSK,Değirmenlik SK,1,0,H,0,0,13416,https://ktff.org/maclar/13416
2019-04-14,2018-2019,1. Lig,Çanakkale TSK,M. Karşıyaka ASK,1,0,H,0,0,13418,https://ktff.org/maclar/13418
2019-04-14,2018-2019,1. Lig,Düzkaya KOSK,Dumlupınar TSK,1,0,H,0,0,13420,https://ktff.org/maclar/13420
2019-04-15,2018-2019,Süper Lig,Lefke TSK,Baf Ülkü Yurdu,4,0,H,0,0,13283,https://ktff.org/maclar/13283
2019-04-17,2018-2019,1. Lig,Mormenekşe GBSK,Hamitköy ŞHSK,2,0,H,0,0,13413,https://ktff.org/maclar/13413
2019-04-19,2018-2019,Süper Lig,Yenicami AK,Küçük Kaymaklı TSK,5,3,H,0,0,13288,https://ktff.org/maclar/13288
2019-04-19,2018-2019,Süper Lig,Doğan Türk Birliği,Cihangir GSK,1,1,D,0,0,13290,https://ktff.org/maclar/13290
2019-04-20,2018-2019,Süper Lig,Baf Ülkü Yurdu,Mağusa Türk Gücü,2,3,A,0,0,13285,https://ktff.org/maclar/13285
2019-04-20,2018-2019,Süper Lig,Esentepe KSKK,Türk Ocağı Limasol SK,3,3,D,0,0,13286,https://ktff.org/maclar/13286
2019-04-20,2018-2019,Süper Lig,Gençlik Gücü TSK,Çetinkaya TSK,0,1,A,0,0,13287,https://ktff.org/maclar/13287
2019-04-20,2018-2019,Süper Lig,L. Gençler Birliği SK,Binatlı YSK,0,0,D,0,0,13289,https://ktff.org/maclar/13289
2019-04-20,2018-2019,Süper Lig,Girne Halk Evi SK,Alsancak Yeşilova SK,0,1,A,0,0,13291,https://ktff.org/maclar/13291
2019-04-20,2018-2019,Süper Lig,Gönyeli SK,Lefke TSK,2,0,H,0,0,13292,https://ktff.org/maclar/13292
2019-04-20,2018-2019,1. Lig,Dumlupınar TSK,Yeniboğaziçi DSK,4,1,H,0,0,13421,https://ktff.org/maclar/13421
2019-04-21,2018-2019,1. Lig,M. Karşıyaka ASK,Düzkaya KOSK,0,1,A,0,0,13422,https://ktff.org/maclar/13422
2019-04-21,2018-2019,1. Lig,Değirmenlik SK,Bostancı Bağcıl SK,3,1,H,0,0,13423,https://ktff.org/maclar/13423
2019-04-21,2018-2019,1. Lig,Maraş GSK,Mormenekşe GBSK,3,0,H,0,0,13424,https://ktff.org/maclar/13424
2019-04-21,2018-2019,1. Lig,Mesarya SK,Göçmenköy İYSK,2,3,A,0,0,13425,https://ktff.org/maclar/13425
2019-04-21,2018-2019,1. Lig,Yalova SK,Çanakkale TSK,0,0,D,0,0,13426,https://ktff.org/maclar/13426
2019-04-21,2018-2019,1. Lig,Ozanköy SK,Akova Vuda TÇBSK,1,0,H,0,0,13427,https://ktff.org/maclar/13427
2019-04-21,2018-2019,1. Lig,Hamitköy ŞHSK,Doğancı SK,2,2,D,0,0,13428,https://ktff.org/maclar/13428
2019-04-27,2018-2019,Süper Lig,Çetinkaya TSK,Girne Halk Evi SK,1,3,A,0,0,13297,https://ktff.org/maclar/13297
2019-04-27,2018-2019,1. Lig,Çanakkale TSK,Ozanköy SK,0,0,D,0,0,13429,https://ktff.org/maclar/13429
2019-04-27,2018-2019,1. Lig,Düzkaya KOSK,Yalova SK,1,0,H,0,0,13430,https://ktff.org/maclar/13430
2019-04-27,2018-2019,1. Lig,Doğancı SK,Göçmenköy İYSK,1,3,A,0,0,13431,https://ktff.org/maclar/13431
2019-04-27,2018-2019,1. Lig,Mormenekşe GBSK,Değirmenlik SK,2,1,H,0,0,13432,https://ktff.org/maclar/13432
2019-04-27,2018-2019,1. Lig,Hamitköy ŞHSK,Maraş GSK,3,0,H,0,0,13433,https://ktff.org/maclar/13433
2019-04-27,2018-2019,1. Lig,Yeniboğaziçi DSK,M. Karşıyaka ASK,1,3,A,0,0,13434,https://ktff.org/maclar/13434
2019-04-27,2018-2019,1. Lig,Akova Vuda TÇBSK,Mesarya SK,3,1,H,0,0,13435,https://ktff.org/maclar/13435
2019-04-28,2018-2019,Süper Lig,Alsancak Yeşilova SK,Yenicami AK,1,2,A,0,0,13293,https://ktff.org/maclar/13293
2019-04-28,2018-2019,Süper Lig,Lefke TSK,Mağusa Türk Gücü,1,4,A,0,0,13294,https://ktff.org/maclar/13294
2019-04-28,2018-2019,Süper Lig,Binatlı YSK,Esentepe KSKK,1,2,A,0,0,13295,https://ktff.org/maclar/13295
2019-04-28,2018-2019,Süper Lig,Küçük Kaymaklı TSK,Doğan Türk Birliği,3,2,H,0,0,13296,https://ktff.org/maclar/13296
2019-04-28,2018-2019,Süper Lig,Türk Ocağı Limasol SK,Gençlik Gücü TSK,1,0,H,0,0,13298,https://ktff.org/maclar/13298
2019-04-28,2018-2019,Süper Lig,Cihangir GSK,Baf Ülkü Yurdu,1,2,A,0,0,13299,https://ktff.org/maclar/13299
2019-04-28,2018-2019,Süper Lig,Gönyeli SK,L. Gençler Birliği SK,3,2,H,0,0,13300,https://ktff.org/maclar/13300
2019-04-28,2018-2019,1. Lig,Bostancı Bağcıl SK,Dumlupınar TSK,1,2,A,0,0,13436,https://ktff.org/maclar/13436
2019-05-03,2018-2019,Süper Lig,Doğan Türk Birliği,Alsancak Yeşilova SK,1,1,D,0,0,13307,https://ktff.org/maclar/13307
2019-05-04,2018-2019,Süper Lig,Girne Halk Evi SK,Türk Ocağı Limasol SK,2,4,A,0,0,13301,https://ktff.org/maclar/13301
2019-05-04,2018-2019,Süper Lig,Esentepe KSKK,Gönyeli SK,0,1,A,0,0,13302,https://ktff.org/maclar/13302
2019-05-04,2018-2019,Süper Lig,Yenicami AK,Çetinkaya TSK,1,1,D,0,0,13303,https://ktff.org/maclar/13303
2019-05-04,2018-2019,Süper Lig,Baf Ülkü Yurdu,Küçük Kaymaklı TSK,1,2,A,0,0,13304,https://ktff.org/maclar/13304
2019-05-04,2018-2019,Süper Lig,Gençlik Gücü TSK,Binatlı YSK,1,1,D,0,0,13305,https://ktff.org/maclar/13305
2019-05-04,2018-2019,Süper Lig,Mağusa Türk Gücü,Cihangir GSK,6,0,H,0,0,13306,https://ktff.org/maclar/13306
2019-05-04,2018-2019,Süper Lig,L. Gençler Birliği SK,Lefke TSK,0,4,A,0,0,13308,https://ktff.org/maclar/13308
2019-05-05,2018-2019,1. Lig,Yalova SK,Yeniboğaziçi DSK,1,0,H,0,0,13437,https://ktff.org/maclar/13437
2019-05-05,2018-2019,1. Lig,Değirmenlik SK,Hamitköy ŞHSK,4,5,A,0,0,13438,https://ktff.org/maclar/13438
2019-05-05,2018-2019,1. Lig,Ozanköy SK,Düzkaya KOSK,4,2,H,0,0,13439,https://ktff.org/maclar/13439
2019-05-05,2018-2019,1. Lig,M. Karşıyaka ASK,Bostancı Bağcıl SK,2,2,D,0,0,13440,https://ktff.org/maclar/13440
2019-05-05,2018-2019,1. Lig,Dumlupınar TSK,Mormenekşe GBSK,1,2,A,0,0,13441,https://ktff.org/maclar/13441
2019-05-05,2018-2019,1. Lig,Mesarya SK,Çanakkale TSK,3,3,D,0,0,13442,https://ktff.org/maclar/13442
2019-05-05,2018-2019,1. Lig,Göçmenköy İYSK,Akova Vuda TÇBSK,1,4,A,0,0,13443,https://ktff.org/maclar/13443
2019-05-05,2018-2019,1. Lig,Maraş GSK,Doğancı SK,4,1,H,0,0,13444,https://ktff.org/maclar/13444
2019-05-11,2018-2019,Süper Lig,Türk Ocağı Limasol SK,Yenicami AK,1,4,A,0,0,13309,https://ktff.org/maclar/13309
2019-05-11,2018-2019,Süper Lig,Küçük Kaymaklı TSK,Mağusa Türk Gücü,0,2,A,0,0,13310,https://ktff.org/maclar/13310
2019-05-11,2018-2019,Süper Lig,L. Gençler Birliği SK,Esentepe KSKK,3,4,A,0,0,13311,https://ktff.org/maclar/13311
2019-05-11,2018-2019,Süper Lig,Çetinkaya TSK,Doğan Türk Birliği,0,3,A,0,0,13312,https://ktff.org/maclar/13312
2019-05-11,2018-2019,Süper Lig,Binatlı YSK,Girne Halk Evi SK,3,1,H,0,0,13313,https://ktff.org/maclar/13313
2019-05-11,2018-2019,Süper Lig,Lefke TSK,Cihangir GSK,4,3,H,0,0,13314,https://ktff.org/maclar/13314
2019-05-11,2018-2019,Süper Lig,Gönyeli SK,Gençlik Gücü TSK,2,4,A,0,0,13315,https://ktff.org/maclar/13315
2019-05-11,2018-2019,Süper Lig,Alsancak Yeşilova SK,Baf Ülkü Yurdu,1,2,A,0,0,13316,https://ktff.org/maclar/13316
2019-05-12,2018-2019,1. Lig,Yeniboğaziçi DSK,Ozanköy SK,0,2,A,0,0,13445,https://ktff.org/maclar/13445
2019-05-12,2018-2019,1. Lig,Bostancı Bağcıl SK,Yalova SK,3,3,D,0,0,13446,https://ktff.org/maclar/13446
2019-05-12,2018-2019,1. Lig,Çanakkale TSK,Göçmenköy İYSK,5,4,H,0,0,13447,https://ktff.org/maclar/13447
2019-05-12,2018-2019,1. Lig,Doğancı SK,Akova Vuda TÇBSK,1,1,D,0,0,13448,https://ktff.org/maclar/13448
2019-05-12,2018-2019,1. Lig,Maraş GSK,Değirmenlik SK,2,1,H,0,0,13449,https://ktff.org/maclar/13449
2019-05-12,2018-2019,1. Lig,Mormenekşe GBSK,M. Karşıyaka ASK,2,0,H,0,0,13450,https://ktff.org/maclar/13450
2019-05-12,2018-2019,1. Lig,Düzkaya KOSK,Mesarya SK,2,1,H,0,0,13451,https://ktff.org/maclar/13451
2019-05-12,2018-2019,1. Lig,Hamitköy ŞHSK,Dumlupınar TSK,3,2,H,0,0,13452,https://ktff.org/maclar/13452
2019-09-12,2019-2020,Süper Lig,Doğan Türk Birliği,Göçmenköy İYSK,4,0,H,0,0,14241,https://ktff.org/maclar/14241
2019-09-13,2019-2020,Süper Lig,Çetinkaya TSK,Cihangir GSK,3,4,A,0,0,14247,https://ktff.org/maclar/14247
2019-09-14,2019-2020,Süper Lig,Küçük Kaymaklı TSK,Gençlik Gücü TSK,1,1,D,0,0,14245,https://ktff.org/maclar/14245
2019-09-14,2019-2020,Süper Lig,Baf Ülkü Yurdu,Düzkaya KOSK,5,1,H,0,0,14246,https://ktff.org/maclar/14246
2019-09-14,2019-2020,Süper Lig,Mağusa Türk Gücü,Türk Ocağı Limasol SK,0,1,A,0,0,14248,https://ktff.org/maclar/14248
2019-09-14,2019-2020,1. Lig,Doğancı SK,Yalova SK,0,3,A,1,0,14362,https://ktff.org/maclar/14362
2019-09-14,2019-2020,1. Lig,Mesarya SK,Mormenekşe GBSK,2,0,H,0,0,14363,https://ktff.org/maclar/14363
2019-09-14,2019-2020,1. Lig,Lapta Türk Birliği SK,M. Karşıyaka ASK,1,2,A,0,0,14365,https://ktff.org/maclar/14365
2019-09-14,2019-2020,1. Lig,Esentepe KSKK,Çanakkale TSK,2,0,H,0,0,14367,https://ktff.org/maclar/14367
2019-09-15,2019-2020,Süper Lig,Hamitköy ŞHSK,Lefke TSK,1,1,D,0,0,14242,https://ktff.org/maclar/14242
2019-09-15,2019-2020,Süper Lig,Gönyeli SK,Yenicami AK,0,5,A,0,0,14243,https://ktff.org/maclar/14243
2019-09-15,2019-2020,Süper Lig,Alsancak Yeşilova SK,Binatlı YSK,5,3,H,0,0,14244,https://ktff.org/maclar/14244
2019-09-15,2019-2020,1. Lig,Dörtyol SK,Görneç KSK,1,1,D,0,0,14361,https://ktff.org/maclar/14361
2019-09-15,2019-2020,1. Lig,Maraş GSK,Ozanköy SK,0,0,D,0,0,14364,https://ktff.org/maclar/14364
2019-09-15,2019-2020,1. Lig,Bostancı Bağcıl SK,L. Gençler Birliği SK,0,2,A,0,0,14368,https://ktff.org/maclar/14368
2019-09-16,2019-2020,1. Lig,Girne Halk Evi SK,Dumlupınar TSK,0,0,D,0,0,14366,https://ktff.org/maclar/14366
2019-09-20,2019-2020,Süper Lig,Göçmenköy İYSK,Mağusa Türk Gücü,0,0,D,0,0,14256,https://ktff.org/maclar/14256
2019-09-21,2019-2020,Süper Lig,Binatlı YSK,Gönyeli SK,0,2,A,0,0,14251,https://ktff.org/maclar/14251
2019-09-21,2019-2020,Süper Lig,Gençlik Gücü TSK,Alsancak Yeşilova SK,2,2,D,0,0,14252,https://ktff.org/maclar/14252
2019-09-21,2019-2020,Süper Lig,Cihangir GSK,Baf Ülkü Yurdu,5,0,H,0,0,14254,https://ktff.org/maclar/14254
2019-09-21,2019-2020,1. Lig,Yalova SK,Dörtyol SK,3,0,H,0,0,14369,https://ktff.org/maclar/14369
2019-09-21,2019-2020,1. Lig,M. Karşıyaka ASK,Maraş GSK,1,2,A,0,0,14372,https://ktff.org/maclar/14372
2019-09-21,2019-2020,1. Lig,Görneç KSK,Bostancı Bağcıl SK,3,1,H,0,0,14376,https://ktff.org/maclar/14376
2019-09-22,2019-2020,Süper Lig,Lefke TSK,Doğan Türk Birliği,1,4,A,0,0,14249,https://ktff.org/maclar/14249
2019-09-22,2019-2020,Süper Lig,Yenicami AK,Hamitköy ŞHSK,3,1,H,0,0,14250,https://ktff.org/maclar/14250
2019-09-22,2019-2020,Süper Lig,Düzkaya KOSK,Küçük Kaymaklı TSK,0,4,A,0,0,14253,https://ktff.org/maclar/14253
2019-09-22,2019-2020,1. Lig,Ozanköy SK,Mesarya SK,0,3,A,0,0,14371,https://ktff.org/maclar/14371
2019-09-22,2019-2020,1. Lig,Dumlupınar TSK,Lapta Türk Birliği SK,2,0,H,0,0,14373,https://ktff.org/maclar/14373
2019-09-22,2019-2020,1. Lig,Çanakkale TSK,Girne Halk Evi SK,2,2,D,0,0,14374,https://ktff.org/maclar/14374
2019-09-23,2019-2020,Süper Lig,Türk Ocağı Limasol SK,Çetinkaya TSK,2,0,H,0,0,14255,https://ktff.org/maclar/14255
2019-09-23,2019-2020,1. Lig,L. Gençler Birliği SK,Esentepe KSKK,1,0,H,0,0,14375,https://ktff.org/maclar/14375
2019-09-27,2019-2020,Süper Lig,Doğan Türk Birliği,Yenicami AK,2,3,A,0,0,14257,https://ktff.org/maclar/14257
2019-09-28,2019-2020,Süper Lig,Hamitköy ŞHSK,Binatlı YSK,4,2,H,0,0,14258,https://ktff.org/maclar/14258
2019-09-28,2019-2020,Süper Lig,Alsancak Yeşilova SK,Düzkaya KOSK,0,2,A,0,0,14260,https://ktff.org/maclar/14260
2019-09-28,2019-2020,Süper Lig,Çetinkaya TSK,Mağusa Türk Gücü,1,4,A,0,0,14263,https://ktff.org/maclar/14263
2019-09-28,2019-2020,1. Lig,Dörtyol SK,Mormenekşe GBSK,2,2,D,0,0,14377,https://ktff.org/maclar/14377
2019-09-28,2019-2020,1. Lig,Mesarya SK,M. Karşıyaka ASK,6,2,H,0,0,14379,https://ktff.org/maclar/14379
2019-09-28,2019-2020,1. Lig,Maraş GSK,Dumlupınar TSK,0,1,A,0,0,14380,https://ktff.org/maclar/14380
2019-09-28,2019-2020,1. Lig,Esentepe KSKK,Bostancı Bağcıl SK,0,0,D,0,0,14383,https://ktff.org/maclar/14383
2019-09-29,2019-2020,Süper Lig,Gönyeli SK,Gençlik Gücü TSK,2,3,A,0,0,14259,https://ktff.org/maclar/14259
2019-09-29,2019-2020,Süper Lig,Küçük Kaymaklı TSK,Cihangir GSK,2,1,H,0,0,14261,https://ktff.org/maclar/14261
2019-09-29,2019-2020,Süper Lig,Lefke TSK,Göçmenköy İYSK,0,2,A,0,0,14264,https://ktff.org/maclar/14264
2019-09-29,2019-2020,1. Lig,Lapta Türk Birliği SK,Çanakkale TSK,4,2,H,0,0,14381,https://ktff.org/maclar/14381
2019-09-29,2019-2020,1. Lig,Girne Halk Evi SK,L. Gençler Birliği SK,2,3,A,0,0,14382,https://ktff.org/maclar/14382
2019-09-29,2019-2020,1. Lig,Yalova SK,Görneç KSK,2,1,H,0,0,14384,https://ktff.org/maclar/14384
2019-09-30,2019-2020,Süper Lig,Baf Ülkü Yurdu,Türk Ocağı Limasol SK,2,3,A,0,0,14262,https://ktff.org/maclar/14262
2019-10-04,2019-2020,Süper Lig,Binatlı YSK,Doğan Türk Birliği,0,3,A,0,0,14265,https://ktff.org/maclar/14265
2019-10-04,2019-2020,1. Lig,Dumlupınar TSK,Mesarya SK,0,1,A,0,0,14387,https://ktff.org/maclar/14387
2019-10-05,2019-2020,Süper Lig,Gençlik Gücü TSK,Hamitköy ŞHSK,2,4,A,0,0,14266,https://ktff.org/maclar/14266
2019-10-05,2019-2020,Süper Lig,Düzkaya KOSK,Gönyeli SK,0,1,A,0,0,14267,https://ktff.org/maclar/14267
2019-10-05,2019-2020,Süper Lig,Cihangir GSK,Alsancak Yeşilova SK,4,1,H,0,0,14268,https://ktff.org/maclar/14268
2019-10-05,2019-2020,1. Lig,Bostancı Bağcıl SK,Girne Halk Evi SK,0,2,A,0,0,14390,https://ktff.org/maclar/14390
2019-10-05,2019-2020,1. Lig,Görneç KSK,Esentepe KSKK,3,1,H,0,0,14391,https://ktff.org/maclar/14391
2019-10-05,2019-2020,1. Lig,Mormenekşe GBSK,Yalova SK,0,4,A,0,0,14392,https://ktff.org/maclar/14392
2019-10-06,2019-2020,Süper Lig,Türk Ocağı Limasol SK,Küçük Kaymaklı TSK,2,0,H,0,0,14269,https://ktff.org/maclar/14269
2019-10-06,2019-2020,Süper Lig,Mağusa Türk Gücü,Baf Ülkü Yurdu,8,0,H,0,0,14270,https://ktff.org/maclar/14270
2019-10-06,2019-2020,Süper Lig,Göçmenköy İYSK,Çetinkaya TSK,4,1,H,0,0,14271,https://ktff.org/maclar/14271
2019-10-06,2019-2020,1. Lig,Ozanköy SK,Dörtyol SK,1,2,A,0,0,14385,https://ktff.org/maclar/14385
2019-10-06,2019-2020,1. Lig,Çanakkale TSK,Maraş GSK,1,2,A,0,0,14388,https://ktff.org/maclar/14388
2019-10-06,2019-2020,1. Lig,L. Gençler Birliği SK,Lapta Türk Birliği SK,3,0,H,0,0,14389,https://ktff.org/maclar/14389
2019-10-07,2019-2020,Süper Lig,Yenicami AK,Lefke TSK,2,2,D,0,0,14272,https://ktff.org/maclar/14272
2019-10-11,2019-2020,Süper Lig,Baf Ülkü Yurdu,Çetinkaya TSK,2,1,H,0,0,14278,https://ktff.org/maclar/14278
2019-10-12,2019-2020,Süper Lig,Gönyeli SK,Cihangir GSK,1,2,A,0,0,14275,https://ktff.org/maclar/14275
2019-10-12,2019-2020,Süper Lig,Alsancak Yeşilova SK,Türk Ocağı Limasol SK,1,2,A,0,0,14276,https://ktff.org/maclar/14276
2019-10-12,2019-2020,Süper Lig,Küçük Kaymaklı TSK,Mağusa Türk Gücü,3,1,H,0,0,14277,https://ktff.org/maclar/14277
2019-10-12,2019-2020,1. Lig,Mesarya SK,Çanakkale TSK,4,0,H,0,0,14395,https://ktff.org/maclar/14395
2019-10-12,2019-2020,1. Lig,Maraş GSK,L. Gençler Birliği SK,3,1,H,0,0,14396,https://ktff.org/maclar/14396
2019-10-12,2019-2020,1. Lig,Girne Halk Evi SK,Esentepe KSKK,3,2,H,0,0,14398,https://ktff.org/maclar/14398
2019-10-12,2019-2020,1. Lig,Yalova SK,Ozanköy SK,1,1,D,0,0,14399,https://ktff.org/maclar/14399
2019-10-13,2019-2020,Süper Lig,Doğan Türk Birliği,Gençlik Gücü TSK,2,1,H,0,0,14273,https://ktff.org/maclar/14273
2019-10-13,2019-2020,Süper Lig,Hamitköy ŞHSK,Düzkaya KOSK,3,3,D,0,0,14274,https://ktff.org/maclar/14274
2019-10-13,2019-2020,Süper Lig,Lefke TSK,Binatlı YSK,0,4,A,0,0,14279,https://ktff.org/maclar/14279
2019-10-13,2019-2020,1. Lig,Dörtyol SK,M. Karşıyaka ASK,0,0,D,0,0,14393,https://ktff.org/maclar/14393
2019-10-13,2019-2020,1. Lig,Lapta Türk Birliği SK,Bostancı Bağcıl SK,1,0,H,0,0,14397,https://ktff.org/maclar/14397
2019-10-13,2019-2020,1. Lig,Mormenekşe GBSK,Görneç KSK,1,1,D,0,0,14400,https://ktff.org/maclar/14400
2019-10-14,2019-2020,Süper Lig,Yenicami AK,Göçmenköy İYSK,2,3,A,0,0,14280,https://ktff.org/maclar/14280
2019-10-18,2019-2020,Süper Lig,Çetinkaya TSK,Küçük Kaymaklı TSK,0,1,A,0,0,14285,https://ktff.org/maclar/14285
2019-10-18,2019-2020,1. Lig,L. Gençler Birliği SK,Mesarya SK,0,2,A,0,0,14403,https://ktff.org/maclar/14403
2019-10-19,2019-2020,Süper Lig,Türk Ocağı Limasol SK,Gönyeli SK,3,3,D,0,0,14283,https://ktff.org/maclar/14283
2019-10-19,2019-2020,Süper Lig,Mağusa Türk Gücü,Alsancak Yeşilova SK,2,1,H,0,0,14284,https://ktff.org/maclar/14284
2019-10-19,2019-2020,Süper Lig,Gençlik Gücü TSK,Lefke TSK,1,3,A,0,0,14287,https://ktff.org/maclar/14287
2019-10-19,2019-2020,Süper Lig,Binatlı YSK,Yenicami AK,1,3,A,0,0,14288,https://ktff.org/maclar/14288
2019-10-19,2019-2020,1. Lig,Dumlupınar TSK,Dörtyol SK,1,0,H,0,0,14401,https://ktff.org/maclar/14401
2019-10-19,2019-2020,1. Lig,M. Karşıyaka ASK,Yalova SK,0,3,A,1,0,14407,https://ktff.org/maclar/14407
2019-10-19,2019-2020,1. Lig,Ozanköy SK,Mormenekşe GBSK,1,2,A,0,0,14408,https://ktff.org/maclar/14408
2019-10-20,2019-2020,Süper Lig,Düzkaya KOSK,Doğan Türk Birliği,2,5,A,0,0,14281,https://ktff.org/maclar/14281
2019-10-20,2019-2020,Süper Lig,Cihangir GSK,Hamitköy ŞHSK,3,1,H,0,0,14282,https://ktff.org/maclar/14282
2019-10-20,2019-2020,Süper Lig,Göçmenköy İYSK,Baf Ülkü Yurdu,2,4,A,0,0,14286,https://ktff.org/maclar/14286
2019-10-20,2019-2020,1. Lig,Bostancı Bağcıl SK,Maraş GSK,3,1,H,0,0,14404,https://ktff.org/maclar/14404
2019-10-20,2019-2020,1. Lig,Esentepe KSKK,Lapta Türk Birliği SK,1,0,H,0,0,14405,https://ktff.org/maclar/14405
2019-10-20,2019-2020,1. Lig,Görneç KSK,Girne Halk Evi SK,0,2,A,0,0,14406,https://ktff.org/maclar/14406
2019-10-25,2019-2020,Süper Lig,Doğan Türk Birliği,Cihangir GSK,0,2,A,0,0,14289,https://ktff.org/maclar/14289
2019-10-26,2019-2020,Süper Lig,Hamitköy ŞHSK,Türk Ocağı Limasol SK,0,4,A,0,0,14290,https://ktff.org/maclar/14290
2019-10-26,2019-2020,Süper Lig,Alsancak Yeşilova SK,Çetinkaya TSK,2,0,H,0,0,14292,https://ktff.org/maclar/14292
2019-10-26,2019-2020,Süper Lig,Küçük Kaymaklı TSK,Baf Ülkü Yurdu,1,2,A,0,0,14293,https://ktff.org/maclar/14293
2019-10-26,2019-2020,Süper Lig,Lefke TSK,Düzkaya KOSK,3,1,H,0,0,14294,https://ktff.org/maclar/14294
2019-10-26,2019-2020,1. Lig,Dörtyol SK,Çanakkale TSK,3,4,A,0,0,14409,https://ktff.org/maclar/14409
2019-10-26,2019-2020,1. Lig,Maraş GSK,Esentepe KSKK,1,1,D,0,0,14412,https://ktff.org/maclar/14412
2019-10-26,2019-2020,1. Lig,Lapta Türk Birliği SK,Girne Halk Evi SK,3,1,H,0,0,14413,https://ktff.org/maclar/14413
2019-10-26,2019-2020,1. Lig,Ozanköy SK,Görneç KSK,1,4,A,0,0,14416,https://ktff.org/maclar/14416
2019-10-27,2019-2020,Süper Lig,Gönyeli SK,Mağusa Türk Gücü,1,7,A,0,0,14291,https://ktff.org/maclar/14291
2019-10-27,2019-2020,Süper Lig,Yenicami AK,Gençlik Gücü TSK,6,3,H,0,0,14295,https://ktff.org/maclar/14295
2019-10-27,2019-2020,Süper Lig,Binatlı YSK,Göçmenköy İYSK,1,1,D,0,0,14296,https://ktff.org/maclar/14296
2019-10-27,2019-2020,1. Lig,Mesarya SK,Bostancı Bağcıl SK,2,0,H,0,0,14411,https://ktff.org/maclar/14411
2019-10-27,2019-2020,1. Lig,Mormenekşe GBSK,M. Karşıyaka ASK,1,2,A,0,0,14415,https://ktff.org/maclar/14415
2019-10-29,2019-2020,1. Lig,Yalova SK,Dumlupınar TSK,0,0,D,0,0,14414,https://ktff.org/maclar/14414
2019-11-01,2019-2020,Süper Lig,Türk Ocağı Limasol SK,Doğan Türk Birliği,1,1,D,0,0,14297,https://ktff.org/maclar/14297
2019-11-02,2019-2020,Süper Lig,Mağusa Türk Gücü,Hamitköy ŞHSK,7,2,H,0,0,14298,https://ktff.org/maclar/14298
2019-11-02,2019-2020,Süper Lig,Göçmenköy İYSK,Küçük Kaymaklı TSK,1,1,D,0,0,14301,https://ktff.org/maclar/14301
2019-11-02,2019-2020,Süper Lig,Cihangir GSK,Lefke TSK,0,3,A,0,0,14302,https://ktff.org/maclar/14302
2019-11-02,2019-2020,Süper Lig,Düzkaya KOSK,Yenicami AK,1,3,A,0,0,14303,https://ktff.org/maclar/14303
2019-11-02,2019-2020,1. Lig,L. Gençler Birliği SK,Dörtyol SK,2,0,H,0,0,14417,https://ktff.org/maclar/14417
2019-11-02,2019-2020,1. Lig,Esentepe KSKK,Mesarya SK,1,3,A,0,0,14419,https://ktff.org/maclar/14419
2019-11-02,2019-2020,1. Lig,Görneç KSK,Lapta Türk Birliği SK,1,3,A,0,0,14421,https://ktff.org/maclar/14421
2019-11-02,2019-2020,1. Lig,Dumlupınar TSK,Mormenekşe GBSK,8,0,H,0,0,14423,https://ktff.org/maclar/14423
2019-11-03,2019-2020,Süper Lig,Çetinkaya TSK,Gönyeli SK,1,3,A,0,0,14299,https://ktff.org/maclar/14299
2019-11-03,2019-2020,Süper Lig,Baf Ülkü Yurdu,Alsancak Yeşilova SK,2,2,D,0,0,14300,https://ktff.org/maclar/14300
2019-11-03,2019-2020,1. Lig,Girne Halk Evi SK,Maraş GSK,3,4,A,0,0,14420,https://ktff.org/maclar/14420
2019-11-03,2019-2020,1. Lig,Çanakkale TSK,Yalova SK,2,1,H,0,0,14422,https://ktff.org/maclar/14422
2019-11-03,2019-2020,1. Lig,M. Karşıyaka ASK,Ozanköy SK,0,1,A,0,0,14424,https://ktff.org/maclar/14424
2019-11-04,2019-2020,Süper Lig,Gençlik Gücü TSK,Binatlı YSK,2,1,H,0,0,14304,https://ktff.org/maclar/14304
2019-11-08,2019-2020,Süper Lig,Doğan Türk Birliği,Mağusa Türk Gücü,1,2,A,0,0,14305,https://ktff.org/maclar/14305
2019-11-09,2019-2020,Süper Lig,Gönyeli SK,Baf Ülkü Yurdu,1,3,A,0,0,14307,https://ktff.org/maclar/14307
2019-11-09,2019-2020,Süper Lig,Lefke TSK,Türk Ocağı Limasol SK,1,1,D,0,0,14309,https://ktff.org/maclar/14309
2019-11-09,2019-2020,Süper Lig,Gençlik Gücü TSK,Göçmenköy İYSK,0,2,A,0,0,14312,https://ktff.org/maclar/14312
2019-11-09,2019-2020,1. Lig,Mesarya SK,Girne Halk Evi SK,2,2,D,0,0,14427,https://ktff.org/maclar/14427
2019-11-09,2019-2020,1. Lig,Yalova SK,L. Gençler Birliği SK,3,1,H,0,0,14429,https://ktff.org/maclar/14429
2019-11-09,2019-2020,1. Lig,Mormenekşe GBSK,Çanakkale TSK,2,1,H,0,0,14430,https://ktff.org/maclar/14430
2019-11-09,2019-2020,1. Lig,M. Karşıyaka ASK,Görneç KSK,1,1,D,0,0,14432,https://ktff.org/maclar/14432
2019-11-10,2019-2020,Süper Lig,Hamitköy ŞHSK,Çetinkaya TSK,2,1,H,0,0,14306,https://ktff.org/maclar/14306
2019-11-10,2019-2020,Süper Lig,Alsancak Yeşilova SK,Küçük Kaymaklı TSK,4,1,H,0,0,14308,https://ktff.org/maclar/14308
2019-11-10,2019-2020,Süper Lig,Binatlı YSK,Düzkaya KOSK,3,1,H,0,0,14311,https://ktff.org/maclar/14311
2019-11-10,2019-2020,1. Lig,Dörtyol SK,Bostancı Bağcıl SK,3,1,H,0,0,14425,https://ktff.org/maclar/14425
2019-11-10,2019-2020,1. Lig,Maraş GSK,Lapta Türk Birliği SK,2,1,H,0,0,14428,https://ktff.org/maclar/14428
2019-11-10,2019-2020,1. Lig,Ozanköy SK,Dumlupınar TSK,0,3,A,0,0,14431,https://ktff.org/maclar/14431
2019-11-11,2019-2020,Süper Lig,Yenicami AK,Cihangir GSK,5,3,H,0,0,14310,https://ktff.org/maclar/14310
2019-11-16,2019-2020,Süper Lig,Baf Ülkü Yurdu,Hamitköy ŞHSK,3,1,H,0,0,14314,https://ktff.org/maclar/14314
2019-11-16,2019-2020,Süper Lig,Küçük Kaymaklı TSK,Gönyeli SK,4,1,H,0,0,14315,https://ktff.org/maclar/14315
2019-11-16,2019-2020,Süper Lig,Göçmenköy İYSK,Alsancak Yeşilova SK,0,3,A,0,0,14316,https://ktff.org/maclar/14316
2019-11-16,2019-2020,Süper Lig,Düzkaya KOSK,Gençlik Gücü TSK,3,2,H,0,0,14320,https://ktff.org/maclar/14320
2019-11-16,2019-2020,1. Lig,Esentepe KSKK,Dörtyol SK,0,0,D,0,0,14433,https://ktff.org/maclar/14433
2019-11-16,2019-2020,1. Lig,Görneç KSK,Maraş GSK,3,2,H,0,0,14436,https://ktff.org/maclar/14436
2019-11-16,2019-2020,1. Lig,Çanakkale TSK,Ozanköy SK,1,0,H,0,0,14439,https://ktff.org/maclar/14439
2019-11-17,2019-2020,Süper Lig,Çetinkaya TSK,Doğan Türk Birliği,3,0,H,0,0,14313,https://ktff.org/maclar/14313
2019-11-17,2019-2020,Süper Lig,Mağusa Türk Gücü,Lefke TSK,2,1,H,0,0,14317,https://ktff.org/maclar/14317
2019-11-17,2019-2020,Süper Lig,Türk Ocağı Limasol SK,Yenicami AK,1,1,D,0,0,14318,https://ktff.org/maclar/14318
2019-11-17,2019-2020,Süper Lig,Cihangir GSK,Binatlı YSK,1,0,H,0,0,14319,https://ktff.org/maclar/14319
2019-11-17,2019-2020,1. Lig,Lapta Türk Birliği SK,Mesarya SK,4,3,H,0,0,14435,https://ktff.org/maclar/14435
2019-11-17,2019-2020,1. Lig,Bostancı Bağcıl SK,Yalova SK,1,2,A,0,0,14437,https://ktff.org/maclar/14437
2019-11-17,2019-2020,1. Lig,L. Gençler Birliği SK,Mormenekşe GBSK,0,1,A,0,0,14438,https://ktff.org/maclar/14438
2019-11-17,2019-2020,1. Lig,Dumlupınar TSK,M. Karşıyaka ASK,5,0,H,0,0,14440,https://ktff.org/maclar/14440
2019-11-22,2019-2020,Süper Lig,Yenicami AK,Mağusa Türk Gücü,2,3,A,0,0,14325,https://ktff.org/maclar/14325
2019-11-23,2019-2020,Süper Lig,Doğan Türk Birliği,Baf Ülkü Yurdu,2,1,H,0,0,14321,https://ktff.org/maclar/14321
2019-11-23,2019-2020,Süper Lig,Hamitköy ŞHSK,Küçük Kaymaklı TSK,2,1,H,0,0,14322,https://ktff.org/maclar/14322
2019-11-23,2019-2020,Süper Lig,Binatlı YSK,Türk Ocağı Limasol SK,1,0,H,0,0,14326,https://ktff.org/maclar/14326
2019-11-23,2019-2020,1. Lig,Dörtyol SK,Girne Halk Evi SK,1,0,H,0,0,14441,https://ktff.org/maclar/14441
2019-11-23,2019-2020,1. Lig,Mormenekşe GBSK,Bostancı Bağcıl SK,4,1,H,0,0,14445,https://ktff.org/maclar/14445
2019-11-23,2019-2020,1. Lig,Ozanköy SK,L. Gençler Birliği SK,2,4,A,0,0,14446,https://ktff.org/maclar/14446
2019-11-23,2019-2020,1. Lig,Dumlupınar TSK,Görneç KSK,0,1,A,0,0,14448,https://ktff.org/maclar/14448
2019-11-24,2019-2020,Süper Lig,Gönyeli SK,Alsancak Yeşilova SK,2,3,A,0,0,14323,https://ktff.org/maclar/14323
2019-11-24,2019-2020,Süper Lig,Gençlik Gücü TSK,Cihangir GSK,0,4,A,0,0,14327,https://ktff.org/maclar/14327
2019-11-24,2019-2020,Süper Lig,Düzkaya KOSK,Göçmenköy İYSK,0,0,D,0,0,14328,https://ktff.org/maclar/14328
2019-11-24,2019-2020,1. Lig,Mesarya SK,Maraş GSK,2,0,H,0,0,14443,https://ktff.org/maclar/14443
2019-11-24,2019-2020,1. Lig,Yalova SK,Esentepe KSKK,1,1,D,0,0,14444,https://ktff.org/maclar/14444
2019-11-24,2019-2020,1. Lig,M. Karşıyaka ASK,Çanakkale TSK,2,0,H,0,0,14447,https://ktff.org/maclar/14447
2019-11-25,2019-2020,Süper Lig,Lefke TSK,Çetinkaya TSK,3,3,D,0,0,14324,https://ktff.org/maclar/14324
2019-11-29,2019-2020,Süper Lig,Göçmenköy İYSK,Gönyeli SK,2,1,H,0,0,14331,https://ktff.org/maclar/14331
2019-11-30,2019-2020,Süper Lig,Küçük Kaymaklı TSK,Doğan Türk Birliği,0,2,A,0,0,14329,https://ktff.org/maclar/14329
2019-11-30,2019-2020,Süper Lig,Mağusa Türk Gücü,Binatlı YSK,1,1,D,0,0,14334,https://ktff.org/maclar/14334
2019-11-30,2019-2020,Süper Lig,Cihangir GSK,Düzkaya KOSK,7,2,H,0,0,14336,https://ktff.org/maclar/14336
2019-11-30,2019-2020,1. Lig,Lapta Türk Birliği SK,Dörtyol SK,0,2,A,0,0,14449,https://ktff.org/maclar/14449
2019-11-30,2019-2020,1. Lig,Görneç KSK,Mesarya SK,1,3,A,0,0,14451,https://ktff.org/maclar/14451
2019-11-30,2019-2020,1. Lig,Bostancı Bağcıl SK,Ozanköy SK,6,1,H,0,0,14454,https://ktff.org/maclar/14454
2019-11-30,2019-2020,1. Lig,L. Gençler Birliği SK,M. Karşıyaka ASK,1,1,D,0,0,14455,https://ktff.org/maclar/14455
2019-12-01,2019-2020,Süper Lig,Alsancak Yeşilova SK,Hamitköy ŞHSK,4,1,H,0,0,14330,https://ktff.org/maclar/14330
2019-12-01,2019-2020,Süper Lig,Baf Ülkü Yurdu,Lefke TSK,0,2,A,0,0,14332,https://ktff.org/maclar/14332
2019-12-01,2019-2020,Süper Lig,Çetinkaya TSK,Yenicami AK,2,1,H,0,0,14333,https://ktff.org/maclar/14333
2019-12-01,2019-2020,1. Lig,Girne Halk Evi SK,Yalova SK,2,1,H,0,0,14452,https://ktff.org/maclar/14452
2019-12-01,2019-2020,1. Lig,Esentepe KSKK,Mormenekşe GBSK,1,1,D,0,0,14453,https://ktff.org/maclar/14453
2019-12-01,2019-2020,1. Lig,Çanakkale TSK,Dumlupınar TSK,0,3,A,0,0,14456,https://ktff.org/maclar/14456
2019-12-02,2019-2020,Süper Lig,Türk Ocağı Limasol SK,Gençlik Gücü TSK,1,1,D,0,0,14335,https://ktff.org/maclar/14335
2019-12-07,2019-2020,Süper Lig,Doğan Türk Birliği,Alsancak Yeşilova SK,1,0,H,0,0,14337,https://ktff.org/maclar/14337
2019-12-07,2019-2020,Süper Lig,Yenicami AK,Baf Ülkü Yurdu,1,1,D,0,0,14340,https://ktff.org/maclar/14340
2019-12-07,2019-2020,Süper Lig,Binatlı YSK,Çetinkaya TSK,1,1,D,0,0,14341,https://ktff.org/maclar/14341
2019-12-07,2019-2020,Süper Lig,Cihangir GSK,Göçmenköy İYSK,5,3,H,0,0,14344,https://ktff.org/maclar/14344
2019-12-07,2019-2020,1. Lig,Yalova SK,Lapta Türk Birliği SK,1,1,D,0,0,14459,https://ktff.org/maclar/14459
2019-12-07,2019-2020,1. Lig,M. Karşıyaka ASK,Bostancı Bağcıl SK,0,0,D,0,0,14462,https://ktff.org/maclar/14462
2019-12-07,2019-2020,1. Lig,Dumlupınar TSK,L. Gençler Birliği SK,2,0,H,0,0,14463,https://ktff.org/maclar/14463
2019-12-07,2019-2020,1. Lig,Çanakkale TSK,Görneç KSK,2,2,D,0,0,14464,https://ktff.org/maclar/14464
2019-12-08,2019-2020,Süper Lig,Hamitköy ŞHSK,Gönyeli SK,5,3,H,0,0,14338,https://ktff.org/maclar/14338
2019-12-08,2019-2020,Süper Lig,Lefke TSK,Küçük Kaymaklı TSK,0,1,A,0,0,14339,https://ktff.org/maclar/14339
2019-12-08,2019-2020,Süper Lig,Gençlik Gücü TSK,Mağusa Türk Gücü,0,3,A,0,0,14342,https://ktff.org/maclar/14342
2019-12-08,2019-2020,Süper Lig,Düzkaya KOSK,Türk Ocağı Limasol SK,1,3,A,0,0,14343,https://ktff.org/maclar/14343
2019-12-08,2019-2020,1. Lig,Dörtyol SK,Maraş GSK,0,2,A,0,0,14457,https://ktff.org/maclar/14457
2019-12-08,2019-2020,1. Lig,Mormenekşe GBSK,Girne Halk Evi SK,1,2,A,0,0,14460,https://ktff.org/maclar/14460
2019-12-08,2019-2020,1. Lig,Ozanköy SK,Esentepe KSKK,1,1,D,0,0,14461,https://ktff.org/maclar/14461
2019-12-13,2019-2020,Süper Lig,Baf Ülkü Yurdu,Binatlı YSK,2,1,H,0,0,14349,https://ktff.org/maclar/14349
2019-12-14,2019-2020,Süper Lig,Göçmenköy İYSK,Hamitköy ŞHSK,4,2,H,0,0,14346,https://ktff.org/maclar/14346
2019-12-14,2019-2020,Süper Lig,Alsancak Yeşilova SK,Lefke TSK,6,1,H,0,0,14347,https://ktff.org/maclar/14347
2019-12-14,2019-2020,Süper Lig,Küçük Kaymaklı TSK,Yenicami AK,6,3,H,0,0,14348,https://ktff.org/maclar/14348
2019-12-14,2019-2020,Süper Lig,Mağusa Türk Gücü,Düzkaya KOSK,3,0,H,0,0,14351,https://ktff.org/maclar/14351
2019-12-14,2019-2020,1. Lig,Mesarya SK,Dörtyol SK,0,0,D,0,0,14465,https://ktff.org/maclar/14465
2019-12-14,2019-2020,1. Lig,Lapta Türk Birliği SK,Mormenekşe GBSK,1,2,A,0,0,14468,https://ktff.org/maclar/14468
2019-12-14,2019-2020,1. Lig,Girne Halk Evi SK,Ozanköy SK,3,2,H,0,0,14469,https://ktff.org/maclar/14469
2019-12-14,2019-2020,1. Lig,Bostancı Bağcıl SK,Dumlupınar TSK,0,0,D,0,0,14471,https://ktff.org/maclar/14471
2019-12-15,2019-2020,Süper Lig,Gönyeli SK,Doğan Türk Birliği,0,2,A,0,0,14345,https://ktff.org/maclar/14345
2019-12-15,2019-2020,Süper Lig,Çetinkaya TSK,Gençlik Gücü TSK,1,0,H,0,0,14350,https://ktff.org/maclar/14350
2019-12-15,2019-2020,Süper Lig,Türk Ocağı Limasol SK,Cihangir GSK,1,0,H,0,0,14352,https://ktff.org/maclar/14352
2019-12-15,2019-2020,1. Lig,Maraş GSK,Yalova SK,2,0,H,0,0,14467,https://ktff.org/maclar/14467
2019-12-15,2019-2020,1. Lig,Esentepe KSKK,M. Karşıyaka ASK,2,0,H,0,0,14470,https://ktff.org/maclar/14470
2019-12-15,2019-2020,1. Lig,L. Gençler Birliği SK,Çanakkale TSK,2,2,D,0,0,14472,https://ktff.org/maclar/14472
2019-12-21,2019-2020,Süper Lig,Doğan Türk Birliği,Hamitköy ŞHSK,4,3,H,0,0,14353,https://ktff.org/maclar/14353
2019-12-21,2019-2020,Süper Lig,Lefke TSK,Gönyeli SK,3,1,H,0,0,14354,https://ktff.org/maclar/14354
2019-12-21,2019-2020,Süper Lig,Yenicami AK,Alsancak Yeşilova SK,1,2,A,0,0,14355,https://ktff.org/maclar/14355
2019-12-21,2019-2020,Süper Lig,Cihangir GSK,Mağusa Türk Gücü,1,2,A,0,0,14359,https://ktff.org/maclar/14359
2019-12-21,2019-2020,1. Lig,Yalova SK,Mesarya SK,2,2,D,0,0,14474,https://ktff.org/maclar/14474
2019-12-21,2019-2020,1. Lig,Ozanköy SK,Lapta Türk Birliği SK,2,1,H,0,0,14476,https://ktff.org/maclar/14476
2019-12-21,2019-2020,1. Lig,Dumlupınar TSK,Esentepe KSKK,1,2,A,0,0,14478,https://ktff.org/maclar/14478
2019-12-21,2019-2020,1. Lig,L. Gençler Birliği SK,Görneç KSK,3,1,H,0,0,14480,https://ktff.org/maclar/14480
2019-12-22,2019-2020,Süper Lig,Binatlı YSK,Küçük Kaymaklı TSK,6,3,H,0,0,14356,https://ktff.org/maclar/14356
2019-12-22,2019-2020,Süper Lig,Gençlik Gücü TSK,Baf Ülkü Yurdu,1,1,D,0,0,14357,https://ktff.org/maclar/14357
2019-12-22,2019-2020,Süper Lig,Düzkaya KOSK,Çetinkaya TSK,1,3,A,0,0,14358,https://ktff.org/maclar/14358
2019-12-22,2019-2020,Süper Lig,Türk Ocağı Limasol SK,Göçmenköy İYSK,1,0,H,0,0,14360,https://ktff.org/maclar/14360
2019-12-22,2019-2020,1. Lig,Mormenekşe GBSK,Maraş GSK,1,5,A,0,0,14475,https://ktff.org/maclar/14475
2019-12-22,2019-2020,1. Lig,M. Karşıyaka ASK,Girne Halk Evi SK,0,0,D,0,0,14477,https://ktff.org/maclar/14477
2019-12-22,2019-2020,1. Lig,Çanakkale TSK,Bostancı Bağcıl SK,1,1,D,0,0,14479,https://ktff.org/maclar/14479
2020-01-24,2019-2020,Süper Lig,Türk Ocağı Limasol SK,Mağusa Türk Gücü,0,3,A,0,0,15092,https://ktff.org/maclar/15092
2020-01-24,2019-2020,Süper Lig,Göçmenköy İYSK,Doğan Türk Birliği,0,2,A,0,0,15094,https://ktff.org/maclar/15094
2020-01-25,2019-2020,Süper Lig,Cihangir GSK,Çetinkaya TSK,0,0,D,0,0,15095,https://ktff.org/maclar/15095
2020-01-25,2019-2020,Süper Lig,Lefke TSK,Hamitköy ŞHSK,2,0,H,0,0,15096,https://ktff.org/maclar/15096
2020-01-25,2019-2020,Süper Lig,Gençlik Gücü TSK,Küçük Kaymaklı TSK,1,3,A,0,0,15097,https://ktff.org/maclar/15097
2020-01-25,2019-2020,1. Lig,Çanakkale TSK,Esentepe KSKK,1,4,A,0,0,15454,https://ktff.org/maclar/15454
2020-01-25,2019-2020,1. Lig,L. Gençler Birliği SK,Bostancı Bağcıl SK,3,1,H,0,0,15457,https://ktff.org/maclar/15457
2020-01-25,2019-2020,1. Lig,Ozanköy SK,Maraş GSK,1,0,H,0,0,15459,https://ktff.org/maclar/15459
2020-01-25,2019-2020,1. Lig,Mormenekşe GBSK,Mesarya SK,0,0,D,0,0,15461,https://ktff.org/maclar/15461
2020-01-26,2019-2020,Süper Lig,Yenicami AK,Gönyeli SK,7,3,H,0,0,15093,https://ktff.org/maclar/15093
2020-01-26,2019-2020,Süper Lig,Düzkaya KOSK,Baf Ülkü Yurdu,3,1,H,0,0,15098,https://ktff.org/maclar/15098
2020-01-26,2019-2020,Süper Lig,Binatlı YSK,Alsancak Yeşilova SK,3,5,A,0,0,15099,https://ktff.org/maclar/15099
2020-01-26,2019-2020,1. Lig,Dumlupınar TSK,Girne Halk Evi SK,0,2,A,0,0,15455,https://ktff.org/maclar/15455
2020-01-26,2019-2020,1. Lig,M. Karşıyaka ASK,Lapta Türk Birliği SK,2,0,H,0,0,15456,https://ktff.org/maclar/15456
2020-01-26,2019-2020,1. Lig,Görneç KSK,Dörtyol SK,2,3,A,0,0,15458,https://ktff.org/maclar/15458
2020-01-31,2019-2020,Süper Lig,Çetinkaya TSK,Türk Ocağı Limasol SK,1,2,A,0,0,15101,https://ktff.org/maclar/15101
2020-01-31,2019-2020,Süper Lig,Doğan Türk Birliği,Lefke TSK,4,1,H,0,0,15107,https://ktff.org/maclar/15107
2020-02-01,2019-2020,Süper Lig,Hamitköy ŞHSK,Yenicami AK,3,1,H,0,0,15100,https://ktff.org/maclar/15100
2020-02-01,2019-2020,Süper Lig,Baf Ülkü Yurdu,Cihangir GSK,0,3,A,0,0,15104,https://ktff.org/maclar/15104
2020-02-01,2019-2020,Süper Lig,Mağusa Türk Gücü,Göçmenköy İYSK,3,1,H,0,0,15106,https://ktff.org/maclar/15106
2020-02-01,2019-2020,1. Lig,Esentepe KSKK,L. Gençler Birliği SK,3,5,A,0,0,15465,https://ktff.org/maclar/15465
2020-02-01,2019-2020,1. Lig,Maraş GSK,M. Karşıyaka ASK,2,3,A,0,0,15468,https://ktff.org/maclar/15468
2020-02-01,2019-2020,1. Lig,Lapta Türk Birliği SK,Dumlupınar TSK,0,2,A,0,0,15469,https://ktff.org/maclar/15469
2020-02-02,2019-2020,Süper Lig,Küçük Kaymaklı TSK,Düzkaya KOSK,3,2,H,0,0,15102,https://ktff.org/maclar/15102
2020-02-02,2019-2020,Süper Lig,Gönyeli SK,Binatlı YSK,4,1,H,0,0,15103,https://ktff.org/maclar/15103
2020-02-02,2019-2020,Süper Lig,Alsancak Yeşilova SK,Gençlik Gücü TSK,3,1,H,0,0,15105,https://ktff.org/maclar/15105
2020-02-02,2019-2020,1. Lig,Mesarya SK,Ozanköy SK,3,0,H,0,0,15462,https://ktff.org/maclar/15462
2020-02-02,2019-2020,1. Lig,Dörtyol SK,Yalova SK,1,1,D,0,0,15463,https://ktff.org/maclar/15463
2020-02-02,2019-2020,1. Lig,Girne Halk Evi SK,Çanakkale TSK,4,0,H,0,0,15466,https://ktff.org/maclar/15466
2020-02-02,2019-2020,1. Lig,Bostancı Bağcıl SK,Görneç KSK,2,2,D,0,0,15467,https://ktff.org/maclar/15467
2020-02-08,2019-2020,Süper Lig,Gençlik Gücü TSK,Gönyeli SK,0,4,A,0,0,15108,https://ktff.org/maclar/15108
2020-02-08,2019-2020,Süper Lig,Mağusa Türk Gücü,Çetinkaya TSK,5,1,H,0,0,15110,https://ktff.org/maclar/15110
2020-02-08,2019-2020,Süper Lig,Düzkaya KOSK,Alsancak Yeşilova SK,1,4,A,0,0,15114,https://ktff.org/maclar/15114
2020-02-08,2019-2020,1. Lig,Bostancı Bağcıl SK,Esentepe KSKK,1,2,A,0,0,15470,https://ktff.org/maclar/15470
2020-02-08,2019-2020,1. Lig,L. Gençler Birliği SK,Girne Halk Evi SK,0,2,A,0,0,15471,https://ktff.org/maclar/15471
2020-02-08,2019-2020,1. Lig,Çanakkale TSK,Lapta Türk Birliği SK,0,3,A,0,0,15472,https://ktff.org/maclar/15472
2020-02-08,2019-2020,1. Lig,Görneç KSK,Yalova SK,1,1,D,0,0,15473,https://ktff.org/maclar/15473
2020-02-09,2019-2020,Süper Lig,Binatlı YSK,Hamitköy ŞHSK,1,0,H,0,0,15111,https://ktff.org/maclar/15111
2020-02-09,2019-2020,Süper Lig,Cihangir GSK,Küçük Kaymaklı TSK,2,1,H,0,0,15112,https://ktff.org/maclar/15112
2020-02-09,2019-2020,Süper Lig,Türk Ocağı Limasol SK,Baf Ülkü Yurdu,2,0,H,0,0,15113,https://ktff.org/maclar/15113
2020-02-09,2019-2020,Süper Lig,Göçmenköy İYSK,Lefke TSK,0,2,A,0,0,15115,https://ktff.org/maclar/15115
2020-02-09,2019-2020,1. Lig,Mormenekşe GBSK,Dörtyol SK,2,3,A,0,0,15474,https://ktff.org/maclar/15474
2020-02-09,2019-2020,1. Lig,Dumlupınar TSK,Maraş GSK,2,0,H,0,0,15475,https://ktff.org/maclar/15475
2020-02-09,2019-2020,1. Lig,M. Karşıyaka ASK,Mesarya SK,0,1,A,0,0,15477,https://ktff.org/maclar/15477
2020-02-10,2019-2020,Süper Lig,Yenicami AK,Doğan Türk Birliği,4,0,H,0,0,15109,https://ktff.org/maclar/15109
2020-02-14,2019-2020,Süper Lig,Çetinkaya TSK,Göçmenköy İYSK,1,2,A,0,0,15123,https://ktff.org/maclar/15123
2020-02-15,2019-2020,Süper Lig,Baf Ülkü Yurdu,Mağusa Türk Gücü,2,4,A,0,0,15117,https://ktff.org/maclar/15117
2020-02-15,2019-2020,Süper Lig,Küçük Kaymaklı TSK,Türk Ocağı Limasol SK,2,2,D,0,0,15118,https://ktff.org/maclar/15118
2020-02-15,2019-2020,Süper Lig,Gönyeli SK,Düzkaya KOSK,6,1,H,0,0,15119,https://ktff.org/maclar/15119
2020-02-15,2019-2020,Süper Lig,Alsancak Yeşilova SK,Cihangir GSK,2,1,H,0,0,15121,https://ktff.org/maclar/15121
2020-02-15,2019-2020,1. Lig,Dörtyol SK,Ozanköy SK,7,0,H,0,0,15478,https://ktff.org/maclar/15478
2020-02-15,2019-2020,1. Lig,Girne Halk Evi SK,Bostancı Bağcıl SK,1,1,D,0,0,15479,https://ktff.org/maclar/15479
2020-02-15,2019-2020,1. Lig,Mesarya SK,Dumlupınar TSK,1,1,D,0,0,15485,https://ktff.org/maclar/15485
2020-02-16,2019-2020,Süper Lig,Lefke TSK,Yenicami AK,1,4,A,0,0,15116,https://ktff.org/maclar/15116
2020-02-16,2019-2020,Süper Lig,Doğan Türk Birliği,Binatlı YSK,3,1,H,0,0,15120,https://ktff.org/maclar/15120
2020-02-16,2019-2020,Süper Lig,Hamitköy ŞHSK,Gençlik Gücü TSK,1,0,H,0,0,15122,https://ktff.org/maclar/15122
2020-02-16,2019-2020,1. Lig,Yalova SK,Mormenekşe GBSK,1,0,H,0,0,15480,https://ktff.org/maclar/15480
2020-02-16,2019-2020,1. Lig,Lapta Türk Birliği SK,L. Gençler Birliği SK,1,4,A,0,0,15481,https://ktff.org/maclar/15481
2020-02-16,2019-2020,1. Lig,Maraş GSK,Çanakkale TSK,0,0,D,0,0,15482,https://ktff.org/maclar/15482
2020-02-16,2019-2020,1. Lig,Esentepe KSKK,Görneç KSK,2,2,D,0,0,15483,https://ktff.org/maclar/15483
2020-02-21,2019-2020,Süper Lig,Gençlik Gücü TSK,Doğan Türk Birliği,2,1,H,0,0,15126,https://ktff.org/maclar/15126
2020-02-22,2019-2020,Süper Lig,Göçmenköy İYSK,Yenicami AK,1,4,A,0,0,15124,https://ktff.org/maclar/15124
2020-02-22,2019-2020,Süper Lig,Cihangir GSK,Gönyeli SK,1,4,A,0,0,15125,https://ktff.org/maclar/15125
2020-02-22,2019-2020,Süper Lig,Düzkaya KOSK,Hamitköy ŞHSK,1,0,H,0,0,15127,https://ktff.org/maclar/15127
2020-02-22,2019-2020,Süper Lig,Mağusa Türk Gücü,Küçük Kaymaklı TSK,5,0,H,0,0,15128,https://ktff.org/maclar/15128
2020-02-22,2019-2020,1. Lig,Bostancı Bağcıl SK,Lapta Türk Birliği SK,2,2,D,0,0,15487,https://ktff.org/maclar/15487
2020-02-22,2019-2020,1. Lig,Ozanköy SK,Yalova SK,0,2,A,0,0,15488,https://ktff.org/maclar/15488
2020-02-22,2019-2020,1. Lig,Görneç KSK,Mormenekşe GBSK,1,3,A,0,0,15489,https://ktff.org/maclar/15489
2020-02-22,2019-2020,1. Lig,M. Karşıyaka ASK,Dörtyol SK,3,3,D,0,0,15490,https://ktff.org/maclar/15490
2020-02-23,2019-2020,Süper Lig,Çetinkaya TSK,Baf Ülkü Yurdu,2,0,H,0,0,15129,https://ktff.org/maclar/15129
2020-02-23,2019-2020,Süper Lig,Türk Ocağı Limasol SK,Alsancak Yeşilova SK,3,1,H,0,0,15130,https://ktff.org/maclar/15130
2020-02-23,2019-2020,Süper Lig,Binatlı YSK,Lefke TSK,0,2,A,0,0,15131,https://ktff.org/maclar/15131
2020-02-23,2019-2020,1. Lig,Esentepe KSKK,Girne Halk Evi SK,2,2,D,0,0,15486,https://ktff.org/maclar/15486
2020-02-23,2019-2020,1. Lig,L. Gençler Birliği SK,Maraş GSK,0,0,D,0,0,15491,https://ktff.org/maclar/15491
2020-02-23,2019-2020,1. Lig,Çanakkale TSK,Mesarya SK,1,1,D,0,0,15493,https://ktff.org/maclar/15493
2020-02-29,2019-2020,Süper Lig,Doğan Türk Birliği,Düzkaya KOSK,1,0,H,0,0,15135,https://ktff.org/maclar/15135
2020-02-29,2019-2020,Süper Lig,Yenicami AK,Binatlı YSK,1,2,A,0,0,15136,https://ktff.org/maclar/15136
2020-02-29,2019-2020,Süper Lig,Lefke TSK,Gençlik Gücü TSK,3,1,H,0,0,15138,https://ktff.org/maclar/15138
2020-02-29,2019-2020,1. Lig,Maraş GSK,Bostancı Bağcıl SK,1,1,D,0,0,15496,https://ktff.org/maclar/15496
2020-02-29,2019-2020,1. Lig,Mesarya SK,L. Gençler Birliği SK,2,1,H,0,0,15497,https://ktff.org/maclar/15497
2020-02-29,2019-2020,1. Lig,Dörtyol SK,Dumlupınar TSK,2,3,A,0,0,15501,https://ktff.org/maclar/15501
2020-03-01,2019-2020,Süper Lig,Alsancak Yeşilova SK,Mağusa Türk Gücü,3,4,A,0,0,15132,https://ktff.org/maclar/15132
2020-03-01,2019-2020,Süper Lig,Gönyeli SK,Türk Ocağı Limasol SK,2,1,H,0,0,15133,https://ktff.org/maclar/15133
2020-03-01,2019-2020,Süper Lig,Küçük Kaymaklı TSK,Çetinkaya TSK,3,1,H,0,0,15134,https://ktff.org/maclar/15134
2020-03-01,2019-2020,Süper Lig,Hamitköy ŞHSK,Cihangir GSK,1,1,D,0,0,15137,https://ktff.org/maclar/15137
2020-03-01,2019-2020,Süper Lig,Baf Ülkü Yurdu,Göçmenköy İYSK,0,0,D,0,0,15139,https://ktff.org/maclar/15139
2020-03-01,2019-2020,1. Lig,Lapta Türk Birliği SK,Esentepe KSKK,1,2,A,0,0,15494,https://ktff.org/maclar/15494
2020-03-01,2019-2020,1. Lig,Mormenekşe GBSK,Ozanköy SK,4,0,H,0,0,15495,https://ktff.org/maclar/15495
2020-03-01,2019-2020,1. Lig,Girne Halk Evi SK,Görneç KSK,4,0,H,0,0,15499,https://ktff.org/maclar/15499
2020-03-01,2019-2020,1. Lig,Yalova SK,M. Karşıyaka ASK,1,0,H,0,0,15500,https://ktff.org/maclar/15500
2020-03-06,2019-2020,Süper Lig,Türk Ocağı Limasol SK,Hamitköy ŞHSK,2,2,D,0,0,15143,https://ktff.org/maclar/15143
2020-03-06,2019-2020,Süper Lig,Çetinkaya TSK,Alsancak Yeşilova SK,2,2,D,0,0,15146,https://ktff.org/maclar/15146
2020-03-07,2019-2020,Süper Lig,Mağusa Türk Gücü,Gönyeli SK,4,1,H,0,0,15141,https://ktff.org/maclar/15141
2020-03-07,2019-2020,Süper Lig,Cihangir GSK,Doğan Türk Birliği,2,2,D,0,0,15142,https://ktff.org/maclar/15142
2020-03-07,2019-2020,Süper Lig,Göçmenköy İYSK,Binatlı YSK,0,2,A,0,0,15145,https://ktff.org/maclar/15145
2020-03-07,2019-2020,1. Lig,M. Karşıyaka ASK,Mormenekşe GBSK,0,0,D,0,0,15505,https://ktff.org/maclar/15505
2020-03-07,2019-2020,1. Lig,Çanakkale TSK,Dörtyol SK,1,3,A,0,0,15506,https://ktff.org/maclar/15506
2020-03-07,2019-2020,1. Lig,Esentepe KSKK,Maraş GSK,0,2,A,0,0,15507,https://ktff.org/maclar/15507
2020-03-08,2019-2020,Süper Lig,Gençlik Gücü TSK,Yenicami AK,1,1,D,0,0,15140,https://ktff.org/maclar/15140
2020-03-08,2019-2020,Süper Lig,Baf Ülkü Yurdu,Küçük Kaymaklı TSK,1,0,H,0,0,15144,https://ktff.org/maclar/15144
2020-03-08,2019-2020,Süper Lig,Düzkaya KOSK,Lefke TSK,1,0,H,0,0,15147,https://ktff.org/maclar/15147
2020-03-08,2019-2020,1. Lig,Girne Halk Evi SK,Lapta Türk Birliği SK,2,0,H,0,0,15502,https://ktff.org/maclar/15502
2020-03-08,2019-2020,1. Lig,Görneç KSK,Ozanköy SK,8,1,H,0,0,15503,https://ktff.org/maclar/15503
2020-03-08,2019-2020,1. Lig,Dumlupınar TSK,Yalova SK,1,0,H,0,0,15504,https://ktff.org/maclar/15504
2020-03-08,2019-2020,1. Lig,Bostancı Bağcıl SK,Mesarya SK,0,2,A,0,0,15509,https://ktff.org/maclar/15509
2020-06-18,2019-2020,Süper Lig,Doğan Türk Birliği,Türk Ocağı Limasol SK,2,0,H,0,0,15149,https://ktff.org/maclar/15149
2020-06-18,2019-2020,Süper Lig,Binatlı YSK,Gençlik Gücü TSK,0,0,D,0,0,15153,https://ktff.org/maclar/15153
2020-06-19,2019-2020,Süper Lig,Hamitköy ŞHSK,Mağusa Türk Gücü,1,4,A,0,0,15148,https://ktff.org/maclar/15148
2020-06-19,2019-2020,Süper Lig,Yenicami AK,Düzkaya KOSK,5,1,H,0,0,15151,https://ktff.org/maclar/15151
2020-06-20,2019-2020,Süper Lig,Gönyeli SK,Çetinkaya TSK,0,1,A,0,0,15150,https://ktff.org/maclar/15150
2020-06-20,2019-2020,Süper Lig,Alsancak Yeşilova SK,Baf Ülkü Yurdu,1,0,H,0,0,15154,https://ktff.org/maclar/15154
2020-06-20,2019-2020,Süper Lig,Küçük Kaymaklı TSK,Göçmenköy İYSK,1,1,D,0,0,15155,https://ktff.org/maclar/15155
2020-06-20,2019-2020,1. Lig,Mesarya SK,Esentepe KSKK,4,1,H,0,0,15510,https://ktff.org/maclar/15510
2020-06-20,2019-2020,1. Lig,Maraş GSK,Girne Halk Evi SK,2,2,D,0,0,15511,https://ktff.org/maclar/15511
2020-06-20,2019-2020,1. Lig,Dörtyol SK,L. Gençler Birliği SK,1,4,A,0,0,15513,https://ktff.org/maclar/15513
2020-06-20,2019-2020,1. Lig,Yalova SK,Çanakkale TSK,2,1,H,0,0,15514,https://ktff.org/maclar/15514
2020-06-20,2019-2020,1. Lig,Lapta Türk Birliği SK,Görneç KSK,1,2,A,0,0,15515,https://ktff.org/maclar/15515
2020-06-20,2019-2020,1. Lig,Ozanköy SK,M. Karşıyaka ASK,2,3,A,0,0,15516,https://ktff.org/maclar/15516
2020-06-20,2019-2020,1. Lig,Mormenekşe GBSK,Dumlupınar TSK,1,3,A,0,0,15517,https://ktff.org/maclar/15517
2020-06-21,2019-2020,Süper Lig,Lefke TSK,Cihangir GSK,4,1,H,0,0,15152,https://ktff.org/maclar/15152
2020-06-23,2019-2020,1. Lig,Dumlupınar TSK,Ozanköy SK,3,1,H,0,0,15518,https://ktff.org/maclar/15518
2020-06-24,2019-2020,1. Lig,L. Gençler Birliği SK,Yalova SK,2,1,H,0,0,15519,https://ktff.org/maclar/15519
2020-06-24,2019-2020,1. Lig,Çanakkale TSK,Mormenekşe GBSK,2,0,H,0,0,15520,https://ktff.org/maclar/15520
2020-06-24,2019-2020,1. Lig,Bostancı Bağcıl SK,Dörtyol SK,0,2,A,0,0,15521,https://ktff.org/maclar/15521
2020-06-24,2019-2020,1. Lig,Lapta Türk Birliği SK,Maraş GSK,2,2,D,0,0,15522,https://ktff.org/maclar/15522
2020-06-24,2019-2020,1. Lig,Görneç KSK,M. Karşıyaka ASK,1,2,A,0,0,15523,https://ktff.org/maclar/15523
2020-06-24,2019-2020,1. Lig,Girne Halk Evi SK,Mesarya SK,1,1,D,0,0,15525,https://ktff.org/maclar/15525
2020-06-26,2019-2020,Süper Lig,Baf Ülkü Yurdu,Gönyeli SK,0,1,A,0,0,15157,https://ktff.org/maclar/15157
2020-06-26,2019-2020,Süper Lig,Çetinkaya TSK,Hamitköy ŞHSK,1,2,A,0,0,15159,https://ktff.org/maclar/15159
2020-06-27,2019-2020,Süper Lig,Düzkaya KOSK,Binatlı YSK,2,2,D,0,0,15160,https://ktff.org/maclar/15160
2020-06-27,2019-2020,Süper Lig,Göçmenköy İYSK,Gençlik Gücü TSK,3,1,H,0,0,15161,https://ktff.org/maclar/15161
2020-06-27,2019-2020,Süper Lig,Küçük Kaymaklı TSK,Alsancak Yeşilova SK,1,4,A,0,0,15162,https://ktff.org/maclar/15162
2020-06-28,2019-2020,Süper Lig,Cihangir GSK,Yenicami AK,1,1,D,0,0,15156,https://ktff.org/maclar/15156
2020-06-28,2019-2020,Süper Lig,Mağusa Türk Gücü,Doğan Türk Birliği,1,1,D,0,0,15158,https://ktff.org/maclar/15158
2020-06-28,2019-2020,Süper Lig,Türk Ocağı Limasol SK,Lefke TSK,2,2,D,0,0,15163,https://ktff.org/maclar/15163
2020-06-28,2019-2020,1. Lig,Dörtyol SK,Esentepe KSKK,2,1,H,0,0,15526,https://ktff.org/maclar/15526
2020-06-28,2019-2020,1. Lig,Mesarya SK,Lapta Türk Birliği SK,3,0,H,0,0,15528,https://ktff.org/maclar/15528
2020-06-28,2019-2020,1. Lig,Yalova SK,Bostancı Bağcıl SK,2,0,H,0,0,15529,https://ktff.org/maclar/15529
2020-06-28,2019-2020,1. Lig,Mormenekşe GBSK,L. Gençler Birliği SK,3,1,H,0,0,15530,https://ktff.org/maclar/15530
2020-06-28,2019-2020,1. Lig,Ozanköy SK,Çanakkale TSK,2,3,A,0,0,15531,https://ktff.org/maclar/15531
2020-06-28,2019-2020,1. Lig,Maraş GSK,Görneç KSK,3,2,H,0,0,15532,https://ktff.org/maclar/15532
2020-06-28,2019-2020,1. Lig,M. Karşıyaka ASK,Dumlupınar TSK,0,0,D,0,0,15533,https://ktff.org/maclar/15533
2020-07-01,2019-2020,Süper Lig,Lefke TSK,Mağusa Türk Gücü,1,5,A,0,0,15164,https://ktff.org/maclar/15164
2020-07-01,2019-2020,Süper Lig,Doğan Türk Birliği,Çetinkaya TSK,1,1,D,0,0,15166,https://ktff.org/maclar/15166
2020-07-01,2019-2020,Süper Lig,Gönyeli SK,Küçük Kaymaklı TSK,1,1,D,0,0,15167,https://ktff.org/maclar/15167
2020-07-01,2019-2020,Süper Lig,Gençlik Gücü TSK,Düzkaya KOSK,0,1,A,0,0,15168,https://ktff.org/maclar/15168
2020-07-01,2019-2020,Süper Lig,Binatlı YSK,Cihangir GSK,3,1,H,0,0,15169,https://ktff.org/maclar/15169
2020-07-01,2019-2020,Süper Lig,Hamitköy ŞHSK,Baf Ülkü Yurdu,0,1,A,0,0,15170,https://ktff.org/maclar/15170
2020-07-01,2019-2020,Süper Lig,Alsancak Yeşilova SK,Göçmenköy İYSK,4,1,H,0,0,15171,https://ktff.org/maclar/15171
2020-07-02,2019-2020,Süper Lig,Yenicami AK,Türk Ocağı Limasol SK,3,2,H,0,0,15165,https://ktff.org/maclar/15165
2020-07-04,2019-2020,Süper Lig,Alsancak Yeşilova SK,Gönyeli SK,5,2,H,0,0,15173,https://ktff.org/maclar/15173
2020-07-04,2019-2020,Süper Lig,Küçük Kaymaklı TSK,Hamitköy ŞHSK,2,3,A,0,0,15175,https://ktff.org/maclar/15175
2020-07-04,2019-2020,Süper Lig,Göçmenköy İYSK,Düzkaya KOSK,4,3,H,0,0,15176,https://ktff.org/maclar/15176
2020-07-04,2019-2020,Süper Lig,Cihangir GSK,Gençlik Gücü TSK,7,2,H,0,0,15178,https://ktff.org/maclar/15178
2020-07-04,2019-2020,1. Lig,L. Gençler Birliği SK,Ozanköy SK,9,0,H,0,0,15534,https://ktff.org/maclar/15534
2020-07-04,2019-2020,1. Lig,Esentepe KSKK,Yalova SK,2,0,H,0,0,15535,https://ktff.org/maclar/15535
2020-07-04,2019-2020,1. Lig,Bostancı Bağcıl SK,Mormenekşe GBSK,2,1,H,0,0,15536,https://ktff.org/maclar/15536
2020-07-04,2019-2020,1. Lig,Girne Halk Evi SK,Dörtyol SK,1,0,H,0,0,15537,https://ktff.org/maclar/15537
2020-07-04,2019-2020,1. Lig,Çanakkale TSK,M. Karşıyaka ASK,1,1,D,0,0,15538,https://ktff.org/maclar/15538
2020-07-04,2019-2020,1. Lig,Maraş GSK,Mesarya SK,0,2,A,0,0,15540,https://ktff.org/maclar/15540
2020-07-04,2019-2020,1. Lig,Görneç KSK,Dumlupınar TSK,0,3,A,0,0,15541,https://ktff.org/maclar/15541
2020-07-05,2019-2020,Süper Lig,Mağusa Türk Gücü,Yenicami AK,3,3,D,0,0,15172,https://ktff.org/maclar/15172
2020-07-05,2019-2020,Süper Lig,Baf Ülkü Yurdu,Doğan Türk Birliği,1,1,D,0,0,15174,https://ktff.org/maclar/15174
2020-07-05,2019-2020,Süper Lig,Türk Ocağı Limasol SK,Binatlı YSK,2,2,D,0,0,15177,https://ktff.org/maclar/15177
2020-07-05,2019-2020,Süper Lig,Çetinkaya TSK,Lefke TSK,1,2,A,0,0,15179,https://ktff.org/maclar/15179
2020-07-08,2019-2020,1. Lig,Mormenekşe GBSK,Esentepe KSKK,0,3,A,0,0,15542,https://ktff.org/maclar/15542
2020-07-08,2019-2020,1. Lig,Yalova SK,Girne Halk Evi SK,0,1,A,0,0,15543,https://ktff.org/maclar/15543
2020-07-08,2019-2020,1. Lig,Dörtyol SK,Lapta Türk Birliği SK,0,3,A,0,0,15544,https://ktff.org/maclar/15544
2020-07-08,2019-2020,1. Lig,Ozanköy SK,Bostancı Bağcıl SK,1,7,A,0,0,15545,https://ktff.org/maclar/15545
2020-07-08,2019-2020,1. Lig,M. Karşıyaka ASK,L. Gençler Birliği SK,1,1,D,0,0,15546,https://ktff.org/maclar/15546
2020-07-08,2019-2020,1. Lig,Dumlupınar TSK,Çanakkale TSK,5,0,H,0,0,15547,https://ktff.org/maclar/15547
2020-07-08,2019-2020,1. Lig,Mesarya SK,Görneç KSK,9,0,H,0,0,15548,https://ktff.org/maclar/15548
2020-07-10,2019-2020,Süper Lig,Yenicami AK,Çetinkaya TSK,3,1,H,0,0,15182,https://ktff.org/maclar/15182
2020-07-10,2019-2020,Süper Lig,Doğan Türk Birliği,Küçük Kaymaklı TSK,3,2,H,0,0,15183,https://ktff.org/maclar/15183
2020-07-10,2019-2020,Süper Lig,Lefke TSK,Baf Ülkü Yurdu,1,2,A,0,0,15185,https://ktff.org/maclar/15185
2020-07-10,2019-2020,Süper Lig,Gönyeli SK,Göçmenköy İYSK,3,1,H,0,0,15187,https://ktff.org/maclar/15187
2020-07-11,2019-2020,Süper Lig,Binatlı YSK,Mağusa Türk Gücü,1,6,A,0,0,15180,https://ktff.org/maclar/15180
2020-07-11,2019-2020,Süper Lig,Gençlik Gücü TSK,Türk Ocağı Limasol SK,1,3,A,0,0,15181,https://ktff.org/maclar/15181
2020-07-11,2019-2020,Süper Lig,Düzkaya KOSK,Cihangir GSK,4,1,H,0,0,15184,https://ktff.org/maclar/15184
2020-07-11,2019-2020,Süper Lig,Hamitköy ŞHSK,Alsancak Yeşilova SK,0,0,D,0,0,15186,https://ktff.org/maclar/15186
2020-07-12,2019-2020,1. Lig,Esentepe KSKK,Ozanköy SK,3,0,H,1,0,15550,https://ktff.org/maclar/15550
2020-07-12,2019-2020,1. Lig,Lapta Türk Birliği SK,Yalova SK,1,0,H,0,0,15551,https://ktff.org/maclar/15551
2020-07-12,2019-2020,1. Lig,Girne Halk Evi SK,Mormenekşe GBSK,3,0,H,0,0,15552,https://ktff.org/maclar/15552
2020-07-12,2019-2020,1. Lig,Görneç KSK,Çanakkale TSK,5,3,H,0,0,15553,https://ktff.org/maclar/15553
2020-07-12,2019-2020,1. Lig,Maraş GSK,Dörtyol SK,0,1,A,0,0,15554,https://ktff.org/maclar/15554
2020-07-12,2019-2020,1. Lig,Bostancı Bağcıl SK,M. Karşıyaka ASK,1,1,D,0,0,15555,https://ktff.org/maclar/15555
2020-07-12,2019-2020,1. Lig,L. Gençler Birliği SK,Dumlupınar TSK,0,4,A,0,0,15557,https://ktff.org/maclar/15557
2020-07-15,2019-2020,Süper Lig,Baf Ülkü Yurdu,Yenicami AK,2,0,H,0,0,15188,https://ktff.org/maclar/15188
2020-07-15,2019-2020,Süper Lig,Alsancak Yeşilova SK,Doğan Türk Birliği,3,1,H,0,0,15189,https://ktff.org/maclar/15189
2020-07-15,2019-2020,Süper Lig,Gönyeli SK,Hamitköy ŞHSK,3,3,D,0,0,15190,https://ktff.org/maclar/15190
2020-07-15,2019-2020,Süper Lig,Türk Ocağı Limasol SK,Düzkaya KOSK,2,2,D,0,0,15191,https://ktff.org/maclar/15191
2020-07-15,2019-2020,Süper Lig,Çetinkaya TSK,Binatlı YSK,0,0,D,0,0,15192,https://ktff.org/maclar/15192
2020-07-15,2019-2020,Süper Lig,Mağusa Türk Gücü,Gençlik Gücü TSK,8,0,H,0,0,15194,https://ktff.org/maclar/15194
2020-07-15,2019-2020,Süper Lig,Küçük Kaymaklı TSK,Lefke TSK,2,1,H,0,0,15195,https://ktff.org/maclar/15195
2020-07-16,2019-2020,Süper Lig,Göçmenköy İYSK,Cihangir GSK,4,1,H,0,0,15193,https://ktff.org/maclar/15193
2020-07-16,2019-2020,1. Lig,M. Karşıyaka ASK,Esentepe KSKK,0,3,A,0,0,15558,https://ktff.org/maclar/15558
2020-07-16,2019-2020,1. Lig,Ozanköy SK,Girne Halk Evi SK,0,10,A,0,0,15559,https://ktff.org/maclar/15559
2020-07-16,2019-2020,1. Lig,Mormenekşe GBSK,Lapta Türk Birliği SK,2,1,H,0,0,15560,https://ktff.org/maclar/15560
2020-07-16,2019-2020,1. Lig,Dumlupınar TSK,Bostancı Bağcıl SK,1,0,H,0,0,15561,https://ktff.org/maclar/15561
2020-07-16,2019-2020,1. Lig,Çanakkale TSK,L. Gençler Birliği SK,3,2,H,0,0,15562,https://ktff.org/maclar/15562
2020-07-16,2019-2020,1. Lig,Yalova SK,Maraş GSK,1,1,D,0,0,15564,https://ktff.org/maclar/15564
2020-07-16,2019-2020,1. Lig,Dörtyol SK,Mesarya SK,0,2,A,0,0,15565,https://ktff.org/maclar/15565
2020-07-19,2019-2020,Süper Lig,Düzkaya KOSK,Mağusa Türk Gücü,1,3,A,0,0,15196,https://ktff.org/maclar/15196
2020-07-19,2019-2020,Süper Lig,Cihangir GSK,Türk Ocağı Limasol SK,2,4,A,0,0,15197,https://ktff.org/maclar/15197
2020-07-19,2019-2020,Süper Lig,Doğan Türk Birliği,Gönyeli SK,3,2,H,0,0,15198,https://ktff.org/maclar/15198
2020-07-19,2019-2020,Süper Lig,Gençlik Gücü TSK,Çetinkaya TSK,4,2,H,0,0,15199,https://ktff.org/maclar/15199
2020-07-19,2019-2020,Süper Lig,Yenicami AK,Küçük Kaymaklı TSK,5,1,H,0,0,15200,https://ktff.org/maclar/15200
2020-07-19,2019-2020,Süper Lig,Binatlı YSK,Baf Ülkü Yurdu,2,4,A,0,0,15201,https://ktff.org/maclar/15201
2020-07-19,2019-2020,Süper Lig,Lefke TSK,Alsancak Yeşilova SK,2,2,D,0,0,15202,https://ktff.org/maclar/15202
2020-07-19,2019-2020,Süper Lig,Hamitköy ŞHSK,Göçmenköy İYSK,0,2,A,0,0,15203,https://ktff.org/maclar/15203
2020-07-19,2019-2020,1. Lig,Lapta Türk Birliği SK,Ozanköy SK,8,0,H,0,0,15566,https://ktff.org/maclar/15566
2020-07-19,2019-2020,1. Lig,Mesarya SK,Yalova SK,3,1,H,0,0,15567,https://ktff.org/maclar/15567
2020-07-19,2019-2020,1. Lig,Maraş GSK,Mormenekşe GBSK,0,1,A,0,0,15568,https://ktff.org/maclar/15568
2020-07-19,2019-2020,1. Lig,Görneç KSK,L. Gençler Birliği SK,5,2,H,0,0,15569,https://ktff.org/maclar/15569
2020-07-19,2019-2020,1. Lig,Bostancı Bağcıl SK,Çanakkale TSK,5,1,H,0,0,15570,https://ktff.org/maclar/15570
2020-07-19,2019-2020,1. Lig,Girne Halk Evi SK,M. Karşıyaka ASK,3,1,H,0,0,15572,https://ktff.org/maclar/15572
2020-07-19,2019-2020,1. Lig,Esentepe KSKK,Dumlupınar TSK,3,2,H,0,0,15573,https://ktff.org/maclar/15573
2020-07-22,2019-2020,Süper Lig,Alsancak Yeşilova SK,Yenicami AK,7,3,H,0,0,15204,https://ktff.org/maclar/15204
2020-07-22,2019-2020,Süper Lig,Göçmenköy İYSK,Türk Ocağı Limasol SK,3,2,H,0,0,15205,https://ktff.org/maclar/15205
2020-07-22,2019-2020,Süper Lig,Hamitköy ŞHSK,Doğan Türk Birliği,2,2,D,0,0,15206,https://ktff.org/maclar/15206
2020-07-22,2019-2020,Süper Lig,Çetinkaya TSK,Düzkaya KOSK,0,0,D,0,0,15207,https://ktff.org/maclar/15207
2020-07-22,2019-2020,Süper Lig,Küçük Kaymaklı TSK,Binatlı YSK,3,5,A,0,0,15208,https://ktff.org/maclar/15208
2020-07-22,2019-2020,Süper Lig,Mağusa Türk Gücü,Cihangir GSK,1,0,H,0,0,15209,https://ktff.org/maclar/15209
2020-07-22,2019-2020,Süper Lig,Baf Ülkü Yurdu,Gençlik Gücü TSK,5,1,H,0,0,15210,https://ktff.org/maclar/15210
2020-07-22,2019-2020,Süper Lig,Gönyeli SK,Lefke TSK,3,0,H,0,0,15211,https://ktff.org/maclar/15211
2021-09-16,2021-2022,Süper Lig,Doğan Türk Birliği,Cihangir GSK,1,2,A,0,0,15953,https://ktff.org/maclar/15953
2021-09-17,2021-2022,Süper Lig,Yenicami AK,Alsancak Yeşilova SK,1,1,D,0,0,15957,https://ktff.org/maclar/15957
2021-09-17,2021-2022,1. Lig,Esentepe KSKK,Mormenekşe GBSK,1,1,D,0,0,16072,https://ktff.org/maclar/16072
2021-09-18,2021-2022,Süper Lig,Gönyeli SK,Türk Ocağı Limasol SK,1,0,H,0,0,15952,https://ktff.org/maclar/15952
2021-09-18,2021-2022,Süper Lig,Binatlı YSK,Hamitköy ŞHSK,0,2,A,0,0,15954,https://ktff.org/maclar/15954
2021-09-18,2021-2022,Süper Lig,Mağusa Türk Gücü,Dumlupınar TSK,0,1,A,0,0,15956,https://ktff.org/maclar/15956
2021-09-18,2021-2022,1. Lig,İncirli SK,Gençlik Gücü TSK,1,0,H,0,0,16077,https://ktff.org/maclar/16077
2021-09-18,2021-2022,1. Lig,L. Gençler Birliği SK,Görneç KSK,2,1,H,0,0,16078,https://ktff.org/maclar/16078
2021-09-18,2021-2022,1. Lig,Yalova SK,Düzkaya KOSK,2,0,H,0,0,16079,https://ktff.org/maclar/16079
2021-09-19,2021-2022,Süper Lig,Girne Halk Evi SK,Göçmenköy İYSK,1,2,A,0,0,15955,https://ktff.org/maclar/15955
2021-09-19,2021-2022,Süper Lig,Küçük Kaymaklı TSK,Baf Ülkü Yurdu,0,0,D,0,0,15958,https://ktff.org/maclar/15958
2021-09-19,2021-2022,Süper Lig,Mesarya SK,Lefke TSK,0,1,A,0,0,15959,https://ktff.org/maclar/15959
2021-09-19,2021-2022,1. Lig,Yeniboğaziçi DSK,Bostancı Bağcıl SK,3,0,H,0,0,16073,https://ktff.org/maclar/16073
2021-09-19,2021-2022,1. Lig,Değirmenlik SK,M. Karşıyaka ASK,2,1,H,0,0,16074,https://ktff.org/maclar/16074
2021-09-19,2021-2022,1. Lig,Çetinkaya TSK,Dörtyol SK,0,2,A,0,0,16075,https://ktff.org/maclar/16075
2021-09-19,2021-2022,1. Lig,Maraş GSK,Çanakkale TSK,4,2,H,0,0,16076,https://ktff.org/maclar/16076
2021-09-25,2021-2022,Süper Lig,Cihangir GSK,Gönyeli SK,1,0,H,0,0,15960,https://ktff.org/maclar/15960
2021-09-25,2021-2022,Süper Lig,Göçmenköy İYSK,Binatlı YSK,2,1,H,0,0,15962,https://ktff.org/maclar/15962
2021-09-25,2021-2022,Süper Lig,Dumlupınar TSK,Girne Halk Evi SK,3,0,H,0,0,15963,https://ktff.org/maclar/15963
2021-09-25,2021-2022,Süper Lig,Türk Ocağı Limasol SK,Mesarya SK,1,2,A,0,0,15967,https://ktff.org/maclar/15967
2021-09-25,2021-2022,1. Lig,M. Karşıyaka ASK,Yeniboğaziçi DSK,4,2,H,0,0,16080,https://ktff.org/maclar/16080
2021-09-25,2021-2022,1. Lig,Dörtyol SK,Değirmenlik SK,2,1,H,0,0,16081,https://ktff.org/maclar/16081
2021-09-25,2021-2022,1. Lig,Görneç KSK,İncirli SK,1,2,A,0,0,16084,https://ktff.org/maclar/16084
2021-09-25,2021-2022,1. Lig,Bostancı Bağcıl SK,Esentepe KSKK,1,2,A,0,0,16087,https://ktff.org/maclar/16087
2021-09-26,2021-2022,Süper Lig,Hamitköy ŞHSK,Doğan Türk Birliği,0,0,D,0,0,15961,https://ktff.org/maclar/15961
2021-09-26,2021-2022,Süper Lig,Alsancak Yeşilova SK,Mağusa Türk Gücü,3,3,D,0,0,15964,https://ktff.org/maclar/15964
2021-09-26,2021-2022,Süper Lig,Lefke TSK,Küçük Kaymaklı TSK,0,2,A,0,0,15966,https://ktff.org/maclar/15966
2021-09-26,2021-2022,1. Lig,Çanakkale TSK,Çetinkaya TSK,0,4,A,0,0,16082,https://ktff.org/maclar/16082
2021-09-26,2021-2022,1. Lig,Gençlik Gücü TSK,Maraş GSK,1,2,A,0,0,16083,https://ktff.org/maclar/16083
2021-09-26,2021-2022,1. Lig,Düzkaya KOSK,L. Gençler Birliği SK,0,1,A,0,0,16085,https://ktff.org/maclar/16085
2021-09-26,2021-2022,1. Lig,Mormenekşe GBSK,Yalova SK,0,0,D,0,0,16086,https://ktff.org/maclar/16086
2021-09-27,2021-2022,Süper Lig,Baf Ülkü Yurdu,Yenicami AK,2,2,D,0,0,15965,https://ktff.org/maclar/15965
2021-10-01,2021-2022,Süper Lig,Girne Halk Evi SK,Alsancak Yeşilova SK,2,4,A,0,0,15971,https://ktff.org/maclar/15971
2021-10-01,2021-2022,1. Lig,Çetinkaya TSK,Gençlik Gücü TSK,2,3,A,0,0,16091,https://ktff.org/maclar/16091
2021-10-02,2021-2022,Süper Lig,Binatlı YSK,Dumlupınar TSK,1,3,A,0,0,15970,https://ktff.org/maclar/15970
2021-10-02,2021-2022,Süper Lig,Mağusa Türk Gücü,Baf Ülkü Yurdu,7,0,H,0,0,15972,https://ktff.org/maclar/15972
2021-10-02,2021-2022,Süper Lig,Küçük Kaymaklı TSK,Mesarya SK,0,2,A,0,0,15974,https://ktff.org/maclar/15974
2021-10-02,2021-2022,1. Lig,Değirmenlik SK,Çanakkale TSK,2,0,H,0,0,16090,https://ktff.org/maclar/16090
2021-10-02,2021-2022,1. Lig,İncirli SK,Düzkaya KOSK,3,0,H,1,0,16093,https://ktff.org/maclar/16093
2021-10-02,2021-2022,1. Lig,L. Gençler Birliği SK,Yalova SK,3,2,H,0,0,16094,https://ktff.org/maclar/16094
2021-10-03,2021-2022,Süper Lig,Gönyeli SK,Hamitköy ŞHSK,1,0,H,0,0,15968,https://ktff.org/maclar/15968
2021-10-03,2021-2022,Süper Lig,Doğan Türk Birliği,Göçmenköy İYSK,2,1,H,0,0,15969,https://ktff.org/maclar/15969
2021-10-03,2021-2022,Süper Lig,Cihangir GSK,Türk Ocağı Limasol SK,1,1,D,0,0,15975,https://ktff.org/maclar/15975
2021-10-03,2021-2022,1. Lig,Esentepe KSKK,M. Karşıyaka ASK,0,2,A,0,0,16088,https://ktff.org/maclar/16088
2021-10-03,2021-2022,1. Lig,Yeniboğaziçi DSK,Dörtyol SK,0,0,D,0,0,16089,https://ktff.org/maclar/16089
2021-10-03,2021-2022,1. Lig,Maraş GSK,Görneç KSK,1,0,H,0,0,16092,https://ktff.org/maclar/16092
2021-10-03,2021-2022,1. Lig,Bostancı Bağcıl SK,Mormenekşe GBSK,0,1,A,0,0,16095,https://ktff.org/maclar/16095
2021-10-04,2021-2022,Süper Lig,Yenicami AK,Lefke TSK,1,1,D,0,0,15973,https://ktff.org/maclar/15973
2021-10-09,2021-2022,Süper Lig,Göçmenköy İYSK,Gönyeli SK,2,4,A,0,0,15976,https://ktff.org/maclar/15976
2021-10-09,2021-2022,Süper Lig,Dumlupınar TSK,Doğan Türk Birliği,0,3,A,0,0,15977,https://ktff.org/maclar/15977
2021-10-09,2021-2022,Süper Lig,Alsancak Yeşilova SK,Binatlı YSK,5,0,H,0,0,15978,https://ktff.org/maclar/15978
2021-10-09,2021-2022,Süper Lig,Baf Ülkü Yurdu,Girne Halk Evi SK,1,2,A,0,0,15979,https://ktff.org/maclar/15979
2021-10-09,2021-2022,1. Lig,Çanakkale TSK,Yeniboğaziçi DSK,1,2,A,0,0,16096,https://ktff.org/maclar/16096
2021-10-09,2021-2022,1. Lig,Görneç KSK,Çetinkaya TSK,0,3,A,0,0,16098,https://ktff.org/maclar/16098
2021-10-09,2021-2022,1. Lig,Düzkaya KOSK,Maraş GSK,1,0,H,0,0,16099,https://ktff.org/maclar/16099
2021-10-09,2021-2022,1. Lig,M. Karşıyaka ASK,Bostancı Bağcıl SK,3,0,H,0,0,16102,https://ktff.org/maclar/16102
2021-10-10,2021-2022,Süper Lig,Lefke TSK,Mağusa Türk Gücü,3,2,H,0,0,15980,https://ktff.org/maclar/15980
2021-10-10,2021-2022,Süper Lig,Mesarya SK,Yenicami AK,1,0,H,0,0,15981,https://ktff.org/maclar/15981
2021-10-10,2021-2022,Süper Lig,Türk Ocağı Limasol SK,Küçük Kaymaklı TSK,0,1,A,0,0,15982,https://ktff.org/maclar/15982
2021-10-10,2021-2022,Süper Lig,Hamitköy ŞHSK,Cihangir GSK,1,4,A,0,0,15983,https://ktff.org/maclar/15983
2021-10-10,2021-2022,1. Lig,Gençlik Gücü TSK,Değirmenlik SK,1,1,D,0,0,16097,https://ktff.org/maclar/16097
2021-10-10,2021-2022,1. Lig,Yalova SK,İncirli SK,2,1,H,0,0,16100,https://ktff.org/maclar/16100
2021-10-10,2021-2022,1. Lig,Mormenekşe GBSK,L. Gençler Birliği SK,0,1,A,0,0,16101,https://ktff.org/maclar/16101
2021-10-10,2021-2022,1. Lig,Dörtyol SK,Esentepe KSKK,2,1,H,0,0,16103,https://ktff.org/maclar/16103
2021-10-15,2021-2022,Süper Lig,Binatlı YSK,Baf Ülkü Yurdu,3,0,H,0,0,15986,https://ktff.org/maclar/15986
2021-10-16,2021-2022,Süper Lig,Girne Halk Evi SK,Lefke TSK,0,1,A,0,0,15987,https://ktff.org/maclar/15987
2021-10-16,2021-2022,Süper Lig,Mağusa Türk Gücü,Mesarya SK,1,0,H,0,0,15988,https://ktff.org/maclar/15988
2021-10-16,2021-2022,Süper Lig,Hamitköy ŞHSK,Türk Ocağı Limasol SK,1,2,A,0,0,15991,https://ktff.org/maclar/15991
2021-10-16,2021-2022,1. Lig,Yeniboğaziçi DSK,Gençlik Gücü TSK,0,2,A,0,0,16105,https://ktff.org/maclar/16105
2021-10-16,2021-2022,1. Lig,Değirmenlik SK,Görneç KSK,2,1,H,0,0,16106,https://ktff.org/maclar/16106
2021-10-16,2021-2022,1. Lig,Çetinkaya TSK,Düzkaya KOSK,3,1,H,0,0,16107,https://ktff.org/maclar/16107
2021-10-16,2021-2022,1. Lig,Bostancı Bağcıl SK,Dörtyol SK,0,2,A,0,0,16110,https://ktff.org/maclar/16110
2021-10-17,2021-2022,Süper Lig,Gönyeli SK,Dumlupınar TSK,1,0,H,0,0,15984,https://ktff.org/maclar/15984
2021-10-17,2021-2022,Süper Lig,Yenicami AK,Küçük Kaymaklı TSK,0,2,A,0,0,15989,https://ktff.org/maclar/15989
2021-10-17,2021-2022,Süper Lig,Cihangir GSK,Göçmenköy İYSK,2,0,H,0,0,15990,https://ktff.org/maclar/15990
2021-10-17,2021-2022,1. Lig,Esentepe KSKK,Çanakkale TSK,1,1,D,0,0,16104,https://ktff.org/maclar/16104
2021-10-17,2021-2022,1. Lig,Maraş GSK,Yalova SK,1,2,A,0,0,16108,https://ktff.org/maclar/16108
2021-10-17,2021-2022,1. Lig,İncirli SK,L. Gençler Birliği SK,2,4,A,0,0,16109,https://ktff.org/maclar/16109
2021-10-17,2021-2022,1. Lig,M. Karşıyaka ASK,Mormenekşe GBSK,1,1,D,0,0,16111,https://ktff.org/maclar/16111
2021-10-18,2021-2022,Süper Lig,Doğan Türk Birliği,Alsancak Yeşilova SK,4,5,A,0,0,15985,https://ktff.org/maclar/15985
2021-10-22,2021-2022,Süper Lig,Lefke TSK,Binatlı YSK,3,1,H,0,0,15994,https://ktff.org/maclar/15994
2021-10-23,2021-2022,Süper Lig,Alsancak Yeşilova SK,Gönyeli SK,1,1,D,0,0,15992,https://ktff.org/maclar/15992
2021-10-23,2021-2022,Süper Lig,Baf Ülkü Yurdu,Doğan Türk Birliği,0,3,A,0,0,15993,https://ktff.org/maclar/15993
2021-10-23,2021-2022,Süper Lig,Küçük Kaymaklı TSK,Mağusa Türk Gücü,1,2,A,0,0,15996,https://ktff.org/maclar/15996
2021-10-23,2021-2022,1. Lig,L. Gençler Birliği SK,Maraş GSK,1,0,H,0,0,16115,https://ktff.org/maclar/16115
2021-10-23,2021-2022,1. Lig,Mormenekşe GBSK,İncirli SK,2,2,D,0,0,16116,https://ktff.org/maclar/16116
2021-10-23,2021-2022,1. Lig,Dörtyol SK,M. Karşıyaka ASK,4,4,D,0,0,16118,https://ktff.org/maclar/16118
2021-10-23,2021-2022,1. Lig,Gençlik Gücü TSK,Esentepe KSKK,2,0,H,0,0,16119,https://ktff.org/maclar/16119
2021-10-24,2021-2022,Süper Lig,Mesarya SK,Girne Halk Evi SK,3,1,H,0,0,15995,https://ktff.org/maclar/15995
2021-10-24,2021-2022,Süper Lig,Türk Ocağı Limasol SK,Yenicami AK,1,1,D,0,0,15997,https://ktff.org/maclar/15997
2021-10-24,2021-2022,Süper Lig,Dumlupınar TSK,Cihangir GSK,3,3,D,0,0,15998,https://ktff.org/maclar/15998
2021-10-24,2021-2022,Süper Lig,Göçmenköy İYSK,Hamitköy ŞHSK,2,1,H,0,0,15999,https://ktff.org/maclar/15999
2021-10-24,2021-2022,1. Lig,Görneç KSK,Yeniboğaziçi DSK,3,3,D,0,0,16112,https://ktff.org/maclar/16112
2021-10-24,2021-2022,1. Lig,Düzkaya KOSK,Değirmenlik SK,0,2,A,0,0,16113,https://ktff.org/maclar/16113
2021-10-24,2021-2022,1. Lig,Yalova SK,Çetinkaya TSK,0,1,A,0,0,16114,https://ktff.org/maclar/16114
2021-10-24,2021-2022,1. Lig,Çanakkale TSK,Bostancı Bağcıl SK,3,0,H,0,0,16117,https://ktff.org/maclar/16117
2021-10-30,2021-2022,Süper Lig,Doğan Türk Birliği,Lefke TSK,3,3,D,0,0,16001,https://ktff.org/maclar/16001
2021-10-30,2021-2022,Süper Lig,Binatlı YSK,Mesarya SK,0,0,D,0,0,16002,https://ktff.org/maclar/16002
2021-10-30,2021-2022,Süper Lig,Mağusa Türk Gücü,Yenicami AK,3,0,H,0,0,16004,https://ktff.org/maclar/16004
2021-10-30,2021-2022,Süper Lig,Cihangir GSK,Alsancak Yeşilova SK,1,2,A,0,0,16005,https://ktff.org/maclar/16005
2021-10-30,2021-2022,1. Lig,Yeniboğaziçi DSK,Düzkaya KOSK,1,1,D,0,0,16121,https://ktff.org/maclar/16121
2021-10-30,2021-2022,1. Lig,Çetinkaya TSK,L. Gençler Birliği SK,1,0,H,0,0,16123,https://ktff.org/maclar/16123
2021-10-30,2021-2022,1. Lig,Bostancı Bağcıl SK,Gençlik Gücü TSK,0,0,D,0,0,16125,https://ktff.org/maclar/16125
2021-10-30,2021-2022,1. Lig,M. Karşıyaka ASK,Çanakkale TSK,3,1,H,0,0,16126,https://ktff.org/maclar/16126
2021-10-30,2021-2022,1. Lig,Dörtyol SK,Mormenekşe GBSK,7,0,H,0,0,16127,https://ktff.org/maclar/16127
2021-10-31,2021-2022,Süper Lig,Gönyeli SK,Baf Ülkü Yurdu,2,1,H,0,0,16000,https://ktff.org/maclar/16000
2021-10-31,2021-2022,Süper Lig,Girne Halk Evi SK,Küçük Kaymaklı TSK,1,1,D,0,0,16003,https://ktff.org/maclar/16003
2021-10-31,2021-2022,Süper Lig,Hamitköy ŞHSK,Dumlupınar TSK,2,3,A,0,0,16006,https://ktff.org/maclar/16006
2021-10-31,2021-2022,1. Lig,Esentepe KSKK,Görneç KSK,3,0,H,0,0,16120,https://ktff.org/maclar/16120
2021-10-31,2021-2022,1. Lig,Değirmenlik SK,Yalova SK,2,1,H,0,0,16122,https://ktff.org/maclar/16122
2021-10-31,2021-2022,1. Lig,Maraş GSK,İncirli SK,1,1,D,0,0,16124,https://ktff.org/maclar/16124
2021-11-01,2021-2022,Süper Lig,Göçmenköy İYSK,Türk Ocağı Limasol SK,1,1,D,0,0,16007,https://ktff.org/maclar/16007
2021-11-06,2021-2022,Süper Lig,Lefke TSK,Gönyeli SK,1,1,D,0,0,16008,https://ktff.org/maclar/16008
2021-11-06,2021-2022,Süper Lig,Küçük Kaymaklı TSK,Binatlı YSK,3,0,H,0,0,16010,https://ktff.org/maclar/16010
2021-11-06,2021-2022,Süper Lig,Alsancak Yeşilova SK,Hamitköy ŞHSK,1,1,D,0,0,16014,https://ktff.org/maclar/16014
2021-11-06,2021-2022,Süper Lig,Dumlupınar TSK,Göçmenköy İYSK,1,1,D,0,0,16015,https://ktff.org/maclar/16015
2021-11-06,2021-2022,1. Lig,Yalova SK,Yeniboğaziçi DSK,0,0,D,0,0,16128,https://ktff.org/maclar/16128
2021-11-06,2021-2022,1. Lig,İncirli SK,Çetinkaya TSK,1,3,A,0,0,16130,https://ktff.org/maclar/16130
2021-11-06,2021-2022,1. Lig,Mormenekşe GBSK,Maraş GSK,1,1,D,0,0,16131,https://ktff.org/maclar/16131
2021-11-06,2021-2022,1. Lig,Gençlik Gücü TSK,M. Karşıyaka ASK,2,4,A,0,0,16133,https://ktff.org/maclar/16133
2021-11-06,2021-2022,1. Lig,Düzkaya KOSK,Esentepe KSKK,2,1,H,0,0,16135,https://ktff.org/maclar/16135
2021-11-07,2021-2022,Süper Lig,Mesarya SK,Doğan Türk Birliği,0,1,A,0,0,16009,https://ktff.org/maclar/16009
2021-11-07,2021-2022,Süper Lig,Yenicami AK,Girne Halk Evi SK,5,0,H,0,0,16011,https://ktff.org/maclar/16011
2021-11-07,2021-2022,Süper Lig,Türk Ocağı Limasol SK,Mağusa Türk Gücü,3,2,H,0,0,16012,https://ktff.org/maclar/16012
2021-11-07,2021-2022,Süper Lig,Baf Ülkü Yurdu,Cihangir GSK,2,2,D,0,0,16013,https://ktff.org/maclar/16013
2021-11-07,2021-2022,1. Lig,L. Gençler Birliği SK,Değirmenlik SK,2,0,H,0,0,16129,https://ktff.org/maclar/16129
2021-11-07,2021-2022,1. Lig,Görneç KSK,Bostancı Bağcıl SK,0,1,A,0,0,16132,https://ktff.org/maclar/16132
2021-11-07,2021-2022,1. Lig,Çanakkale TSK,Dörtyol SK,2,2,D,0,0,16134,https://ktff.org/maclar/16134
2021-11-13,2021-2022,Süper Lig,Doğan Türk Birliği,Küçük Kaymaklı TSK,0,0,D,0,0,16017,https://ktff.org/maclar/16017
2021-11-13,2021-2022,Süper Lig,Binatlı YSK,Yenicami AK,1,1,D,0,0,16018,https://ktff.org/maclar/16018
2021-11-13,2021-2022,Süper Lig,Cihangir GSK,Lefke TSK,0,1,A,0,0,16020,https://ktff.org/maclar/16020
2021-11-13,2021-2022,Süper Lig,Göçmenköy İYSK,Alsancak Yeşilova SK,1,2,A,0,0,16022,https://ktff.org/maclar/16022
2021-11-13,2021-2022,1. Lig,Esentepe KSKK,Yalova SK,3,2,H,0,0,16136,https://ktff.org/maclar/16136
2021-11-13,2021-2022,1. Lig,Değirmenlik SK,İncirli SK,2,0,H,0,0,16138,https://ktff.org/maclar/16138
2021-11-13,2021-2022,1. Lig,Dörtyol SK,Gençlik Gücü TSK,0,2,A,0,0,16142,https://ktff.org/maclar/16142
2021-11-13,2021-2022,1. Lig,Çanakkale TSK,Mormenekşe GBSK,0,1,A,0,0,16143,https://ktff.org/maclar/16143
2021-11-14,2021-2022,Süper Lig,Gönyeli SK,Mesarya SK,2,0,H,0,0,16016,https://ktff.org/maclar/16016
2021-11-14,2021-2022,Süper Lig,Girne Halk Evi SK,Mağusa Türk Gücü,1,4,A,0,0,16019,https://ktff.org/maclar/16019
2021-11-14,2021-2022,Süper Lig,Hamitköy ŞHSK,Baf Ülkü Yurdu,2,0,H,0,0,16021,https://ktff.org/maclar/16021
2021-11-14,2021-2022,Süper Lig,Dumlupınar TSK,Türk Ocağı Limasol SK,0,1,A,0,0,16023,https://ktff.org/maclar/16023
2021-11-14,2021-2022,1. Lig,Yeniboğaziçi DSK,L. Gençler Birliği SK,1,0,H,0,0,16137,https://ktff.org/maclar/16137
2021-11-14,2021-2022,1. Lig,Çetinkaya TSK,Maraş GSK,4,0,H,0,0,16139,https://ktff.org/maclar/16139
2021-11-14,2021-2022,1. Lig,Bostancı Bağcıl SK,Düzkaya KOSK,1,0,H,0,0,16140,https://ktff.org/maclar/16140
2021-11-14,2021-2022,1. Lig,M. Karşıyaka ASK,Görneç KSK,5,1,H,0,0,16141,https://ktff.org/maclar/16141
2021-11-19,2021-2022,Süper Lig,Türk Ocağı Limasol SK,Girne Halk Evi SK,3,2,H,0,0,16027,https://ktff.org/maclar/16027
2021-11-19,2021-2022,1. Lig,L. Gençler Birliği SK,Esentepe KSKK,1,0,H,0,0,16151,https://ktff.org/maclar/16151
2021-11-20,2021-2022,Süper Lig,Yenicami AK,Doğan Türk Birliği,1,2,A,0,0,16025,https://ktff.org/maclar/16025
2021-11-20,2021-2022,Süper Lig,Mesarya SK,Cihangir GSK,2,1,H,0,0,16028,https://ktff.org/maclar/16028
2021-11-20,2021-2022,Süper Lig,Baf Ülkü Yurdu,Göçmenköy İYSK,0,2,A,0,0,16030,https://ktff.org/maclar/16030
2021-11-20,2021-2022,1. Lig,Maraş GSK,Değirmenlik SK,0,4,A,0,0,16145,https://ktff.org/maclar/16145
2021-11-20,2021-2022,1. Lig,Mormenekşe GBSK,Çetinkaya TSK,3,1,H,0,0,16146,https://ktff.org/maclar/16146
2021-11-20,2021-2022,1. Lig,Görneç KSK,Dörtyol SK,0,8,A,0,0,16149,https://ktff.org/maclar/16149
2021-11-21,2021-2022,Süper Lig,Küçük Kaymaklı TSK,Gönyeli SK,2,2,D,0,0,16024,https://ktff.org/maclar/16024
2021-11-21,2021-2022,Süper Lig,Mağusa Türk Gücü,Binatlı YSK,3,0,H,0,0,16026,https://ktff.org/maclar/16026
2021-11-21,2021-2022,Süper Lig,Lefke TSK,Hamitköy ŞHSK,2,0,H,0,0,16029,https://ktff.org/maclar/16029
2021-11-21,2021-2022,Süper Lig,Alsancak Yeşilova SK,Dumlupınar TSK,1,0,H,0,0,16031,https://ktff.org/maclar/16031
2021-11-21,2021-2022,1. Lig,İncirli SK,Yeniboğaziçi DSK,1,1,D,0,0,16144,https://ktff.org/maclar/16144
2021-11-21,2021-2022,1. Lig,Yalova SK,Bostancı Bağcıl SK,1,1,D,0,0,16147,https://ktff.org/maclar/16147
2021-11-21,2021-2022,1. Lig,Düzkaya KOSK,M. Karşıyaka ASK,2,1,H,0,0,16148,https://ktff.org/maclar/16148
2021-11-21,2021-2022,1. Lig,Gençlik Gücü TSK,Çanakkale TSK,2,1,H,0,0,16150,https://ktff.org/maclar/16150
2021-11-27,2021-2022,Süper Lig,Gönyeli SK,Yenicami AK,0,3,A,0,0,16032,https://ktff.org/maclar/16032
2021-11-27,2021-2022,Süper Lig,Cihangir GSK,Küçük Kaymaklı TSK,1,4,A,0,0,16035,https://ktff.org/maclar/16035
2021-11-27,2021-2022,Süper Lig,Hamitköy ŞHSK,Mesarya SK,1,0,H,0,0,16036,https://ktff.org/maclar/16036
2021-11-27,2021-2022,1. Lig,Esentepe KSKK,İncirli SK,2,0,H,0,0,16152,https://ktff.org/maclar/16152
2021-11-27,2021-2022,1. Lig,Yeniboğaziçi DSK,Maraş GSK,2,0,H,0,0,16153,https://ktff.org/maclar/16153
2021-11-27,2021-2022,1. Lig,Bostancı Bağcıl SK,L. Gençler Birliği SK,0,0,D,0,0,16155,https://ktff.org/maclar/16155
2021-11-27,2021-2022,1. Lig,Çanakkale TSK,Görneç KSK,3,0,H,0,0,16158,https://ktff.org/maclar/16158
2021-11-27,2021-2022,1. Lig,Gençlik Gücü TSK,Mormenekşe GBSK,2,1,H,0,0,16159,https://ktff.org/maclar/16159
2021-11-28,2021-2022,Süper Lig,Binatlı YSK,Girne Halk Evi SK,2,1,H,0,0,16034,https://ktff.org/maclar/16034
2021-11-28,2021-2022,Süper Lig,Göçmenköy İYSK,Lefke TSK,1,0,H,0,0,16037,https://ktff.org/maclar/16037
2021-11-28,2021-2022,Süper Lig,Dumlupınar TSK,Baf Ülkü Yurdu,6,0,H,0,0,16038,https://ktff.org/maclar/16038
2021-11-28,2021-2022,Süper Lig,Alsancak Yeşilova SK,Türk Ocağı Limasol SK,1,2,A,0,0,16039,https://ktff.org/maclar/16039
2021-11-28,2021-2022,1. Lig,Değirmenlik SK,Çetinkaya TSK,0,3,A,0,0,16154,https://ktff.org/maclar/16154
2021-11-28,2021-2022,1. Lig,M. Karşıyaka ASK,Yalova SK,3,0,H,0,0,16156,https://ktff.org/maclar/16156
2021-11-28,2021-2022,1. Lig,Dörtyol SK,Düzkaya KOSK,1,1,D,0,0,16157,https://ktff.org/maclar/16157
2021-11-29,2021-2022,Süper Lig,Doğan Türk Birliği,Mağusa Türk Gücü,0,2,A,0,0,16033,https://ktff.org/maclar/16033
2021-12-04,2021-2022,Süper Lig,Türk Ocağı Limasol SK,Binatlı YSK,3,0,H,0,0,16042,https://ktff.org/maclar/16042
2021-12-04,2021-2022,Süper Lig,Yenicami AK,Cihangir GSK,4,0,H,0,0,16043,https://ktff.org/maclar/16043
2021-12-04,2021-2022,Süper Lig,Mesarya SK,Göçmenköy İYSK,1,2,A,0,0,16045,https://ktff.org/maclar/16045
2021-12-04,2021-2022,Süper Lig,Lefke TSK,Dumlupınar TSK,1,0,H,0,0,16046,https://ktff.org/maclar/16046
2021-12-04,2021-2022,1. Lig,Mormenekşe GBSK,Değirmenlik SK,2,1,H,0,0,16161,https://ktff.org/maclar/16161
2021-12-04,2021-2022,1. Lig,L. Gençler Birliği SK,M. Karşıyaka ASK,1,0,H,0,0,16163,https://ktff.org/maclar/16163
2021-12-04,2021-2022,1. Lig,Yalova SK,Dörtyol SK,0,3,A,1,0,16164,https://ktff.org/maclar/16164
2021-12-04,2021-2022,1. Lig,Maraş GSK,Esentepe KSKK,2,4,A,0,0,16167,https://ktff.org/maclar/16167
2021-12-05,2021-2022,Süper Lig,Mağusa Türk Gücü,Gönyeli SK,3,1,H,0,0,16040,https://ktff.org/maclar/16040
2021-12-05,2021-2022,Süper Lig,Girne Halk Evi SK,Doğan Türk Birliği,1,3,A,0,0,16041,https://ktff.org/maclar/16041
2021-12-05,2021-2022,Süper Lig,Küçük Kaymaklı TSK,Hamitköy ŞHSK,2,1,H,0,0,16044,https://ktff.org/maclar/16044
2021-12-05,2021-2022,Süper Lig,Baf Ülkü Yurdu,Alsancak Yeşilova SK,0,1,A,0,0,16047,https://ktff.org/maclar/16047
2021-12-05,2021-2022,1. Lig,Çetinkaya TSK,Yeniboğaziçi DSK,5,3,H,0,0,16160,https://ktff.org/maclar/16160
2021-12-05,2021-2022,1. Lig,İncirli SK,Bostancı Bağcıl SK,2,3,A,0,0,16162,https://ktff.org/maclar/16162
2021-12-05,2021-2022,1. Lig,Düzkaya KOSK,Çanakkale TSK,3,2,H,0,0,16165,https://ktff.org/maclar/16165
2021-12-05,2021-2022,1. Lig,Görneç KSK,Gençlik Gücü TSK,0,6,A,0,0,16166,https://ktff.org/maclar/16166
2021-12-11,2021-2022,Süper Lig,Doğan Türk Birliği,Binatlı YSK,2,1,H,0,0,16049,https://ktff.org/maclar/16049
2021-12-11,2021-2022,Süper Lig,Cihangir GSK,Mağusa Türk Gücü,1,1,D,0,0,16050,https://ktff.org/maclar/16050
2021-12-11,2021-2022,Süper Lig,Hamitköy ŞHSK,Yenicami AK,0,0,D,0,0,16051,https://ktff.org/maclar/16051
2021-12-11,2021-2022,Süper Lig,Baf Ülkü Yurdu,Türk Ocağı Limasol SK,2,3,A,0,0,16055,https://ktff.org/maclar/16055
2021-12-11,2021-2022,1. Lig,M. Karşıyaka ASK,İncirli SK,4,1,H,0,0,16171,https://ktff.org/maclar/16171
2021-12-11,2021-2022,1. Lig,Dörtyol SK,L. Gençler Birliği SK,2,2,D,0,0,16172,https://ktff.org/maclar/16172
2021-12-11,2021-2022,1. Lig,Çanakkale TSK,Yalova SK,2,3,A,0,0,16173,https://ktff.org/maclar/16173
2021-12-11,2021-2022,1. Lig,Gençlik Gücü TSK,Düzkaya KOSK,1,0,H,0,0,16174,https://ktff.org/maclar/16174
2021-12-12,2021-2022,Süper Lig,Gönyeli SK,Girne Halk Evi SK,2,0,H,0,0,16048,https://ktff.org/maclar/16048
2021-12-12,2021-2022,Süper Lig,Göçmenköy İYSK,Küçük Kaymaklı TSK,3,0,H,0,0,16052,https://ktff.org/maclar/16052
2021-12-12,2021-2022,Süper Lig,Dumlupınar TSK,Mesarya SK,0,1,A,0,0,16053,https://ktff.org/maclar/16053
2021-12-12,2021-2022,Süper Lig,Alsancak Yeşilova SK,Lefke TSK,2,3,A,0,0,16054,https://ktff.org/maclar/16054
2021-12-12,2021-2022,1. Lig,Esentepe KSKK,Çetinkaya TSK,3,3,D,0,0,16168,https://ktff.org/maclar/16168
2021-12-12,2021-2022,1. Lig,Yeniboğaziçi DSK,Değirmenlik SK,2,1,H,0,0,16169,https://ktff.org/maclar/16169
2021-12-12,2021-2022,1. Lig,Bostancı Bağcıl SK,Maraş GSK,0,3,A,1,0,16170,https://ktff.org/maclar/16170
2021-12-12,2021-2022,1. Lig,Görneç KSK,Mormenekşe GBSK,0,1,A,0,0,16175,https://ktff.org/maclar/16175
2021-12-17,2021-2022,Süper Lig,Türk Ocağı Limasol SK,Doğan Türk Birliği,1,3,A,0,0,16057,https://ktff.org/maclar/16057
2021-12-18,2021-2022,Süper Lig,Binatlı YSK,Gönyeli SK,0,1,A,0,0,16056,https://ktff.org/maclar/16056
2021-12-18,2021-2022,Süper Lig,Girne Halk Evi SK,Cihangir GSK,1,5,A,0,0,16058,https://ktff.org/maclar/16058
2021-12-18,2021-2022,Süper Lig,Küçük Kaymaklı TSK,Dumlupınar TSK,0,0,D,0,0,16061,https://ktff.org/maclar/16061
2021-12-18,2021-2022,Süper Lig,Mesarya SK,Alsancak Yeşilova SK,1,1,D,0,0,16062,https://ktff.org/maclar/16062
2021-12-18,2021-2022,1. Lig,Mormenekşe GBSK,Yeniboğaziçi DSK,0,0,D,0,0,16176,https://ktff.org/maclar/16176
2021-12-18,2021-2022,1. Lig,Çetinkaya TSK,Bostancı Bağcıl SK,0,0,D,0,0,16177,https://ktff.org/maclar/16177
2021-12-18,2021-2022,1. Lig,İncirli SK,Dörtyol SK,0,3,A,0,0,16179,https://ktff.org/maclar/16179
2021-12-18,2021-2022,1. Lig,Değirmenlik SK,Esentepe KSKK,3,3,D,0,0,16183,https://ktff.org/maclar/16183
2021-12-19,2021-2022,Süper Lig,Mağusa Türk Gücü,Hamitköy ŞHSK,2,4,A,0,0,16059,https://ktff.org/maclar/16059
2021-12-19,2021-2022,Süper Lig,Yenicami AK,Göçmenköy İYSK,2,1,H,0,0,16060,https://ktff.org/maclar/16060
2021-12-19,2021-2022,Süper Lig,Lefke TSK,Baf Ülkü Yurdu,0,0,D,0,0,16063,https://ktff.org/maclar/16063
2021-12-19,2021-2022,1. Lig,Maraş GSK,M. Karşıyaka ASK,2,0,H,0,0,16178,https://ktff.org/maclar/16178
2021-12-19,2021-2022,1. Lig,L. Gençler Birliği SK,Çanakkale TSK,3,2,H,0,0,16180,https://ktff.org/maclar/16180
2021-12-19,2021-2022,1. Lig,Yalova SK,Gençlik Gücü TSK,1,1,D,0,0,16181,https://ktff.org/maclar/16181
2021-12-19,2021-2022,1. Lig,Düzkaya KOSK,Görneç KSK,3,1,H,0,0,16182,https://ktff.org/maclar/16182
2021-12-25,2021-2022,Süper Lig,Gönyeli SK,Doğan Türk Birliği,0,0,D,0,0,16064,https://ktff.org/maclar/16064
2021-12-25,2021-2022,Süper Lig,Hamitköy ŞHSK,Girne Halk Evi SK,1,1,D,0,0,16066,https://ktff.org/maclar/16066
2021-12-25,2021-2022,Süper Lig,Dumlupınar TSK,Yenicami AK,6,1,H,0,0,16068,https://ktff.org/maclar/16068
2021-12-25,2021-2022,Süper Lig,Baf Ülkü Yurdu,Mesarya SK,1,0,H,0,0,16070,https://ktff.org/maclar/16070
2021-12-25,2021-2022,1. Lig,M. Karşıyaka ASK,Çetinkaya TSK,0,0,D,0,0,16186,https://ktff.org/maclar/16186
2021-12-25,2021-2022,1. Lig,Gençlik Gücü TSK,L. Gençler Birliği SK,2,0,H,0,0,16189,https://ktff.org/maclar/16189
2021-12-25,2021-2022,1. Lig,Görneç KSK,Yalova SK,1,1,D,0,0,16190,https://ktff.org/maclar/16190
2021-12-25,2021-2022,1. Lig,Düzkaya KOSK,Mormenekşe GBSK,1,1,D,0,0,16191,https://ktff.org/maclar/16191
2021-12-26,2021-2022,Süper Lig,Cihangir GSK,Binatlı YSK,3,1,H,0,0,16065,https://ktff.org/maclar/16065
2021-12-26,2021-2022,Süper Lig,Göçmenköy İYSK,Mağusa Türk Gücü,1,8,A,0,0,16067,https://ktff.org/maclar/16067
2021-12-26,2021-2022,Süper Lig,Alsancak Yeşilova SK,Küçük Kaymaklı TSK,2,1,H,0,0,16069,https://ktff.org/maclar/16069
2021-12-26,2021-2022,Süper Lig,Lefke TSK,Türk Ocağı Limasol SK,0,2,A,0,0,16071,https://ktff.org/maclar/16071
2021-12-26,2021-2022,1. Lig,Esentepe KSKK,Yeniboğaziçi DSK,1,2,A,0,0,16184,https://ktff.org/maclar/16184
2021-12-26,2021-2022,1. Lig,Bostancı Bağcıl SK,Değirmenlik SK,0,1,A,0,0,16185,https://ktff.org/maclar/16185
2021-12-26,2021-2022,1. Lig,Dörtyol SK,Maraş GSK,5,2,H,0,0,16187,https://ktff.org/maclar/16187
2021-12-26,2021-2022,1. Lig,Çanakkale TSK,İncirli SK,2,3,A,0,0,16188,https://ktff.org/maclar/16188
2022-01-29,2021-2022,Süper Lig,Cihangir GSK,Doğan Türk Birliği,1,2,A,0,0,16539,https://ktff.org/maclar/16539
2022-01-29,2021-2022,Süper Lig,Baf Ülkü Yurdu,Küçük Kaymaklı TSK,0,0,D,0,0,16540,https://ktff.org/maclar/16540
2022-01-29,2021-2022,Süper Lig,Göçmenköy İYSK,Girne Halk Evi SK,1,1,D,0,0,16541,https://ktff.org/maclar/16541
2022-01-29,2021-2022,Süper Lig,Alsancak Yeşilova SK,Yenicami AK,2,2,D,0,0,16542,https://ktff.org/maclar/16542
2022-01-29,2021-2022,1. Lig,Mormenekşe GBSK,Esentepe KSKK,1,1,D,0,0,16571,https://ktff.org/maclar/16571
2022-01-29,2021-2022,1. Lig,M. Karşıyaka ASK,Değirmenlik SK,1,1,D,0,0,16572,https://ktff.org/maclar/16572
2022-01-29,2021-2022,1. Lig,Görneç KSK,L. Gençler Birliği SK,0,0,D,0,0,16573,https://ktff.org/maclar/16573
2022-01-29,2021-2022,1. Lig,Çanakkale TSK,Maraş GSK,1,3,A,0,0,16574,https://ktff.org/maclar/16574
2022-01-30,2021-2022,Süper Lig,Dumlupınar TSK,Mağusa Türk Gücü,1,2,A,0,0,16543,https://ktff.org/maclar/16543
2022-01-30,2021-2022,Süper Lig,Türk Ocağı Limasol SK,Gönyeli SK,0,3,A,0,0,16544,https://ktff.org/maclar/16544
2022-01-30,2021-2022,Süper Lig,Hamitköy ŞHSK,Binatlı YSK,2,1,H,0,0,16545,https://ktff.org/maclar/16545
2022-01-30,2021-2022,Süper Lig,Lefke TSK,Mesarya SK,0,0,D,0,0,16546,https://ktff.org/maclar/16546
2022-01-30,2021-2022,1. Lig,Dörtyol SK,Çetinkaya TSK,1,5,A,0,0,16575,https://ktff.org/maclar/16575
2022-01-30,2021-2022,1. Lig,Bostancı Bağcıl SK,Yeniboğaziçi DSK,2,5,A,0,0,16576,https://ktff.org/maclar/16576
2022-01-30,2021-2022,1. Lig,Düzkaya KOSK,Yalova SK,2,0,H,0,0,16577,https://ktff.org/maclar/16577
2022-01-30,2021-2022,1. Lig,Gençlik Gücü TSK,İncirli SK,4,1,H,0,0,16578,https://ktff.org/maclar/16578
2022-02-05,2021-2022,Süper Lig,Mesarya SK,Türk Ocağı Limasol SK,5,1,H,0,0,16547,https://ktff.org/maclar/16547
2022-02-05,2021-2022,Süper Lig,Binatlı YSK,Göçmenköy İYSK,0,0,D,0,0,16548,https://ktff.org/maclar/16548
2022-02-05,2021-2022,Süper Lig,Küçük Kaymaklı TSK,Lefke TSK,0,0,D,0,0,16549,https://ktff.org/maclar/16549
2022-02-05,2021-2022,Süper Lig,Girne Halk Evi SK,Dumlupınar TSK,1,2,A,0,0,16550,https://ktff.org/maclar/16550
2022-02-05,2021-2022,1. Lig,L. Gençler Birliği SK,Düzkaya KOSK,1,0,H,0,0,16579,https://ktff.org/maclar/16579
2022-02-05,2021-2022,1. Lig,Çetinkaya TSK,Çanakkale TSK,3,0,H,0,0,16580,https://ktff.org/maclar/16580
2022-02-05,2021-2022,1. Lig,Değirmenlik SK,Dörtyol SK,2,1,H,0,0,16581,https://ktff.org/maclar/16581
2022-02-05,2021-2022,1. Lig,Maraş GSK,Gençlik Gücü TSK,1,2,A,0,0,16582,https://ktff.org/maclar/16582
2022-02-06,2021-2022,Süper Lig,Doğan Türk Birliği,Hamitköy ŞHSK,3,2,H,0,0,16551,https://ktff.org/maclar/16551
2022-02-06,2021-2022,Süper Lig,Gönyeli SK,Cihangir GSK,4,1,H,0,0,16552,https://ktff.org/maclar/16552
2022-02-06,2021-2022,Süper Lig,Yenicami AK,Baf Ülkü Yurdu,1,0,H,0,0,16553,https://ktff.org/maclar/16553
2022-02-06,2021-2022,Süper Lig,Mağusa Türk Gücü,Alsancak Yeşilova SK,2,0,H,0,0,16554,https://ktff.org/maclar/16554
2022-02-06,2021-2022,1. Lig,Esentepe KSKK,Bostancı Bağcıl SK,4,0,H,0,0,16583,https://ktff.org/maclar/16583
2022-02-06,2021-2022,1. Lig,Yalova SK,Mormenekşe GBSK,2,2,D,0,0,16584,https://ktff.org/maclar/16584
2022-02-06,2021-2022,1. Lig,İncirli SK,Görneç KSK,1,1,D,0,0,16585,https://ktff.org/maclar/16585
2022-02-06,2021-2022,1. Lig,Yeniboğaziçi DSK,M. Karşıyaka ASK,1,1,D,0,0,16586,https://ktff.org/maclar/16586
2022-02-12,2021-2022,Süper Lig,Hamitköy ŞHSK,Gönyeli SK,1,0,H,0,0,16555,https://ktff.org/maclar/16555
2022-02-12,2021-2022,Süper Lig,Mesarya SK,Küçük Kaymaklı TSK,1,1,D,0,0,16556,https://ktff.org/maclar/16556
2022-02-12,2021-2022,Süper Lig,Alsancak Yeşilova SK,Girne Halk Evi SK,4,1,H,0,0,16557,https://ktff.org/maclar/16557
2022-02-12,2021-2022,Süper Lig,Baf Ülkü Yurdu,Mağusa Türk Gücü,2,3,A,0,0,16558,https://ktff.org/maclar/16558
2022-02-12,2021-2022,1. Lig,Gençlik Gücü TSK,Çetinkaya TSK,0,2,A,0,0,16587,https://ktff.org/maclar/16587
2022-02-12,2021-2022,1. Lig,Yalova SK,L. Gençler Birliği SK,0,2,A,0,0,16588,https://ktff.org/maclar/16588
2022-02-12,2021-2022,1. Lig,Düzkaya KOSK,İncirli SK,3,2,H,0,0,16589,https://ktff.org/maclar/16589
2022-02-12,2021-2022,1. Lig,Çanakkale TSK,Değirmenlik SK,1,3,A,0,0,16590,https://ktff.org/maclar/16590
2022-02-13,2021-2022,Süper Lig,Lefke TSK,Yenicami AK,1,1,D,0,0,16559,https://ktff.org/maclar/16559
2022-02-13,2021-2022,Süper Lig,Göçmenköy İYSK,Doğan Türk Birliği,2,0,H,0,0,16560,https://ktff.org/maclar/16560
2022-02-13,2021-2022,Süper Lig,Dumlupınar TSK,Binatlı YSK,3,0,H,0,0,16561,https://ktff.org/maclar/16561
2022-02-13,2021-2022,Süper Lig,Türk Ocağı Limasol SK,Cihangir GSK,0,0,D,0,0,16562,https://ktff.org/maclar/16562
2022-02-13,2021-2022,1. Lig,M. Karşıyaka ASK,Esentepe KSKK,2,0,H,0,0,16591,https://ktff.org/maclar/16591
2022-02-13,2021-2022,1. Lig,Dörtyol SK,Yeniboğaziçi DSK,3,1,H,0,0,16592,https://ktff.org/maclar/16592
2022-02-13,2021-2022,1. Lig,Mormenekşe GBSK,Bostancı Bağcıl SK,3,1,H,0,0,16593,https://ktff.org/maclar/16593
2022-02-13,2021-2022,1. Lig,Görneç KSK,Maraş GSK,1,1,D,0,0,16594,https://ktff.org/maclar/16594
2022-02-19,2021-2022,Süper Lig,Cihangir GSK,Hamitköy ŞHSK,3,3,D,0,0,16563,https://ktff.org/maclar/16563
2022-02-19,2021-2022,Süper Lig,Mağusa Türk Gücü,Lefke TSK,2,0,H,0,0,16564,https://ktff.org/maclar/16564
2022-02-19,2021-2022,Süper Lig,Yenicami AK,Mesarya SK,1,2,A,0,0,16565,https://ktff.org/maclar/16565
2022-02-19,2021-2022,Süper Lig,Doğan Türk Birliği,Dumlupınar TSK,2,2,D,0,0,16566,https://ktff.org/maclar/16566
2022-02-19,2021-2022,1. Lig,İncirli SK,Yalova SK,2,1,H,0,0,16595,https://ktff.org/maclar/16595
2022-02-19,2021-2022,1. Lig,Yeniboğaziçi DSK,Çanakkale TSK,0,0,D,0,0,16596,https://ktff.org/maclar/16596
2022-02-19,2021-2022,1. Lig,Esentepe KSKK,Dörtyol SK,3,1,H,0,0,16597,https://ktff.org/maclar/16597
2022-02-19,2021-2022,1. Lig,Bostancı Bağcıl SK,M. Karşıyaka ASK,1,2,A,0,0,16598,https://ktff.org/maclar/16598
2022-02-20,2021-2022,Süper Lig,Küçük Kaymaklı TSK,Türk Ocağı Limasol SK,0,1,A,0,0,16567,https://ktff.org/maclar/16567
2022-02-20,2021-2022,Süper Lig,Girne Halk Evi SK,Baf Ülkü Yurdu,1,2,A,0,0,16568,https://ktff.org/maclar/16568
2022-02-20,2021-2022,Süper Lig,Binatlı YSK,Alsancak Yeşilova SK,1,1,D,0,0,16569,https://ktff.org/maclar/16569
2022-02-20,2021-2022,Süper Lig,Gönyeli SK,Göçmenköy İYSK,0,2,A,0,0,16570,https://ktff.org/maclar/16570
2022-02-20,2021-2022,1. Lig,Maraş GSK,Düzkaya KOSK,0,4,A,0,0,16599,https://ktff.org/maclar/16599
2022-02-20,2021-2022,1. Lig,L. Gençler Birliği SK,Mormenekşe GBSK,2,2,D,0,0,16600,https://ktff.org/maclar/16600
2022-02-20,2021-2022,1. Lig,Çetinkaya TSK,Görneç KSK,6,0,H,0,0,16601,https://ktff.org/maclar/16601
2022-02-20,2021-2022,1. Lig,Değirmenlik SK,Gençlik Gücü TSK,3,2,H,0,0,16602,https://ktff.org/maclar/16602
2022-02-26,2021-2022,Süper Lig,Türk Ocağı Limasol SK,Hamitköy ŞHSK,0,3,A,0,0,16607,https://ktff.org/maclar/16607
2022-02-26,2021-2022,Süper Lig,Baf Ülkü Yurdu,Binatlı YSK,2,1,H,0,0,16609,https://ktff.org/maclar/16609
2022-02-26,2021-2022,1. Lig,Gençlik Gücü TSK,Yeniboğaziçi DSK,3,1,H,0,0,16692,https://ktff.org/maclar/16692
2022-02-26,2021-2022,1. Lig,Düzkaya KOSK,Çetinkaya TSK,1,0,H,0,0,16693,https://ktff.org/maclar/16693
2022-02-26,2021-2022,1. Lig,Dörtyol SK,Bostancı Bağcıl SK,1,1,D,0,0,16694,https://ktff.org/maclar/16694
2022-02-26,2021-2022,1. Lig,Yalova SK,Maraş GSK,4,4,D,0,0,16695,https://ktff.org/maclar/16695
2022-02-26,2021-2022,1. Lig,Mormenekşe GBSK,M. Karşıyaka ASK,0,0,D,0,0,16697,https://ktff.org/maclar/16697
2022-02-27,2021-2022,Süper Lig,Küçük Kaymaklı TSK,Yenicami AK,2,1,H,0,0,16603,https://ktff.org/maclar/16603
2022-02-27,2021-2022,Süper Lig,Mesarya SK,Mağusa Türk Gücü,0,1,A,0,0,16604,https://ktff.org/maclar/16604
2022-02-27,2021-2022,Süper Lig,Dumlupınar TSK,Gönyeli SK,2,1,H,0,0,16605,https://ktff.org/maclar/16605
2022-02-27,2021-2022,Süper Lig,Alsancak Yeşilova SK,Doğan Türk Birliği,2,1,H,0,0,16606,https://ktff.org/maclar/16606
2022-02-27,2021-2022,Süper Lig,Lefke TSK,Girne Halk Evi SK,2,0,H,0,0,16608,https://ktff.org/maclar/16608
2022-02-27,2021-2022,Süper Lig,Göçmenköy İYSK,Cihangir GSK,0,1,A,0,0,16610,https://ktff.org/maclar/16610
2022-02-27,2021-2022,1. Lig,Çanakkale TSK,Esentepe KSKK,3,4,A,0,0,16691,https://ktff.org/maclar/16691
2022-02-27,2021-2022,1. Lig,L. Gençler Birliği SK,İncirli SK,0,1,A,0,0,16696,https://ktff.org/maclar/16696
2022-02-27,2021-2022,1. Lig,Görneç KSK,Değirmenlik SK,2,3,A,0,0,16698,https://ktff.org/maclar/16698
2022-03-05,2021-2022,Süper Lig,Yenicami AK,Türk Ocağı Limasol SK,4,2,H,0,0,16611,https://ktff.org/maclar/16611
2022-03-05,2021-2022,Süper Lig,Mağusa Türk Gücü,Küçük Kaymaklı TSK,3,1,H,0,0,16612,https://ktff.org/maclar/16612
2022-03-05,2021-2022,Süper Lig,Gönyeli SK,Alsancak Yeşilova SK,2,2,D,0,0,16614,https://ktff.org/maclar/16614
2022-03-05,2021-2022,Süper Lig,Girne Halk Evi SK,Mesarya SK,0,5,A,0,0,16617,https://ktff.org/maclar/16617
2022-03-05,2021-2022,1. Lig,İncirli SK,Mormenekşe GBSK,0,2,A,0,0,16701,https://ktff.org/maclar/16701
2022-03-05,2021-2022,1. Lig,Bostancı Bağcıl SK,Çanakkale TSK,5,0,H,0,0,16703,https://ktff.org/maclar/16703
2022-03-05,2021-2022,1. Lig,Yeniboğaziçi DSK,Görneç KSK,1,0,H,0,0,16704,https://ktff.org/maclar/16704
2022-03-05,2021-2022,1. Lig,Esentepe KSKK,Gençlik Gücü TSK,3,2,H,0,0,16706,https://ktff.org/maclar/16706
2022-03-06,2021-2022,Süper Lig,Doğan Türk Birliği,Baf Ülkü Yurdu,0,0,D,0,0,16613,https://ktff.org/maclar/16613
2022-03-06,2021-2022,Süper Lig,Hamitköy ŞHSK,Göçmenköy İYSK,1,0,H,0,0,16615,https://ktff.org/maclar/16615
2022-03-06,2021-2022,Süper Lig,Binatlı YSK,Lefke TSK,0,6,A,0,0,16616,https://ktff.org/maclar/16616
2022-03-06,2021-2022,Süper Lig,Cihangir GSK,Dumlupınar TSK,1,0,H,0,0,16618,https://ktff.org/maclar/16618
2022-03-06,2021-2022,1. Lig,Değirmenlik SK,Düzkaya KOSK,4,0,H,0,0,16699,https://ktff.org/maclar/16699
2022-03-06,2021-2022,1. Lig,Çetinkaya TSK,Yalova SK,4,1,H,0,0,16700,https://ktff.org/maclar/16700
2022-03-06,2021-2022,1. Lig,Maraş GSK,L. Gençler Birliği SK,1,0,H,0,0,16702,https://ktff.org/maclar/16702
2022-03-06,2021-2022,1. Lig,M. Karşıyaka ASK,Dörtyol SK,2,1,H,0,0,16705,https://ktff.org/maclar/16705
2022-03-12,2021-2022,Süper Lig,Yenicami AK,Mağusa Türk Gücü,1,0,H,0,0,16619,https://ktff.org/maclar/16619
2022-03-12,2021-2022,Süper Lig,Lefke TSK,Doğan Türk Birliği,2,2,D,0,0,16621,https://ktff.org/maclar/16621
2022-03-12,2021-2022,Süper Lig,Dumlupınar TSK,Hamitköy ŞHSK,2,1,H,0,0,16622,https://ktff.org/maclar/16622
2022-03-12,2021-2022,Süper Lig,Küçük Kaymaklı TSK,Girne Halk Evi SK,4,1,H,0,0,16623,https://ktff.org/maclar/16623
2022-03-12,2021-2022,Süper Lig,Mesarya SK,Binatlı YSK,1,0,H,0,0,16624,https://ktff.org/maclar/16624
2022-03-12,2021-2022,Süper Lig,Alsancak Yeşilova SK,Cihangir GSK,1,1,D,0,0,16625,https://ktff.org/maclar/16625
2022-03-12,2021-2022,1. Lig,Görneç KSK,Esentepe KSKK,1,0,H,0,0,16707,https://ktff.org/maclar/16707
2022-03-12,2021-2022,1. Lig,Düzkaya KOSK,Yeniboğaziçi DSK,1,1,D,0,0,16708,https://ktff.org/maclar/16708
2022-03-13,2021-2022,Süper Lig,Baf Ülkü Yurdu,Gönyeli SK,0,3,A,0,0,16620,https://ktff.org/maclar/16620
2022-03-13,2021-2022,Süper Lig,Türk Ocağı Limasol SK,Göçmenköy İYSK,0,0,D,0,0,16626,https://ktff.org/maclar/16626
2022-03-13,2021-2022,1. Lig,L. Gençler Birliği SK,Çetinkaya TSK,1,1,D,0,0,16709,https://ktff.org/maclar/16709
2022-03-13,2021-2022,1. Lig,Gençlik Gücü TSK,Bostancı Bağcıl SK,2,1,H,0,0,16710,https://ktff.org/maclar/16710
2022-03-13,2021-2022,1. Lig,Mormenekşe GBSK,Dörtyol SK,1,0,H,0,0,16711,https://ktff.org/maclar/16711
2022-03-13,2021-2022,1. Lig,İncirli SK,Maraş GSK,2,2,D,0,0,16712,https://ktff.org/maclar/16712
2022-03-13,2021-2022,1. Lig,Çanakkale TSK,M. Karşıyaka ASK,4,4,D,0,0,16713,https://ktff.org/maclar/16713
2022-03-13,2021-2022,1. Lig,Yalova SK,Değirmenlik SK,1,3,A,0,0,16714,https://ktff.org/maclar/16714
2022-03-19,2021-2022,Süper Lig,Girne Halk Evi SK,Yenicami AK,1,7,A,0,0,16627,https://ktff.org/maclar/16627
2022-03-19,2021-2022,Süper Lig,Hamitköy ŞHSK,Alsancak Yeşilova SK,1,4,A,0,0,16631,https://ktff.org/maclar/16631
2022-03-19,2021-2022,Süper Lig,Gönyeli SK,Lefke TSK,1,1,D,0,0,16632,https://ktff.org/maclar/16632
2022-03-19,2021-2022,1. Lig,Yeniboğaziçi DSK,Yalova SK,1,1,D,0,0,16716,https://ktff.org/maclar/16716
2022-03-19,2021-2022,1. Lig,Maraş GSK,Mormenekşe GBSK,3,1,H,0,0,16717,https://ktff.org/maclar/16717
2022-03-19,2021-2022,1. Lig,Değirmenlik SK,L. Gençler Birliği SK,0,3,A,1,0,16718,https://ktff.org/maclar/16718
2022-03-19,2021-2022,1. Lig,Bostancı Bağcıl SK,Görneç KSK,2,0,H,0,0,16720,https://ktff.org/maclar/16720
2022-03-19,2021-2022,1. Lig,Çetinkaya TSK,İncirli SK,2,0,H,0,0,16721,https://ktff.org/maclar/16721
2022-03-19,2021-2022,1. Lig,M. Karşıyaka ASK,Gençlik Gücü TSK,0,1,A,0,0,16722,https://ktff.org/maclar/16722
2022-03-20,2021-2022,Süper Lig,Mağusa Türk Gücü,Türk Ocağı Limasol SK,2,0,H,0,0,16628,https://ktff.org/maclar/16628
2022-03-20,2021-2022,Süper Lig,Binatlı YSK,Küçük Kaymaklı TSK,3,4,A,0,0,16629,https://ktff.org/maclar/16629
2022-03-20,2021-2022,Süper Lig,Cihangir GSK,Baf Ülkü Yurdu,4,2,H,0,0,16630,https://ktff.org/maclar/16630
2022-03-20,2021-2022,Süper Lig,Doğan Türk Birliği,Mesarya SK,2,0,H,0,0,16633,https://ktff.org/maclar/16633
2022-03-20,2021-2022,Süper Lig,Göçmenköy İYSK,Dumlupınar TSK,2,4,A,0,0,16634,https://ktff.org/maclar/16634
2022-03-20,2021-2022,1. Lig,Esentepe KSKK,Düzkaya KOSK,2,2,D,0,0,16715,https://ktff.org/maclar/16715
2022-03-20,2021-2022,1. Lig,Dörtyol SK,Çanakkale TSK,6,4,H,0,0,16719,https://ktff.org/maclar/16719
2022-03-26,2021-2022,Süper Lig,Küçük Kaymaklı TSK,Doğan Türk Birliği,1,1,D,0,0,16636,https://ktff.org/maclar/16636
2022-03-26,2021-2022,Süper Lig,Baf Ülkü Yurdu,Hamitköy ŞHSK,1,0,H,0,0,16637,https://ktff.org/maclar/16637
2022-03-26,2021-2022,Süper Lig,Mağusa Türk Gücü,Girne Halk Evi SK,6,1,H,0,0,16638,https://ktff.org/maclar/16638
2022-03-26,2021-2022,Süper Lig,Alsancak Yeşilova SK,Göçmenköy İYSK,2,0,H,0,0,16641,https://ktff.org/maclar/16641
2022-03-26,2021-2022,1. Lig,L. Gençler Birliği SK,Yeniboğaziçi DSK,2,1,H,0,0,16724,https://ktff.org/maclar/16724
2022-03-26,2021-2022,1. Lig,Düzkaya KOSK,Bostancı Bağcıl SK,0,0,D,0,0,16726,https://ktff.org/maclar/16726
2022-03-26,2021-2022,1. Lig,Gençlik Gücü TSK,Dörtyol SK,4,0,H,0,0,16728,https://ktff.org/maclar/16728
2022-03-26,2021-2022,1. Lig,İncirli SK,Değirmenlik SK,0,3,A,0,0,16730,https://ktff.org/maclar/16730
2022-03-27,2021-2022,Süper Lig,Mesarya SK,Gönyeli SK,0,1,A,0,0,16635,https://ktff.org/maclar/16635
2022-03-27,2021-2022,Süper Lig,Yenicami AK,Binatlı YSK,8,0,H,0,0,16639,https://ktff.org/maclar/16639
2022-03-27,2021-2022,Süper Lig,Lefke TSK,Cihangir GSK,2,2,D,0,0,16640,https://ktff.org/maclar/16640
2022-03-27,2021-2022,Süper Lig,Türk Ocağı Limasol SK,Dumlupınar TSK,0,3,A,0,0,16642,https://ktff.org/maclar/16642
2022-03-27,2021-2022,1. Lig,Yalova SK,Esentepe KSKK,1,2,A,0,0,16723,https://ktff.org/maclar/16723
2022-03-27,2021-2022,1. Lig,Maraş GSK,Çetinkaya TSK,1,4,A,0,0,16725,https://ktff.org/maclar/16725
2022-03-27,2021-2022,1. Lig,Mormenekşe GBSK,Çanakkale TSK,0,1,A,0,0,16727,https://ktff.org/maclar/16727
2022-03-27,2021-2022,1. Lig,Görneç KSK,M. Karşıyaka ASK,0,2,A,0,0,16729,https://ktff.org/maclar/16729
2022-04-02,2021-2022,Süper Lig,Doğan Türk Birliği,Yenicami AK,0,3,A,0,0,16643,https://ktff.org/maclar/16643
2022-04-02,2021-2022,Süper Lig,Binatlı YSK,Mağusa Türk Gücü,3,5,A,0,0,16644,https://ktff.org/maclar/16644
2022-04-02,2021-2022,Süper Lig,Gönyeli SK,Küçük Kaymaklı TSK,2,2,D,0,0,16646,https://ktff.org/maclar/16646
2022-04-02,2021-2022,Süper Lig,Göçmenköy İYSK,Baf Ülkü Yurdu,0,1,A,0,0,16647,https://ktff.org/maclar/16647
2022-04-02,2021-2022,Süper Lig,Dumlupınar TSK,Alsancak Yeşilova SK,2,0,H,0,0,16648,https://ktff.org/maclar/16648
2022-04-02,2021-2022,1. Lig,M. Karşıyaka ASK,Düzkaya KOSK,2,2,D,0,0,16731,https://ktff.org/maclar/16731
2022-04-02,2021-2022,1. Lig,Çetinkaya TSK,Mormenekşe GBSK,5,1,H,0,0,16733,https://ktff.org/maclar/16733
2022-04-02,2021-2022,1. Lig,Değirmenlik SK,Maraş GSK,2,0,H,0,0,16736,https://ktff.org/maclar/16736
2022-04-03,2021-2022,Süper Lig,Girne Halk Evi SK,Türk Ocağı Limasol SK,0,3,A,0,0,16645,https://ktff.org/maclar/16645
2022-04-03,2021-2022,Süper Lig,Hamitköy ŞHSK,Lefke TSK,1,2,A,0,0,16649,https://ktff.org/maclar/16649
2022-04-03,2021-2022,Süper Lig,Cihangir GSK,Mesarya SK,1,4,A,0,0,16650,https://ktff.org/maclar/16650
2022-04-03,2021-2022,1. Lig,Bostancı Bağcıl SK,Yalova SK,2,3,A,0,0,16732,https://ktff.org/maclar/16732
2022-04-03,2021-2022,1. Lig,Esentepe KSKK,L. Gençler Birliği SK,4,0,H,0,0,16734,https://ktff.org/maclar/16734
2022-04-03,2021-2022,1. Lig,Dörtyol SK,Görneç KSK,3,0,H,1,0,16735,https://ktff.org/maclar/16735
2022-04-03,2021-2022,1. Lig,Yeniboğaziçi DSK,İncirli SK,0,1,A,0,0,16737,https://ktff.org/maclar/16737
2022-04-03,2021-2022,1. Lig,Çanakkale TSK,Gençlik Gücü TSK,1,6,A,0,0,16738,https://ktff.org/maclar/16738
2022-04-09,2021-2022,Süper Lig,Mesarya SK,Hamitköy ŞHSK,4,0,H,0,0,16653,https://ktff.org/maclar/16653
2022-04-09,2021-2022,Süper Lig,Türk Ocağı Limasol SK,Alsancak Yeşilova SK,1,3,A,0,0,16656,https://ktff.org/maclar/16656
2022-04-09,2021-2022,Süper Lig,Lefke TSK,Göçmenköy İYSK,0,3,A,0,0,16657,https://ktff.org/maclar/16657
2022-04-09,2021-2022,Süper Lig,Baf Ülkü Yurdu,Dumlupınar TSK,0,0,D,0,0,16658,https://ktff.org/maclar/16658
2022-04-09,2021-2022,1. Lig,Maraş GSK,Yeniboğaziçi DSK,1,1,D,0,0,16740,https://ktff.org/maclar/16740
2022-04-09,2021-2022,1. Lig,L. Gençler Birliği SK,Bostancı Bağcıl SK,2,1,H,0,0,16741,https://ktff.org/maclar/16741
2022-04-09,2021-2022,1. Lig,Düzkaya KOSK,Dörtyol SK,1,1,D,0,0,16743,https://ktff.org/maclar/16743
2022-04-09,2021-2022,1. Lig,Mormenekşe GBSK,Gençlik Gücü TSK,0,2,A,0,0,16745,https://ktff.org/maclar/16745
2022-04-10,2021-2022,Süper Lig,Yenicami AK,Gönyeli SK,4,0,H,0,0,16651,https://ktff.org/maclar/16651
2022-04-10,2021-2022,Süper Lig,Mağusa Türk Gücü,Doğan Türk Birliği,3,2,H,0,0,16652,https://ktff.org/maclar/16652
2022-04-10,2021-2022,Süper Lig,Girne Halk Evi SK,Binatlı YSK,1,3,A,0,0,16654,https://ktff.org/maclar/16654
2022-04-10,2021-2022,Süper Lig,Küçük Kaymaklı TSK,Cihangir GSK,0,3,A,0,0,16655,https://ktff.org/maclar/16655
2022-04-10,2021-2022,1. Lig,İncirli SK,Esentepe KSKK,1,1,D,0,0,16739,https://ktff.org/maclar/16739
2022-04-10,2021-2022,1. Lig,Görneç KSK,Çanakkale TSK,4,3,H,0,0,16742,https://ktff.org/maclar/16742
2022-04-10,2021-2022,1. Lig,Yalova SK,M. Karşıyaka ASK,1,0,H,0,0,16744,https://ktff.org/maclar/16744
2022-04-10,2021-2022,1. Lig,Çetinkaya TSK,Değirmenlik SK,5,1,H,0,0,16746,https://ktff.org/maclar/16746
2022-04-16,2021-2022,Süper Lig,Cihangir GSK,Yenicami AK,3,1,H,0,0,16659,https://ktff.org/maclar/16659
2022-04-16,2021-2022,Süper Lig,Gönyeli SK,Mağusa Türk Gücü,1,2,A,0,0,16660,https://ktff.org/maclar/16660
2022-04-16,2021-2022,Süper Lig,Hamitköy ŞHSK,Küçük Kaymaklı TSK,2,1,H,0,0,16662,https://ktff.org/maclar/16662
2022-04-16,2021-2022,Süper Lig,Doğan Türk Birliği,Girne Halk Evi SK,3,0,H,0,0,16663,https://ktff.org/maclar/16663
2022-04-16,2021-2022,1. Lig,Dörtyol SK,Yalova SK,2,3,A,0,0,16749,https://ktff.org/maclar/16749
2022-04-16,2021-2022,1. Lig,Gençlik Gücü TSK,Görneç KSK,3,1,H,0,0,16752,https://ktff.org/maclar/16752
2022-04-16,2021-2022,1. Lig,Esentepe KSKK,Maraş GSK,2,0,H,0,0,16753,https://ktff.org/maclar/16753
2022-04-16,2021-2022,1. Lig,Bostancı Bağcıl SK,İncirli SK,0,1,A,0,0,16754,https://ktff.org/maclar/16754
2022-04-17,2021-2022,Süper Lig,Binatlı YSK,Türk Ocağı Limasol SK,2,1,H,0,0,16661,https://ktff.org/maclar/16661
2022-04-17,2021-2022,Süper Lig,Alsancak Yeşilova SK,Baf Ülkü Yurdu,3,0,H,0,0,16664,https://ktff.org/maclar/16664
2022-04-17,2021-2022,Süper Lig,Dumlupınar TSK,Lefke TSK,3,1,H,0,0,16665,https://ktff.org/maclar/16665
2022-04-17,2021-2022,Süper Lig,Göçmenköy İYSK,Mesarya SK,2,0,H,0,0,16666,https://ktff.org/maclar/16666
2022-04-17,2021-2022,1. Lig,Yeniboğaziçi DSK,Çetinkaya TSK,1,3,A,0,0,16747,https://ktff.org/maclar/16747
2022-04-17,2021-2022,1. Lig,Çanakkale TSK,Düzkaya KOSK,2,4,A,0,0,16748,https://ktff.org/maclar/16748
2022-04-17,2021-2022,1. Lig,Değirmenlik SK,Mormenekşe GBSK,2,1,H,0,0,16750,https://ktff.org/maclar/16750
2022-04-17,2021-2022,1. Lig,M. Karşıyaka ASK,L. Gençler Birliği SK,3,1,H,0,0,16751,https://ktff.org/maclar/16751
2022-04-22,2021-2022,Süper Lig,Mağusa Türk Gücü,Cihangir GSK,1,1,D,0,0,16670,https://ktff.org/maclar/16670
2022-04-23,2021-2022,Süper Lig,Girne Halk Evi SK,Gönyeli SK,2,4,A,0,0,16667,https://ktff.org/maclar/16667
2022-04-23,2021-2022,1. Lig,Çetinkaya TSK,Esentepe KSKK,4,1,H,0,0,16755,https://ktff.org/maclar/16755
2022-04-23,2021-2022,1. Lig,Değirmenlik SK,Yeniboğaziçi DSK,1,5,A,0,0,16756,https://ktff.org/maclar/16756
2022-04-23,2021-2022,1. Lig,Maraş GSK,Bostancı Bağcıl SK,3,1,H,0,0,16757,https://ktff.org/maclar/16757
2022-04-23,2021-2022,1. Lig,Yalova SK,Çanakkale TSK,5,1,H,0,0,16758,https://ktff.org/maclar/16758
2022-04-23,2021-2022,1. Lig,Mormenekşe GBSK,Görneç KSK,1,0,H,0,0,16759,https://ktff.org/maclar/16759
2022-04-23,2021-2022,1. Lig,L. Gençler Birliği SK,Dörtyol SK,4,0,H,0,0,16760,https://ktff.org/maclar/16760
2022-04-23,2021-2022,1. Lig,İncirli SK,M. Karşıyaka ASK,0,2,A,0,0,16761,https://ktff.org/maclar/16761
2022-04-23,2021-2022,1. Lig,Düzkaya KOSK,Gençlik Gücü TSK,0,1,A,0,0,16762,https://ktff.org/maclar/16762
2022-04-24,2021-2022,Süper Lig,Binatlı YSK,Doğan Türk Birliği,1,2,A,0,0,16668,https://ktff.org/maclar/16668
2022-04-24,2021-2022,Süper Lig,Yenicami AK,Hamitköy ŞHSK,8,3,H,0,0,16669,https://ktff.org/maclar/16669
2022-04-24,2021-2022,Süper Lig,Türk Ocağı Limasol SK,Baf Ülkü Yurdu,1,0,H,0,0,16671,https://ktff.org/maclar/16671
2022-04-24,2021-2022,Süper Lig,Lefke TSK,Alsancak Yeşilova SK,1,0,H,0,0,16672,https://ktff.org/maclar/16672
2022-04-24,2021-2022,Süper Lig,Küçük Kaymaklı TSK,Göçmenköy İYSK,1,1,D,0,0,16673,https://ktff.org/maclar/16673
2022-04-24,2021-2022,Süper Lig,Mesarya SK,Dumlupınar TSK,1,0,H,0,0,16674,https://ktff.org/maclar/16674
2022-04-29,2021-2022,Süper Lig,Göçmenköy İYSK,Yenicami AK,1,4,A,0,0,16675,https://ktff.org/maclar/16675
2022-04-29,2021-2022,Süper Lig,Cihangir GSK,Girne Halk Evi SK,2,1,H,0,0,16679,https://ktff.org/maclar/16679
2022-04-29,2021-2022,Süper Lig,Gönyeli SK,Binatlı YSK,3,1,H,0,0,16680,https://ktff.org/maclar/16680
2022-04-29,2021-2022,Süper Lig,Alsancak Yeşilova SK,Mesarya SK,2,3,A,0,0,16682,https://ktff.org/maclar/16682
2022-04-29,2021-2022,1. Lig,Görneç KSK,Düzkaya KOSK,3,6,A,0,0,16764,https://ktff.org/maclar/16764
2022-04-29,2021-2022,1. Lig,Çanakkale TSK,L. Gençler Birliği SK,2,2,D,0,0,16767,https://ktff.org/maclar/16767
2022-04-30,2021-2022,Süper Lig,Hamitköy ŞHSK,Mağusa Türk Gücü,0,2,A,0,0,16676,https://ktff.org/maclar/16676
2022-04-30,2021-2022,Süper Lig,Doğan Türk Birliği,Türk Ocağı Limasol SK,2,1,H,0,0,16677,https://ktff.org/maclar/16677
2022-04-30,2021-2022,Süper Lig,Dumlupınar TSK,Küçük Kaymaklı TSK,1,1,D,0,0,16678,https://ktff.org/maclar/16678
2022-04-30,2021-2022,Süper Lig,Baf Ülkü Yurdu,Lefke TSK,0,2,A,0,0,16681,https://ktff.org/maclar/16681
2022-04-30,2021-2022,1. Lig,Bostancı Bağcıl SK,Çetinkaya TSK,0,3,A,1,0,16763,https://ktff.org/maclar/16763
2022-04-30,2021-2022,1. Lig,Gençlik Gücü TSK,Yalova SK,2,0,H,0,0,16765,https://ktff.org/maclar/16765
2022-04-30,2021-2022,1. Lig,Yeniboğaziçi DSK,Mormenekşe GBSK,1,0,H,0,0,16766,https://ktff.org/maclar/16766
2022-04-30,2021-2022,1. Lig,M. Karşıyaka ASK,Maraş GSK,2,0,H,0,0,16768,https://ktff.org/maclar/16768
2022-04-30,2021-2022,1. Lig,Dörtyol SK,İncirli SK,1,0,H,0,0,16769,https://ktff.org/maclar/16769
2022-04-30,2021-2022,1. Lig,Esentepe KSKK,Değirmenlik SK,1,1,D,0,0,16770,https://ktff.org/maclar/16770
2022-05-06,2021-2022,Süper Lig,Doğan Türk Birliği,Gönyeli SK,1,1,D,0,0,16683,https://ktff.org/maclar/16683
2022-05-06,2021-2022,Süper Lig,Yenicami AK,Dumlupınar TSK,4,2,H,0,0,16690,https://ktff.org/maclar/16690
2022-05-07,2021-2022,Süper Lig,Girne Halk Evi SK,Hamitköy ŞHSK,0,7,A,0,0,16684,https://ktff.org/maclar/16684
2022-05-07,2021-2022,Süper Lig,Binatlı YSK,Cihangir GSK,1,4,A,0,0,16685,https://ktff.org/maclar/16685
2022-05-07,2021-2022,Süper Lig,Mesarya SK,Baf Ülkü Yurdu,4,0,H,0,0,16686,https://ktff.org/maclar/16686
2022-05-07,2021-2022,Süper Lig,Küçük Kaymaklı TSK,Alsancak Yeşilova SK,4,0,H,0,0,16687,https://ktff.org/maclar/16687
2022-05-07,2021-2022,Süper Lig,Mağusa Türk Gücü,Göçmenköy İYSK,3,0,H,0,0,16688,https://ktff.org/maclar/16688
2022-05-07,2021-2022,1. Lig,Yeniboğaziçi DSK,Esentepe KSKK,0,1,A,0,0,16771,https://ktff.org/maclar/16771
2022-05-07,2021-2022,1. Lig,Maraş GSK,Dörtyol SK,6,3,H,0,0,16776,https://ktff.org/maclar/16776
2022-05-07,2021-2022,1. Lig,Çetinkaya TSK,M. Karşıyaka ASK,2,2,D,0,0,16777,https://ktff.org/maclar/16777
2022-05-07,2021-2022,1. Lig,L. Gençler Birliği SK,Gençlik Gücü TSK,2,1,H,0,0,16778,https://ktff.org/maclar/16778
2022-05-08,2021-2022,Süper Lig,Türk Ocağı Limasol SK,Lefke TSK,1,1,D,0,0,16689,https://ktff.org/maclar/16689
2022-05-08,2021-2022,1. Lig,Mormenekşe GBSK,Düzkaya KOSK,1,1,D,0,0,16772,https://ktff.org/maclar/16772
2022-05-08,2021-2022,1. Lig,İncirli SK,Çanakkale TSK,1,0,H,0,0,16774,https://ktff.org/maclar/16774
2022-05-08,2021-2022,1. Lig,Yalova SK,Görneç KSK,4,0,H,0,0,16775,https://ktff.org/maclar/16775
2022-09-22,2022-2023,Süper Lig,Türk Ocağı Limasol SK,Mağusa Türk Gücü,2,3,A,0,0,17557,https://ktff.org/maclar/17557
2022-09-23,2022-2023,Süper Lig,Dumlupınar TSK,Cihangir GSK,0,0,D,0,0,17563,https://ktff.org/maclar/17563
2022-09-23,2022-2023,1. Lig,Esentepe KSKK,Girne Halk Evi SK,3,1,H,0,0,17677,https://ktff.org/maclar/17677
2022-09-24,2022-2023,Süper Lig,Değirmenlik SK,Doğan Türk Birliği,2,0,H,0,0,17556,https://ktff.org/maclar/17556
2022-09-24,2022-2023,Süper Lig,Göçmenköy İYSK,Çetinkaya TSK,2,1,H,0,0,17561,https://ktff.org/maclar/17561
2022-09-24,2022-2023,1. Lig,Dörtyol SK,Yalova SK,1,5,A,0,0,17679,https://ktff.org/maclar/17679
2022-09-24,2022-2023,1. Lig,M. Hacıali Yılmazköy SK,Maraş GSK,1,2,A,0,0,17680,https://ktff.org/maclar/17680
2022-09-24,2022-2023,1. Lig,L. Gençler Birliği SK,Yeniboğaziçi DSK,1,1,D,0,0,17683,https://ktff.org/maclar/17683
2022-09-25,2022-2023,Süper Lig,Alsancak Yeşilova SK,Gönyeli SK,3,2,H,0,0,17558,https://ktff.org/maclar/17558
2022-09-25,2022-2023,Süper Lig,Hamitköy ŞHSK,Küçük Kaymaklı TSK,2,2,D,0,0,17560,https://ktff.org/maclar/17560
2022-09-25,2022-2023,Süper Lig,Mesarya SK,Lefke TSK,1,0,H,0,0,17562,https://ktff.org/maclar/17562
2022-09-25,2022-2023,1. Lig,Mormenekşe GBSK,Düzkaya KOSK,1,2,A,0,0,17676,https://ktff.org/maclar/17676
2022-09-25,2022-2023,1. Lig,Karşıyaka SK,Baf Ülkü Yurdu,2,2,D,0,0,17678,https://ktff.org/maclar/17678
2022-09-25,2022-2023,1. Lig,Yenierenköy TSK,İncirli SK,1,3,A,0,0,17681,https://ktff.org/maclar/17681
2022-09-25,2022-2023,1. Lig,Binatlı YSK,Lapta Türk Birliği SK,2,1,H,0,0,17682,https://ktff.org/maclar/17682
2022-09-26,2022-2023,Süper Lig,Yenicami AK,Gençlik Gücü TSK,3,2,H,0,0,17559,https://ktff.org/maclar/17559
2022-09-30,2022-2023,Süper Lig,Doğan Türk Birliği,Dumlupınar TSK,0,2,A,0,0,17571,https://ktff.org/maclar/17571
2022-10-01,2022-2023,Süper Lig,Gönyeli SK,Türk Ocağı Limasol SK,2,0,H,0,0,17565,https://ktff.org/maclar/17565
2022-10-01,2022-2023,Süper Lig,Gençlik Gücü TSK,Alsancak Yeşilova SK,4,0,H,0,0,17566,https://ktff.org/maclar/17566
2022-10-01,2022-2023,Süper Lig,Lefke TSK,Göçmenköy İYSK,0,0,D,0,0,17569,https://ktff.org/maclar/17569
2022-10-01,2022-2023,1. Lig,İncirli SK,M. Hacıali Yılmazköy SK,3,4,A,0,0,17688,https://ktff.org/maclar/17688
2022-10-01,2022-2023,1. Lig,Lapta Türk Birliği SK,Yenierenköy TSK,6,2,H,0,0,17689,https://ktff.org/maclar/17689
2022-10-01,2022-2023,1. Lig,Yeniboğaziçi DSK,Binatlı YSK,0,2,A,0,0,17690,https://ktff.org/maclar/17690
2022-10-01,2022-2023,1. Lig,Düzkaya KOSK,L. Gençler Birliği SK,1,2,A,0,0,17691,https://ktff.org/maclar/17691
2022-10-02,2022-2023,Süper Lig,Küçük Kaymaklı TSK,Yenicami AK,1,2,A,0,0,17567,https://ktff.org/maclar/17567
2022-10-02,2022-2023,Süper Lig,Çetinkaya TSK,Hamitköy ŞHSK,3,2,H,0,0,17568,https://ktff.org/maclar/17568
2022-10-02,2022-2023,Süper Lig,Cihangir GSK,Mesarya SK,1,1,D,0,0,17570,https://ktff.org/maclar/17570
2022-10-02,2022-2023,1. Lig,Girne Halk Evi SK,Mormenekşe GBSK,2,1,H,0,0,17684,https://ktff.org/maclar/17684
2022-10-02,2022-2023,1. Lig,Baf Ülkü Yurdu,Esentepe KSKK,2,0,H,0,0,17685,https://ktff.org/maclar/17685
2022-10-02,2022-2023,1. Lig,Yalova SK,Karşıyaka SK,2,1,H,0,0,17686,https://ktff.org/maclar/17686
2022-10-02,2022-2023,1. Lig,Maraş GSK,Dörtyol SK,4,1,H,0,0,17687,https://ktff.org/maclar/17687
2022-10-03,2022-2023,Süper Lig,Mağusa Türk Gücü,Değirmenlik SK,0,0,D,0,0,17564,https://ktff.org/maclar/17564
2022-10-07,2022-2023,Süper Lig,Yenicami AK,Çetinkaya TSK,5,1,H,0,0,17575,https://ktff.org/maclar/17575
2022-10-08,2022-2023,Süper Lig,Değirmenlik SK,Gönyeli SK,1,0,H,0,0,17572,https://ktff.org/maclar/17572
2022-10-08,2022-2023,Süper Lig,Alsancak Yeşilova SK,Küçük Kaymaklı TSK,1,2,A,0,0,17574,https://ktff.org/maclar/17574
2022-10-08,2022-2023,Süper Lig,Hamitköy ŞHSK,Lefke TSK,0,1,A,0,0,17576,https://ktff.org/maclar/17576
2022-10-08,2022-2023,1. Lig,Mormenekşe GBSK,Baf Ülkü Yurdu,2,2,D,0,0,17692,https://ktff.org/maclar/17692
2022-10-08,2022-2023,1. Lig,M. Hacıali Yılmazköy SK,Lapta Türk Birliği SK,0,1,A,0,0,17696,https://ktff.org/maclar/17696
2022-10-08,2022-2023,1. Lig,Yenierenköy TSK,Yeniboğaziçi DSK,0,5,A,0,0,17697,https://ktff.org/maclar/17697
2022-10-08,2022-2023,1. Lig,Girne Halk Evi SK,Düzkaya KOSK,0,1,A,0,0,17699,https://ktff.org/maclar/17699
2022-10-09,2022-2023,Süper Lig,Türk Ocağı Limasol SK,Gençlik Gücü TSK,1,0,H,0,0,17573,https://ktff.org/maclar/17573
2022-10-09,2022-2023,Süper Lig,Göçmenköy İYSK,Cihangir GSK,2,3,A,0,0,17577,https://ktff.org/maclar/17577
2022-10-09,2022-2023,Süper Lig,Mesarya SK,Dumlupınar TSK,2,0,H,0,0,17578,https://ktff.org/maclar/17578
2022-10-09,2022-2023,1. Lig,Esentepe KSKK,Yalova SK,1,3,A,0,0,17693,https://ktff.org/maclar/17693
2022-10-09,2022-2023,1. Lig,Karşıyaka SK,Maraş GSK,1,0,H,0,0,17694,https://ktff.org/maclar/17694
2022-10-09,2022-2023,1. Lig,Dörtyol SK,İncirli SK,1,0,H,0,0,17695,https://ktff.org/maclar/17695
2022-10-09,2022-2023,1. Lig,Binatlı YSK,L. Gençler Birliği SK,1,1,D,0,0,17698,https://ktff.org/maclar/17698
2022-10-10,2022-2023,Süper Lig,Mağusa Türk Gücü,Doğan Türk Birliği,1,0,H,0,0,17579,https://ktff.org/maclar/17579
2022-10-14,2022-2023,Süper Lig,Lefke TSK,Yenicami AK,1,5,A,0,0,17583,https://ktff.org/maclar/17583
2022-10-15,2022-2023,Süper Lig,Gençlik Gücü TSK,Değirmenlik SK,2,5,A,0,0,17580,https://ktff.org/maclar/17580
2022-10-15,2022-2023,Süper Lig,Küçük Kaymaklı TSK,Türk Ocağı Limasol SK,3,2,H,0,0,17581,https://ktff.org/maclar/17581
2022-10-15,2022-2023,Süper Lig,Cihangir GSK,Hamitköy ŞHSK,3,0,H,0,0,17584,https://ktff.org/maclar/17584
2022-10-15,2022-2023,1. Lig,Yalova SK,Mormenekşe GBSK,1,1,D,0,0,17700,https://ktff.org/maclar/17700
2022-10-15,2022-2023,1. Lig,Maraş GSK,Esentepe KSKK,2,4,A,0,0,17701,https://ktff.org/maclar/17701
2022-10-15,2022-2023,1. Lig,İncirli SK,Karşıyaka SK,0,7,A,0,0,17702,https://ktff.org/maclar/17702
2022-10-15,2022-2023,1. Lig,Lapta Türk Birliği SK,Dörtyol SK,4,0,H,0,0,17703,https://ktff.org/maclar/17703
2022-10-15,2022-2023,1. Lig,Düzkaya KOSK,Binatlı YSK,1,1,D,0,0,17706,https://ktff.org/maclar/17706
2022-10-16,2022-2023,Süper Lig,Çetinkaya TSK,Alsancak Yeşilova SK,0,0,D,0,0,17582,https://ktff.org/maclar/17582
2022-10-16,2022-2023,Süper Lig,Dumlupınar TSK,Göçmenköy İYSK,2,1,H,0,0,17585,https://ktff.org/maclar/17585
2022-10-16,2022-2023,Süper Lig,Doğan Türk Birliği,Mesarya SK,2,0,H,0,0,17586,https://ktff.org/maclar/17586
2022-10-16,2022-2023,Süper Lig,Gönyeli SK,Mağusa Türk Gücü,0,7,A,0,0,17587,https://ktff.org/maclar/17587
2022-10-16,2022-2023,1. Lig,Yeniboğaziçi DSK,M. Hacıali Yılmazköy SK,1,1,D,0,0,17704,https://ktff.org/maclar/17704
2022-10-16,2022-2023,1. Lig,L. Gençler Birliği SK,Yenierenköy TSK,3,1,H,0,0,17705,https://ktff.org/maclar/17705
2022-10-16,2022-2023,1. Lig,Baf Ülkü Yurdu,Girne Halk Evi SK,1,0,H,0,0,17707,https://ktff.org/maclar/17707
2022-10-21,2022-2023,Süper Lig,Göçmenköy İYSK,Mesarya SK,0,0,D,0,0,17593,https://ktff.org/maclar/17593
2022-10-22,2022-2023,Süper Lig,Türk Ocağı Limasol SK,Çetinkaya TSK,3,0,H,0,0,17589,https://ktff.org/maclar/17589
2022-10-22,2022-2023,Süper Lig,Yenicami AK,Cihangir GSK,0,0,D,0,0,17591,https://ktff.org/maclar/17591
2022-10-22,2022-2023,Süper Lig,Hamitköy ŞHSK,Dumlupınar TSK,0,1,A,0,0,17592,https://ktff.org/maclar/17592
2022-10-22,2022-2023,Süper Lig,Mağusa Türk Gücü,Gençlik Gücü TSK,5,1,H,0,0,17594,https://ktff.org/maclar/17594
2022-10-22,2022-2023,1. Lig,Esentepe KSKK,İncirli SK,0,0,D,0,0,17709,https://ktff.org/maclar/17709
2022-10-22,2022-2023,1. Lig,Karşıyaka SK,Lapta Türk Birliği SK,2,0,H,0,0,17710,https://ktff.org/maclar/17710
2022-10-22,2022-2023,1. Lig,Yenierenköy TSK,Binatlı YSK,1,1,D,0,0,17713,https://ktff.org/maclar/17713
2022-10-22,2022-2023,1. Lig,Baf Ülkü Yurdu,Düzkaya KOSK,1,0,H,0,0,17715,https://ktff.org/maclar/17715
2022-10-23,2022-2023,Süper Lig,Değirmenlik SK,Küçük Kaymaklı TSK,3,1,H,0,0,17588,https://ktff.org/maclar/17588
2022-10-23,2022-2023,Süper Lig,Alsancak Yeşilova SK,Lefke TSK,1,3,A,0,0,17590,https://ktff.org/maclar/17590
2022-10-23,2022-2023,Süper Lig,Gönyeli SK,Doğan Türk Birliği,1,5,A,0,0,17595,https://ktff.org/maclar/17595
2022-10-23,2022-2023,1. Lig,Mormenekşe GBSK,Maraş GSK,4,3,H,0,0,17708,https://ktff.org/maclar/17708
2022-10-23,2022-2023,1. Lig,Dörtyol SK,Yeniboğaziçi DSK,0,1,A,0,0,17711,https://ktff.org/maclar/17711
2022-10-23,2022-2023,1. Lig,M. Hacıali Yılmazköy SK,L. Gençler Birliği SK,2,2,D,0,0,17712,https://ktff.org/maclar/17712
2022-10-23,2022-2023,1. Lig,Girne Halk Evi SK,Yalova SK,0,1,A,0,0,17714,https://ktff.org/maclar/17714
2022-10-29,2022-2023,Süper Lig,Çetinkaya TSK,Değirmenlik SK,0,1,A,0,0,17596,https://ktff.org/maclar/17596
2022-10-29,2022-2023,Süper Lig,Doğan Türk Birliği,Göçmenköy İYSK,7,1,H,0,0,17601,https://ktff.org/maclar/17601
2022-10-29,2022-2023,Süper Lig,Küçük Kaymaklı TSK,Mağusa Türk Gücü,0,1,A,0,0,17602,https://ktff.org/maclar/17602
2022-10-29,2022-2023,1. Lig,Lapta Türk Birliği SK,Esentepe KSKK,0,3,A,0,0,17717,https://ktff.org/maclar/17717
2022-10-29,2022-2023,1. Lig,L. Gençler Birliği SK,Dörtyol SK,3,0,H,0,0,17719,https://ktff.org/maclar/17719
2022-10-29,2022-2023,1. Lig,Binatlı YSK,M. Hacıali Yılmazköy SK,2,4,A,0,0,17720,https://ktff.org/maclar/17720
2022-10-29,2022-2023,1. Lig,Maraş GSK,Girne Halk Evi SK,1,2,A,0,0,17722,https://ktff.org/maclar/17722
2022-10-30,2022-2023,Süper Lig,Lefke TSK,Türk Ocağı Limasol SK,2,0,H,0,0,17597,https://ktff.org/maclar/17597
2022-10-30,2022-2023,Süper Lig,Cihangir GSK,Alsancak Yeşilova SK,3,0,H,0,0,17598,https://ktff.org/maclar/17598
2022-10-30,2022-2023,Süper Lig,Dumlupınar TSK,Yenicami AK,1,1,D,0,0,17599,https://ktff.org/maclar/17599
2022-10-30,2022-2023,Süper Lig,Mesarya SK,Hamitköy ŞHSK,2,0,H,0,0,17600,https://ktff.org/maclar/17600
2022-10-30,2022-2023,Süper Lig,Gençlik Gücü TSK,Gönyeli SK,3,0,H,0,0,17603,https://ktff.org/maclar/17603
2022-10-30,2022-2023,1. Lig,İncirli SK,Mormenekşe GBSK,1,1,D,0,0,17716,https://ktff.org/maclar/17716
2022-10-30,2022-2023,1. Lig,Yeniboğaziçi DSK,Karşıyaka SK,4,2,H,0,0,17718,https://ktff.org/maclar/17718
2022-10-30,2022-2023,1. Lig,Düzkaya KOSK,Yenierenköy TSK,4,3,H,0,0,17721,https://ktff.org/maclar/17721
2022-10-30,2022-2023,1. Lig,Yalova SK,Baf Ülkü Yurdu,0,4,A,0,0,17723,https://ktff.org/maclar/17723
2022-11-04,2022-2023,Süper Lig,Türk Ocağı Limasol SK,Cihangir GSK,1,3,A,0,0,17605,https://ktff.org/maclar/17605
2022-11-05,2022-2023,Süper Lig,Alsancak Yeşilova SK,Dumlupınar TSK,2,4,A,0,0,17606,https://ktff.org/maclar/17606
2022-11-05,2022-2023,Süper Lig,Yenicami AK,Mesarya SK,0,1,A,0,0,17607,https://ktff.org/maclar/17607
2022-11-05,2022-2023,Süper Lig,Mağusa Türk Gücü,Çetinkaya TSK,5,0,H,0,0,17609,https://ktff.org/maclar/17609
2022-11-05,2022-2023,Süper Lig,Gönyeli SK,Küçük Kaymaklı TSK,1,2,A,0,0,17610,https://ktff.org/maclar/17610
2022-11-05,2022-2023,1. Lig,Mormenekşe GBSK,Lapta Türk Birliği SK,3,1,H,0,0,17724,https://ktff.org/maclar/17724
2022-11-05,2022-2023,1. Lig,Karşıyaka SK,L. Gençler Birliği SK,2,1,H,0,0,17726,https://ktff.org/maclar/17726
2022-11-05,2022-2023,1. Lig,Dörtyol SK,Binatlı YSK,0,4,A,0,0,17727,https://ktff.org/maclar/17727
2022-11-05,2022-2023,1. Lig,M. Hacıali Yılmazköy SK,Yenierenköy TSK,5,1,H,0,0,17728,https://ktff.org/maclar/17728
2022-11-05,2022-2023,1. Lig,Yalova SK,Düzkaya KOSK,1,0,H,0,0,17731,https://ktff.org/maclar/17731
2022-11-06,2022-2023,Süper Lig,Değirmenlik SK,Lefke TSK,3,1,H,0,0,17604,https://ktff.org/maclar/17604
2022-11-06,2022-2023,Süper Lig,Hamitköy ŞHSK,Göçmenköy İYSK,2,1,H,0,0,17608,https://ktff.org/maclar/17608
2022-11-06,2022-2023,Süper Lig,Gençlik Gücü TSK,Doğan Türk Birliği,0,3,A,0,0,17611,https://ktff.org/maclar/17611
2022-11-06,2022-2023,1. Lig,Esentepe KSKK,Yeniboğaziçi DSK,5,1,H,0,0,17725,https://ktff.org/maclar/17725
2022-11-06,2022-2023,1. Lig,Girne Halk Evi SK,İncirli SK,3,0,H,0,0,17729,https://ktff.org/maclar/17729
2022-11-06,2022-2023,1. Lig,Baf Ülkü Yurdu,Maraş GSK,1,1,D,0,0,17730,https://ktff.org/maclar/17730
2022-11-11,2022-2023,Süper Lig,Göçmenköy İYSK,Yenicami AK,1,2,A,0,0,17615,https://ktff.org/maclar/17615
2022-11-12,2022-2023,Süper Lig,Cihangir GSK,Değirmenlik SK,2,1,H,0,0,17612,https://ktff.org/maclar/17612
2022-11-12,2022-2023,Süper Lig,Mesarya SK,Alsancak Yeşilova SK,0,0,D,0,0,17614,https://ktff.org/maclar/17614
2022-11-12,2022-2023,Süper Lig,Doğan Türk Birliği,Hamitköy ŞHSK,1,1,D,0,0,17616,https://ktff.org/maclar/17616
2022-11-12,2022-2023,Süper Lig,Lefke TSK,Mağusa Türk Gücü,1,2,A,0,0,17617,https://ktff.org/maclar/17617
2022-11-12,2022-2023,1. Lig,Yeniboğaziçi DSK,Mormenekşe GBSK,2,2,D,0,0,17732,https://ktff.org/maclar/17732
2022-11-12,2022-2023,1. Lig,Yenierenköy TSK,Dörtyol SK,0,1,A,0,0,17735,https://ktff.org/maclar/17735
2022-11-12,2022-2023,1. Lig,Düzkaya KOSK,M. Hacıali Yılmazköy SK,1,1,D,0,0,17736,https://ktff.org/maclar/17736
2022-11-12,2022-2023,1. Lig,Lapta Türk Birliği SK,Girne Halk Evi SK,1,0,H,0,0,17737,https://ktff.org/maclar/17737
2022-11-12,2022-2023,1. Lig,İncirli SK,Baf Ülkü Yurdu,0,2,A,0,0,17738,https://ktff.org/maclar/17738
2022-11-12,2022-2023,1. Lig,Maraş GSK,Yalova SK,0,0,D,0,0,17739,https://ktff.org/maclar/17739
2022-11-13,2022-2023,Süper Lig,Dumlupınar TSK,Türk Ocağı Limasol SK,1,0,H,0,0,17613,https://ktff.org/maclar/17613
2022-11-13,2022-2023,Süper Lig,Çetinkaya TSK,Gönyeli SK,1,2,A,0,0,17618,https://ktff.org/maclar/17618
2022-11-13,2022-2023,Süper Lig,Küçük Kaymaklı TSK,Gençlik Gücü TSK,0,0,D,0,0,17619,https://ktff.org/maclar/17619
2022-11-13,2022-2023,1. Lig,L. Gençler Birliği SK,Esentepe KSKK,1,1,D,0,0,17733,https://ktff.org/maclar/17733
2022-11-13,2022-2023,1. Lig,Binatlı YSK,Karşıyaka SK,1,2,A,0,0,17734,https://ktff.org/maclar/17734
2022-11-18,2022-2023,Süper Lig,Yenicami AK,Hamitköy ŞHSK,1,0,H,0,0,17623,https://ktff.org/maclar/17623
2022-11-19,2022-2023,Süper Lig,Değirmenlik SK,Dumlupınar TSK,3,3,D,0,0,17620,https://ktff.org/maclar/17620
2022-11-19,2022-2023,Süper Lig,Türk Ocağı Limasol SK,Mesarya SK,1,4,A,0,0,17621,https://ktff.org/maclar/17621
2022-11-19,2022-2023,Süper Lig,Mağusa Türk Gücü,Cihangir GSK,6,0,H,0,0,17624,https://ktff.org/maclar/17624
2022-11-19,2022-2023,1. Lig,Mormenekşe GBSK,L. Gençler Birliği SK,0,3,A,0,0,17740,https://ktff.org/maclar/17740
2022-11-19,2022-2023,1. Lig,Esentepe KSKK,Binatlı YSK,0,2,A,0,0,17741,https://ktff.org/maclar/17741
2022-11-19,2022-2023,1. Lig,Dörtyol SK,M. Hacıali Yılmazköy SK,1,2,A,0,0,17743,https://ktff.org/maclar/17743
2022-11-19,2022-2023,1. Lig,Yalova SK,İncirli SK,1,0,H,0,0,17746,https://ktff.org/maclar/17746
2022-11-20,2022-2023,Süper Lig,Alsancak Yeşilova SK,Göçmenköy İYSK,1,1,D,0,0,17622,https://ktff.org/maclar/17622
2022-11-20,2022-2023,Süper Lig,Gönyeli SK,Lefke TSK,0,1,A,0,0,17625,https://ktff.org/maclar/17625
2022-11-20,2022-2023,Süper Lig,Küçük Kaymaklı TSK,Doğan Türk Birliği,1,3,A,0,0,17627,https://ktff.org/maclar/17627
2022-11-20,2022-2023,1. Lig,Karşıyaka SK,Yenierenköy TSK,13,0,H,0,0,17742,https://ktff.org/maclar/17742
2022-11-20,2022-2023,1. Lig,Girne Halk Evi SK,Yeniboğaziçi DSK,1,2,A,0,0,17744,https://ktff.org/maclar/17744
2022-11-20,2022-2023,1. Lig,Baf Ülkü Yurdu,Lapta Türk Birliği SK,2,1,H,0,0,17745,https://ktff.org/maclar/17745
2022-11-20,2022-2023,1. Lig,Maraş GSK,Düzkaya KOSK,0,5,A,0,0,17747,https://ktff.org/maclar/17747
2022-11-21,2022-2023,Süper Lig,Gençlik Gücü TSK,Çetinkaya TSK,0,0,D,0,0,17626,https://ktff.org/maclar/17626
2022-11-25,2022-2023,Süper Lig,Dumlupınar TSK,Mağusa Türk Gücü,0,2,A,0,0,17632,https://ktff.org/maclar/17632
2022-11-26,2022-2023,Süper Lig,Mesarya SK,Değirmenlik SK,3,0,H,0,0,17628,https://ktff.org/maclar/17628
2022-11-26,2022-2023,Süper Lig,Göçmenköy İYSK,Türk Ocağı Limasol SK,1,0,H,0,0,17629,https://ktff.org/maclar/17629
2022-11-26,2022-2023,Süper Lig,Lefke TSK,Gençlik Gücü TSK,2,1,H,0,0,17634,https://ktff.org/maclar/17634
2022-11-26,2022-2023,1. Lig,Yenierenköy TSK,Esentepe KSKK,1,1,D,0,0,17749,https://ktff.org/maclar/17749
2022-11-26,2022-2023,1. Lig,M. Hacıali Yılmazköy SK,Karşıyaka SK,0,5,A,0,0,17750,https://ktff.org/maclar/17750
2022-11-26,2022-2023,1. Lig,L. Gençler Birliği SK,Girne Halk Evi SK,3,1,H,0,0,17752,https://ktff.org/maclar/17752
2022-11-26,2022-2023,1. Lig,İncirli SK,Maraş GSK,2,3,A,0,0,17755,https://ktff.org/maclar/17755
2022-11-27,2022-2023,Süper Lig,Hamitköy ŞHSK,Alsancak Yeşilova SK,0,1,A,0,0,17630,https://ktff.org/maclar/17630
2022-11-27,2022-2023,Süper Lig,Cihangir GSK,Gönyeli SK,6,1,H,0,0,17633,https://ktff.org/maclar/17633
2022-11-27,2022-2023,1. Lig,Binatlı YSK,Mormenekşe GBSK,1,1,D,0,0,17748,https://ktff.org/maclar/17748
2022-11-27,2022-2023,1. Lig,Düzkaya KOSK,Dörtyol SK,2,0,H,0,0,17751,https://ktff.org/maclar/17751
2022-11-27,2022-2023,1. Lig,Yeniboğaziçi DSK,Baf Ülkü Yurdu,2,1,H,0,0,17753,https://ktff.org/maclar/17753
2022-11-27,2022-2023,1. Lig,Lapta Türk Birliği SK,Yalova SK,0,0,D,0,0,17754,https://ktff.org/maclar/17754
2022-11-28,2022-2023,Süper Lig,Doğan Türk Birliği,Yenicami AK,2,2,D,0,0,17631,https://ktff.org/maclar/17631
2022-11-28,2022-2023,Süper Lig,Çetinkaya TSK,Küçük Kaymaklı TSK,1,0,H,0,0,17635,https://ktff.org/maclar/17635
2022-12-03,2022-2023,Süper Lig,Türk Ocağı Limasol SK,Hamitköy ŞHSK,2,0,H,0,0,17637,https://ktff.org/maclar/17637
2022-12-03,2022-2023,Süper Lig,Mağusa Türk Gücü,Mesarya SK,3,2,H,0,0,17639,https://ktff.org/maclar/17639
2022-12-03,2022-2023,Süper Lig,Gönyeli SK,Dumlupınar TSK,1,1,D,0,0,17640,https://ktff.org/maclar/17640
2022-12-03,2022-2023,Süper Lig,Gençlik Gücü TSK,Cihangir GSK,1,3,A,0,0,17641,https://ktff.org/maclar/17641
2022-12-03,2022-2023,Süper Lig,Küçük Kaymaklı TSK,Lefke TSK,0,4,A,0,0,17642,https://ktff.org/maclar/17642
2022-12-03,2022-2023,1. Lig,Mormenekşe GBSK,Yenierenköy TSK,5,3,H,0,0,17756,https://ktff.org/maclar/17756
2022-12-03,2022-2023,1. Lig,Karşıyaka SK,Dörtyol SK,4,0,H,0,0,17758,https://ktff.org/maclar/17758
2022-12-03,2022-2023,1. Lig,Baf Ülkü Yurdu,L. Gençler Birliği SK,1,2,A,0,0,17760,https://ktff.org/maclar/17760
2022-12-03,2022-2023,1. Lig,Yalova SK,Yeniboğaziçi DSK,2,1,H,0,0,17761,https://ktff.org/maclar/17761
2022-12-04,2022-2023,Süper Lig,Değirmenlik SK,Göçmenköy İYSK,5,2,H,0,0,17636,https://ktff.org/maclar/17636
2022-12-04,2022-2023,Süper Lig,Alsancak Yeşilova SK,Yenicami AK,2,3,A,0,0,17638,https://ktff.org/maclar/17638
2022-12-04,2022-2023,Süper Lig,Çetinkaya TSK,Doğan Türk Birliği,0,2,A,0,0,17643,https://ktff.org/maclar/17643
2022-12-04,2022-2023,1. Lig,Esentepe KSKK,M. Hacıali Yılmazköy SK,5,0,H,0,0,17757,https://ktff.org/maclar/17757
2022-12-04,2022-2023,1. Lig,Girne Halk Evi SK,Binatlı YSK,3,0,H,0,0,17759,https://ktff.org/maclar/17759
2022-12-04,2022-2023,1. Lig,Maraş GSK,Lapta Türk Birliği SK,5,2,H,0,0,17762,https://ktff.org/maclar/17762
2022-12-04,2022-2023,1. Lig,İncirli SK,Düzkaya KOSK,2,5,A,0,0,17763,https://ktff.org/maclar/17763
2022-12-10,2022-2023,Süper Lig,Doğan Türk Birliği,Alsancak Yeşilova SK,2,2,D,0,0,17646,https://ktff.org/maclar/17646
2022-12-10,2022-2023,Süper Lig,Göçmenköy İYSK,Mağusa Türk Gücü,2,6,A,0,0,17647,https://ktff.org/maclar/17647
2022-12-10,2022-2023,Süper Lig,Mesarya SK,Gönyeli SK,4,0,H,0,0,17648,https://ktff.org/maclar/17648
2022-12-10,2022-2023,Süper Lig,Cihangir GSK,Küçük Kaymaklı TSK,5,1,H,0,0,17650,https://ktff.org/maclar/17650
2022-12-10,2022-2023,1. Lig,Düzkaya KOSK,Karşıyaka SK,0,3,A,0,0,17766,https://ktff.org/maclar/17766
2022-12-10,2022-2023,1. Lig,Yenierenköy TSK,Girne Halk Evi SK,0,1,A,0,0,17767,https://ktff.org/maclar/17767
2022-12-10,2022-2023,1. Lig,Binatlı YSK,Baf Ülkü Yurdu,1,3,A,0,0,17768,https://ktff.org/maclar/17768
2022-12-10,2022-2023,1. Lig,Yeniboğaziçi DSK,Maraş GSK,3,0,H,0,0,17770,https://ktff.org/maclar/17770
2022-12-11,2022-2023,Süper Lig,Hamitköy ŞHSK,Değirmenlik SK,0,3,A,0,0,17644,https://ktff.org/maclar/17644
2022-12-11,2022-2023,Süper Lig,Yenicami AK,Türk Ocağı Limasol SK,1,0,H,0,0,17645,https://ktff.org/maclar/17645
2022-12-11,2022-2023,Süper Lig,Dumlupınar TSK,Gençlik Gücü TSK,1,0,H,0,0,17649,https://ktff.org/maclar/17649
2022-12-11,2022-2023,Süper Lig,Lefke TSK,Çetinkaya TSK,2,0,H,0,0,17651,https://ktff.org/maclar/17651
2022-12-11,2022-2023,1. Lig,M. Hacıali Yılmazköy SK,Mormenekşe GBSK,1,2,A,0,0,17764,https://ktff.org/maclar/17764
2022-12-11,2022-2023,1. Lig,Dörtyol SK,Esentepe KSKK,2,2,D,0,0,17765,https://ktff.org/maclar/17765
2022-12-11,2022-2023,1. Lig,L. Gençler Birliği SK,Yalova SK,3,2,H,0,0,17769,https://ktff.org/maclar/17769
2022-12-11,2022-2023,1. Lig,Lapta Türk Birliği SK,İncirli SK,1,1,D,0,0,17771,https://ktff.org/maclar/17771
2022-12-17,2022-2023,Süper Lig,Gönyeli SK,Göçmenköy İYSK,2,4,A,0,0,17655,https://ktff.org/maclar/17655
2022-12-17,2022-2023,Süper Lig,Gençlik Gücü TSK,Mesarya SK,1,1,D,0,0,17656,https://ktff.org/maclar/17656
2022-12-17,2022-2023,Süper Lig,Küçük Kaymaklı TSK,Dumlupınar TSK,0,2,A,0,0,17657,https://ktff.org/maclar/17657
2022-12-17,2022-2023,Süper Lig,Lefke TSK,Doğan Türk Birliği,1,1,D,0,0,17659,https://ktff.org/maclar/17659
2022-12-17,2022-2023,1. Lig,Mormenekşe GBSK,Dörtyol SK,2,0,H,0,0,17772,https://ktff.org/maclar/17772
2022-12-17,2022-2023,1. Lig,Esentepe KSKK,Karşıyaka SK,2,3,A,0,0,17773,https://ktff.org/maclar/17773
2022-12-17,2022-2023,1. Lig,Girne Halk Evi SK,M. Hacıali Yılmazköy SK,1,0,H,0,0,17774,https://ktff.org/maclar/17774
2022-12-17,2022-2023,1. Lig,Baf Ülkü Yurdu,Yenierenköy TSK,10,3,H,0,0,17775,https://ktff.org/maclar/17775
2022-12-17,2022-2023,1. Lig,İncirli SK,Yeniboğaziçi DSK,0,6,A,0,0,17778,https://ktff.org/maclar/17778
2022-12-18,2022-2023,Süper Lig,Değirmenlik SK,Yenicami AK,3,3,D,0,0,17652,https://ktff.org/maclar/17652
2022-12-18,2022-2023,Süper Lig,Türk Ocağı Limasol SK,Alsancak Yeşilova SK,3,4,A,0,0,17653,https://ktff.org/maclar/17653
2022-12-18,2022-2023,Süper Lig,Mağusa Türk Gücü,Hamitköy ŞHSK,3,2,H,0,0,17654,https://ktff.org/maclar/17654
2022-12-18,2022-2023,Süper Lig,Çetinkaya TSK,Cihangir GSK,1,2,A,0,0,17658,https://ktff.org/maclar/17658
2022-12-18,2022-2023,1. Lig,Yalova SK,Binatlı YSK,0,3,A,0,0,17776,https://ktff.org/maclar/17776
2022-12-18,2022-2023,1. Lig,Maraş GSK,L. Gençler Birliği SK,0,4,A,0,0,17777,https://ktff.org/maclar/17777
2022-12-18,2022-2023,1. Lig,Lapta Türk Birliği SK,Düzkaya KOSK,4,1,H,0,0,17779,https://ktff.org/maclar/17779
2022-12-22,2022-2023,Süper Lig,Göçmenköy İYSK,Gençlik Gücü TSK,3,3,D,0,0,17664,https://ktff.org/maclar/17664
2022-12-23,2022-2023,Süper Lig,Doğan Türk Birliği,Türk Ocağı Limasol SK,2,0,H,0,0,17661,https://ktff.org/maclar/17661
2022-12-23,2022-2023,Süper Lig,Hamitköy ŞHSK,Gönyeli SK,4,3,H,0,0,17663,https://ktff.org/maclar/17663
2022-12-23,2022-2023,Süper Lig,Dumlupınar TSK,Çetinkaya TSK,1,1,D,0,0,17666,https://ktff.org/maclar/17666
2022-12-23,2022-2023,1. Lig,Düzkaya KOSK,Esentepe KSKK,2,2,D,0,0,17781,https://ktff.org/maclar/17781
2022-12-23,2022-2023,1. Lig,Dörtyol SK,Girne Halk Evi SK,1,1,D,0,0,17782,https://ktff.org/maclar/17782
2022-12-23,2022-2023,1. Lig,M. Hacıali Yılmazköy SK,Baf Ülkü Yurdu,1,0,H,0,0,17783,https://ktff.org/maclar/17783
2022-12-23,2022-2023,1. Lig,L. Gençler Birliği SK,İncirli SK,0,0,D,0,0,17786,https://ktff.org/maclar/17786
2022-12-24,2022-2023,Süper Lig,Alsancak Yeşilova SK,Değirmenlik SK,0,4,A,0,0,17660,https://ktff.org/maclar/17660
2022-12-24,2022-2023,Süper Lig,Yenicami AK,Mağusa Türk Gücü,0,2,A,0,0,17662,https://ktff.org/maclar/17662
2022-12-24,2022-2023,Süper Lig,Mesarya SK,Küçük Kaymaklı TSK,1,0,H,0,0,17665,https://ktff.org/maclar/17665
2022-12-24,2022-2023,Süper Lig,Cihangir GSK,Lefke TSK,1,0,H,0,0,17667,https://ktff.org/maclar/17667
2022-12-24,2022-2023,1. Lig,Karşıyaka SK,Mormenekşe GBSK,2,1,H,0,0,17780,https://ktff.org/maclar/17780
2022-12-24,2022-2023,1. Lig,Yenierenköy TSK,Yalova SK,1,0,H,0,0,17784,https://ktff.org/maclar/17784
2022-12-24,2022-2023,1. Lig,Binatlı YSK,Maraş GSK,3,2,H,0,0,17785,https://ktff.org/maclar/17785
2022-12-24,2022-2023,1. Lig,Yeniboğaziçi DSK,Lapta Türk Birliği SK,2,0,H,0,0,17787,https://ktff.org/maclar/17787
2022-12-28,2022-2023,Süper Lig,Mağusa Türk Gücü,Alsancak Yeşilova SK,3,1,H,0,0,17669,https://ktff.org/maclar/17669
2022-12-28,2022-2023,Süper Lig,Çetinkaya TSK,Mesarya SK,0,5,A,0,0,17673,https://ktff.org/maclar/17673
2022-12-28,2022-2023,Süper Lig,Cihangir GSK,Doğan Türk Birliği,3,2,H,0,0,17675,https://ktff.org/maclar/17675
2022-12-28,2022-2023,1. Lig,Yalova SK,M. Hacıali Yılmazköy SK,0,0,D,0,0,17791,https://ktff.org/maclar/17791
2022-12-28,2022-2023,1. Lig,Maraş GSK,Yenierenköy TSK,7,1,H,0,0,17792,https://ktff.org/maclar/17792
2022-12-28,2022-2023,1. Lig,Lapta Türk Birliği SK,L. Gençler Birliği SK,3,1,H,0,0,17794,https://ktff.org/maclar/17794
2022-12-28,2022-2023,1. Lig,Yeniboğaziçi DSK,Düzkaya KOSK,1,1,D,0,0,17795,https://ktff.org/maclar/17795
2022-12-29,2022-2023,Süper Lig,Değirmenlik SK,Türk Ocağı Limasol SK,0,0,D,0,0,17668,https://ktff.org/maclar/17668
2022-12-29,2022-2023,Süper Lig,Gönyeli SK,Yenicami AK,2,2,D,0,0,17670,https://ktff.org/maclar/17670
2022-12-29,2022-2023,Süper Lig,Gençlik Gücü TSK,Hamitköy ŞHSK,0,3,A,0,0,17671,https://ktff.org/maclar/17671
2022-12-29,2022-2023,Süper Lig,Küçük Kaymaklı TSK,Göçmenköy İYSK,4,1,H,0,0,17672,https://ktff.org/maclar/17672
2022-12-29,2022-2023,Süper Lig,Lefke TSK,Dumlupınar TSK,1,2,A,0,0,17674,https://ktff.org/maclar/17674
2022-12-29,2022-2023,1. Lig,Mormenekşe GBSK,Esentepe KSKK,0,2,A,0,0,17788,https://ktff.org/maclar/17788
2022-12-29,2022-2023,1. Lig,Girne Halk Evi SK,Karşıyaka SK,0,3,A,0,0,17789,https://ktff.org/maclar/17789
2022-12-29,2022-2023,1. Lig,Baf Ülkü Yurdu,Dörtyol SK,2,1,H,0,0,17790,https://ktff.org/maclar/17790
2022-12-29,2022-2023,1. Lig,İncirli SK,Binatlı YSK,2,1,H,0,0,17793,https://ktff.org/maclar/17793
2023-01-28,2022-2023,Süper Lig,Mağusa Türk Gücü,Türk Ocağı Limasol SK,1,0,H,0,0,18226,https://ktff.org/maclar/18226
2023-01-28,2022-2023,Süper Lig,Küçük Kaymaklı TSK,Hamitköy ŞHSK,4,2,H,0,0,18227,https://ktff.org/maclar/18227
2023-01-28,2022-2023,Süper Lig,Çetinkaya TSK,Göçmenköy İYSK,0,0,D,0,0,18228,https://ktff.org/maclar/18228
2023-01-28,2022-2023,1. Lig,Düzkaya KOSK,Mormenekşe GBSK,0,0,D,0,0,18242,https://ktff.org/maclar/18242
2023-01-28,2022-2023,1. Lig,Yeniboğaziçi DSK,L. Gençler Birliği SK,1,2,A,0,0,18243,https://ktff.org/maclar/18243
2023-01-28,2022-2023,1. Lig,İncirli SK,Yenierenköy TSK,2,1,H,0,0,18244,https://ktff.org/maclar/18244
2023-01-28,2022-2023,1. Lig,Lapta Türk Birliği SK,Binatlı YSK,3,0,H,0,0,18245,https://ktff.org/maclar/18245
2023-01-29,2022-2023,Süper Lig,Gençlik Gücü TSK,Yenicami AK,1,4,A,0,0,18229,https://ktff.org/maclar/18229
2023-01-29,2022-2023,Süper Lig,Gönyeli SK,Alsancak Yeşilova SK,1,1,D,0,0,18230,https://ktff.org/maclar/18230
2023-01-29,2022-2023,Süper Lig,Lefke TSK,Mesarya SK,0,0,D,0,0,18231,https://ktff.org/maclar/18231
2023-01-29,2022-2023,Süper Lig,Cihangir GSK,Dumlupınar TSK,3,1,H,0,0,18232,https://ktff.org/maclar/18232
2023-01-29,2022-2023,1. Lig,Yalova SK,Dörtyol SK,2,0,H,0,0,18246,https://ktff.org/maclar/18246
2023-01-29,2022-2023,1. Lig,Girne Halk Evi SK,Esentepe KSKK,0,3,A,0,0,18247,https://ktff.org/maclar/18247
2023-01-29,2022-2023,1. Lig,Maraş GSK,M. Hacıali Yılmazköy SK,3,0,H,0,0,18248,https://ktff.org/maclar/18248
2023-01-29,2022-2023,1. Lig,Baf Ülkü Yurdu,Karşıyaka SK,2,1,H,0,0,18249,https://ktff.org/maclar/18249
2023-02-04,2022-2023,Süper Lig,Hamitköy ŞHSK,Çetinkaya TSK,0,3,A,0,0,18235,https://ktff.org/maclar/18235
2023-02-04,2022-2023,Süper Lig,Mesarya SK,Cihangir GSK,2,4,A,0,0,18236,https://ktff.org/maclar/18236
2023-02-04,2022-2023,Süper Lig,Göçmenköy İYSK,Lefke TSK,1,3,A,0,0,18237,https://ktff.org/maclar/18237
2023-02-04,2022-2023,Süper Lig,Alsancak Yeşilova SK,Gençlik Gücü TSK,0,1,A,0,0,18238,https://ktff.org/maclar/18238
2023-02-04,2022-2023,Süper Lig,Türk Ocağı Limasol SK,Gönyeli SK,1,0,H,0,0,18239,https://ktff.org/maclar/18239
2023-02-04,2022-2023,1. Lig,Mormenekşe GBSK,Girne Halk Evi SK,0,0,D,0,0,18250,https://ktff.org/maclar/18250
2023-02-04,2022-2023,1. Lig,Esentepe KSKK,Baf Ülkü Yurdu,2,0,H,0,0,18251,https://ktff.org/maclar/18251
2023-02-04,2022-2023,1. Lig,Dörtyol SK,Maraş GSK,3,3,D,0,0,18252,https://ktff.org/maclar/18252
2023-02-04,2022-2023,1. Lig,L. Gençler Birliği SK,Düzkaya KOSK,0,2,A,0,0,18253,https://ktff.org/maclar/18253
2023-02-05,2022-2023,Süper Lig,Dumlupınar TSK,Doğan Türk Birliği,1,1,D,0,0,18240,https://ktff.org/maclar/18240
2023-02-05,2022-2023,Süper Lig,Yenicami AK,Küçük Kaymaklı TSK,3,2,H,0,0,18241,https://ktff.org/maclar/18241
2023-02-05,2022-2023,1. Lig,Binatlı YSK,Yeniboğaziçi DSK,1,5,A,0,0,18255,https://ktff.org/maclar/18255
2023-02-05,2022-2023,1. Lig,Yenierenköy TSK,Lapta Türk Birliği SK,1,3,A,0,0,18256,https://ktff.org/maclar/18256
2023-02-05,2022-2023,1. Lig,M. Hacıali Yılmazköy SK,İncirli SK,1,1,D,0,0,18257,https://ktff.org/maclar/18257
2023-02-22,2022-2023,1. Lig,Karşıyaka SK,Yalova SK,2,3,A,0,0,18254,https://ktff.org/maclar/18254
2023-02-25,2022-2023,Süper Lig,Gençlik Gücü TSK,Türk Ocağı Limasol SK,1,1,D,0,0,18343,https://ktff.org/maclar/18343
2023-02-25,2022-2023,1. Lig,Yalova SK,Esentepe KSKK,1,1,D,0,0,18350,https://ktff.org/maclar/18350
2023-02-25,2022-2023,1. Lig,Baf Ülkü Yurdu,Mormenekşe GBSK,1,0,H,0,0,18351,https://ktff.org/maclar/18351
2023-02-25,2022-2023,1. Lig,İncirli SK,Dörtyol SK,1,2,A,0,0,18352,https://ktff.org/maclar/18352
2023-02-25,2022-2023,1. Lig,Yeniboğaziçi DSK,Yenierenköy TSK,7,0,H,0,0,18353,https://ktff.org/maclar/18353
2023-02-26,2022-2023,Süper Lig,Lefke TSK,Hamitköy ŞHSK,1,0,H,0,0,18344,https://ktff.org/maclar/18344
2023-02-26,2022-2023,Süper Lig,Cihangir GSK,Göçmenköy İYSK,3,0,H,0,0,18345,https://ktff.org/maclar/18345
2023-02-26,2022-2023,Süper Lig,Küçük Kaymaklı TSK,Alsancak Yeşilova SK,1,2,A,0,0,18346,https://ktff.org/maclar/18346
2023-02-26,2022-2023,Süper Lig,Dumlupınar TSK,Mesarya SK,2,3,A,0,0,18347,https://ktff.org/maclar/18347
2023-02-26,2022-2023,1. Lig,Düzkaya KOSK,Girne Halk Evi SK,3,2,H,0,0,18354,https://ktff.org/maclar/18354
2023-02-26,2022-2023,1. Lig,L. Gençler Birliği SK,Binatlı YSK,0,0,D,0,0,18355,https://ktff.org/maclar/18355
2023-02-26,2022-2023,1. Lig,Lapta Türk Birliği SK,M. Hacıali Yılmazköy SK,1,2,A,0,0,18356,https://ktff.org/maclar/18356
2023-02-26,2022-2023,1. Lig,Maraş GSK,Karşıyaka SK,2,4,A,0,0,18357,https://ktff.org/maclar/18357
2023-02-27,2022-2023,Süper Lig,Çetinkaya TSK,Yenicami AK,3,1,H,0,0,18348,https://ktff.org/maclar/18348
2023-02-27,2022-2023,Süper Lig,Doğan Türk Birliği,Mağusa Türk Gücü,2,0,H,0,0,18349,https://ktff.org/maclar/18349
2023-03-04,2022-2023,Süper Lig,Türk Ocağı Limasol SK,Küçük Kaymaklı TSK,1,2,A,0,0,18382,https://ktff.org/maclar/18382
2023-03-04,2022-2023,Süper Lig,Hamitköy ŞHSK,Cihangir GSK,0,1,A,0,0,18383,https://ktff.org/maclar/18383
2023-03-04,2022-2023,Süper Lig,Göçmenköy İYSK,Dumlupınar TSK,2,3,A,0,0,18384,https://ktff.org/maclar/18384
2023-03-04,2022-2023,Süper Lig,Mağusa Türk Gücü,Gönyeli SK,4,3,H,0,0,18385,https://ktff.org/maclar/18385
2023-03-04,2022-2023,1. Lig,M. Hacıali Yılmazköy SK,Yeniboğaziçi DSK,1,3,A,0,0,18389,https://ktff.org/maclar/18389
2023-03-04,2022-2023,1. Lig,Binatlı YSK,Düzkaya KOSK,1,2,A,0,0,18390,https://ktff.org/maclar/18390
2023-03-04,2022-2023,1. Lig,Mormenekşe GBSK,Yalova SK,4,2,H,0,0,18391,https://ktff.org/maclar/18391
2023-03-04,2022-2023,1. Lig,Karşıyaka SK,İncirli SK,2,0,H,0,0,18392,https://ktff.org/maclar/18392
2023-03-05,2022-2023,Süper Lig,Mesarya SK,Doğan Türk Birliği,4,3,H,0,0,18386,https://ktff.org/maclar/18386
2023-03-05,2022-2023,Süper Lig,Alsancak Yeşilova SK,Çetinkaya TSK,5,3,H,0,0,18387,https://ktff.org/maclar/18387
2023-03-05,2022-2023,Süper Lig,Yenicami AK,Lefke TSK,1,1,D,0,0,18388,https://ktff.org/maclar/18388
2023-03-05,2022-2023,1. Lig,Yenierenköy TSK,L. Gençler Birliği SK,2,2,D,0,0,18393,https://ktff.org/maclar/18393
2023-03-05,2022-2023,1. Lig,Dörtyol SK,Lapta Türk Birliği SK,0,0,D,0,0,18394,https://ktff.org/maclar/18394
2023-03-05,2022-2023,1. Lig,Girne Halk Evi SK,Baf Ülkü Yurdu,0,3,A,0,0,18395,https://ktff.org/maclar/18395
2023-03-05,2022-2023,1. Lig,Esentepe KSKK,Maraş GSK,1,1,D,0,0,18396,https://ktff.org/maclar/18396
2023-03-10,2022-2023,Süper Lig,Çetinkaya TSK,Türk Ocağı Limasol SK,0,3,A,0,0,18422,https://ktff.org/maclar/18422
2023-03-10,2022-2023,Süper Lig,Doğan Türk Birliği,Gönyeli SK,5,0,H,0,0,18425,https://ktff.org/maclar/18425
2023-03-11,2022-2023,Süper Lig,Cihangir GSK,Yenicami AK,2,3,A,0,0,18423,https://ktff.org/maclar/18423
2023-03-11,2022-2023,Süper Lig,Gençlik Gücü TSK,Mağusa Türk Gücü,0,4,A,0,0,18424,https://ktff.org/maclar/18424
2023-03-11,2022-2023,1. Lig,Yalova SK,Girne Halk Evi SK,0,1,A,0,0,18443,https://ktff.org/maclar/18443
2023-03-11,2022-2023,1. Lig,Lapta Türk Birliği SK,Karşıyaka SK,0,1,A,0,0,18444,https://ktff.org/maclar/18444
2023-03-11,2022-2023,1. Lig,L. Gençler Birliği SK,M. Hacıali Yılmazköy SK,2,2,D,0,0,18445,https://ktff.org/maclar/18445
2023-03-12,2022-2023,Süper Lig,Dumlupınar TSK,Hamitköy ŞHSK,3,0,H,0,0,18427,https://ktff.org/maclar/18427
2023-03-12,2022-2023,Süper Lig,Lefke TSK,Alsancak Yeşilova SK,0,0,D,0,0,18428,https://ktff.org/maclar/18428
2023-03-12,2022-2023,1. Lig,Yeniboğaziçi DSK,Dörtyol SK,5,0,H,0,0,18446,https://ktff.org/maclar/18446
2023-03-12,2022-2023,1. Lig,Maraş GSK,Mormenekşe GBSK,1,3,A,0,0,18447,https://ktff.org/maclar/18447
2023-03-12,2022-2023,1. Lig,İncirli SK,Esentepe KSKK,0,5,A,0,0,18448,https://ktff.org/maclar/18448
2023-03-12,2022-2023,1. Lig,Düzkaya KOSK,Baf Ülkü Yurdu,1,2,A,0,0,18449,https://ktff.org/maclar/18449
2023-03-12,2022-2023,1. Lig,Binatlı YSK,Yenierenköy TSK,1,2,A,0,0,18450,https://ktff.org/maclar/18450
2023-03-18,2022-2023,Süper Lig,Hamitköy ŞHSK,Mesarya SK,1,1,D,0,0,18429,https://ktff.org/maclar/18429
2023-03-18,2022-2023,Süper Lig,Yenicami AK,Dumlupınar TSK,3,2,H,0,0,18430,https://ktff.org/maclar/18430
2023-03-18,2022-2023,1. Lig,Karşıyaka SK,Yeniboğaziçi DSK,2,2,D,0,0,18451,https://ktff.org/maclar/18451
2023-03-18,2022-2023,1. Lig,Yenierenköy TSK,Düzkaya KOSK,0,3,A,0,0,18452,https://ktff.org/maclar/18452
2023-03-18,2022-2023,1. Lig,Esentepe KSKK,Lapta Türk Birliği SK,2,0,H,0,0,18453,https://ktff.org/maclar/18453
2023-03-18,2022-2023,1. Lig,M. Hacıali Yılmazköy SK,Binatlı YSK,1,1,D,0,0,18454,https://ktff.org/maclar/18454
2023-03-18,2022-2023,1. Lig,Dörtyol SK,L. Gençler Birliği SK,2,4,A,0,0,18455,https://ktff.org/maclar/18455
2023-03-18,2022-2023,1. Lig,Girne Halk Evi SK,Maraş GSK,1,0,H,0,0,18456,https://ktff.org/maclar/18456
2023-03-19,2022-2023,Süper Lig,Gönyeli SK,Gençlik Gücü TSK,2,2,D,0,0,18431,https://ktff.org/maclar/18431
2023-03-19,2022-2023,Süper Lig,Göçmenköy İYSK,Doğan Türk Birliği,1,2,A,0,0,18432,https://ktff.org/maclar/18432
2023-03-19,2022-2023,Süper Lig,Mağusa Türk Gücü,Küçük Kaymaklı TSK,5,0,H,0,0,18433,https://ktff.org/maclar/18433
2023-03-19,2022-2023,Süper Lig,Alsancak Yeşilova SK,Cihangir GSK,3,0,H,0,0,18434,https://ktff.org/maclar/18434
2023-03-19,2022-2023,Süper Lig,Türk Ocağı Limasol SK,Lefke TSK,2,0,H,0,0,18435,https://ktff.org/maclar/18435
2023-03-19,2022-2023,1. Lig,Baf Ülkü Yurdu,Yalova SK,2,2,D,0,0,18457,https://ktff.org/maclar/18457
2023-03-19,2022-2023,1. Lig,Mormenekşe GBSK,İncirli SK,4,2,H,0,0,18458,https://ktff.org/maclar/18458
2023-03-21,2022-2023,1. Lig,Yeniboğaziçi DSK,Esentepe KSKK,0,1,A,0,0,18459,https://ktff.org/maclar/18459
2023-03-21,2022-2023,1. Lig,Binatlı YSK,Dörtyol SK,4,1,H,0,0,18460,https://ktff.org/maclar/18460
2023-03-21,2022-2023,1. Lig,Yenierenköy TSK,M. Hacıali Yılmazköy SK,4,2,H,0,0,18461,https://ktff.org/maclar/18461
2023-03-21,2022-2023,1. Lig,L. Gençler Birliği SK,Karşıyaka SK,1,2,A,0,0,18462,https://ktff.org/maclar/18462
2023-03-22,2022-2023,Süper Lig,Mesarya SK,Göçmenköy İYSK,1,2,A,0,0,18426,https://ktff.org/maclar/18426
2023-03-22,2022-2023,1. Lig,İncirli SK,Girne Halk Evi SK,1,1,D,0,0,18463,https://ktff.org/maclar/18463
2023-03-22,2022-2023,1. Lig,Düzkaya KOSK,Yalova SK,1,2,A,0,0,18464,https://ktff.org/maclar/18464
2023-03-22,2022-2023,1. Lig,Lapta Türk Birliği SK,Mormenekşe GBSK,2,1,H,0,0,18465,https://ktff.org/maclar/18465
2023-03-22,2022-2023,1. Lig,Maraş GSK,Baf Ülkü Yurdu,2,1,H,0,0,18466,https://ktff.org/maclar/18466
2023-03-25,2022-2023,Süper Lig,Çetinkaya TSK,Mağusa Türk Gücü,2,5,A,0,0,18436,https://ktff.org/maclar/18436
2023-03-25,2022-2023,Süper Lig,Doğan Türk Birliği,Gençlik Gücü TSK,4,0,H,0,0,18437,https://ktff.org/maclar/18437
2023-03-25,2022-2023,Süper Lig,Cihangir GSK,Türk Ocağı Limasol SK,3,0,H,0,0,18438,https://ktff.org/maclar/18438
2023-03-25,2022-2023,1. Lig,Karşıyaka SK,Binatlı YSK,1,2,A,0,0,18467,https://ktff.org/maclar/18467
2023-03-25,2022-2023,1. Lig,Dörtyol SK,Yenierenköy TSK,5,1,H,0,0,18468,https://ktff.org/maclar/18468
2023-03-25,2022-2023,1. Lig,Esentepe KSKK,L. Gençler Birliği SK,2,2,D,0,0,18469,https://ktff.org/maclar/18469
2023-03-26,2022-2023,Süper Lig,Küçük Kaymaklı TSK,Gönyeli SK,1,1,D,0,0,18439,https://ktff.org/maclar/18439
2023-03-26,2022-2023,Süper Lig,Göçmenköy İYSK,Hamitköy ŞHSK,2,3,A,0,0,18440,https://ktff.org/maclar/18440
2023-03-26,2022-2023,Süper Lig,Mesarya SK,Yenicami AK,2,1,H,0,0,18441,https://ktff.org/maclar/18441
2023-03-26,2022-2023,Süper Lig,Dumlupınar TSK,Alsancak Yeşilova SK,1,0,H,0,0,18442,https://ktff.org/maclar/18442
2023-03-26,2022-2023,1. Lig,Baf Ülkü Yurdu,İncirli SK,2,3,A,0,0,18470,https://ktff.org/maclar/18470
2023-03-26,2022-2023,1. Lig,Mormenekşe GBSK,Yeniboğaziçi DSK,1,4,A,0,0,18471,https://ktff.org/maclar/18471
2023-03-26,2022-2023,1. Lig,M. Hacıali Yılmazköy SK,Düzkaya KOSK,0,1,A,0,0,18472,https://ktff.org/maclar/18472
2023-03-26,2022-2023,1. Lig,Girne Halk Evi SK,Lapta Türk Birliği SK,1,0,H,0,0,18473,https://ktff.org/maclar/18473
2023-03-26,2022-2023,1. Lig,Yalova SK,Maraş GSK,1,0,H,0,0,18474,https://ktff.org/maclar/18474
2023-04-01,2022-2023,Süper Lig,Gönyeli SK,Çetinkaya TSK,0,3,A,0,0,18661,https://ktff.org/maclar/18661
2023-04-01,2022-2023,Süper Lig,Mağusa Türk Gücü,Lefke TSK,3,0,H,0,0,18662,https://ktff.org/maclar/18662
2023-04-01,2022-2023,Süper Lig,Alsancak Yeşilova SK,Mesarya SK,1,2,A,0,0,18665,https://ktff.org/maclar/18665
2023-04-01,2022-2023,1. Lig,Binatlı YSK,Esentepe KSKK,0,0,D,0,0,18689,https://ktff.org/maclar/18689
2023-04-01,2022-2023,1. Lig,İncirli SK,Yalova SK,0,2,A,0,0,18690,https://ktff.org/maclar/18690
2023-04-01,2022-2023,1. Lig,Yeniboğaziçi DSK,Girne Halk Evi SK,2,1,H,0,0,18691,https://ktff.org/maclar/18691
2023-04-01,2022-2023,1. Lig,Düzkaya KOSK,Maraş GSK,4,1,H,0,0,18693,https://ktff.org/maclar/18693
2023-04-01,2022-2023,1. Lig,Yenierenköy TSK,Karşıyaka SK,1,3,A,0,0,18694,https://ktff.org/maclar/18694
2023-04-02,2022-2023,Süper Lig,Hamitköy ŞHSK,Doğan Türk Birliği,2,3,A,0,0,18663,https://ktff.org/maclar/18663
2023-04-02,2022-2023,Süper Lig,Türk Ocağı Limasol SK,Dumlupınar TSK,0,1,A,0,0,18664,https://ktff.org/maclar/18664
2023-04-02,2022-2023,Süper Lig,Gençlik Gücü TSK,Küçük Kaymaklı TSK,0,1,A,0,0,18666,https://ktff.org/maclar/18666
2023-04-02,2022-2023,Süper Lig,Yenicami AK,Göçmenköy İYSK,0,1,A,0,0,18667,https://ktff.org/maclar/18667
2023-04-02,2022-2023,1. Lig,Lapta Türk Birliği SK,Baf Ülkü Yurdu,2,0,H,0,0,18692,https://ktff.org/maclar/18692
2023-04-02,2022-2023,1. Lig,L. Gençler Birliği SK,Mormenekşe GBSK,1,0,H,0,0,18695,https://ktff.org/maclar/18695
2023-04-02,2022-2023,1. Lig,M. Hacıali Yılmazköy SK,Dörtyol SK,1,1,D,0,0,18696,https://ktff.org/maclar/18696
2023-04-05,2022-2023,Süper Lig,Hamitköy ŞHSK,Yenicami AK,3,2,H,0,0,18668,https://ktff.org/maclar/18668
2023-04-05,2022-2023,Süper Lig,Cihangir GSK,Mağusa Türk Gücü,1,2,A,0,0,18669,https://ktff.org/maclar/18669
2023-04-05,2022-2023,Süper Lig,Mesarya SK,Türk Ocağı Limasol SK,4,0,H,0,0,18670,https://ktff.org/maclar/18670
2023-04-05,2022-2023,Süper Lig,Lefke TSK,Gönyeli SK,3,2,H,0,0,18671,https://ktff.org/maclar/18671
2023-04-05,2022-2023,Süper Lig,Doğan Türk Birliği,Küçük Kaymaklı TSK,0,1,A,0,0,18672,https://ktff.org/maclar/18672
2023-04-05,2022-2023,Süper Lig,Göçmenköy İYSK,Alsancak Yeşilova SK,0,2,A,0,0,18673,https://ktff.org/maclar/18673
2023-04-05,2022-2023,Süper Lig,Çetinkaya TSK,Gençlik Gücü TSK,1,1,D,0,0,18674,https://ktff.org/maclar/18674
2023-04-07,2022-2023,1. Lig,Girne Halk Evi SK,L. Gençler Birliği SK,1,2,A,0,0,18771,https://ktff.org/maclar/18771
2023-04-08,2022-2023,Süper Lig,Gönyeli SK,Cihangir GSK,1,3,A,0,0,18743,https://ktff.org/maclar/18743
2023-04-08,2022-2023,Süper Lig,Türk Ocağı Limasol SK,Göçmenköy İYSK,3,2,H,0,0,18744,https://ktff.org/maclar/18744
2023-04-08,2022-2023,Süper Lig,Gençlik Gücü TSK,Lefke TSK,3,2,H,0,0,18745,https://ktff.org/maclar/18745
2023-04-08,2022-2023,1. Lig,Baf Ülkü Yurdu,Yeniboğaziçi DSK,2,3,A,0,0,18772,https://ktff.org/maclar/18772
2023-04-08,2022-2023,1. Lig,Dörtyol SK,Düzkaya KOSK,1,4,A,0,0,18773,https://ktff.org/maclar/18773
2023-04-08,2022-2023,1. Lig,Esentepe KSKK,Yenierenköy TSK,5,0,H,0,0,18774,https://ktff.org/maclar/18774
2023-04-08,2022-2023,1. Lig,Maraş GSK,İncirli SK,4,0,H,0,0,18775,https://ktff.org/maclar/18775
2023-04-08,2022-2023,1. Lig,Karşıyaka SK,M. Hacıali Yılmazköy SK,3,0,H,0,0,18776,https://ktff.org/maclar/18776
2023-04-08,2022-2023,1. Lig,Yalova SK,Lapta Türk Birliği SK,3,0,H,0,0,18777,https://ktff.org/maclar/18777
2023-04-08,2022-2023,1. Lig,Mormenekşe GBSK,Binatlı YSK,1,1,D,0,0,18778,https://ktff.org/maclar/18778
2023-04-09,2022-2023,Süper Lig,Yenicami AK,Doğan Türk Birliği,1,1,D,0,0,18746,https://ktff.org/maclar/18746
2023-04-09,2022-2023,Süper Lig,Küçük Kaymaklı TSK,Çetinkaya TSK,2,1,H,0,0,18747,https://ktff.org/maclar/18747
2023-04-09,2022-2023,Süper Lig,Alsancak Yeşilova SK,Hamitköy ŞHSK,1,0,H,0,0,18748,https://ktff.org/maclar/18748
2023-04-10,2022-2023,Süper Lig,Mağusa Türk Gücü,Dumlupınar TSK,2,1,H,0,0,18749,https://ktff.org/maclar/18749
2023-04-12,2022-2023,1. Lig,M. Hacıali Yılmazköy SK,Esentepe KSKK,0,1,A,0,0,18779,https://ktff.org/maclar/18779
2023-04-12,2022-2023,1. Lig,Düzkaya KOSK,İncirli SK,4,1,H,0,0,18780,https://ktff.org/maclar/18780
2023-04-12,2022-2023,1. Lig,Dörtyol SK,Karşıyaka SK,3,2,H,0,0,18781,https://ktff.org/maclar/18781
2023-04-12,2022-2023,1. Lig,Binatlı YSK,Girne Halk Evi SK,3,0,H,0,0,18782,https://ktff.org/maclar/18782
2023-04-12,2022-2023,1. Lig,Yeniboğaziçi DSK,Yalova SK,1,0,H,0,0,18783,https://ktff.org/maclar/18783
2023-04-12,2022-2023,1. Lig,Yenierenköy TSK,Mormenekşe GBSK,2,3,A,0,0,18784,https://ktff.org/maclar/18784
2023-04-12,2022-2023,1. Lig,L. Gençler Birliği SK,Baf Ülkü Yurdu,5,1,H,0,0,18785,https://ktff.org/maclar/18785
2023-04-12,2022-2023,1. Lig,Lapta Türk Birliği SK,Maraş GSK,1,1,D,0,0,18786,https://ktff.org/maclar/18786
2023-04-15,2022-2023,Süper Lig,Dumlupınar TSK,Gönyeli SK,3,0,H,0,0,18750,https://ktff.org/maclar/18750
2023-04-15,2022-2023,Süper Lig,Doğan Türk Birliği,Çetinkaya TSK,3,0,H,0,0,18751,https://ktff.org/maclar/18751
2023-04-15,2022-2023,Süper Lig,Yenicami AK,Alsancak Yeşilova SK,1,2,A,0,0,18752,https://ktff.org/maclar/18752
2023-04-15,2022-2023,Süper Lig,Lefke TSK,Küçük Kaymaklı TSK,1,1,D,0,0,18753,https://ktff.org/maclar/18753
2023-04-15,2022-2023,1. Lig,İncirli SK,Lapta Türk Birliği SK,0,2,A,0,0,18787,https://ktff.org/maclar/18787
2023-04-15,2022-2023,1. Lig,Mormenekşe GBSK,M. Hacıali Yılmazköy SK,2,1,H,0,0,18789,https://ktff.org/maclar/18789
2023-04-16,2022-2023,Süper Lig,Mesarya SK,Mağusa Türk Gücü,2,2,D,0,0,18754,https://ktff.org/maclar/18754
2023-04-16,2022-2023,Süper Lig,Hamitköy ŞHSK,Türk Ocağı Limasol SK,3,1,H,0,0,18755,https://ktff.org/maclar/18755
2023-04-16,2022-2023,Süper Lig,Cihangir GSK,Gençlik Gücü TSK,4,0,H,0,0,18756,https://ktff.org/maclar/18756
2023-04-16,2022-2023,1. Lig,Maraş GSK,Yeniboğaziçi DSK,4,0,H,0,0,18790,https://ktff.org/maclar/18790
2023-04-16,2022-2023,1. Lig,Karşıyaka SK,Düzkaya KOSK,1,0,H,0,0,18791,https://ktff.org/maclar/18791
2023-04-16,2022-2023,1. Lig,Esentepe KSKK,Dörtyol SK,4,2,H,0,0,18792,https://ktff.org/maclar/18792
2023-04-16,2022-2023,1. Lig,Girne Halk Evi SK,Yenierenköy TSK,9,2,H,0,0,18793,https://ktff.org/maclar/18793
2023-04-16,2022-2023,1. Lig,Yalova SK,L. Gençler Birliği SK,2,1,H,0,0,18794,https://ktff.org/maclar/18794
2023-04-17,2022-2023,1. Lig,Baf Ülkü Yurdu,Binatlı YSK,3,0,H,0,0,18788,https://ktff.org/maclar/18788
2023-04-18,2022-2023,Süper Lig,Alsancak Yeşilova SK,Doğan Türk Birliği,1,2,A,0,0,18823,https://ktff.org/maclar/18823
2023-04-18,2022-2023,Süper Lig,Çetinkaya TSK,Lefke TSK,2,1,H,0,0,18824,https://ktff.org/maclar/18824
2023-04-19,2022-2023,Süper Lig,Türk Ocağı Limasol SK,Yenicami AK,3,4,A,0,0,18825,https://ktff.org/maclar/18825
2023-04-19,2022-2023,Süper Lig,Mağusa Türk Gücü,Göçmenköy İYSK,1,0,H,0,0,18826,https://ktff.org/maclar/18826
2023-04-19,2022-2023,Süper Lig,Gönyeli SK,Mesarya SK,1,3,A,0,0,18827,https://ktff.org/maclar/18827
2023-04-19,2022-2023,Süper Lig,Gençlik Gücü TSK,Dumlupınar TSK,2,1,H,0,0,18828,https://ktff.org/maclar/18828
2023-04-19,2022-2023,Süper Lig,Küçük Kaymaklı TSK,Cihangir GSK,1,1,D,0,0,18829,https://ktff.org/maclar/18829
2023-04-22,2022-2023,1. Lig,Karşıyaka SK,Esentepe KSKK,3,3,D,0,0,18837,https://ktff.org/maclar/18837
2023-04-22,2022-2023,1. Lig,M. Hacıali Yılmazköy SK,Girne Halk Evi SK,0,1,A,0,0,18838,https://ktff.org/maclar/18838
2023-04-22,2022-2023,1. Lig,Dörtyol SK,Mormenekşe GBSK,4,1,H,0,0,18839,https://ktff.org/maclar/18839
2023-04-22,2022-2023,1. Lig,Yenierenköy TSK,Baf Ülkü Yurdu,1,4,A,0,0,18840,https://ktff.org/maclar/18840
2023-04-22,2022-2023,1. Lig,Yeniboğaziçi DSK,İncirli SK,5,1,H,0,0,18841,https://ktff.org/maclar/18841
2023-04-22,2022-2023,1. Lig,Düzkaya KOSK,Lapta Türk Birliği SK,2,1,H,0,0,18842,https://ktff.org/maclar/18842
2023-04-22,2022-2023,1. Lig,Binatlı YSK,Yalova SK,2,1,H,0,0,18843,https://ktff.org/maclar/18843
2023-04-22,2022-2023,1. Lig,L. Gençler Birliği SK,Maraş GSK,1,2,A,0,0,18844,https://ktff.org/maclar/18844
2023-04-23,2022-2023,Süper Lig,Göçmenköy İYSK,Gönyeli SK,6,1,H,0,0,18830,https://ktff.org/maclar/18830
2023-04-23,2022-2023,Süper Lig,Dumlupınar TSK,Küçük Kaymaklı TSK,1,1,D,0,0,18831,https://ktff.org/maclar/18831
2023-04-23,2022-2023,Süper Lig,Mesarya SK,Gençlik Gücü TSK,3,2,H,0,0,18832,https://ktff.org/maclar/18832
2023-04-23,2022-2023,Süper Lig,Hamitköy ŞHSK,Mağusa Türk Gücü,2,3,A,0,0,18833,https://ktff.org/maclar/18833
2023-04-23,2022-2023,Süper Lig,Alsancak Yeşilova SK,Türk Ocağı Limasol SK,4,2,H,0,0,18834,https://ktff.org/maclar/18834
2023-04-23,2022-2023,Süper Lig,Cihangir GSK,Çetinkaya TSK,2,0,H,0,0,18835,https://ktff.org/maclar/18835
2023-04-24,2022-2023,Süper Lig,Doğan Türk Birliği,Lefke TSK,4,1,H,0,0,18836,https://ktff.org/maclar/18836
2023-04-29,2022-2023,Süper Lig,Gençlik Gücü TSK,Göçmenköy İYSK,0,2,A,0,0,18870,https://ktff.org/maclar/18870
2023-04-29,2022-2023,Süper Lig,Türk Ocağı Limasol SK,Doğan Türk Birliği,2,5,A,0,0,18871,https://ktff.org/maclar/18871
2023-04-29,2022-2023,Süper Lig,Gönyeli SK,Hamitköy ŞHSK,1,2,A,0,0,18872,https://ktff.org/maclar/18872
2023-04-29,2022-2023,Süper Lig,Çetinkaya TSK,Dumlupınar TSK,4,3,H,0,0,18873,https://ktff.org/maclar/18873
2023-04-29,2022-2023,Süper Lig,Mağusa Türk Gücü,Yenicami AK,4,0,H,0,0,18874,https://ktff.org/maclar/18874
2023-04-29,2022-2023,Süper Lig,Lefke TSK,Cihangir GSK,1,0,H,0,0,18875,https://ktff.org/maclar/18875
2023-04-30,2022-2023,Süper Lig,Küçük Kaymaklı TSK,Mesarya SK,1,2,A,0,0,18876,https://ktff.org/maclar/18876
2023-04-30,2022-2023,1. Lig,Esentepe KSKK,Düzkaya KOSK,0,0,D,0,0,18877,https://ktff.org/maclar/18877
2023-04-30,2022-2023,1. Lig,Girne Halk Evi SK,Dörtyol SK,4,0,H,0,0,18878,https://ktff.org/maclar/18878
2023-04-30,2022-2023,1. Lig,İncirli SK,L. Gençler Birliği SK,3,3,D,0,0,18879,https://ktff.org/maclar/18879
2023-04-30,2022-2023,1. Lig,Baf Ülkü Yurdu,M. Hacıali Yılmazköy SK,1,2,A,0,0,18880,https://ktff.org/maclar/18880
2023-04-30,2022-2023,1. Lig,Lapta Türk Birliği SK,Yeniboğaziçi DSK,1,0,H,0,0,18881,https://ktff.org/maclar/18881
2023-04-30,2022-2023,1. Lig,Maraş GSK,Binatlı YSK,2,2,D,0,0,18882,https://ktff.org/maclar/18882
2023-04-30,2022-2023,1. Lig,Yalova SK,Yenierenköy TSK,4,1,H,0,0,18883,https://ktff.org/maclar/18883
2023-04-30,2022-2023,1. Lig,Mormenekşe GBSK,Karşıyaka SK,5,0,H,0,0,18884,https://ktff.org/maclar/18884
2023-05-06,2022-2023,Süper Lig,Alsancak Yeşilova SK,Mağusa Türk Gücü,3,4,A,0,0,18916,https://ktff.org/maclar/18916
2023-05-06,2022-2023,Süper Lig,Dumlupınar TSK,Lefke TSK,2,1,H,0,0,18919,https://ktff.org/maclar/18919
2023-05-06,2022-2023,1. Lig,L. Gençler Birliği SK,Lapta Türk Birliği SK,1,1,D,0,0,18931,https://ktff.org/maclar/18931
2023-05-06,2022-2023,1. Lig,Yenierenköy TSK,Maraş GSK,4,5,A,0,0,18933,https://ktff.org/maclar/18933
2023-05-06,2022-2023,1. Lig,Karşıyaka SK,Girne Halk Evi SK,4,1,H,0,0,18934,https://ktff.org/maclar/18934
2023-05-06,2022-2023,1. Lig,Esentepe KSKK,Mormenekşe GBSK,6,0,H,0,0,18935,https://ktff.org/maclar/18935
2023-05-06,2022-2023,1. Lig,Dörtyol SK,Baf Ülkü Yurdu,3,0,H,0,0,18936,https://ktff.org/maclar/18936
2023-05-06,2022-2023,1. Lig,Binatlı YSK,İncirli SK,2,1,H,0,0,18937,https://ktff.org/maclar/18937
2023-05-07,2022-2023,Süper Lig,Mesarya SK,Çetinkaya TSK,5,3,H,0,0,18918,https://ktff.org/maclar/18918
2023-05-07,2022-2023,Süper Lig,Doğan Türk Birliği,Cihangir GSK,2,0,H,0,0,18920,https://ktff.org/maclar/18920
2023-05-07,2022-2023,Süper Lig,Göçmenköy İYSK,Küçük Kaymaklı TSK,2,0,H,0,0,18921,https://ktff.org/maclar/18921
2023-05-07,2022-2023,Süper Lig,Hamitköy ŞHSK,Gençlik Gücü TSK,0,3,A,0,0,18922,https://ktff.org/maclar/18922
2023-05-08,2022-2023,1. Lig,Düzkaya KOSK,Yeniboğaziçi DSK,0,7,A,0,0,18930,https://ktff.org/maclar/18930
2023-05-08,2022-2023,1. Lig,M. Hacıali Yılmazköy SK,Yalova SK,1,0,H,0,0,18932,https://ktff.org/maclar/18932
2023-05-09,2022-2023,Süper Lig,Yenicami AK,Gönyeli SK,3,1,H,0,0,18917,https://ktff.org/maclar/18917
2023-09-21,2023-2024,Süper Lig,Mağusa Türk Gücü,Çetinkaya TSK,7,1,H,0,0,19348,https://ktff.org/maclar/19348
2023-09-22,2023-2024,Süper Lig,Lefke TSK,Dumlupınar TSK,0,1,A,0,0,19349,https://ktff.org/maclar/19349
2023-09-23,2023-2024,Süper Lig,Göçmenköy İYSK,Yeniboğaziçi DSK,3,0,H,0,0,19351,https://ktff.org/maclar/19351
2023-09-23,2023-2024,Süper Lig,Küçük Kaymaklı TSK,Gençlik Gücü TSK,1,2,A,0,0,19352,https://ktff.org/maclar/19352
2023-09-23,2023-2024,1. Lig,Girne Halk Evi SK,Çanakkale TSK,1,0,H,0,0,19356,https://ktff.org/maclar/19356
2023-09-23,2023-2024,1. Lig,Yalova SK,Binatlı YSK,0,0,D,0,0,19357,https://ktff.org/maclar/19357
2023-09-23,2023-2024,1. Lig,Esentepe KSKK,M. Hacıali Yılmazköy SK,1,1,D,0,0,19358,https://ktff.org/maclar/19358
2023-09-23,2023-2024,1. Lig,Lapta Türk Birliği SK,Düzkaya KOSK,0,1,A,0,0,19359,https://ktff.org/maclar/19359
2023-09-23,2023-2024,1. Lig,Maraş GSK,Geçitkale GSK,4,4,D,0,0,19360,https://ktff.org/maclar/19360
2023-09-24,2023-2024,Süper Lig,Yenicami AK,L. Gençler Birliği SK,3,1,H,0,0,19353,https://ktff.org/maclar/19353
2023-09-24,2023-2024,Süper Lig,Alsancak Yeşilova SK,Doğan Türk Birliği,1,2,A,0,0,19354,https://ktff.org/maclar/19354
2023-09-24,2023-2024,Süper Lig,Mesarya SK,Cihangir GSK,0,1,A,0,0,19355,https://ktff.org/maclar/19355
2023-09-24,2023-2024,1. Lig,Mormenekşe GBSK,Ozanköy SK,2,2,D,0,0,19361,https://ktff.org/maclar/19361
2023-09-24,2023-2024,1. Lig,Gönyeli SK,Hamitköy ŞHSK,2,0,H,0,0,19362,https://ktff.org/maclar/19362
2023-09-24,2023-2024,1. Lig,Baf Ülkü Yurdu,Değirmenlik SK,0,5,A,0,0,19363,https://ktff.org/maclar/19363
2023-09-25,2023-2024,Süper Lig,Türk Ocağı Limasol SK,Karşıyaka SK,0,0,D,0,0,19350,https://ktff.org/maclar/19350
2023-09-29,2023-2024,Süper Lig,Çetinkaya TSK,Lefke TSK,0,1,A,0,0,19371,https://ktff.org/maclar/19371
2023-09-30,2023-2024,Süper Lig,Yeniboğaziçi DSK,Alsancak Yeşilova SK,2,3,A,0,0,19366,https://ktff.org/maclar/19366
2023-09-30,2023-2024,Süper Lig,Cihangir GSK,Göçmenköy İYSK,4,3,H,0,0,19367,https://ktff.org/maclar/19367
2023-09-30,2023-2024,1. Lig,Çanakkale TSK,Mormenekşe GBSK,1,2,A,0,0,19476,https://ktff.org/maclar/19476
2023-09-30,2023-2024,1. Lig,Hamitköy ŞHSK,Esentepe KSKK,0,0,D,0,0,19479,https://ktff.org/maclar/19479
2023-09-30,2023-2024,1. Lig,Düzkaya KOSK,Gönyeli SK,0,4,A,0,0,19480,https://ktff.org/maclar/19480
2023-09-30,2023-2024,1. Lig,Değirmenlik SK,Lapta Türk Birliği SK,5,1,H,0,0,19481,https://ktff.org/maclar/19481
2023-10-01,2023-2024,Süper Lig,Doğan Türk Birliği,Yenicami AK,2,2,D,0,0,19365,https://ktff.org/maclar/19365
2023-10-01,2023-2024,Süper Lig,Gençlik Gücü TSK,Mesarya SK,3,0,H,0,0,19368,https://ktff.org/maclar/19368
2023-10-01,2023-2024,Süper Lig,Karşıyaka SK,Küçük Kaymaklı TSK,6,1,H,0,0,19369,https://ktff.org/maclar/19369
2023-10-01,2023-2024,Süper Lig,Dumlupınar TSK,Türk Ocağı Limasol SK,3,1,H,0,0,19370,https://ktff.org/maclar/19370
2023-10-01,2023-2024,1. Lig,Binatlı YSK,Girne Halk Evi SK,0,0,D,0,0,19477,https://ktff.org/maclar/19477
2023-10-01,2023-2024,1. Lig,M. Hacıali Yılmazköy SK,Yalova SK,2,2,D,0,0,19478,https://ktff.org/maclar/19478
2023-10-01,2023-2024,1. Lig,Geçitkale GSK,Baf Ülkü Yurdu,2,1,H,0,0,19482,https://ktff.org/maclar/19482
2023-10-01,2023-2024,1. Lig,Ozanköy SK,Maraş GSK,2,1,H,0,0,19483,https://ktff.org/maclar/19483
2023-10-02,2023-2024,Süper Lig,L. Gençler Birliği SK,Mağusa Türk Gücü,0,5,A,0,0,19364,https://ktff.org/maclar/19364
2023-10-06,2023-2024,Süper Lig,Yenicami AK,Yeniboğaziçi DSK,4,3,H,0,0,19373,https://ktff.org/maclar/19373
2023-10-07,2023-2024,Süper Lig,Alsancak Yeşilova SK,Cihangir GSK,0,1,A,0,0,19374,https://ktff.org/maclar/19374
2023-10-07,2023-2024,Süper Lig,Mesarya SK,Karşıyaka SK,2,0,H,0,0,19376,https://ktff.org/maclar/19376
2023-10-07,2023-2024,Süper Lig,Küçük Kaymaklı TSK,Dumlupınar TSK,1,3,A,0,0,19377,https://ktff.org/maclar/19377
2023-10-07,2023-2024,1. Lig,Mormenekşe GBSK,Binatlı YSK,2,1,H,0,0,19484,https://ktff.org/maclar/19484
2023-10-07,2023-2024,1. Lig,Girne Halk Evi SK,M. Hacıali Yılmazköy SK,0,1,A,0,0,19485,https://ktff.org/maclar/19485
2023-10-07,2023-2024,1. Lig,Baf Ülkü Yurdu,Maraş GSK,0,1,A,0,0,19490,https://ktff.org/maclar/19490
2023-10-07,2023-2024,1. Lig,Çanakkale TSK,Ozanköy SK,5,0,H,0,0,19491,https://ktff.org/maclar/19491
2023-10-08,2023-2024,Süper Lig,Türk Ocağı Limasol SK,Lefke TSK,0,0,D,0,0,19378,https://ktff.org/maclar/19378
2023-10-08,2023-2024,Süper Lig,L. Gençler Birliği SK,Çetinkaya TSK,2,3,A,0,0,19379,https://ktff.org/maclar/19379
2023-10-08,2023-2024,1. Lig,Yalova SK,Hamitköy ŞHSK,3,1,H,0,0,19486,https://ktff.org/maclar/19486
2023-10-08,2023-2024,1. Lig,Esentepe KSKK,Düzkaya KOSK,2,0,H,0,0,19487,https://ktff.org/maclar/19487
2023-10-08,2023-2024,1. Lig,Gönyeli SK,Değirmenlik SK,1,4,A,0,0,19488,https://ktff.org/maclar/19488
2023-10-08,2023-2024,1. Lig,Lapta Türk Birliği SK,Geçitkale GSK,3,1,H,0,0,19489,https://ktff.org/maclar/19489
2023-10-09,2023-2024,Süper Lig,Mağusa Türk Gücü,Doğan Türk Birliği,3,1,H,0,0,19372,https://ktff.org/maclar/19372
2023-10-09,2023-2024,Süper Lig,Göçmenköy İYSK,Gençlik Gücü TSK,5,2,H,0,0,19375,https://ktff.org/maclar/19375
2023-10-14,2023-2024,Süper Lig,Dumlupınar TSK,Mesarya SK,2,1,H,0,0,19384,https://ktff.org/maclar/19384
2023-10-14,2023-2024,Süper Lig,Lefke TSK,Küçük Kaymaklı TSK,3,2,H,0,0,19385,https://ktff.org/maclar/19385
2023-10-14,2023-2024,Süper Lig,Çetinkaya TSK,Türk Ocağı Limasol SK,3,0,H,0,0,19386,https://ktff.org/maclar/19386
2023-10-14,2023-2024,1. Lig,M. Hacıali Yılmazköy SK,Mormenekşe GBSK,3,1,H,0,0,19492,https://ktff.org/maclar/19492
2023-10-14,2023-2024,1. Lig,Düzkaya KOSK,Yalova SK,1,2,A,0,0,19494,https://ktff.org/maclar/19494
2023-10-14,2023-2024,1. Lig,Değirmenlik SK,Esentepe KSKK,2,2,D,0,0,19495,https://ktff.org/maclar/19495
2023-10-14,2023-2024,1. Lig,Geçitkale GSK,Gönyeli SK,0,4,A,0,0,19496,https://ktff.org/maclar/19496
2023-10-14,2023-2024,1. Lig,Ozanköy SK,Baf Ülkü Yurdu,3,1,H,0,0,19498,https://ktff.org/maclar/19498
2023-10-15,2023-2024,Süper Lig,Yeniboğaziçi DSK,Mağusa Türk Gücü,1,3,A,0,0,19380,https://ktff.org/maclar/19380
2023-10-15,2023-2024,Süper Lig,Cihangir GSK,Yenicami AK,5,1,H,0,0,19381,https://ktff.org/maclar/19381
2023-10-15,2023-2024,Süper Lig,Karşıyaka SK,Göçmenköy İYSK,0,0,D,0,0,19383,https://ktff.org/maclar/19383
2023-10-15,2023-2024,Süper Lig,Doğan Türk Birliği,L. Gençler Birliği SK,6,0,H,0,0,19387,https://ktff.org/maclar/19387
2023-10-15,2023-2024,1. Lig,Hamitköy ŞHSK,Girne Halk Evi SK,1,1,D,0,0,19493,https://ktff.org/maclar/19493
2023-10-15,2023-2024,1. Lig,Maraş GSK,Lapta Türk Birliği SK,0,0,D,0,0,19497,https://ktff.org/maclar/19497
2023-10-15,2023-2024,1. Lig,Binatlı YSK,Çanakkale TSK,0,3,A,0,0,19499,https://ktff.org/maclar/19499
2023-10-16,2023-2024,Süper Lig,Gençlik Gücü TSK,Alsancak Yeşilova SK,2,1,H,0,0,19382,https://ktff.org/maclar/19382
2023-10-21,2023-2024,Süper Lig,Mağusa Türk Gücü,Cihangir GSK,1,2,A,0,0,19388,https://ktff.org/maclar/19388
2023-10-21,2023-2024,Süper Lig,Göçmenköy İYSK,Dumlupınar TSK,0,3,A,0,0,19391,https://ktff.org/maclar/19391
2023-10-21,2023-2024,Süper Lig,Mesarya SK,Lefke TSK,1,0,H,0,0,19392,https://ktff.org/maclar/19392
2023-10-21,2023-2024,Süper Lig,Doğan Türk Birliği,Çetinkaya TSK,2,0,H,0,0,19395,https://ktff.org/maclar/19395
2023-10-21,2023-2024,1. Lig,Mormenekşe GBSK,Hamitköy ŞHSK,3,5,A,0,0,19500,https://ktff.org/maclar/19500
2023-10-21,2023-2024,1. Lig,Yalova SK,Değirmenlik SK,0,2,A,0,0,19502,https://ktff.org/maclar/19502
2023-10-21,2023-2024,1. Lig,Gönyeli SK,Maraş GSK,3,1,H,0,0,19504,https://ktff.org/maclar/19504
2023-10-21,2023-2024,1. Lig,Lapta Türk Birliği SK,Baf Ülkü Yurdu,1,0,H,0,0,19505,https://ktff.org/maclar/19505
2023-10-22,2023-2024,Süper Lig,Yenicami AK,Gençlik Gücü TSK,2,0,H,0,0,19389,https://ktff.org/maclar/19389
2023-10-22,2023-2024,Süper Lig,Alsancak Yeşilova SK,Karşıyaka SK,2,3,A,0,0,19390,https://ktff.org/maclar/19390
2023-10-22,2023-2024,Süper Lig,Küçük Kaymaklı TSK,Türk Ocağı Limasol SK,2,2,D,0,0,19393,https://ktff.org/maclar/19393
2023-10-22,2023-2024,1. Lig,Girne Halk Evi SK,Düzkaya KOSK,2,3,A,0,0,19501,https://ktff.org/maclar/19501
2023-10-22,2023-2024,1. Lig,Esentepe KSKK,Geçitkale GSK,2,1,H,0,0,19503,https://ktff.org/maclar/19503
2023-10-22,2023-2024,1. Lig,Çanakkale TSK,M. Hacıali Yılmazköy SK,2,2,D,0,0,19506,https://ktff.org/maclar/19506
2023-10-22,2023-2024,1. Lig,Binatlı YSK,Ozanköy SK,1,0,H,0,0,19507,https://ktff.org/maclar/19507
2023-10-23,2023-2024,Süper Lig,L. Gençler Birliği SK,Yeniboğaziçi DSK,4,1,H,0,0,19394,https://ktff.org/maclar/19394
2023-10-28,2023-2024,Süper Lig,Lefke TSK,Göçmenköy İYSK,0,1,A,0,0,19399,https://ktff.org/maclar/19399
2023-10-28,2023-2024,Süper Lig,Türk Ocağı Limasol SK,Mesarya SK,2,4,A,0,0,19400,https://ktff.org/maclar/19400
2023-10-28,2023-2024,Süper Lig,Cihangir GSK,L. Gençler Birliği SK,3,1,H,0,0,19402,https://ktff.org/maclar/19402
2023-10-28,2023-2024,Süper Lig,Yeniboğaziçi DSK,Doğan Türk Birliği,0,4,A,0,0,19403,https://ktff.org/maclar/19403
2023-10-28,2023-2024,1. Lig,Düzkaya KOSK,Mormenekşe GBSK,2,2,D,0,0,19508,https://ktff.org/maclar/19508
2023-10-28,2023-2024,1. Lig,Değirmenlik SK,Girne Halk Evi SK,3,0,H,0,0,19509,https://ktff.org/maclar/19509
2023-10-28,2023-2024,1. Lig,Maraş GSK,Esentepe KSKK,0,1,A,0,0,19511,https://ktff.org/maclar/19511
2023-10-28,2023-2024,1. Lig,Hamitköy ŞHSK,Çanakkale TSK,0,0,D,0,0,19514,https://ktff.org/maclar/19514
2023-10-29,2023-2024,Süper Lig,Gençlik Gücü TSK,Mağusa Türk Gücü,1,5,A,0,0,19396,https://ktff.org/maclar/19396
2023-10-29,2023-2024,Süper Lig,Karşıyaka SK,Yenicami AK,1,5,A,0,0,19397,https://ktff.org/maclar/19397
2023-10-29,2023-2024,Süper Lig,Dumlupınar TSK,Alsancak Yeşilova SK,3,0,H,0,0,19398,https://ktff.org/maclar/19398
2023-10-29,2023-2024,1. Lig,Geçitkale GSK,Yalova SK,2,1,H,0,0,19510,https://ktff.org/maclar/19510
2023-10-29,2023-2024,1. Lig,Baf Ülkü Yurdu,Gönyeli SK,2,1,H,0,0,19512,https://ktff.org/maclar/19512
2023-10-29,2023-2024,1. Lig,Ozanköy SK,Lapta Türk Birliği SK,2,2,D,0,0,19513,https://ktff.org/maclar/19513
2023-10-29,2023-2024,1. Lig,M. Hacıali Yılmazköy SK,Binatlı YSK,1,1,D,0,0,19515,https://ktff.org/maclar/19515
2023-10-30,2023-2024,Süper Lig,Çetinkaya TSK,Küçük Kaymaklı TSK,2,0,H,0,0,19401,https://ktff.org/maclar/19401
2023-11-03,2023-2024,Süper Lig,Doğan Türk Birliği,Cihangir GSK,0,2,A,0,0,19410,https://ktff.org/maclar/19410
2023-11-04,2023-2024,Süper Lig,Mağusa Türk Gücü,Karşıyaka SK,3,1,H,0,0,19404,https://ktff.org/maclar/19404
2023-11-04,2023-2024,Süper Lig,Yenicami AK,Dumlupınar TSK,1,4,A,0,0,19405,https://ktff.org/maclar/19405
2023-11-04,2023-2024,Süper Lig,Alsancak Yeşilova SK,Lefke TSK,2,2,D,0,0,19406,https://ktff.org/maclar/19406
2023-11-04,2023-2024,Süper Lig,L. Gençler Birliği SK,Gençlik Gücü TSK,2,1,H,0,0,19409,https://ktff.org/maclar/19409
2023-11-04,2023-2024,1. Lig,Mormenekşe GBSK,Değirmenlik SK,0,0,D,0,0,19516,https://ktff.org/maclar/19516
2023-11-04,2023-2024,1. Lig,Girne Halk Evi SK,Geçitkale GSK,2,1,H,0,0,19517,https://ktff.org/maclar/19517
2023-11-04,2023-2024,1. Lig,Binatlı YSK,Hamitköy ŞHSK,0,1,A,0,0,19522,https://ktff.org/maclar/19522
2023-11-04,2023-2024,1. Lig,M. Hacıali Yılmazköy SK,Ozanköy SK,0,0,D,0,0,19523,https://ktff.org/maclar/19523
2023-11-05,2023-2024,Süper Lig,Göçmenköy İYSK,Türk Ocağı Limasol SK,3,1,H,0,0,19407,https://ktff.org/maclar/19407
2023-11-05,2023-2024,Süper Lig,Mesarya SK,Küçük Kaymaklı TSK,1,2,A,0,0,19408,https://ktff.org/maclar/19408
2023-11-05,2023-2024,Süper Lig,Yeniboğaziçi DSK,Çetinkaya TSK,1,1,D,0,0,19411,https://ktff.org/maclar/19411
2023-11-05,2023-2024,1. Lig,Yalova SK,Maraş GSK,3,1,H,0,0,19518,https://ktff.org/maclar/19518
2023-11-05,2023-2024,1. Lig,Esentepe KSKK,Baf Ülkü Yurdu,3,0,H,0,0,19519,https://ktff.org/maclar/19519
2023-11-05,2023-2024,1. Lig,Gönyeli SK,Lapta Türk Birliği SK,5,1,H,0,0,19520,https://ktff.org/maclar/19520
2023-11-05,2023-2024,1. Lig,Çanakkale TSK,Düzkaya KOSK,2,1,H,0,0,19521,https://ktff.org/maclar/19521
2023-11-10,2023-2024,Süper Lig,Gençlik Gücü TSK,Doğan Türk Birliği,1,1,D,0,0,19418,https://ktff.org/maclar/19418
2023-11-11,2023-2024,Süper Lig,Lefke TSK,Yenicami AK,2,0,H,0,0,19413,https://ktff.org/maclar/19413
2023-11-11,2023-2024,Süper Lig,Küçük Kaymaklı TSK,Göçmenköy İYSK,1,1,D,0,0,19415,https://ktff.org/maclar/19415
2023-11-11,2023-2024,Süper Lig,Karşıyaka SK,L. Gençler Birliği SK,2,2,D,0,0,19417,https://ktff.org/maclar/19417
2023-11-11,2023-2024,1. Lig,Maraş GSK,Girne Halk Evi SK,3,0,H,0,0,19525,https://ktff.org/maclar/19525
2023-11-11,2023-2024,1. Lig,Baf Ülkü Yurdu,Yalova SK,1,3,A,0,0,19526,https://ktff.org/maclar/19526
2023-11-11,2023-2024,1. Lig,Ozanköy SK,Gönyeli SK,0,0,D,0,0,19528,https://ktff.org/maclar/19528
2023-11-11,2023-2024,1. Lig,Hamitköy ŞHSK,M. Hacıali Yılmazköy SK,2,0,H,0,0,19531,https://ktff.org/maclar/19531
2023-11-12,2023-2024,Süper Lig,Türk Ocağı Limasol SK,Alsancak Yeşilova SK,1,2,A,0,0,19414,https://ktff.org/maclar/19414
2023-11-12,2023-2024,Süper Lig,Çetinkaya TSK,Mesarya SK,4,0,H,0,0,19416,https://ktff.org/maclar/19416
2023-11-12,2023-2024,Süper Lig,Cihangir GSK,Yeniboğaziçi DSK,4,0,H,0,0,19419,https://ktff.org/maclar/19419
2023-11-12,2023-2024,1. Lig,Geçitkale GSK,Mormenekşe GBSK,4,1,H,0,0,19524,https://ktff.org/maclar/19524
2023-11-12,2023-2024,1. Lig,Lapta Türk Birliği SK,Esentepe KSKK,0,3,A,0,0,19527,https://ktff.org/maclar/19527
2023-11-12,2023-2024,1. Lig,Değirmenlik SK,Çanakkale TSK,0,1,A,0,0,19529,https://ktff.org/maclar/19529
2023-11-12,2023-2024,1. Lig,Düzkaya KOSK,Binatlı YSK,3,0,H,0,0,19530,https://ktff.org/maclar/19530
2023-11-13,2023-2024,Süper Lig,Dumlupınar TSK,Mağusa Türk Gücü,1,3,A,0,0,19412,https://ktff.org/maclar/19412
2023-11-17,2023-2024,Süper Lig,Doğan Türk Birliği,Karşıyaka SK,1,1,D,0,0,19425,https://ktff.org/maclar/19425
2023-11-18,2023-2024,Süper Lig,Yenicami AK,Türk Ocağı Limasol SK,4,2,H,0,0,19421,https://ktff.org/maclar/19421
2023-11-18,2023-2024,Süper Lig,Yeniboğaziçi DSK,Gençlik Gücü TSK,2,6,A,0,0,19426,https://ktff.org/maclar/19426
2023-11-18,2023-2024,Süper Lig,Cihangir GSK,Çetinkaya TSK,2,1,H,0,0,19427,https://ktff.org/maclar/19427
2023-11-18,2023-2024,1. Lig,Esentepe KSKK,Gönyeli SK,1,0,H,0,0,19535,https://ktff.org/maclar/19535
2023-11-18,2023-2024,1. Lig,Çanakkale TSK,Geçitkale GSK,2,3,A,0,0,19536,https://ktff.org/maclar/19536
2023-11-18,2023-2024,1. Lig,Binatlı YSK,Değirmenlik SK,0,2,A,0,0,19537,https://ktff.org/maclar/19537
2023-11-18,2023-2024,1. Lig,M. Hacıali Yılmazköy SK,Düzkaya KOSK,3,3,D,0,0,19538,https://ktff.org/maclar/19538
2023-11-19,2023-2024,Süper Lig,Mağusa Türk Gücü,Lefke TSK,4,1,H,0,0,19420,https://ktff.org/maclar/19420
2023-11-19,2023-2024,Süper Lig,Alsancak Yeşilova SK,Küçük Kaymaklı TSK,2,0,H,0,0,19422,https://ktff.org/maclar/19422
2023-11-19,2023-2024,Süper Lig,Göçmenköy İYSK,Mesarya SK,3,1,H,0,0,19423,https://ktff.org/maclar/19423
2023-11-19,2023-2024,Süper Lig,L. Gençler Birliği SK,Dumlupınar TSK,0,3,A,0,0,19424,https://ktff.org/maclar/19424
2023-11-19,2023-2024,1. Lig,Mormenekşe GBSK,Maraş GSK,1,1,D,0,0,19532,https://ktff.org/maclar/19532
2023-11-19,2023-2024,1. Lig,Girne Halk Evi SK,Baf Ülkü Yurdu,1,1,D,0,0,19533,https://ktff.org/maclar/19533
2023-11-19,2023-2024,1. Lig,Yalova SK,Lapta Türk Birliği SK,0,1,A,0,0,19534,https://ktff.org/maclar/19534
2023-11-19,2023-2024,1. Lig,Hamitköy ŞHSK,Ozanköy SK,1,1,D,0,0,19539,https://ktff.org/maclar/19539
2023-11-24,2023-2024,Süper Lig,Çetinkaya TSK,Göçmenköy İYSK,1,1,D,0,0,19431,https://ktff.org/maclar/19431
2023-11-25,2023-2024,Süper Lig,Küçük Kaymaklı TSK,Yenicami AK,3,2,H,0,0,19429,https://ktff.org/maclar/19429
2023-11-25,2023-2024,Süper Lig,Mesarya SK,Alsancak Yeşilova SK,1,0,H,0,0,19430,https://ktff.org/maclar/19430
2023-11-25,2023-2024,Süper Lig,Lefke TSK,L. Gençler Birliği SK,3,1,H,0,0,19432,https://ktff.org/maclar/19432
2023-11-25,2023-2024,1. Lig,Lapta Türk Birliği SK,Girne Halk Evi SK,4,3,H,0,0,19541,https://ktff.org/maclar/19541
2023-11-25,2023-2024,1. Lig,Ozanköy SK,Esentepe KSKK,2,1,H,0,0,19543,https://ktff.org/maclar/19543
2023-11-25,2023-2024,1. Lig,Maraş GSK,Çanakkale TSK,3,0,H,0,0,19544,https://ktff.org/maclar/19544
2023-11-25,2023-2024,1. Lig,Geçitkale GSK,Binatlı YSK,1,1,D,0,0,19545,https://ktff.org/maclar/19545
2023-11-26,2023-2024,Süper Lig,Türk Ocağı Limasol SK,Mağusa Türk Gücü,1,8,A,0,0,19428,https://ktff.org/maclar/19428
2023-11-26,2023-2024,Süper Lig,Karşıyaka SK,Yeniboğaziçi DSK,3,2,H,0,0,19434,https://ktff.org/maclar/19434
2023-11-26,2023-2024,Süper Lig,Gençlik Gücü TSK,Cihangir GSK,2,4,A,0,0,19435,https://ktff.org/maclar/19435
2023-11-26,2023-2024,1. Lig,Baf Ülkü Yurdu,Mormenekşe GBSK,1,2,A,0,0,19540,https://ktff.org/maclar/19540
2023-11-26,2023-2024,1. Lig,Gönyeli SK,Yalova SK,1,2,A,0,0,19542,https://ktff.org/maclar/19542
2023-11-26,2023-2024,1. Lig,Değirmenlik SK,M. Hacıali Yılmazköy SK,2,0,H,0,0,19546,https://ktff.org/maclar/19546
2023-11-26,2023-2024,1. Lig,Düzkaya KOSK,Hamitköy ŞHSK,2,1,H,0,0,19547,https://ktff.org/maclar/19547
2023-11-27,2023-2024,Süper Lig,Dumlupınar TSK,Doğan Türk Birliği,3,2,H,0,0,19433,https://ktff.org/maclar/19433
2023-12-01,2023-2024,Süper Lig,Yenicami AK,Mesarya SK,2,1,H,0,0,19437,https://ktff.org/maclar/19437
2023-12-02,2023-2024,Süper Lig,Mağusa Türk Gücü,Küçük Kaymaklı TSK,4,0,H,0,0,19436,https://ktff.org/maclar/19436
2023-12-02,2023-2024,Süper Lig,L. Gençler Birliği SK,Türk Ocağı Limasol SK,1,2,A,0,0,19439,https://ktff.org/maclar/19439
2023-12-02,2023-2024,Süper Lig,Doğan Türk Birliği,Lefke TSK,3,0,H,0,0,19440,https://ktff.org/maclar/19440
2023-12-02,2023-2024,Süper Lig,Cihangir GSK,Karşıyaka SK,1,1,D,0,0,19442,https://ktff.org/maclar/19442
2023-12-02,2023-2024,1. Lig,Mormenekşe GBSK,Lapta Türk Birliği SK,0,1,A,0,0,19548,https://ktff.org/maclar/19548
2023-12-02,2023-2024,1. Lig,Yalova SK,Esentepe KSKK,1,3,A,0,0,19550,https://ktff.org/maclar/19550
2023-12-02,2023-2024,1. Lig,Düzkaya KOSK,Ozanköy SK,0,0,D,0,0,19555,https://ktff.org/maclar/19555
2023-12-03,2023-2024,Süper Lig,Alsancak Yeşilova SK,Göçmenköy İYSK,1,3,A,0,0,19438,https://ktff.org/maclar/19438
2023-12-03,2023-2024,Süper Lig,Yeniboğaziçi DSK,Dumlupınar TSK,1,8,A,0,0,19441,https://ktff.org/maclar/19441
2023-12-03,2023-2024,Süper Lig,Gençlik Gücü TSK,Çetinkaya TSK,2,1,H,0,0,19443,https://ktff.org/maclar/19443
2023-12-03,2023-2024,1. Lig,Girne Halk Evi SK,Gönyeli SK,1,5,A,0,0,19549,https://ktff.org/maclar/19549
2023-12-03,2023-2024,1. Lig,Çanakkale TSK,Baf Ülkü Yurdu,1,0,H,0,0,19551,https://ktff.org/maclar/19551
2023-12-03,2023-2024,1. Lig,Binatlı YSK,Maraş GSK,3,1,H,0,0,19552,https://ktff.org/maclar/19552
2023-12-03,2023-2024,1. Lig,M. Hacıali Yılmazköy SK,Geçitkale GSK,4,1,H,0,0,19553,https://ktff.org/maclar/19553
2023-12-03,2023-2024,1. Lig,Hamitköy ŞHSK,Değirmenlik SK,1,2,A,0,0,19554,https://ktff.org/maclar/19554
2023-12-08,2023-2024,Süper Lig,Türk Ocağı Limasol SK,Doğan Türk Birliği,0,3,A,0,0,19448,https://ktff.org/maclar/19448
2023-12-09,2023-2024,Süper Lig,Mesarya SK,Mağusa Türk Gücü,0,9,A,0,0,19444,https://ktff.org/maclar/19444
2023-12-09,2023-2024,Süper Lig,Çetinkaya TSK,Alsancak Yeşilova SK,2,3,A,0,0,19446,https://ktff.org/maclar/19446
2023-12-09,2023-2024,Süper Lig,Karşıyaka SK,Gençlik Gücü TSK,4,3,H,0,0,19451,https://ktff.org/maclar/19451
2023-12-09,2023-2024,1. Lig,Gönyeli SK,Mormenekşe GBSK,1,1,D,0,0,19556,https://ktff.org/maclar/19556
2023-12-09,2023-2024,1. Lig,Baf Ülkü Yurdu,Binatlı YSK,1,3,A,0,0,19560,https://ktff.org/maclar/19560
2023-12-09,2023-2024,1. Lig,Geçitkale GSK,Hamitköy ŞHSK,2,3,A,0,0,19562,https://ktff.org/maclar/19562
2023-12-10,2023-2024,Süper Lig,Göçmenköy İYSK,Yenicami AK,3,1,H,0,0,19445,https://ktff.org/maclar/19445
2023-12-10,2023-2024,Süper Lig,Küçük Kaymaklı TSK,L. Gençler Birliği SK,2,4,A,0,0,19447,https://ktff.org/maclar/19447
2023-12-10,2023-2024,Süper Lig,Lefke TSK,Yeniboğaziçi DSK,3,1,H,0,0,19449,https://ktff.org/maclar/19449
2023-12-10,2023-2024,1. Lig,Esentepe KSKK,Girne Halk Evi SK,2,1,H,0,0,19557,https://ktff.org/maclar/19557
2023-12-10,2023-2024,1. Lig,Ozanköy SK,Yalova SK,2,3,A,0,0,19558,https://ktff.org/maclar/19558
2023-12-10,2023-2024,1. Lig,Lapta Türk Birliği SK,Çanakkale TSK,1,1,D,0,0,19559,https://ktff.org/maclar/19559
2023-12-10,2023-2024,1. Lig,Maraş GSK,M. Hacıali Yılmazköy SK,1,1,D,0,0,19561,https://ktff.org/maclar/19561
2023-12-10,2023-2024,1. Lig,Değirmenlik SK,Düzkaya KOSK,3,0,H,0,0,19563,https://ktff.org/maclar/19563
2023-12-11,2023-2024,Süper Lig,Dumlupınar TSK,Cihangir GSK,0,3,A,0,0,19450,https://ktff.org/maclar/19450
2023-12-16,2023-2024,Süper Lig,Yenicami AK,Alsancak Yeşilova SK,0,2,A,0,0,19453,https://ktff.org/maclar/19453
2023-12-16,2023-2024,Süper Lig,L. Gençler Birliği SK,Mesarya SK,3,2,H,0,0,19454,https://ktff.org/maclar/19454
2023-12-16,2023-2024,Süper Lig,Yeniboğaziçi DSK,Türk Ocağı Limasol SK,4,3,H,0,0,19456,https://ktff.org/maclar/19456
2023-12-16,2023-2024,Süper Lig,Karşıyaka SK,Çetinkaya TSK,2,3,A,0,0,19459,https://ktff.org/maclar/19459
2023-12-16,2023-2024,1. Lig,Girne Halk Evi SK,Yalova SK,0,4,A,0,0,19565,https://ktff.org/maclar/19565
2023-12-16,2023-2024,1. Lig,Çanakkale TSK,Gönyeli SK,2,0,H,0,0,19566,https://ktff.org/maclar/19566
2023-12-16,2023-2024,1. Lig,M. Hacıali Yılmazköy SK,Baf Ülkü Yurdu,1,0,H,0,0,19568,https://ktff.org/maclar/19568
2023-12-16,2023-2024,1. Lig,Değirmenlik SK,Ozanköy SK,4,1,H,0,0,19571,https://ktff.org/maclar/19571
2023-12-17,2023-2024,Süper Lig,Mağusa Türk Gücü,Göçmenköy İYSK,2,0,H,0,0,19452,https://ktff.org/maclar/19452
2023-12-17,2023-2024,Süper Lig,Doğan Türk Birliği,Küçük Kaymaklı TSK,2,1,H,0,0,19455,https://ktff.org/maclar/19455
2023-12-17,2023-2024,Süper Lig,Cihangir GSK,Lefke TSK,3,1,H,0,0,19457,https://ktff.org/maclar/19457
2023-12-17,2023-2024,Süper Lig,Gençlik Gücü TSK,Dumlupınar TSK,2,3,A,0,0,19458,https://ktff.org/maclar/19458
2023-12-17,2023-2024,1. Lig,Mormenekşe GBSK,Esentepe KSKK,1,1,D,0,0,19564,https://ktff.org/maclar/19564
2023-12-17,2023-2024,1. Lig,Binatlı YSK,Lapta Türk Birliği SK,1,1,D,0,0,19567,https://ktff.org/maclar/19567
2023-12-17,2023-2024,1. Lig,Hamitköy ŞHSK,Maraş GSK,0,0,D,0,0,19569,https://ktff.org/maclar/19569
2023-12-17,2023-2024,1. Lig,Düzkaya KOSK,Geçitkale GSK,5,2,H,0,0,19570,https://ktff.org/maclar/19570
2023-12-22,2023-2024,Süper Lig,Çetinkaya TSK,Yenicami AK,2,2,D,0,0,19461,https://ktff.org/maclar/19461
2023-12-22,2023-2024,Süper Lig,Türk Ocağı Limasol SK,Cihangir GSK,1,4,A,0,0,19465,https://ktff.org/maclar/19465
2023-12-22,2023-2024,Süper Lig,Lefke TSK,Gençlik Gücü TSK,0,3,A,0,0,19466,https://ktff.org/maclar/19466
2023-12-22,2023-2024,Süper Lig,Dumlupınar TSK,Karşıyaka SK,2,2,D,0,0,19467,https://ktff.org/maclar/19467
2023-12-23,2023-2024,Süper Lig,Alsancak Yeşilova SK,Mağusa Türk Gücü,0,2,A,0,0,19460,https://ktff.org/maclar/19460
2023-12-23,2023-2024,Süper Lig,Göçmenköy İYSK,L. Gençler Birliği SK,3,1,H,0,0,19462,https://ktff.org/maclar/19462
2023-12-23,2023-2024,Süper Lig,Mesarya SK,Doğan Türk Birliği,3,0,H,1,0,19463,https://ktff.org/maclar/19463
2023-12-23,2023-2024,Süper Lig,Küçük Kaymaklı TSK,Yeniboğaziçi DSK,3,4,A,0,0,19464,https://ktff.org/maclar/19464
2023-12-23,2023-2024,1. Lig,Yalova SK,Mormenekşe GBSK,0,0,D,0,0,19572,https://ktff.org/maclar/19572
2023-12-23,2023-2024,1. Lig,Ozanköy SK,Girne Halk Evi SK,0,0,D,0,0,19573,https://ktff.org/maclar/19573
2023-12-23,2023-2024,1. Lig,Esentepe KSKK,Çanakkale TSK,3,0,H,0,0,19574,https://ktff.org/maclar/19574
2023-12-23,2023-2024,1. Lig,Lapta Türk Birliği SK,M. Hacıali Yılmazköy SK,0,0,D,0,0,19576,https://ktff.org/maclar/19576
2023-12-23,2023-2024,1. Lig,Geçitkale GSK,Değirmenlik SK,1,3,A,0,0,19579,https://ktff.org/maclar/19579
2023-12-24,2023-2024,1. Lig,Gönyeli SK,Binatlı YSK,2,0,H,0,0,19575,https://ktff.org/maclar/19575
2023-12-24,2023-2024,1. Lig,Baf Ülkü Yurdu,Hamitköy ŞHSK,0,2,A,0,0,19577,https://ktff.org/maclar/19577
2023-12-24,2023-2024,1. Lig,Maraş GSK,Düzkaya KOSK,2,2,D,0,0,19578,https://ktff.org/maclar/19578
2023-12-27,2023-2024,1. Lig,Çanakkale TSK,Yalova SK,7,1,H,0,0,19581,https://ktff.org/maclar/19581
2023-12-28,2023-2024,Süper Lig,Doğan Türk Birliği,Göçmenköy İYSK,1,0,H,0,0,19470,https://ktff.org/maclar/19470
2023-12-28,2023-2024,Süper Lig,Gençlik Gücü TSK,Türk Ocağı Limasol SK,4,2,H,0,0,19473,https://ktff.org/maclar/19473
2023-12-28,2023-2024,Süper Lig,Dumlupınar TSK,Çetinkaya TSK,3,1,H,0,0,19475,https://ktff.org/maclar/19475
2023-12-28,2023-2024,1. Lig,Mormenekşe GBSK,Girne Halk Evi SK,1,1,D,0,0,19580,https://ktff.org/maclar/19580
2023-12-28,2023-2024,1. Lig,Binatlı YSK,Esentepe KSKK,2,1,H,0,0,19582,https://ktff.org/maclar/19582
2023-12-28,2023-2024,1. Lig,Hamitköy ŞHSK,Lapta Türk Birliği SK,2,1,H,0,0,19584,https://ktff.org/maclar/19584
2023-12-29,2023-2024,Süper Lig,Mağusa Türk Gücü,Yenicami AK,1,3,A,0,0,19468,https://ktff.org/maclar/19468
2023-12-29,2023-2024,Süper Lig,L. Gençler Birliği SK,Alsancak Yeşilova SK,1,1,D,0,0,19469,https://ktff.org/maclar/19469
2023-12-29,2023-2024,Süper Lig,Yeniboğaziçi DSK,Mesarya SK,0,2,A,0,0,19471,https://ktff.org/maclar/19471
2023-12-29,2023-2024,Süper Lig,Cihangir GSK,Küçük Kaymaklı TSK,1,0,H,0,0,19472,https://ktff.org/maclar/19472
2023-12-29,2023-2024,Süper Lig,Karşıyaka SK,Lefke TSK,2,0,H,0,0,19474,https://ktff.org/maclar/19474
2023-12-29,2023-2024,1. Lig,M. Hacıali Yılmazköy SK,Gönyeli SK,3,2,H,0,0,19583,https://ktff.org/maclar/19583
2023-12-29,2023-2024,1. Lig,Düzkaya KOSK,Baf Ülkü Yurdu,0,0,D,0,0,19585,https://ktff.org/maclar/19585
2023-12-29,2023-2024,1. Lig,Değirmenlik SK,Maraş GSK,3,0,H,0,0,19586,https://ktff.org/maclar/19586
2023-12-29,2023-2024,1. Lig,Geçitkale GSK,Ozanköy SK,3,4,A,0,0,19587,https://ktff.org/maclar/19587
2024-01-26,2023-2024,Süper Lig,Gençlik Gücü TSK,Küçük Kaymaklı TSK,1,3,A,0,0,20182,https://ktff.org/maclar/20182
2024-01-27,2023-2024,Süper Lig,Cihangir GSK,Mesarya SK,3,0,H,0,0,20183,https://ktff.org/maclar/20183
2024-01-27,2023-2024,Süper Lig,Yeniboğaziçi DSK,Göçmenköy İYSK,0,3,A,0,0,20184,https://ktff.org/maclar/20184
2024-01-27,2023-2024,Süper Lig,Karşıyaka SK,Türk Ocağı Limasol SK,2,1,H,0,0,20185,https://ktff.org/maclar/20185
2024-01-27,2023-2024,1. Lig,Çanakkale TSK,Girne Halk Evi SK,4,1,H,0,0,20198,https://ktff.org/maclar/20198
2024-01-27,2023-2024,1. Lig,Düzkaya KOSK,Lapta Türk Birliği SK,2,1,H,0,0,20199,https://ktff.org/maclar/20199
2024-01-27,2023-2024,1. Lig,Geçitkale GSK,Maraş GSK,2,0,H,0,0,20200,https://ktff.org/maclar/20200
2024-01-27,2023-2024,1. Lig,M. Hacıali Yılmazköy SK,Esentepe KSKK,1,1,D,0,0,20201,https://ktff.org/maclar/20201
2024-01-27,2023-2024,1. Lig,Değirmenlik SK,Baf Ülkü Yurdu,2,0,H,0,0,20202,https://ktff.org/maclar/20202
2024-01-28,2023-2024,Süper Lig,Doğan Türk Birliği,Alsancak Yeşilova SK,4,2,H,0,0,20186,https://ktff.org/maclar/20186
2024-01-28,2023-2024,Süper Lig,Dumlupınar TSK,Lefke TSK,1,0,H,0,0,20187,https://ktff.org/maclar/20187
2024-01-28,2023-2024,Süper Lig,L. Gençler Birliği SK,Yenicami AK,4,2,H,0,0,20188,https://ktff.org/maclar/20188
2024-01-28,2023-2024,1. Lig,Binatlı YSK,Yalova SK,0,1,A,0,0,20203,https://ktff.org/maclar/20203
2024-01-28,2023-2024,1. Lig,Hamitköy ŞHSK,Gönyeli SK,2,0,H,0,0,20204,https://ktff.org/maclar/20204
2024-01-28,2023-2024,1. Lig,Ozanköy SK,Mormenekşe GBSK,1,1,D,0,0,20205,https://ktff.org/maclar/20205
2024-01-29,2023-2024,Süper Lig,Çetinkaya TSK,Mağusa Türk Gücü,1,2,A,0,0,20189,https://ktff.org/maclar/20189
2024-02-02,2023-2024,Süper Lig,Göçmenköy İYSK,Cihangir GSK,0,1,A,0,0,20190,https://ktff.org/maclar/20190
2024-02-03,2023-2024,Süper Lig,Alsancak Yeşilova SK,Yeniboğaziçi DSK,5,0,H,0,0,20191,https://ktff.org/maclar/20191
2024-02-03,2023-2024,Süper Lig,Mesarya SK,Gençlik Gücü TSK,0,1,A,0,0,20192,https://ktff.org/maclar/20192
2024-02-03,2023-2024,Süper Lig,Küçük Kaymaklı TSK,Karşıyaka SK,0,3,A,0,0,20193,https://ktff.org/maclar/20193
2024-02-03,2023-2024,1. Lig,Girne Halk Evi SK,Binatlı YSK,1,2,A,0,0,20206,https://ktff.org/maclar/20206
2024-02-03,2023-2024,1. Lig,Maraş GSK,Ozanköy SK,2,3,A,0,0,20207,https://ktff.org/maclar/20207
2024-02-03,2023-2024,1. Lig,Baf Ülkü Yurdu,Geçitkale GSK,2,2,D,0,0,20208,https://ktff.org/maclar/20208
2024-02-03,2023-2024,1. Lig,Esentepe KSKK,Hamitköy ŞHSK,0,1,A,0,0,20209,https://ktff.org/maclar/20209
2024-02-04,2023-2024,Süper Lig,Lefke TSK,Çetinkaya TSK,0,5,A,0,0,20194,https://ktff.org/maclar/20194
2024-02-04,2023-2024,Süper Lig,Mağusa Türk Gücü,L. Gençler Birliği SK,5,0,H,0,0,20195,https://ktff.org/maclar/20195
2024-02-04,2023-2024,Süper Lig,Türk Ocağı Limasol SK,Dumlupınar TSK,2,11,A,0,0,20196,https://ktff.org/maclar/20196
2024-02-04,2023-2024,1. Lig,Yalova SK,M. Hacıali Yılmazköy SK,1,1,D,0,0,20210,https://ktff.org/maclar/20210
2024-02-04,2023-2024,1. Lig,Gönyeli SK,Düzkaya KOSK,2,1,H,0,0,20211,https://ktff.org/maclar/20211
2024-02-04,2023-2024,1. Lig,Mormenekşe GBSK,Çanakkale TSK,0,1,A,0,0,20212,https://ktff.org/maclar/20212
2024-02-04,2023-2024,1. Lig,Lapta Türk Birliği SK,Değirmenlik SK,0,6,A,0,0,20213,https://ktff.org/maclar/20213
2024-02-05,2023-2024,Süper Lig,Yenicami AK,Doğan Türk Birliği,1,1,D,0,0,20197,https://ktff.org/maclar/20197
2024-02-09,2023-2024,Süper Lig,Çetinkaya TSK,L. Gençler Birliği SK,1,1,D,0,0,20286,https://ktff.org/maclar/20286
2024-02-10,2023-2024,Süper Lig,Dumlupınar TSK,Küçük Kaymaklı TSK,3,0,H,0,0,20287,https://ktff.org/maclar/20287
2024-02-10,2023-2024,Süper Lig,Gençlik Gücü TSK,Göçmenköy İYSK,1,1,D,0,0,20288,https://ktff.org/maclar/20288
2024-02-10,2023-2024,Süper Lig,Yeniboğaziçi DSK,Yenicami AK,0,2,A,0,0,20289,https://ktff.org/maclar/20289
2024-02-10,2023-2024,Süper Lig,Doğan Türk Birliği,Mağusa Türk Gücü,1,2,A,0,0,20290,https://ktff.org/maclar/20290
2024-02-10,2023-2024,Süper Lig,Lefke TSK,Türk Ocağı Limasol SK,3,0,H,0,0,20291,https://ktff.org/maclar/20291
2024-02-10,2023-2024,Süper Lig,Cihangir GSK,Alsancak Yeşilova SK,3,1,H,0,0,20292,https://ktff.org/maclar/20292
2024-02-10,2023-2024,Süper Lig,Karşıyaka SK,Mesarya SK,4,0,H,0,0,20293,https://ktff.org/maclar/20293
2024-02-10,2023-2024,1. Lig,Değirmenlik SK,Gönyeli SK,2,0,H,0,0,20302,https://ktff.org/maclar/20302
2024-02-10,2023-2024,1. Lig,Hamitköy ŞHSK,Yalova SK,2,2,D,0,0,20303,https://ktff.org/maclar/20303
2024-02-11,2023-2024,1. Lig,Düzkaya KOSK,Esentepe KSKK,3,1,H,0,0,20304,https://ktff.org/maclar/20304
2024-02-11,2023-2024,1. Lig,M. Hacıali Yılmazköy SK,Girne Halk Evi SK,3,1,H,0,0,20305,https://ktff.org/maclar/20305
2024-02-11,2023-2024,1. Lig,Geçitkale GSK,Lapta Türk Birliği SK,4,1,H,0,0,20306,https://ktff.org/maclar/20306
2024-02-11,2023-2024,1. Lig,Binatlı YSK,Mormenekşe GBSK,3,0,H,0,0,20307,https://ktff.org/maclar/20307
2024-02-11,2023-2024,1. Lig,Maraş GSK,Baf Ülkü Yurdu,1,0,H,0,0,20308,https://ktff.org/maclar/20308
2024-02-11,2023-2024,1. Lig,Ozanköy SK,Çanakkale TSK,0,2,A,0,0,20309,https://ktff.org/maclar/20309
2024-02-17,2023-2024,Süper Lig,Türk Ocağı Limasol SK,Çetinkaya TSK,0,5,A,0,0,20294,https://ktff.org/maclar/20294
2024-02-17,2023-2024,1. Lig,Çanakkale TSK,Binatlı YSK,1,2,A,0,0,20310,https://ktff.org/maclar/20310
2024-02-17,2023-2024,1. Lig,Baf Ülkü Yurdu,Ozanköy SK,3,1,H,0,0,20311,https://ktff.org/maclar/20311
2024-02-17,2023-2024,1. Lig,Lapta Türk Birliği SK,Maraş GSK,3,2,H,0,0,20312,https://ktff.org/maclar/20312
2024-02-17,2023-2024,1. Lig,Gönyeli SK,Geçitkale GSK,3,0,H,0,0,20313,https://ktff.org/maclar/20313
2024-02-17,2023-2024,1. Lig,Mormenekşe GBSK,M. Hacıali Yılmazköy SK,1,1,D,0,0,20314,https://ktff.org/maclar/20314
2024-02-18,2023-2024,Süper Lig,L. Gençler Birliği SK,Doğan Türk Birliği,1,1,D,0,0,20295,https://ktff.org/maclar/20295
2024-02-18,2023-2024,Süper Lig,Küçük Kaymaklı TSK,Lefke TSK,2,1,H,0,0,20296,https://ktff.org/maclar/20296
2024-02-18,2023-2024,Süper Lig,Mesarya SK,Dumlupınar TSK,1,1,D,0,0,20297,https://ktff.org/maclar/20297
2024-02-18,2023-2024,Süper Lig,Alsancak Yeşilova SK,Gençlik Gücü TSK,1,0,H,0,0,20298,https://ktff.org/maclar/20298
2024-02-18,2023-2024,Süper Lig,Mağusa Türk Gücü,Yeniboğaziçi DSK,7,1,H,0,0,20299,https://ktff.org/maclar/20299
2024-02-18,2023-2024,Süper Lig,Yenicami AK,Cihangir GSK,0,3,A,0,0,20300,https://ktff.org/maclar/20300
2024-02-18,2023-2024,1. Lig,Girne Halk Evi SK,Hamitköy ŞHSK,1,0,H,0,0,20315,https://ktff.org/maclar/20315
2024-02-18,2023-2024,1. Lig,Yalova SK,Düzkaya KOSK,1,0,H,0,0,20316,https://ktff.org/maclar/20316
2024-02-18,2023-2024,1. Lig,Esentepe KSKK,Değirmenlik SK,0,4,A,0,0,20317,https://ktff.org/maclar/20317
2024-02-19,2023-2024,Süper Lig,Göçmenköy İYSK,Karşıyaka SK,2,1,H,0,0,20301,https://ktff.org/maclar/20301
2024-02-23,2023-2024,Süper Lig,Lefke TSK,Mesarya SK,1,1,D,0,0,20424,https://ktff.org/maclar/20424
2024-02-24,2023-2024,Süper Lig,Gençlik Gücü TSK,Yenicami AK,0,0,D,0,0,20425,https://ktff.org/maclar/20425
2024-02-24,2023-2024,Süper Lig,Cihangir GSK,Mağusa Türk Gücü,0,1,A,0,0,20426,https://ktff.org/maclar/20426
2024-02-24,2023-2024,Süper Lig,Yeniboğaziçi DSK,L. Gençler Birliği SK,1,4,A,0,0,20427,https://ktff.org/maclar/20427
2024-02-24,2023-2024,1. Lig,Maraş GSK,Gönyeli SK,0,3,A,0,0,20432,https://ktff.org/maclar/20432
2024-02-24,2023-2024,1. Lig,Baf Ülkü Yurdu,Lapta Türk Birliği SK,0,2,A,0,0,20433,https://ktff.org/maclar/20433
2024-02-24,2023-2024,1. Lig,Ozanköy SK,Binatlı YSK,1,4,A,0,0,20434,https://ktff.org/maclar/20434
2024-02-24,2023-2024,1. Lig,Hamitköy ŞHSK,Mormenekşe GBSK,1,0,H,0,0,20435,https://ktff.org/maclar/20435
2024-02-24,2023-2024,1. Lig,Geçitkale GSK,Esentepe KSKK,3,4,A,0,0,20436,https://ktff.org/maclar/20436
2024-02-25,2023-2024,Süper Lig,Türk Ocağı Limasol SK,Küçük Kaymaklı TSK,0,1,A,0,0,20428,https://ktff.org/maclar/20428
2024-02-25,2023-2024,Süper Lig,Karşıyaka SK,Alsancak Yeşilova SK,2,3,A,0,0,20429,https://ktff.org/maclar/20429
2024-02-25,2023-2024,Süper Lig,Dumlupınar TSK,Göçmenköy İYSK,4,3,H,0,0,20430,https://ktff.org/maclar/20430
2024-02-25,2023-2024,Süper Lig,Çetinkaya TSK,Doğan Türk Birliği,3,0,H,0,0,20431,https://ktff.org/maclar/20431
2024-02-25,2023-2024,1. Lig,Düzkaya KOSK,Girne Halk Evi SK,0,0,D,0,0,20437,https://ktff.org/maclar/20437
2024-02-25,2023-2024,1. Lig,Değirmenlik SK,Yalova SK,2,0,H,0,0,20438,https://ktff.org/maclar/20438
2024-02-25,2023-2024,1. Lig,M. Hacıali Yılmazköy SK,Çanakkale TSK,2,1,H,0,0,20439,https://ktff.org/maclar/20439
2024-03-01,2023-2024,Süper Lig,Yenicami AK,Karşıyaka SK,0,3,A,0,0,20456,https://ktff.org/maclar/20456
2024-03-01,2023-2024,1. Lig,Girne Halk Evi SK,Değirmenlik SK,0,1,A,0,0,20520,https://ktff.org/maclar/20520
2024-03-02,2023-2024,Süper Lig,Doğan Türk Birliği,Yeniboğaziçi DSK,2,4,A,0,0,20457,https://ktff.org/maclar/20457
2024-03-02,2023-2024,Süper Lig,L. Gençler Birliği SK,Cihangir GSK,1,2,A,0,0,20458,https://ktff.org/maclar/20458
2024-03-02,2023-2024,Süper Lig,Göçmenköy İYSK,Lefke TSK,1,1,D,0,0,20459,https://ktff.org/maclar/20459
2024-03-02,2023-2024,Süper Lig,Alsancak Yeşilova SK,Dumlupınar TSK,3,1,H,0,0,20460,https://ktff.org/maclar/20460
2024-03-02,2023-2024,Süper Lig,Mağusa Türk Gücü,Gençlik Gücü TSK,5,2,H,0,0,20461,https://ktff.org/maclar/20461
2024-03-02,2023-2024,1. Lig,Binatlı YSK,M. Hacıali Yılmazköy SK,1,0,H,0,0,20521,https://ktff.org/maclar/20521
2024-03-02,2023-2024,1. Lig,Mormenekşe GBSK,Düzkaya KOSK,0,0,D,0,0,20522,https://ktff.org/maclar/20522
2024-03-03,2023-2024,Süper Lig,Mesarya SK,Türk Ocağı Limasol SK,3,1,H,0,0,20462,https://ktff.org/maclar/20462
2024-03-03,2023-2024,Süper Lig,Küçük Kaymaklı TSK,Çetinkaya TSK,2,0,H,0,0,20463,https://ktff.org/maclar/20463
2024-03-03,2023-2024,1. Lig,Gönyeli SK,Baf Ülkü Yurdu,7,1,H,0,0,20523,https://ktff.org/maclar/20523
2024-03-03,2023-2024,1. Lig,Lapta Türk Birliği SK,Ozanköy SK,2,2,D,0,0,20525,https://ktff.org/maclar/20525
2024-03-03,2023-2024,1. Lig,Esentepe KSKK,Maraş GSK,0,1,A,0,0,20526,https://ktff.org/maclar/20526
2024-03-03,2023-2024,1. Lig,Yalova SK,Geçitkale GSK,4,2,H,0,0,20527,https://ktff.org/maclar/20527
2024-03-04,2023-2024,1. Lig,Çanakkale TSK,Hamitköy ŞHSK,2,2,D,0,0,20524,https://ktff.org/maclar/20524
2024-03-08,2023-2024,Süper Lig,Gençlik Gücü TSK,L. Gençler Birliği SK,1,5,A,0,0,20467,https://ktff.org/maclar/20467
2024-03-09,2023-2024,Süper Lig,Çetinkaya TSK,Yeniboğaziçi DSK,4,1,H,0,0,20464,https://ktff.org/maclar/20464
2024-03-09,2023-2024,Süper Lig,Lefke TSK,Alsancak Yeşilova SK,1,1,D,0,0,20465,https://ktff.org/maclar/20465
2024-03-09,2023-2024,Süper Lig,Küçük Kaymaklı TSK,Mesarya SK,0,2,A,0,0,20466,https://ktff.org/maclar/20466
2024-03-09,2023-2024,1. Lig,Baf Ülkü Yurdu,Esentepe KSKK,0,1,A,0,0,20528,https://ktff.org/maclar/20528
2024-03-09,2023-2024,1. Lig,Maraş GSK,Yalova SK,1,1,D,0,0,20529,https://ktff.org/maclar/20529
2024-03-09,2023-2024,1. Lig,Lapta Türk Birliği SK,Gönyeli SK,0,1,A,0,0,20530,https://ktff.org/maclar/20530
2024-03-09,2023-2024,1. Lig,Düzkaya KOSK,Çanakkale TSK,2,1,H,0,0,20531,https://ktff.org/maclar/20531
2024-03-09,2023-2024,1. Lig,Geçitkale GSK,Girne Halk Evi SK,5,1,H,0,0,20535,https://ktff.org/maclar/20535
2024-03-10,2023-2024,Süper Lig,Karşıyaka SK,Mağusa Türk Gücü,1,3,A,0,0,20468,https://ktff.org/maclar/20468
2024-03-10,2023-2024,Süper Lig,Cihangir GSK,Doğan Türk Birliği,4,2,H,0,0,20469,https://ktff.org/maclar/20469
2024-03-10,2023-2024,Süper Lig,Türk Ocağı Limasol SK,Göçmenköy İYSK,1,4,A,0,0,20470,https://ktff.org/maclar/20470
2024-03-10,2023-2024,Süper Lig,Dumlupınar TSK,Yenicami AK,2,1,H,0,0,20471,https://ktff.org/maclar/20471
2024-03-10,2023-2024,1. Lig,Ozanköy SK,M. Hacıali Yılmazköy SK,0,2,A,0,0,20532,https://ktff.org/maclar/20532
2024-03-10,2023-2024,1. Lig,Hamitköy ŞHSK,Binatlı YSK,0,1,A,0,0,20533,https://ktff.org/maclar/20533
2024-03-10,2023-2024,1. Lig,Değirmenlik SK,Mormenekşe GBSK,0,0,D,0,0,20534,https://ktff.org/maclar/20534
2024-03-15,2023-2024,Süper Lig,Göçmenköy İYSK,Küçük Kaymaklı TSK,4,2,H,0,0,20472,https://ktff.org/maclar/20472
2024-03-15,2023-2024,Süper Lig,Mağusa Türk Gücü,Dumlupınar TSK,2,1,H,0,0,20473,https://ktff.org/maclar/20473
2024-03-16,2023-2024,Süper Lig,Yeniboğaziçi DSK,Cihangir GSK,0,1,A,0,0,20474,https://ktff.org/maclar/20474
2024-03-16,2023-2024,Süper Lig,Yenicami AK,Lefke TSK,1,3,A,0,0,20475,https://ktff.org/maclar/20475
2024-03-16,2023-2024,Süper Lig,Doğan Türk Birliği,Gençlik Gücü TSK,2,1,H,0,0,20476,https://ktff.org/maclar/20476
2024-03-16,2023-2024,Süper Lig,L. Gençler Birliği SK,Karşıyaka SK,2,3,A,0,0,20477,https://ktff.org/maclar/20477
2024-03-16,2023-2024,1. Lig,M. Hacıali Yılmazköy SK,Hamitköy ŞHSK,1,0,H,0,0,20536,https://ktff.org/maclar/20536
2024-03-16,2023-2024,1. Lig,Yalova SK,Baf Ülkü Yurdu,2,0,H,0,0,20537,https://ktff.org/maclar/20537
2024-03-16,2023-2024,1. Lig,Çanakkale TSK,Değirmenlik SK,2,4,A,0,0,20538,https://ktff.org/maclar/20538
2024-03-16,2023-2024,1. Lig,Esentepe KSKK,Lapta Türk Birliği SK,1,0,H,0,0,20540,https://ktff.org/maclar/20540
2024-03-16,2023-2024,1. Lig,Gönyeli SK,Ozanköy SK,5,5,D,0,0,20541,https://ktff.org/maclar/20541
2024-03-17,2023-2024,Süper Lig,Alsancak Yeşilova SK,Türk Ocağı Limasol SK,6,1,H,0,0,20478,https://ktff.org/maclar/20478
2024-03-17,2023-2024,Süper Lig,Mesarya SK,Çetinkaya TSK,2,3,A,0,0,20479,https://ktff.org/maclar/20479
2024-03-17,2023-2024,1. Lig,Binatlı YSK,Düzkaya KOSK,2,1,H,0,0,20539,https://ktff.org/maclar/20539
2024-03-17,2023-2024,1. Lig,Girne Halk Evi SK,Maraş GSK,3,2,H,0,0,20542,https://ktff.org/maclar/20542
2024-03-17,2023-2024,1. Lig,Mormenekşe GBSK,Geçitkale GSK,3,3,D,0,0,20543,https://ktff.org/maclar/20543
2024-03-23,2023-2024,Süper Lig,Gençlik Gücü TSK,Yeniboğaziçi DSK,1,1,D,0,0,20480,https://ktff.org/maclar/20480
2024-03-23,2023-2024,Süper Lig,Küçük Kaymaklı TSK,Alsancak Yeşilova SK,1,0,H,0,0,20481,https://ktff.org/maclar/20481
2024-03-23,2023-2024,1. Lig,Baf Ülkü Yurdu,Girne Halk Evi SK,1,2,A,0,0,20544,https://ktff.org/maclar/20544
2024-03-23,2023-2024,1. Lig,Lapta Türk Birliği SK,Yalova SK,2,3,A,0,0,20545,https://ktff.org/maclar/20545
2024-03-23,2023-2024,1. Lig,Maraş GSK,Mormenekşe GBSK,0,0,D,0,0,20546,https://ktff.org/maclar/20546
2024-03-23,2023-2024,1. Lig,Geçitkale GSK,Çanakkale TSK,0,3,A,0,0,20547,https://ktff.org/maclar/20547
2024-03-23,2023-2024,1. Lig,Ozanköy SK,Hamitköy ŞHSK,1,2,A,0,0,20548,https://ktff.org/maclar/20548
2024-03-23,2023-2024,1. Lig,Düzkaya KOSK,M. Hacıali Yılmazköy SK,1,0,H,0,0,20549,https://ktff.org/maclar/20549
2024-03-24,2023-2024,Süper Lig,Mesarya SK,Göçmenköy İYSK,1,2,A,0,0,20482,https://ktff.org/maclar/20482
2024-03-24,2023-2024,Süper Lig,Türk Ocağı Limasol SK,Yenicami AK,0,3,A,0,0,20483,https://ktff.org/maclar/20483
2024-03-24,2023-2024,Süper Lig,Lefke TSK,Mağusa Türk Gücü,0,2,A,0,0,20484,https://ktff.org/maclar/20484
2024-03-24,2023-2024,Süper Lig,Karşıyaka SK,Doğan Türk Birliği,0,3,A,0,0,20485,https://ktff.org/maclar/20485
2024-03-24,2023-2024,Süper Lig,Dumlupınar TSK,L. Gençler Birliği SK,2,4,A,0,0,20486,https://ktff.org/maclar/20486
2024-03-24,2023-2024,1. Lig,Gönyeli SK,Esentepe KSKK,1,2,A,0,0,20550,https://ktff.org/maclar/20550
2024-03-24,2023-2024,1. Lig,Değirmenlik SK,Binatlı YSK,2,0,H,0,0,20551,https://ktff.org/maclar/20551
2024-03-25,2023-2024,Süper Lig,Çetinkaya TSK,Cihangir GSK,1,4,A,0,0,20487,https://ktff.org/maclar/20487
2024-03-30,2023-2024,Süper Lig,Mağusa Türk Gücü,Türk Ocağı Limasol SK,5,0,H,0,0,20777,https://ktff.org/maclar/20777
2024-03-30,2023-2024,Süper Lig,Göçmenköy İYSK,Çetinkaya TSK,2,5,A,0,0,20778,https://ktff.org/maclar/20778
2024-03-30,2023-2024,Süper Lig,Doğan Türk Birliği,Dumlupınar TSK,5,1,H,0,0,20779,https://ktff.org/maclar/20779
2024-03-30,2023-2024,Süper Lig,Yeniboğaziçi DSK,Karşıyaka SK,2,2,D,0,0,20780,https://ktff.org/maclar/20780
2024-03-30,2023-2024,Süper Lig,Cihangir GSK,Gençlik Gücü TSK,2,1,H,0,0,20781,https://ktff.org/maclar/20781
2024-03-30,2023-2024,1. Lig,Binatlı YSK,Geçitkale GSK,5,3,H,0,0,20809,https://ktff.org/maclar/20809
2024-03-30,2023-2024,1. Lig,M. Hacıali Yılmazköy SK,Değirmenlik SK,0,0,D,0,0,20810,https://ktff.org/maclar/20810
2024-03-30,2023-2024,1. Lig,Hamitköy ŞHSK,Düzkaya KOSK,3,2,H,0,0,20811,https://ktff.org/maclar/20811
2024-03-31,2023-2024,Süper Lig,Yenicami AK,Küçük Kaymaklı TSK,1,0,H,0,0,20782,https://ktff.org/maclar/20782
2024-03-31,2023-2024,Süper Lig,Alsancak Yeşilova SK,Mesarya SK,3,1,H,0,0,20783,https://ktff.org/maclar/20783
2024-03-31,2023-2024,Süper Lig,L. Gençler Birliği SK,Lefke TSK,2,1,H,0,0,20784,https://ktff.org/maclar/20784
2024-03-31,2023-2024,1. Lig,Mormenekşe GBSK,Baf Ülkü Yurdu,5,1,H,0,0,20812,https://ktff.org/maclar/20812
2024-03-31,2023-2024,1. Lig,Girne Halk Evi SK,Lapta Türk Birliği SK,0,3,A,0,0,20813,https://ktff.org/maclar/20813
2024-03-31,2023-2024,1. Lig,Yalova SK,Gönyeli SK,0,1,A,0,0,20814,https://ktff.org/maclar/20814
2024-03-31,2023-2024,1. Lig,Esentepe KSKK,Ozanköy SK,2,2,D,0,0,20815,https://ktff.org/maclar/20815
2024-03-31,2023-2024,1. Lig,Çanakkale TSK,Maraş GSK,3,5,A,0,0,20816,https://ktff.org/maclar/20816
2024-04-06,2023-2024,Süper Lig,Mesarya SK,Yenicami AK,1,3,A,0,0,20785,https://ktff.org/maclar/20785
2024-04-06,2023-2024,Süper Lig,Türk Ocağı Limasol SK,L. Gençler Birliği SK,0,3,A,0,0,20786,https://ktff.org/maclar/20786
2024-04-06,2023-2024,Süper Lig,Lefke TSK,Doğan Türk Birliği,1,0,H,0,0,20787,https://ktff.org/maclar/20787
2024-04-06,2023-2024,Süper Lig,Çetinkaya TSK,Gençlik Gücü TSK,1,0,H,0,0,20788,https://ktff.org/maclar/20788
2024-04-06,2023-2024,1. Lig,Lapta Türk Birliği SK,Mormenekşe GBSK,1,5,A,0,0,20817,https://ktff.org/maclar/20817
2024-04-06,2023-2024,1. Lig,Baf Ülkü Yurdu,Çanakkale TSK,1,2,A,0,0,20818,https://ktff.org/maclar/20818
2024-04-06,2023-2024,1. Lig,Maraş GSK,Binatlı YSK,2,0,H,0,0,20819,https://ktff.org/maclar/20819
2024-04-06,2023-2024,1. Lig,Değirmenlik SK,Hamitköy ŞHSK,2,0,H,0,0,20820,https://ktff.org/maclar/20820
2024-04-07,2023-2024,Süper Lig,Göçmenköy İYSK,Alsancak Yeşilova SK,3,0,H,0,0,20790,https://ktff.org/maclar/20790
2024-04-07,2023-2024,Süper Lig,Karşıyaka SK,Cihangir GSK,2,1,H,0,0,20792,https://ktff.org/maclar/20792
2024-04-07,2023-2024,1. Lig,Gönyeli SK,Girne Halk Evi SK,4,1,H,0,0,20821,https://ktff.org/maclar/20821
2024-04-07,2023-2024,1. Lig,Esentepe KSKK,Yalova SK,1,0,H,0,0,20822,https://ktff.org/maclar/20822
2024-04-07,2023-2024,1. Lig,Geçitkale GSK,M. Hacıali Yılmazköy SK,3,1,H,0,0,20823,https://ktff.org/maclar/20823
2024-04-07,2023-2024,1. Lig,Ozanköy SK,Düzkaya KOSK,2,1,H,0,0,20824,https://ktff.org/maclar/20824
2024-04-08,2023-2024,Süper Lig,Küçük Kaymaklı TSK,Mağusa Türk Gücü,0,5,A,0,0,20789,https://ktff.org/maclar/20789
2024-04-09,2023-2024,Süper Lig,Dumlupınar TSK,Yeniboğaziçi DSK,4,0,H,0,0,20791,https://ktff.org/maclar/20791
2024-04-13,2023-2024,Süper Lig,Yenicami AK,Göçmenköy İYSK,0,1,A,0,0,20852,https://ktff.org/maclar/20852
2024-04-13,2023-2024,Süper Lig,Mağusa Türk Gücü,Mesarya SK,4,0,H,0,0,20853,https://ktff.org/maclar/20853
2024-04-13,2023-2024,Süper Lig,Alsancak Yeşilova SK,Çetinkaya TSK,1,5,A,0,0,20854,https://ktff.org/maclar/20854
2024-04-13,2023-2024,Süper Lig,L. Gençler Birliği SK,Küçük Kaymaklı TSK,0,2,A,0,0,20855,https://ktff.org/maclar/20855
2024-04-13,2023-2024,Süper Lig,Doğan Türk Birliği,Türk Ocağı Limasol SK,4,0,H,0,0,20856,https://ktff.org/maclar/20856
2024-04-13,2023-2024,Süper Lig,Yeniboğaziçi DSK,Lefke TSK,1,4,A,0,0,20857,https://ktff.org/maclar/20857
2024-04-13,2023-2024,Süper Lig,Cihangir GSK,Dumlupınar TSK,2,0,H,0,0,20858,https://ktff.org/maclar/20858
2024-04-13,2023-2024,Süper Lig,Gençlik Gücü TSK,Karşıyaka SK,3,4,A,0,0,20859,https://ktff.org/maclar/20859
2024-04-14,2023-2024,1. Lig,Mormenekşe GBSK,Gönyeli SK,2,3,A,0,0,20876,https://ktff.org/maclar/20876
2024-04-14,2023-2024,1. Lig,Girne Halk Evi SK,Esentepe KSKK,0,0,D,0,0,20877,https://ktff.org/maclar/20877
2024-04-14,2023-2024,1. Lig,Yalova SK,Ozanköy SK,2,1,H,0,0,20878,https://ktff.org/maclar/20878
2024-04-14,2023-2024,1. Lig,Çanakkale TSK,Lapta Türk Birliği SK,1,0,H,0,0,20879,https://ktff.org/maclar/20879
2024-04-14,2023-2024,1. Lig,Binatlı YSK,Baf Ülkü Yurdu,4,4,D,0,0,20880,https://ktff.org/maclar/20880
2024-04-14,2023-2024,1. Lig,M. Hacıali Yılmazköy SK,Maraş GSK,3,0,H,0,0,20881,https://ktff.org/maclar/20881
2024-04-14,2023-2024,1. Lig,Hamitköy ŞHSK,Geçitkale GSK,2,1,H,0,0,20882,https://ktff.org/maclar/20882
2024-04-14,2023-2024,1. Lig,Düzkaya KOSK,Değirmenlik SK,0,1,A,0,0,20883,https://ktff.org/maclar/20883
2024-04-20,2023-2024,Süper Lig,Alsancak Yeşilova SK,Yenicami AK,3,1,H,0,0,20861,https://ktff.org/maclar/20861
2024-04-20,2023-2024,Süper Lig,Türk Ocağı Limasol SK,Yeniboğaziçi DSK,1,4,A,0,0,20862,https://ktff.org/maclar/20862
2024-04-20,2023-2024,1. Lig,Esentepe KSKK,Mormenekşe GBSK,0,1,A,0,0,20884,https://ktff.org/maclar/20884
2024-04-20,2023-2024,1. Lig,Yalova SK,Girne Halk Evi SK,1,1,D,0,0,20885,https://ktff.org/maclar/20885
2024-04-20,2023-2024,1. Lig,Gönyeli SK,Çanakkale TSK,1,2,A,0,0,20886,https://ktff.org/maclar/20886
2024-04-20,2023-2024,1. Lig,Lapta Türk Birliği SK,Binatlı YSK,3,0,H,0,0,20887,https://ktff.org/maclar/20887
2024-04-20,2023-2024,1. Lig,Baf Ülkü Yurdu,M. Hacıali Yılmazköy SK,1,1,D,0,0,20888,https://ktff.org/maclar/20888
2024-04-20,2023-2024,1. Lig,Maraş GSK,Hamitköy ŞHSK,3,3,D,0,0,20889,https://ktff.org/maclar/20889
2024-04-20,2023-2024,1. Lig,Geçitkale GSK,Düzkaya KOSK,2,0,H,0,0,20890,https://ktff.org/maclar/20890
2024-04-20,2023-2024,1. Lig,Ozanköy SK,Değirmenlik SK,1,2,A,0,0,20891,https://ktff.org/maclar/20891
2024-04-21,2023-2024,Süper Lig,Göçmenköy İYSK,Mağusa Türk Gücü,1,1,D,0,0,20860,https://ktff.org/maclar/20860
2024-04-21,2023-2024,Süper Lig,Mesarya SK,L. Gençler Birliği SK,2,0,H,0,0,20863,https://ktff.org/maclar/20863
2024-04-21,2023-2024,Süper Lig,Küçük Kaymaklı TSK,Doğan Türk Birliği,0,4,A,0,0,20864,https://ktff.org/maclar/20864
2024-04-21,2023-2024,Süper Lig,Lefke TSK,Cihangir GSK,2,0,H,0,0,20865,https://ktff.org/maclar/20865
2024-04-21,2023-2024,Süper Lig,Dumlupınar TSK,Gençlik Gücü TSK,0,3,A,0,0,20866,https://ktff.org/maclar/20866
2024-04-22,2023-2024,Süper Lig,Çetinkaya TSK,Karşıyaka SK,0,3,A,0,0,20867,https://ktff.org/maclar/20867
2024-04-27,2023-2024,Süper Lig,Mağusa Türk Gücü,Alsancak Yeşilova SK,7,0,H,0,0,20868,https://ktff.org/maclar/20868
2024-04-27,2023-2024,Süper Lig,L. Gençler Birliği SK,Göçmenköy İYSK,1,0,H,0,0,20869,https://ktff.org/maclar/20869
2024-04-27,2023-2024,Süper Lig,Doğan Türk Birliği,Mesarya SK,4,0,H,0,0,20870,https://ktff.org/maclar/20870
2024-04-27,2023-2024,Süper Lig,Yeniboğaziçi DSK,Küçük Kaymaklı TSK,1,2,A,0,0,20871,https://ktff.org/maclar/20871
2024-04-27,2023-2024,Süper Lig,Cihangir GSK,Türk Ocağı Limasol SK,9,0,H,0,0,20872,https://ktff.org/maclar/20872
2024-04-27,2023-2024,Süper Lig,Gençlik Gücü TSK,Lefke TSK,1,1,D,0,0,20873,https://ktff.org/maclar/20873
2024-04-27,2023-2024,Süper Lig,Karşıyaka SK,Dumlupınar TSK,6,2,H,0,0,20874,https://ktff.org/maclar/20874
2024-04-28,2023-2024,Süper Lig,Yenicami AK,Çetinkaya TSK,2,3,A,0,0,20875,https://ktff.org/maclar/20875
2024-04-28,2023-2024,1. Lig,Mormenekşe GBSK,Yalova SK,0,0,D,0,0,20892,https://ktff.org/maclar/20892
2024-04-28,2023-2024,1. Lig,Girne Halk Evi SK,Ozanköy SK,1,2,A,0,0,20893,https://ktff.org/maclar/20893
2024-04-28,2023-2024,1. Lig,Çanakkale TSK,Esentepe KSKK,2,2,D,0,0,20894,https://ktff.org/maclar/20894
2024-04-28,2023-2024,1. Lig,Binatlı YSK,Gönyeli SK,3,1,H,0,0,20895,https://ktff.org/maclar/20895
2024-04-28,2023-2024,1. Lig,M. Hacıali Yılmazköy SK,Lapta Türk Birliği SK,4,0,H,0,0,20896,https://ktff.org/maclar/20896
2024-04-28,2023-2024,1. Lig,Hamitköy ŞHSK,Baf Ülkü Yurdu,0,3,A,0,0,20897,https://ktff.org/maclar/20897
2024-04-28,2023-2024,1. Lig,Düzkaya KOSK,Maraş GSK,3,3,D,0,0,20898,https://ktff.org/maclar/20898
2024-04-28,2023-2024,1. Lig,Değirmenlik SK,Geçitkale GSK,4,0,H,0,0,20899,https://ktff.org/maclar/20899
2024-05-02,2023-2024,Süper Lig,Çetinkaya TSK,Dumlupınar TSK,3,2,H,0,0,20963,https://ktff.org/maclar/20963
2024-05-04,2023-2024,Süper Lig,Türk Ocağı Limasol SK,Gençlik Gücü TSK,1,7,A,0,0,20956,https://ktff.org/maclar/20956
2024-05-04,2023-2024,Süper Lig,Yenicami AK,Mağusa Türk Gücü,1,1,D,0,0,20957,https://ktff.org/maclar/20957
2024-05-04,2023-2024,Süper Lig,Mesarya SK,Yeniboğaziçi DSK,4,1,H,0,0,20958,https://ktff.org/maclar/20958
2024-05-04,2023-2024,Süper Lig,Küçük Kaymaklı TSK,Cihangir GSK,1,0,H,0,0,20959,https://ktff.org/maclar/20959
2024-05-04,2023-2024,Süper Lig,Alsancak Yeşilova SK,L. Gençler Birliği SK,0,3,A,1,0,20960,https://ktff.org/maclar/20960
2024-05-04,2023-2024,Süper Lig,Lefke TSK,Karşıyaka SK,2,0,H,0,0,20961,https://ktff.org/maclar/20961
2024-05-04,2023-2024,Süper Lig,Göçmenköy İYSK,Doğan Türk Birliği,4,2,H,0,0,20962,https://ktff.org/maclar/20962
2024-05-05,2023-2024,1. Lig,Yalova SK,Çanakkale TSK,1,1,D,0,0,20972,https://ktff.org/maclar/20972
2024-05-05,2023-2024,1. Lig,Lapta Türk Birliği SK,Hamitköy ŞHSK,2,2,D,0,0,20973,https://ktff.org/maclar/20973
2024-05-05,2023-2024,1. Lig,Esentepe KSKK,Binatlı YSK,0,0,D,0,0,20974,https://ktff.org/maclar/20974
2024-05-05,2023-2024,1. Lig,Girne Halk Evi SK,Mormenekşe GBSK,0,2,A,0,0,20975,https://ktff.org/maclar/20975
2024-05-05,2023-2024,1. Lig,Baf Ülkü Yurdu,Düzkaya KOSK,0,1,A,0,0,20976,https://ktff.org/maclar/20976
2024-05-05,2023-2024,1. Lig,Ozanköy SK,Geçitkale GSK,1,1,D,0,0,20977,https://ktff.org/maclar/20977
2024-05-05,2023-2024,1. Lig,Maraş GSK,Değirmenlik SK,2,7,A,0,0,20978,https://ktff.org/maclar/20978
2024-05-05,2023-2024,1. Lig,Gönyeli SK,M. Hacıali Yılmazköy SK,4,2,H,0,0,20979,https://ktff.org/maclar/20979
2024-09-19,2024-2025,Süper Lig,Doğan Türk Birliği,Cihangir GSK,3,1,H,0,0,21265,https://ktff.org/maclar/21265
2024-09-20,2024-2025,Süper Lig,Göçmenköy İYSK,Mağusa Türk Gücü,1,2,A,0,0,21270,https://ktff.org/maclar/21270
2024-09-21,2024-2025,Süper Lig,Karşıyaka SK,Alsancak Yeşilova SK,1,2,A,0,0,21269,https://ktff.org/maclar/21269
2024-09-21,2024-2025,Süper Lig,L. Gençler Birliği SK,Çetinkaya TSK,2,1,H,0,0,21271,https://ktff.org/maclar/21271
2024-09-21,2024-2025,Süper Lig,Lefke TSK,Mesarya SK,2,1,H,0,0,21272,https://ktff.org/maclar/21272
2024-09-21,2024-2025,1. Lig,Vadili TÇBSK,Dipkarpaz SK,1,3,A,0,0,21389,https://ktff.org/maclar/21389
2024-09-21,2024-2025,1. Lig,Çanakkale TSK,Türk Ocağı Limasol SK,0,2,A,0,0,21391,https://ktff.org/maclar/21391
2024-09-21,2024-2025,1. Lig,M. Hacıali Yılmazköy SK,Binatlı YSK,2,0,H,0,0,21392,https://ktff.org/maclar/21392
2024-09-22,2024-2025,Süper Lig,Esentepe KSKK,Gönyeli SK,1,0,H,0,0,21266,https://ktff.org/maclar/21266
2024-09-22,2024-2025,Süper Lig,Dumlupınar TSK,Gençlik Gücü TSK,1,4,A,0,0,21268,https://ktff.org/maclar/21268
2024-09-22,2024-2025,1. Lig,Yalova SK,Hamitköy ŞHSK,2,2,D,0,0,21385,https://ktff.org/maclar/21385
2024-09-22,2024-2025,1. Lig,Küçük Kaymaklı TSK,Kozanköy KSK,1,1,D,0,0,21386,https://ktff.org/maclar/21386
2024-09-22,2024-2025,1. Lig,Lapta Türk Birliği SK,Maraş GSK,5,1,H,0,0,21387,https://ktff.org/maclar/21387
2024-09-22,2024-2025,1. Lig,Geçitkale GSK,Mormenekşe GBSK,2,1,H,0,0,21388,https://ktff.org/maclar/21388
2024-09-22,2024-2025,1. Lig,Yeniboğaziçi DSK,Düzkaya KOSK,2,2,D,0,0,21390,https://ktff.org/maclar/21390
2024-09-23,2024-2025,Süper Lig,Yenicami AK,Değirmenlik SK,2,1,H,0,0,21267,https://ktff.org/maclar/21267
2024-09-27,2024-2025,Süper Lig,Çetinkaya TSK,Göçmenköy İYSK,3,3,D,0,0,21278,https://ktff.org/maclar/21278
2024-09-28,2024-2025,Süper Lig,Gönyeli SK,Doğan Türk Birliği,2,4,A,0,0,21273,https://ktff.org/maclar/21273
2024-09-28,2024-2025,Süper Lig,Alsancak Yeşilova SK,Dumlupınar TSK,2,3,A,0,0,21276,https://ktff.org/maclar/21276
2024-09-28,2024-2025,Süper Lig,Mağusa Türk Gücü,Karşıyaka SK,4,0,H,0,0,21277,https://ktff.org/maclar/21277
2024-09-28,2024-2025,1. Lig,Kozanköy KSK,Yalova SK,1,1,D,0,0,21393,https://ktff.org/maclar/21393
2024-09-28,2024-2025,1. Lig,Mormenekşe GBSK,Lapta Türk Birliği SK,4,1,H,0,0,21395,https://ktff.org/maclar/21395
2024-09-28,2024-2025,1. Lig,Düzkaya KOSK,Vadili TÇBSK,4,1,H,0,0,21397,https://ktff.org/maclar/21397
2024-09-28,2024-2025,1. Lig,Hamitköy ŞHSK,M. Hacıali Yılmazköy SK,1,2,A,0,0,21400,https://ktff.org/maclar/21400
2024-09-29,2024-2025,Süper Lig,Değirmenlik SK,Esentepe KSKK,1,0,H,0,0,21274,https://ktff.org/maclar/21274
2024-09-29,2024-2025,Süper Lig,Mesarya SK,L. Gençler Birliği SK,3,1,H,0,0,21279,https://ktff.org/maclar/21279
2024-09-29,2024-2025,Süper Lig,Cihangir GSK,Lefke TSK,2,1,H,0,0,21280,https://ktff.org/maclar/21280
2024-09-29,2024-2025,1. Lig,Maraş GSK,Küçük Kaymaklı TSK,0,7,A,0,0,21394,https://ktff.org/maclar/21394
2024-09-29,2024-2025,1. Lig,Dipkarpaz SK,Geçitkale GSK,1,0,H,0,0,21396,https://ktff.org/maclar/21396
2024-09-29,2024-2025,1. Lig,Türk Ocağı Limasol SK,Yeniboğaziçi DSK,1,2,A,0,0,21398,https://ktff.org/maclar/21398
2024-09-29,2024-2025,1. Lig,Binatlı YSK,Çanakkale TSK,3,1,H,0,0,21399,https://ktff.org/maclar/21399
2024-09-30,2024-2025,Süper Lig,Gençlik Gücü TSK,Yenicami AK,4,1,H,0,0,21275,https://ktff.org/maclar/21275
2024-10-04,2024-2025,Süper Lig,Dumlupınar TSK,Mağusa Türk Gücü,1,6,A,0,0,21284,https://ktff.org/maclar/21284
2024-10-05,2024-2025,Süper Lig,Esentepe KSKK,Gençlik Gücü TSK,0,1,A,0,0,21282,https://ktff.org/maclar/21282
2024-10-05,2024-2025,Süper Lig,Karşıyaka SK,Çetinkaya TSK,2,1,H,0,0,21285,https://ktff.org/maclar/21285
2024-10-05,2024-2025,Süper Lig,Göçmenköy İYSK,Mesarya SK,1,1,D,0,0,21286,https://ktff.org/maclar/21286
2024-10-05,2024-2025,1. Lig,Yalova SK,Maraş GSK,1,2,A,0,0,21401,https://ktff.org/maclar/21401
2024-10-05,2024-2025,1. Lig,Küçük Kaymaklı TSK,Mormenekşe GBSK,5,0,H,0,0,21402,https://ktff.org/maclar/21402
2024-10-05,2024-2025,1. Lig,Geçitkale GSK,Düzkaya KOSK,3,1,H,0,0,21404,https://ktff.org/maclar/21404
2024-10-05,2024-2025,1. Lig,Yeniboğaziçi DSK,Binatlı YSK,4,0,H,0,0,21406,https://ktff.org/maclar/21406
2024-10-06,2024-2025,Süper Lig,Yenicami AK,Alsancak Yeşilova SK,0,2,A,0,0,21283,https://ktff.org/maclar/21283
2024-10-06,2024-2025,Süper Lig,L. Gençler Birliği SK,Lefke TSK,1,2,A,0,0,21287,https://ktff.org/maclar/21287
2024-10-06,2024-2025,Süper Lig,Gönyeli SK,Cihangir GSK,2,3,A,0,0,21288,https://ktff.org/maclar/21288
2024-10-06,2024-2025,1. Lig,Lapta Türk Birliği SK,Dipkarpaz SK,3,0,H,0,0,21403,https://ktff.org/maclar/21403
2024-10-06,2024-2025,1. Lig,Vadili TÇBSK,Türk Ocağı Limasol SK,1,1,D,0,0,21405,https://ktff.org/maclar/21405
2024-10-06,2024-2025,1. Lig,Çanakkale TSK,M. Hacıali Yılmazköy SK,1,3,A,0,0,21407,https://ktff.org/maclar/21407
2024-10-06,2024-2025,1. Lig,Kozanköy KSK,Hamitköy ŞHSK,0,2,A,0,0,21408,https://ktff.org/maclar/21408
2024-10-07,2024-2025,Süper Lig,Doğan Türk Birliği,Değirmenlik SK,2,0,H,0,0,21281,https://ktff.org/maclar/21281
2024-10-11,2024-2025,Süper Lig,Çetinkaya TSK,Dumlupınar TSK,4,1,H,0,0,21292,https://ktff.org/maclar/21292
2024-10-12,2024-2025,Süper Lig,Alsancak Yeşilova SK,Esentepe KSKK,0,0,D,0,0,21290,https://ktff.org/maclar/21290
2024-10-12,2024-2025,Süper Lig,Lefke TSK,Göçmenköy İYSK,2,0,H,0,0,21294,https://ktff.org/maclar/21294
2024-10-12,2024-2025,Süper Lig,Cihangir GSK,L. Gençler Birliği SK,2,1,H,0,0,21295,https://ktff.org/maclar/21295
2024-10-12,2024-2025,1. Lig,Dipkarpaz SK,Küçük Kaymaklı TSK,0,1,A,0,0,21410,https://ktff.org/maclar/21410
2024-10-12,2024-2025,1. Lig,Türk Ocağı Limasol SK,Geçitkale GSK,2,0,H,0,0,21412,https://ktff.org/maclar/21412
2024-10-12,2024-2025,1. Lig,Hamitköy ŞHSK,Çanakkale TSK,3,1,H,0,0,21415,https://ktff.org/maclar/21415
2024-10-12,2024-2025,1. Lig,Maraş GSK,Kozanköy KSK,0,1,A,0,0,21416,https://ktff.org/maclar/21416
2024-10-13,2024-2025,Süper Lig,Gençlik Gücü TSK,Doğan Türk Birliği,0,1,A,0,0,21289,https://ktff.org/maclar/21289
2024-10-13,2024-2025,Süper Lig,Mağusa Türk Gücü,Yenicami AK,1,1,D,0,0,21291,https://ktff.org/maclar/21291
2024-10-13,2024-2025,Süper Lig,Mesarya SK,Karşıyaka SK,3,1,H,0,0,21293,https://ktff.org/maclar/21293
2024-10-13,2024-2025,1. Lig,Mormenekşe GBSK,Yalova SK,2,1,H,0,0,21409,https://ktff.org/maclar/21409
2024-10-13,2024-2025,1. Lig,Düzkaya KOSK,Lapta Türk Birliği SK,0,0,D,0,0,21411,https://ktff.org/maclar/21411
2024-10-13,2024-2025,1. Lig,Binatlı YSK,Vadili TÇBSK,5,0,H,0,0,21413,https://ktff.org/maclar/21413
2024-10-13,2024-2025,1. Lig,M. Hacıali Yılmazköy SK,Yeniboğaziçi DSK,1,1,D,0,0,21414,https://ktff.org/maclar/21414
2024-10-14,2024-2025,Süper Lig,Değirmenlik SK,Gönyeli SK,2,0,H,0,0,21296,https://ktff.org/maclar/21296
2024-10-19,2024-2025,Süper Lig,Doğan Türk Birliği,Alsancak Yeşilova SK,2,0,H,0,0,21297,https://ktff.org/maclar/21297
2024-10-19,2024-2025,Süper Lig,Dumlupınar TSK,Mesarya SK,1,3,A,0,0,21300,https://ktff.org/maclar/21300
2024-10-19,2024-2025,Süper Lig,Karşıyaka SK,Lefke TSK,1,2,A,0,0,21301,https://ktff.org/maclar/21301
2024-10-19,2024-2025,Süper Lig,Göçmenköy İYSK,L. Gençler Birliği SK,0,0,D,0,0,21302,https://ktff.org/maclar/21302
2024-10-19,2024-2025,1. Lig,Küçük Kaymaklı TSK,Düzkaya KOSK,2,2,D,0,0,21418,https://ktff.org/maclar/21418
2024-10-19,2024-2025,1. Lig,Geçitkale GSK,Binatlı YSK,5,2,H,0,0,21420,https://ktff.org/maclar/21420
2024-10-19,2024-2025,1. Lig,Yeniboğaziçi DSK,Çanakkale TSK,2,0,H,0,0,21422,https://ktff.org/maclar/21422
2024-10-20,2024-2025,Süper Lig,Esentepe KSKK,Mağusa Türk Gücü,3,2,H,0,0,21298,https://ktff.org/maclar/21298
2024-10-20,2024-2025,Süper Lig,Gönyeli SK,Gençlik Gücü TSK,1,3,A,0,0,21303,https://ktff.org/maclar/21303
2024-10-20,2024-2025,Süper Lig,Değirmenlik SK,Cihangir GSK,1,3,A,0,0,21304,https://ktff.org/maclar/21304
2024-10-20,2024-2025,1. Lig,Yalova SK,Dipkarpaz SK,1,1,D,0,0,21417,https://ktff.org/maclar/21417
2024-10-20,2024-2025,1. Lig,Lapta Türk Birliği SK,Türk Ocağı Limasol SK,0,2,A,0,0,21419,https://ktff.org/maclar/21419
2024-10-20,2024-2025,1. Lig,Vadili TÇBSK,M. Hacıali Yılmazköy SK,0,3,A,0,0,21421,https://ktff.org/maclar/21421
2024-10-20,2024-2025,1. Lig,Kozanköy KSK,Mormenekşe GBSK,1,3,A,0,0,21423,https://ktff.org/maclar/21423
2024-10-20,2024-2025,1. Lig,Maraş GSK,Hamitköy ŞHSK,2,2,D,0,0,21424,https://ktff.org/maclar/21424
2024-10-21,2024-2025,Süper Lig,Yenicami AK,Çetinkaya TSK,0,1,A,0,0,21299,https://ktff.org/maclar/21299
2024-10-25,2024-2025,Süper Lig,Gençlik Gücü TSK,Değirmenlik SK,0,2,A,0,0,21312,https://ktff.org/maclar/21312
2024-10-26,2024-2025,Süper Lig,Mağusa Türk Gücü,Doğan Türk Birliği,0,0,D,0,0,21305,https://ktff.org/maclar/21305
2024-10-26,2024-2025,Süper Lig,Lefke TSK,Dumlupınar TSK,3,3,D,0,0,21308,https://ktff.org/maclar/21308
2024-10-26,2024-2025,Süper Lig,Cihangir GSK,Göçmenköy İYSK,2,1,H,0,0,21310,https://ktff.org/maclar/21310
2024-10-26,2024-2025,1. Lig,Binatlı YSK,Lapta Türk Birliği SK,1,0,H,0,0,21427,https://ktff.org/maclar/21427
2024-10-26,2024-2025,1. Lig,Çanakkale TSK,Vadili TÇBSK,0,3,A,1,0,21429,https://ktff.org/maclar/21429
2024-10-26,2024-2025,1. Lig,Hamitköy ŞHSK,Yeniboğaziçi DSK,1,1,D,0,0,21430,https://ktff.org/maclar/21430
2024-10-26,2024-2025,1. Lig,Dipkarpaz SK,Kozanköy KSK,1,1,D,0,0,21431,https://ktff.org/maclar/21431
2024-10-29,2024-2025,Süper Lig,Çetinkaya TSK,Esentepe KSKK,4,0,H,0,0,21306,https://ktff.org/maclar/21306
2024-10-29,2024-2025,Süper Lig,Mesarya SK,Yenicami AK,2,1,H,0,0,21307,https://ktff.org/maclar/21307
2024-10-29,2024-2025,Süper Lig,L. Gençler Birliği SK,Karşıyaka SK,1,0,H,0,0,21309,https://ktff.org/maclar/21309
2024-10-29,2024-2025,Süper Lig,Alsancak Yeşilova SK,Gönyeli SK,1,2,A,0,0,21311,https://ktff.org/maclar/21311
2024-10-29,2024-2025,1. Lig,Düzkaya KOSK,Yalova SK,0,0,D,0,0,21425,https://ktff.org/maclar/21425
2024-10-29,2024-2025,1. Lig,Türk Ocağı Limasol SK,Küçük Kaymaklı TSK,4,1,H,0,0,21426,https://ktff.org/maclar/21426
2024-10-29,2024-2025,1. Lig,M. Hacıali Yılmazköy SK,Geçitkale GSK,0,3,A,1,0,21428,https://ktff.org/maclar/21428
2024-10-29,2024-2025,1. Lig,Mormenekşe GBSK,Maraş GSK,1,1,D,0,0,21432,https://ktff.org/maclar/21432
2024-11-01,2024-2025,Süper Lig,Gençlik Gücü TSK,Cihangir GSK,0,3,A,0,0,21320,https://ktff.org/maclar/21320
2024-11-02,2024-2025,Süper Lig,Esentepe KSKK,Mesarya SK,1,1,D,0,0,21314,https://ktff.org/maclar/21314
2024-11-02,2024-2025,Süper Lig,Yenicami AK,Lefke TSK,1,1,D,0,0,21315,https://ktff.org/maclar/21315
2024-11-02,2024-2025,Süper Lig,Dumlupınar TSK,L. Gençler Birliği SK,0,0,D,0,0,21316,https://ktff.org/maclar/21316
2024-11-02,2024-2025,1. Lig,Yalova SK,Türk Ocağı Limasol SK,0,0,D,0,0,21433,https://ktff.org/maclar/21433
2024-11-02,2024-2025,1. Lig,Lapta Türk Birliği SK,M. Hacıali Yılmazköy SK,1,0,H,0,0,21435,https://ktff.org/maclar/21435
2024-11-02,2024-2025,1. Lig,Vadili TÇBSK,Yeniboğaziçi DSK,0,0,D,0,0,21437,https://ktff.org/maclar/21437
2024-11-02,2024-2025,1. Lig,Mormenekşe GBSK,Hamitköy ŞHSK,2,1,H,0,0,21440,https://ktff.org/maclar/21440
2024-11-03,2024-2025,Süper Lig,Karşıyaka SK,Göçmenköy İYSK,2,2,D,0,0,21317,https://ktff.org/maclar/21317
2024-11-03,2024-2025,Süper Lig,Gönyeli SK,Mağusa Türk Gücü,0,5,A,0,0,21318,https://ktff.org/maclar/21318
2024-11-03,2024-2025,1. Lig,Küçük Kaymaklı TSK,Binatlı YSK,5,2,H,0,0,21434,https://ktff.org/maclar/21434
2024-11-03,2024-2025,1. Lig,Geçitkale GSK,Çanakkale TSK,3,3,D,0,0,21436,https://ktff.org/maclar/21436
2024-11-03,2024-2025,1. Lig,Kozanköy KSK,Düzkaya KOSK,1,0,H,0,0,21438,https://ktff.org/maclar/21438
2024-11-03,2024-2025,1. Lig,Maraş GSK,Dipkarpaz SK,4,3,H,0,0,21439,https://ktff.org/maclar/21439
2024-11-04,2024-2025,Süper Lig,Doğan Türk Birliği,Çetinkaya TSK,0,0,D,0,0,21313,https://ktff.org/maclar/21313
2024-11-04,2024-2025,Süper Lig,Değirmenlik SK,Alsancak Yeşilova SK,2,0,H,0,0,21319,https://ktff.org/maclar/21319
2024-11-08,2024-2025,Süper Lig,L. Gençler Birliği SK,Yenicami AK,0,1,A,0,0,21323,https://ktff.org/maclar/21323
2024-11-09,2024-2025,Süper Lig,Mesarya SK,Doğan Türk Birliği,1,6,A,0,0,21321,https://ktff.org/maclar/21321
2024-11-09,2024-2025,Süper Lig,Lefke TSK,Esentepe KSKK,4,1,H,0,0,21322,https://ktff.org/maclar/21322
2024-11-09,2024-2025,Süper Lig,Çetinkaya TSK,Gönyeli SK,2,2,D,0,0,21326,https://ktff.org/maclar/21326
2024-11-09,2024-2025,1. Lig,M. Hacıali Yılmazköy SK,Küçük Kaymaklı TSK,1,1,D,0,0,21442,https://ktff.org/maclar/21442
2024-11-09,2024-2025,1. Lig,Çanakkale TSK,Lapta Türk Birliği SK,0,4,A,0,0,21443,https://ktff.org/maclar/21443
2024-11-09,2024-2025,1. Lig,Türk Ocağı Limasol SK,Kozanköy KSK,0,2,A,0,0,21446,https://ktff.org/maclar/21446
2024-11-09,2024-2025,1. Lig,Düzkaya KOSK,Maraş GSK,2,0,H,0,0,21447,https://ktff.org/maclar/21447
2024-11-09,2024-2025,1. Lig,Dipkarpaz SK,Mormenekşe GBSK,2,0,H,0,0,21448,https://ktff.org/maclar/21448
2024-11-10,2024-2025,Süper Lig,Cihangir GSK,Karşıyaka SK,4,0,H,0,0,21325,https://ktff.org/maclar/21325
2024-11-10,2024-2025,Süper Lig,Mağusa Türk Gücü,Değirmenlik SK,0,1,A,0,0,21327,https://ktff.org/maclar/21327
2024-11-10,2024-2025,Süper Lig,Alsancak Yeşilova SK,Gençlik Gücü TSK,0,0,D,0,0,21328,https://ktff.org/maclar/21328
2024-11-10,2024-2025,1. Lig,Binatlı YSK,Yalova SK,0,2,A,0,0,21441,https://ktff.org/maclar/21441
2024-11-10,2024-2025,1. Lig,Yeniboğaziçi DSK,Geçitkale GSK,5,2,H,0,0,21444,https://ktff.org/maclar/21444
2024-11-10,2024-2025,1. Lig,Hamitköy ŞHSK,Vadili TÇBSK,1,1,D,0,0,21445,https://ktff.org/maclar/21445
2024-11-11,2024-2025,Süper Lig,Göçmenköy İYSK,Dumlupınar TSK,3,0,H,0,0,21324,https://ktff.org/maclar/21324
2024-11-15,2024-2025,Süper Lig,Gençlik Gücü TSK,Mağusa Türk Gücü,0,2,A,0,0,21335,https://ktff.org/maclar/21335
2024-11-16,2024-2025,Süper Lig,Gönyeli SK,Mesarya SK,1,2,A,0,0,21333,https://ktff.org/maclar/21333
2024-11-16,2024-2025,Süper Lig,Değirmenlik SK,Çetinkaya TSK,3,0,H,0,0,21334,https://ktff.org/maclar/21334
2024-11-16,2024-2025,Süper Lig,Alsancak Yeşilova SK,Cihangir GSK,3,2,H,0,0,21336,https://ktff.org/maclar/21336
2024-11-16,2024-2025,1. Lig,Yalova SK,M. Hacıali Yılmazköy SK,2,1,H,0,0,21449,https://ktff.org/maclar/21449
2024-11-16,2024-2025,1. Lig,Geçitkale GSK,Vadili TÇBSK,2,0,H,0,0,21452,https://ktff.org/maclar/21452
2024-11-16,2024-2025,1. Lig,Maraş GSK,Türk Ocağı Limasol SK,0,1,A,0,0,21454,https://ktff.org/maclar/21454
2024-11-16,2024-2025,1. Lig,Dipkarpaz SK,Hamitköy ŞHSK,0,1,A,0,0,21456,https://ktff.org/maclar/21456
2024-11-17,2024-2025,Süper Lig,Doğan Türk Birliği,Lefke TSK,0,1,A,0,0,21329,https://ktff.org/maclar/21329
2024-11-17,2024-2025,Süper Lig,Esentepe KSKK,L. Gençler Birliği SK,2,1,H,0,0,21330,https://ktff.org/maclar/21330
2024-11-17,2024-2025,Süper Lig,Yenicami AK,Göçmenköy İYSK,1,2,A,0,0,21331,https://ktff.org/maclar/21331
2024-11-17,2024-2025,1. Lig,Küçük Kaymaklı TSK,Çanakkale TSK,10,0,H,0,0,21450,https://ktff.org/maclar/21450
2024-11-17,2024-2025,1. Lig,Lapta Türk Birliği SK,Yeniboğaziçi DSK,0,0,D,0,0,21451,https://ktff.org/maclar/21451
2024-11-17,2024-2025,1. Lig,Kozanköy KSK,Binatlı YSK,1,0,H,0,0,21453,https://ktff.org/maclar/21453
2024-11-17,2024-2025,1. Lig,Mormenekşe GBSK,Düzkaya KOSK,2,0,H,0,0,21455,https://ktff.org/maclar/21455
2024-11-18,2024-2025,Süper Lig,Dumlupınar TSK,Karşıyaka SK,5,1,H,0,0,21332,https://ktff.org/maclar/21332
2024-11-23,2024-2025,Süper Lig,Karşıyaka SK,Yenicami AK,2,1,H,0,0,21339,https://ktff.org/maclar/21339
2024-11-23,2024-2025,Süper Lig,Lefke TSK,Gönyeli SK,1,0,H,0,0,21341,https://ktff.org/maclar/21341
2024-11-23,2024-2025,Süper Lig,Mesarya SK,Değirmenlik SK,1,2,A,0,0,21342,https://ktff.org/maclar/21342
2024-11-23,2024-2025,1. Lig,Yeniboğaziçi DSK,Küçük Kaymaklı TSK,2,2,D,0,0,21458,https://ktff.org/maclar/21458
2024-11-23,2024-2025,1. Lig,Hamitköy ŞHSK,Geçitkale GSK,2,0,H,0,0,21460,https://ktff.org/maclar/21460
2024-11-23,2024-2025,1. Lig,Binatlı YSK,Maraş GSK,6,3,H,0,0,21462,https://ktff.org/maclar/21462
2024-11-23,2024-2025,1. Lig,Türk Ocağı Limasol SK,Mormenekşe GBSK,2,3,A,0,0,21463,https://ktff.org/maclar/21463
2024-11-24,2024-2025,Süper Lig,Göçmenköy İYSK,Esentepe KSKK,1,0,H,0,0,21338,https://ktff.org/maclar/21338
2024-11-24,2024-2025,Süper Lig,Cihangir GSK,Dumlupınar TSK,2,0,H,0,0,21340,https://ktff.org/maclar/21340
2024-11-24,2024-2025,Süper Lig,Mağusa Türk Gücü,Alsancak Yeşilova SK,5,1,H,0,0,21344,https://ktff.org/maclar/21344
2024-11-24,2024-2025,1. Lig,Çanakkale TSK,Yalova SK,1,1,D,0,0,21457,https://ktff.org/maclar/21457
2024-11-24,2024-2025,1. Lig,Vadili TÇBSK,Lapta Türk Birliği SK,1,1,D,0,0,21459,https://ktff.org/maclar/21459
2024-11-24,2024-2025,1. Lig,M. Hacıali Yılmazköy SK,Kozanköy KSK,1,0,H,0,0,21461,https://ktff.org/maclar/21461
2024-11-24,2024-2025,1. Lig,Düzkaya KOSK,Dipkarpaz SK,2,3,A,0,0,21464,https://ktff.org/maclar/21464
2024-11-25,2024-2025,Süper Lig,L. Gençler Birliği SK,Doğan Türk Birliği,2,2,D,0,0,21337,https://ktff.org/maclar/21337
2024-11-25,2024-2025,Süper Lig,Çetinkaya TSK,Gençlik Gücü TSK,4,2,H,0,0,21343,https://ktff.org/maclar/21343
2024-11-29,2024-2025,Süper Lig,Yenicami AK,Dumlupınar TSK,0,3,A,0,0,21347,https://ktff.org/maclar/21347
2024-11-30,2024-2025,Süper Lig,Gönyeli SK,L. Gençler Birliği SK,1,0,H,0,0,21348,https://ktff.org/maclar/21348
2024-11-30,2024-2025,Süper Lig,Değirmenlik SK,Lefke TSK,2,0,H,0,0,21349,https://ktff.org/maclar/21349
2024-11-30,2024-2025,Süper Lig,Mağusa Türk Gücü,Cihangir GSK,2,1,H,0,0,21352,https://ktff.org/maclar/21352
2024-11-30,2024-2025,1. Lig,Lapta Türk Birliği SK,Geçitkale GSK,2,0,H,0,0,21467,https://ktff.org/maclar/21467
2024-11-30,2024-2025,1. Lig,Kozanköy KSK,Çanakkale TSK,1,0,H,0,0,21468,https://ktff.org/maclar/21468
2024-11-30,2024-2025,1. Lig,Dipkarpaz SK,Türk Ocağı Limasol SK,2,1,H,0,0,21471,https://ktff.org/maclar/21471
2024-11-30,2024-2025,1. Lig,Düzkaya KOSK,Hamitköy ŞHSK,3,0,H,0,0,21472,https://ktff.org/maclar/21472
2024-12-01,2024-2025,Süper Lig,Esentepe KSKK,Karşıyaka SK,5,0,H,0,0,21346,https://ktff.org/maclar/21346
2024-12-01,2024-2025,Süper Lig,Gençlik Gücü TSK,Mesarya SK,1,2,A,0,0,21350,https://ktff.org/maclar/21350
2024-12-01,2024-2025,Süper Lig,Alsancak Yeşilova SK,Çetinkaya TSK,4,3,H,0,0,21351,https://ktff.org/maclar/21351
2024-12-01,2024-2025,1. Lig,Yalova SK,Yeniboğaziçi DSK,3,0,H,0,0,21465,https://ktff.org/maclar/21465
2024-12-01,2024-2025,1. Lig,Küçük Kaymaklı TSK,Vadili TÇBSK,6,1,H,0,0,21466,https://ktff.org/maclar/21466
2024-12-01,2024-2025,1. Lig,Maraş GSK,M. Hacıali Yılmazköy SK,4,0,H,0,0,21469,https://ktff.org/maclar/21469
2024-12-01,2024-2025,1. Lig,Mormenekşe GBSK,Binatlı YSK,2,1,H,0,0,21470,https://ktff.org/maclar/21470
2024-12-02,2024-2025,Süper Lig,Doğan Türk Birliği,Göçmenköy İYSK,2,2,D,0,0,21345,https://ktff.org/maclar/21345
2024-12-06,2024-2025,Süper Lig,Çetinkaya TSK,Mağusa Türk Gücü,1,1,D,0,0,21360,https://ktff.org/maclar/21360
2024-12-07,2024-2025,Süper Lig,Dumlupınar TSK,Esentepe KSKK,2,0,H,0,0,21354,https://ktff.org/maclar/21354
2024-12-07,2024-2025,Süper Lig,Cihangir GSK,Yenicami AK,2,1,H,0,0,21355,https://ktff.org/maclar/21355
2024-12-07,2024-2025,Süper Lig,L. Gençler Birliği SK,Değirmenlik SK,0,3,A,0,0,21357,https://ktff.org/maclar/21357
2024-12-07,2024-2025,Süper Lig,Lefke TSK,Gençlik Gücü TSK,1,2,A,0,0,21358,https://ktff.org/maclar/21358
2024-12-07,2024-2025,1. Lig,Vadili TÇBSK,Yalova SK,0,3,A,0,0,21473,https://ktff.org/maclar/21473
2024-12-07,2024-2025,1. Lig,Hamitköy ŞHSK,Lapta Türk Birliği SK,1,0,H,0,0,21475,https://ktff.org/maclar/21475
2024-12-07,2024-2025,1. Lig,Yeniboğaziçi DSK,Kozanköy KSK,3,0,H,0,0,21476,https://ktff.org/maclar/21476
2024-12-07,2024-2025,1. Lig,M. Hacıali Yılmazköy SK,Mormenekşe GBSK,0,2,A,0,0,21478,https://ktff.org/maclar/21478
2024-12-08,2024-2025,Süper Lig,Karşıyaka SK,Doğan Türk Birliği,0,1,A,0,0,21353,https://ktff.org/maclar/21353
2024-12-08,2024-2025,Süper Lig,Mesarya SK,Alsancak Yeşilova SK,5,2,H,0,0,21359,https://ktff.org/maclar/21359
2024-12-08,2024-2025,1. Lig,Geçitkale GSK,Küçük Kaymaklı TSK,0,1,A,0,0,21474,https://ktff.org/maclar/21474
2024-12-08,2024-2025,1. Lig,Çanakkale TSK,Maraş GSK,3,2,H,0,0,21477,https://ktff.org/maclar/21477
2024-12-08,2024-2025,1. Lig,Binatlı YSK,Dipkarpaz SK,1,1,D,0,0,21479,https://ktff.org/maclar/21479
2024-12-08,2024-2025,1. Lig,Türk Ocağı Limasol SK,Düzkaya KOSK,1,2,A,0,0,21480,https://ktff.org/maclar/21480
2024-12-09,2024-2025,Süper Lig,Göçmenköy İYSK,Gönyeli SK,1,2,A,0,0,21356,https://ktff.org/maclar/21356
2024-12-13,2024-2025,Süper Lig,Çetinkaya TSK,Cihangir GSK,1,0,H,0,0,21368,https://ktff.org/maclar/21368
2024-12-14,2024-2025,Süper Lig,Doğan Türk Birliği,Dumlupınar TSK,1,3,A,0,0,21361,https://ktff.org/maclar/21361
2024-12-14,2024-2025,Süper Lig,Esentepe KSKK,Yenicami AK,2,0,H,0,0,21362,https://ktff.org/maclar/21362
2024-12-14,2024-2025,Süper Lig,Gençlik Gücü TSK,L. Gençler Birliği SK,1,0,H,0,0,21365,https://ktff.org/maclar/21365
2024-12-14,2024-2025,1. Lig,Yalova SK,Geçitkale GSK,2,1,H,0,0,21481,https://ktff.org/maclar/21481
2024-12-14,2024-2025,1. Lig,Küçük Kaymaklı TSK,Lapta Türk Birliği SK,3,0,H,0,0,21482,https://ktff.org/maclar/21482
2024-12-14,2024-2025,1. Lig,Maraş GSK,Yeniboğaziçi DSK,0,6,A,0,0,21484,https://ktff.org/maclar/21484
2024-12-14,2024-2025,1. Lig,Dipkarpaz SK,M. Hacıali Yılmazköy SK,1,1,D,0,0,21486,https://ktff.org/maclar/21486
2024-12-14,2024-2025,1. Lig,Düzkaya KOSK,Binatlı YSK,3,2,H,0,0,21487,https://ktff.org/maclar/21487
2024-12-15,2024-2025,Süper Lig,Gönyeli SK,Karşıyaka SK,6,1,H,0,0,21363,https://ktff.org/maclar/21363
2024-12-15,2024-2025,Süper Lig,Alsancak Yeşilova SK,Lefke TSK,2,4,A,0,0,21366,https://ktff.org/maclar/21366
2024-12-15,2024-2025,Süper Lig,Mağusa Türk Gücü,Mesarya SK,3,1,H,0,0,21367,https://ktff.org/maclar/21367
2024-12-15,2024-2025,1. Lig,Kozanköy KSK,Vadili TÇBSK,5,1,H,0,0,21483,https://ktff.org/maclar/21483
2024-12-15,2024-2025,1. Lig,Mormenekşe GBSK,Çanakkale TSK,1,0,H,0,0,21485,https://ktff.org/maclar/21485
2024-12-15,2024-2025,1. Lig,Türk Ocağı Limasol SK,Hamitköy ŞHSK,2,0,H,0,0,21488,https://ktff.org/maclar/21488
2024-12-16,2024-2025,Süper Lig,Değirmenlik SK,Göçmenköy İYSK,3,0,H,0,0,21364,https://ktff.org/maclar/21364
2024-12-20,2024-2025,Süper Lig,Yenicami AK,Doğan Türk Birliği,2,3,A,0,0,21369,https://ktff.org/maclar/21369
2024-12-21,2024-2025,Süper Lig,Cihangir GSK,Esentepe KSKK,2,2,D,0,0,21370,https://ktff.org/maclar/21370
2024-12-21,2024-2025,Süper Lig,Karşıyaka SK,Değirmenlik SK,0,2,A,0,0,21372,https://ktff.org/maclar/21372
2024-12-21,2024-2025,Süper Lig,Göçmenköy İYSK,Gençlik Gücü TSK,0,3,A,0,0,21373,https://ktff.org/maclar/21373
2024-12-21,2024-2025,Süper Lig,Lefke TSK,Mağusa Türk Gücü,2,4,A,0,0,21375,https://ktff.org/maclar/21375
2024-12-21,2024-2025,1. Lig,Hamitköy ŞHSK,Küçük Kaymaklı TSK,3,1,H,0,0,21490,https://ktff.org/maclar/21490
2024-12-21,2024-2025,1. Lig,Geçitkale GSK,Kozanköy KSK,0,2,A,0,0,21491,https://ktff.org/maclar/21491
2024-12-21,2024-2025,1. Lig,Vadili TÇBSK,Maraş GSK,0,0,D,0,0,21492,https://ktff.org/maclar/21492
2024-12-21,2024-2025,1. Lig,Yeniboğaziçi DSK,Mormenekşe GBSK,0,1,A,0,0,21493,https://ktff.org/maclar/21493
2024-12-22,2024-2025,Süper Lig,L. Gençler Birliği SK,Alsancak Yeşilova SK,0,2,A,0,0,21374,https://ktff.org/maclar/21374
2024-12-22,2024-2025,Süper Lig,Mesarya SK,Çetinkaya TSK,2,2,D,0,0,21376,https://ktff.org/maclar/21376
2024-12-22,2024-2025,1. Lig,Lapta Türk Birliği SK,Yalova SK,0,1,A,0,0,21489,https://ktff.org/maclar/21489
2024-12-22,2024-2025,1. Lig,Çanakkale TSK,Dipkarpaz SK,0,3,A,0,0,21494,https://ktff.org/maclar/21494
2024-12-22,2024-2025,1. Lig,M. Hacıali Yılmazköy SK,Düzkaya KOSK,2,2,D,0,0,21495,https://ktff.org/maclar/21495
2024-12-22,2024-2025,1. Lig,Binatlı YSK,Türk Ocağı Limasol SK,0,1,A,0,0,21496,https://ktff.org/maclar/21496
2024-12-23,2024-2025,Süper Lig,Dumlupınar TSK,Gönyeli SK,4,2,H,0,0,21371,https://ktff.org/maclar/21371
2024-12-27,2024-2025,Süper Lig,Doğan Türk Birliği,Esentepe KSKK,3,1,H,0,0,21377,https://ktff.org/maclar/21377
2024-12-27,2024-2025,Süper Lig,Gençlik Gücü TSK,Karşıyaka SK,1,2,A,0,0,21380,https://ktff.org/maclar/21380
2024-12-28,2024-2025,Süper Lig,Alsancak Yeşilova SK,Göçmenköy İYSK,2,2,D,0,0,21381,https://ktff.org/maclar/21381
2024-12-28,2024-2025,Süper Lig,Mağusa Türk Gücü,L. Gençler Birliği SK,2,0,H,0,0,21382,https://ktff.org/maclar/21382
2024-12-28,2024-2025,Süper Lig,Çetinkaya TSK,Lefke TSK,5,0,H,0,0,21383,https://ktff.org/maclar/21383
2024-12-28,2024-2025,Süper Lig,Mesarya SK,Cihangir GSK,0,2,A,0,0,21384,https://ktff.org/maclar/21384
2024-12-28,2024-2025,1. Lig,Yalova SK,Küçük Kaymaklı TSK,1,5,A,0,0,21497,https://ktff.org/maclar/21497
2024-12-28,2024-2025,1. Lig,Düzkaya KOSK,Çanakkale TSK,2,1,H,0,0,21502,https://ktff.org/maclar/21502
2024-12-29,2024-2025,Süper Lig,Gönyeli SK,Yenicami AK,3,2,H,0,0,21378,https://ktff.org/maclar/21378
2024-12-29,2024-2025,Süper Lig,Değirmenlik SK,Dumlupınar TSK,1,0,H,0,0,21379,https://ktff.org/maclar/21379
2024-12-29,2024-2025,1. Lig,Kozanköy KSK,Lapta Türk Birliği SK,2,0,H,0,0,21498,https://ktff.org/maclar/21498
2024-12-29,2024-2025,1. Lig,Maraş GSK,Geçitkale GSK,1,1,D,0,0,21499,https://ktff.org/maclar/21499
2024-12-29,2024-2025,1. Lig,Mormenekşe GBSK,Vadili TÇBSK,1,0,H,0,0,21500,https://ktff.org/maclar/21500
2024-12-29,2024-2025,1. Lig,Türk Ocağı Limasol SK,M. Hacıali Yılmazköy SK,1,1,D,0,0,21503,https://ktff.org/maclar/21503
2024-12-29,2024-2025,1. Lig,Binatlı YSK,Hamitköy ŞHSK,0,1,A,0,0,21504,https://ktff.org/maclar/21504
2025-01-02,2024-2025,1. Lig,Dipkarpaz SK,Yeniboğaziçi DSK,2,4,A,0,0,21501,https://ktff.org/maclar/21501
2025-01-25,2024-2025,Süper Lig,Çetinkaya TSK,L. Gençler Birliği SK,2,3,A,0,0,22059,https://ktff.org/maclar/22059
2025-01-25,2024-2025,Süper Lig,Alsancak Yeşilova SK,Karşıyaka SK,1,1,D,0,0,22060,https://ktff.org/maclar/22060
2025-01-25,2024-2025,Süper Lig,Cihangir GSK,Doğan Türk Birliği,1,1,D,0,0,22061,https://ktff.org/maclar/22061
2025-01-25,2024-2025,Süper Lig,Mağusa Türk Gücü,Göçmenköy İYSK,2,2,D,0,0,22062,https://ktff.org/maclar/22062
2025-01-25,2024-2025,1. Lig,Kozanköy KSK,Küçük Kaymaklı TSK,2,1,H,0,0,22075,https://ktff.org/maclar/22075
2025-01-25,2024-2025,1. Lig,Hamitköy ŞHSK,Yalova SK,1,1,D,0,0,22076,https://ktff.org/maclar/22076
2025-01-25,2024-2025,1. Lig,Dipkarpaz SK,Vadili TÇBSK,2,0,H,0,0,22077,https://ktff.org/maclar/22077
2025-01-25,2024-2025,1. Lig,Binatlı YSK,M. Hacıali Yılmazköy SK,1,0,H,0,0,22078,https://ktff.org/maclar/22078
2025-01-26,2024-2025,Süper Lig,Değirmenlik SK,Yenicami AK,0,3,A,1,0,22063,https://ktff.org/maclar/22063
2025-01-26,2024-2025,Süper Lig,Gönyeli SK,Esentepe KSKK,3,3,D,0,0,22064,https://ktff.org/maclar/22064
2025-01-26,2024-2025,Süper Lig,Mesarya SK,Lefke TSK,0,1,A,0,0,22065,https://ktff.org/maclar/22065
2025-01-26,2024-2025,1. Lig,Düzkaya KOSK,Yeniboğaziçi DSK,2,1,H,0,0,22079,https://ktff.org/maclar/22079
2025-01-26,2024-2025,1. Lig,Maraş GSK,Lapta Türk Birliği SK,3,0,H,0,0,22080,https://ktff.org/maclar/22080
2025-01-26,2024-2025,1. Lig,Türk Ocağı Limasol SK,Çanakkale TSK,4,0,H,0,0,22081,https://ktff.org/maclar/22081
2025-01-26,2024-2025,1. Lig,Mormenekşe GBSK,Geçitkale GSK,1,0,H,0,0,22082,https://ktff.org/maclar/22082
2025-01-27,2024-2025,Süper Lig,Gençlik Gücü TSK,Dumlupınar TSK,2,0,H,0,0,22066,https://ktff.org/maclar/22066
2025-01-31,2024-2025,Süper Lig,L. Gençler Birliği SK,Mesarya SK,0,0,D,0,0,22067,https://ktff.org/maclar/22067
2025-02-01,2024-2025,Süper Lig,Karşıyaka SK,Mağusa Türk Gücü,1,6,A,0,0,22068,https://ktff.org/maclar/22068
2025-02-01,2024-2025,Süper Lig,Esentepe KSKK,Değirmenlik SK,3,0,H,1,0,22069,https://ktff.org/maclar/22069
2025-02-01,2024-2025,Süper Lig,Doğan Türk Birliği,Gönyeli SK,4,2,H,0,0,22070,https://ktff.org/maclar/22070
2025-02-01,2024-2025,Süper Lig,Göçmenköy İYSK,Çetinkaya TSK,1,4,A,0,0,22071,https://ktff.org/maclar/22071
2025-02-01,2024-2025,1. Lig,Yeniboğaziçi DSK,Türk Ocağı Limasol SK,0,1,A,0,0,22083,https://ktff.org/maclar/22083
2025-02-01,2024-2025,1. Lig,Çanakkale TSK,Binatlı YSK,1,4,A,0,0,22084,https://ktff.org/maclar/22084
2025-02-01,2024-2025,1. Lig,Yalova SK,Kozanköy KSK,4,1,H,0,0,22085,https://ktff.org/maclar/22085
2025-02-01,2024-2025,1. Lig,Küçük Kaymaklı TSK,Maraş GSK,6,1,H,0,0,22086,https://ktff.org/maclar/22086
2025-02-02,2024-2025,Süper Lig,Lefke TSK,Cihangir GSK,1,1,D,0,0,22072,https://ktff.org/maclar/22072
2025-02-02,2024-2025,Süper Lig,Dumlupınar TSK,Alsancak Yeşilova SK,0,1,A,0,0,22073,https://ktff.org/maclar/22073
2025-02-02,2024-2025,Süper Lig,Yenicami AK,Gençlik Gücü TSK,1,3,A,0,0,22074,https://ktff.org/maclar/22074
2025-02-02,2024-2025,1. Lig,Vadili TÇBSK,Düzkaya KOSK,0,0,D,0,0,22087,https://ktff.org/maclar/22087
2025-02-02,2024-2025,1. Lig,M. Hacıali Yılmazköy SK,Hamitköy ŞHSK,1,1,D,0,0,22088,https://ktff.org/maclar/22088
2025-02-02,2024-2025,1. Lig,Lapta Türk Birliği SK,Mormenekşe GBSK,1,0,H,0,0,22089,https://ktff.org/maclar/22089
2025-02-02,2024-2025,1. Lig,Geçitkale GSK,Dipkarpaz SK,1,0,H,0,0,22090,https://ktff.org/maclar/22090
2025-02-07,2024-2025,Süper Lig,Mağusa Türk Gücü,Dumlupınar TSK,1,0,H,0,0,22180,https://ktff.org/maclar/22180
2025-02-07,2024-2025,Süper Lig,Çetinkaya TSK,Karşıyaka SK,1,3,A,0,0,22181,https://ktff.org/maclar/22181
2025-02-08,2024-2025,Süper Lig,Lefke TSK,L. Gençler Birliği SK,3,0,H,0,0,22182,https://ktff.org/maclar/22182
2025-02-08,2024-2025,Süper Lig,Alsancak Yeşilova SK,Yenicami AK,3,2,H,0,0,22183,https://ktff.org/maclar/22183
2025-02-08,2024-2025,Süper Lig,Cihangir GSK,Gönyeli SK,2,0,H,0,0,22184,https://ktff.org/maclar/22184
2025-02-08,2024-2025,Süper Lig,Mesarya SK,Göçmenköy İYSK,2,0,H,0,0,22185,https://ktff.org/maclar/22185
2025-02-08,2024-2025,Süper Lig,Değirmenlik SK,Doğan Türk Birliği,0,3,A,1,0,22186,https://ktff.org/maclar/22186
2025-02-08,2024-2025,Süper Lig,Gençlik Gücü TSK,Esentepe KSKK,2,1,H,0,0,22187,https://ktff.org/maclar/22187
2025-02-08,2024-2025,1. Lig,Hamitköy ŞHSK,Kozanköy KSK,2,4,A,0,0,22188,https://ktff.org/maclar/22188
2025-02-08,2024-2025,1. Lig,Dipkarpaz SK,Lapta Türk Birliği SK,3,3,D,0,0,22189,https://ktff.org/maclar/22189
2025-02-08,2024-2025,1. Lig,Türk Ocağı Limasol SK,Vadili TÇBSK,0,0,D,0,0,22190,https://ktff.org/maclar/22190
2025-02-09,2024-2025,1. Lig,Binatlı YSK,Yeniboğaziçi DSK,1,2,A,0,0,22191,https://ktff.org/maclar/22191
2025-02-09,2024-2025,1. Lig,Mormenekşe GBSK,Küçük Kaymaklı TSK,0,0,D,0,0,22192,https://ktff.org/maclar/22192
2025-02-09,2024-2025,1. Lig,Maraş GSK,Yalova SK,1,2,A,0,0,22193,https://ktff.org/maclar/22193
2025-02-09,2024-2025,1. Lig,M. Hacıali Yılmazköy SK,Çanakkale TSK,6,0,H,0,0,22194,https://ktff.org/maclar/22194
2025-02-09,2024-2025,1. Lig,Düzkaya KOSK,Geçitkale GSK,0,1,A,0,0,22195,https://ktff.org/maclar/22195
2025-02-15,2024-2025,Süper Lig,Gönyeli SK,Değirmenlik SK,3,0,H,1,0,22196,https://ktff.org/maclar/22196
2025-02-15,2024-2025,Süper Lig,Esentepe KSKK,Alsancak Yeşilova SK,1,1,D,0,0,22197,https://ktff.org/maclar/22197
2025-02-15,2024-2025,1. Lig,Çanakkale TSK,Hamitköy ŞHSK,1,3,A,0,0,22204,https://ktff.org/maclar/22204
2025-02-15,2024-2025,1. Lig,Lapta Türk Birliği SK,Düzkaya KOSK,1,1,D,0,0,22205,https://ktff.org/maclar/22205
2025-02-15,2024-2025,1. Lig,Yalova SK,Mormenekşe GBSK,2,4,A,0,0,22206,https://ktff.org/maclar/22206
2025-02-15,2024-2025,1. Lig,Küçük Kaymaklı TSK,Dipkarpaz SK,4,2,H,0,0,22207,https://ktff.org/maclar/22207
2025-02-15,2024-2025,1. Lig,Vadili TÇBSK,Binatlı YSK,1,1,D,0,0,22209,https://ktff.org/maclar/22209
2025-02-15,2024-2025,1. Lig,Yeniboğaziçi DSK,M. Hacıali Yılmazköy SK,0,3,A,0,0,22211,https://ktff.org/maclar/22211
2025-02-16,2024-2025,Süper Lig,L. Gençler Birliği SK,Cihangir GSK,2,3,A,0,0,22198,https://ktff.org/maclar/22198
2025-02-16,2024-2025,Süper Lig,Karşıyaka SK,Mesarya SK,2,1,H,0,0,22200,https://ktff.org/maclar/22200
2025-02-16,2024-2025,Süper Lig,Dumlupınar TSK,Çetinkaya TSK,0,2,A,0,0,22202,https://ktff.org/maclar/22202
2025-02-16,2024-2025,Süper Lig,Yenicami AK,Mağusa Türk Gücü,3,5,A,0,0,22203,https://ktff.org/maclar/22203
2025-02-16,2024-2025,1. Lig,Geçitkale GSK,Türk Ocağı Limasol SK,1,0,H,0,0,22208,https://ktff.org/maclar/22208
2025-02-16,2024-2025,1. Lig,Kozanköy KSK,Maraş GSK,3,0,H,0,0,22210,https://ktff.org/maclar/22210
2025-02-17,2024-2025,Süper Lig,Göçmenköy İYSK,Lefke TSK,1,2,A,0,0,22199,https://ktff.org/maclar/22199
2025-02-17,2024-2025,Süper Lig,Doğan Türk Birliği,Gençlik Gücü TSK,3,0,H,0,0,22201,https://ktff.org/maclar/22201
2025-02-22,2024-2025,Süper Lig,Çetinkaya TSK,Yenicami AK,4,0,H,0,0,22254,https://ktff.org/maclar/22254
2025-02-22,2024-2025,Süper Lig,Mağusa Türk Gücü,Esentepe KSKK,5,0,H,0,0,22255,https://ktff.org/maclar/22255
2025-02-22,2024-2025,Süper Lig,Cihangir GSK,Değirmenlik SK,3,0,H,1,0,22256,https://ktff.org/maclar/22256
2025-02-22,2024-2025,Süper Lig,Mesarya SK,Dumlupınar TSK,0,2,A,0,0,22257,https://ktff.org/maclar/22257
2025-02-22,2024-2025,1. Lig,Düzkaya KOSK,Küçük Kaymaklı TSK,0,5,A,0,0,22318,https://ktff.org/maclar/22318
2025-02-22,2024-2025,1. Lig,Türk Ocağı Limasol SK,Lapta Türk Birliği SK,1,0,H,0,0,22319,https://ktff.org/maclar/22319
2025-02-22,2024-2025,1. Lig,Dipkarpaz SK,Yalova SK,1,2,A,0,0,22320,https://ktff.org/maclar/22320
2025-02-22,2024-2025,1. Lig,Hamitköy ŞHSK,Maraş GSK,3,0,H,0,0,22321,https://ktff.org/maclar/22321
2025-02-22,2024-2025,1. Lig,M. Hacıali Yılmazköy SK,Vadili TÇBSK,2,1,H,0,0,22322,https://ktff.org/maclar/22322
2025-02-23,2024-2025,Süper Lig,Alsancak Yeşilova SK,Doğan Türk Birliği,0,3,A,0,0,22258,https://ktff.org/maclar/22258
2025-02-23,2024-2025,Süper Lig,L. Gençler Birliği SK,Göçmenköy İYSK,0,2,A,0,0,22259,https://ktff.org/maclar/22259
2025-02-23,2024-2025,Süper Lig,Gençlik Gücü TSK,Gönyeli SK,2,2,D,0,0,22260,https://ktff.org/maclar/22260
2025-02-23,2024-2025,Süper Lig,Lefke TSK,Karşıyaka SK,3,1,H,0,0,22261,https://ktff.org/maclar/22261
2025-02-23,2024-2025,1. Lig,Çanakkale TSK,Yeniboğaziçi DSK,0,4,A,0,0,22323,https://ktff.org/maclar/22323
2025-02-23,2024-2025,1. Lig,Binatlı YSK,Geçitkale GSK,2,1,H,0,0,22324,https://ktff.org/maclar/22324
2025-02-23,2024-2025,1. Lig,Mormenekşe GBSK,Kozanköy KSK,1,0,H,0,0,22325,https://ktff.org/maclar/22325
2025-02-28,2024-2025,Süper Lig,Doğan Türk Birliği,Mağusa Türk Gücü,1,1,D,0,0,22262,https://ktff.org/maclar/22262
2025-02-28,2024-2025,Süper Lig,Göçmenköy İYSK,Cihangir GSK,0,4,A,0,0,22264,https://ktff.org/maclar/22264
2025-03-01,2024-2025,Süper Lig,Esentepe KSKK,Çetinkaya TSK,1,2,A,0,0,22263,https://ktff.org/maclar/22263
2025-03-01,2024-2025,Süper Lig,Karşıyaka SK,L. Gençler Birliği SK,1,1,D,0,0,22265,https://ktff.org/maclar/22265
2025-03-01,2024-2025,Süper Lig,Dumlupınar TSK,Lefke TSK,1,0,H,0,0,22266,https://ktff.org/maclar/22266
2025-03-01,2024-2025,Süper Lig,Yenicami AK,Mesarya SK,4,1,H,0,0,22267,https://ktff.org/maclar/22267
2025-03-01,2024-2025,Süper Lig,Gönyeli SK,Alsancak Yeşilova SK,2,3,A,0,0,22268,https://ktff.org/maclar/22268
2025-03-01,2024-2025,1. Lig,Yalova SK,Düzkaya KOSK,0,0,D,0,0,22326,https://ktff.org/maclar/22326
2025-03-01,2024-2025,1. Lig,Geçitkale GSK,M. Hacıali Yılmazköy SK,2,1,H,0,0,22328,https://ktff.org/maclar/22328
2025-03-01,2024-2025,1. Lig,Lapta Türk Birliği SK,Binatlı YSK,2,3,A,0,0,22329,https://ktff.org/maclar/22329
2025-03-02,2024-2025,1. Lig,Vadili TÇBSK,Çanakkale TSK,3,1,H,0,0,22327,https://ktff.org/maclar/22327
2025-03-02,2024-2025,1. Lig,Küçük Kaymaklı TSK,Türk Ocağı Limasol SK,0,1,A,0,0,22330,https://ktff.org/maclar/22330
2025-03-02,2024-2025,1. Lig,Yeniboğaziçi DSK,Hamitköy ŞHSK,2,1,H,0,0,22331,https://ktff.org/maclar/22331
2025-03-02,2024-2025,1. Lig,Maraş GSK,Mormenekşe GBSK,1,2,A,0,0,22332,https://ktff.org/maclar/22332
2025-03-02,2024-2025,1. Lig,Kozanköy KSK,Dipkarpaz SK,2,0,H,0,0,22333,https://ktff.org/maclar/22333
2025-03-07,2024-2025,Süper Lig,Çetinkaya TSK,Doğan Türk Birliği,1,2,A,0,0,22270,https://ktff.org/maclar/22270
2025-03-08,2024-2025,1. Lig,Binatlı YSK,Küçük Kaymaklı TSK,1,0,H,0,0,22334,https://ktff.org/maclar/22334
2025-03-08,2024-2025,1. Lig,Hamitköy ŞHSK,Mormenekşe GBSK,1,1,D,0,0,22335,https://ktff.org/maclar/22335
2025-03-08,2024-2025,1. Lig,Yeniboğaziçi DSK,Vadili TÇBSK,2,0,H,0,0,22336,https://ktff.org/maclar/22336
2025-03-08,2024-2025,1. Lig,Dipkarpaz SK,Maraş GSK,1,2,A,0,0,22337,https://ktff.org/maclar/22337
2025-03-08,2024-2025,1. Lig,Çanakkale TSK,Geçitkale GSK,1,2,A,0,0,22338,https://ktff.org/maclar/22338
2025-03-08,2024-2025,1. Lig,Düzkaya KOSK,Kozanköy KSK,3,2,H,0,0,22339,https://ktff.org/maclar/22339
2025-03-08,2024-2025,1. Lig,M. Hacıali Yılmazköy SK,Lapta Türk Birliği SK,3,1,H,0,0,22340,https://ktff.org/maclar/22340
2025-03-08,2024-2025,1. Lig,Türk Ocağı Limasol SK,Yalova SK,2,1,H,0,0,22341,https://ktff.org/maclar/22341
2025-03-09,2024-2025,Süper Lig,Lefke TSK,Yenicami AK,2,1,H,0,0,22272,https://ktff.org/maclar/22272
2025-03-09,2024-2025,Süper Lig,Mağusa Türk Gücü,Gönyeli SK,7,0,H,0,0,22273,https://ktff.org/maclar/22273
2025-03-09,2024-2025,Süper Lig,Mesarya SK,Esentepe KSKK,0,1,A,0,0,22274,https://ktff.org/maclar/22274
2025-03-09,2024-2025,Süper Lig,L. Gençler Birliği SK,Dumlupınar TSK,0,3,A,0,0,22275,https://ktff.org/maclar/22275
2025-03-09,2024-2025,Süper Lig,Cihangir GSK,Gençlik Gücü TSK,1,3,A,0,0,22276,https://ktff.org/maclar/22276
2025-03-09,2024-2025,Süper Lig,Göçmenköy İYSK,Karşıyaka SK,1,3,A,0,0,22277,https://ktff.org/maclar/22277
2025-03-14,2024-2025,Süper Lig,Doğan Türk Birliği,Mesarya SK,1,0,H,0,0,22279,https://ktff.org/maclar/22279
2025-03-15,2024-2025,Süper Lig,Karşıyaka SK,Cihangir GSK,1,2,A,0,0,22280,https://ktff.org/maclar/22280
2025-03-15,2024-2025,Süper Lig,Dumlupınar TSK,Göçmenköy İYSK,0,2,A,0,0,22281,https://ktff.org/maclar/22281
2025-03-15,2024-2025,Süper Lig,Yenicami AK,L. Gençler Birliği SK,2,1,H,0,0,22282,https://ktff.org/maclar/22282
2025-03-15,2024-2025,Süper Lig,Esentepe KSKK,Lefke TSK,0,1,A,0,0,22283,https://ktff.org/maclar/22283
2025-03-15,2024-2025,1. Lig,Kozanköy KSK,Türk Ocağı Limasol SK,1,1,D,0,0,22342,https://ktff.org/maclar/22342
2025-03-15,2024-2025,1. Lig,Geçitkale GSK,Yeniboğaziçi DSK,2,1,H,0,0,22343,https://ktff.org/maclar/22343
2025-03-15,2024-2025,1. Lig,Mormenekşe GBSK,Dipkarpaz SK,3,0,H,0,0,22344,https://ktff.org/maclar/22344
2025-03-16,2024-2025,Süper Lig,Gönyeli SK,Çetinkaya TSK,1,2,A,0,0,22284,https://ktff.org/maclar/22284
2025-03-16,2024-2025,Süper Lig,Gençlik Gücü TSK,Alsancak Yeşilova SK,2,0,H,0,0,22285,https://ktff.org/maclar/22285
2025-03-16,2024-2025,1. Lig,Vadili TÇBSK,Hamitköy ŞHSK,0,2,A,0,0,22345,https://ktff.org/maclar/22345
2025-03-16,2024-2025,1. Lig,Maraş GSK,Düzkaya KOSK,2,1,H,0,0,22346,https://ktff.org/maclar/22346
2025-03-16,2024-2025,1. Lig,Yalova SK,Binatlı YSK,0,4,A,0,0,22347,https://ktff.org/maclar/22347
2025-03-16,2024-2025,1. Lig,Lapta Türk Birliği SK,Çanakkale TSK,6,0,H,0,0,22348,https://ktff.org/maclar/22348
2025-03-16,2024-2025,1. Lig,Küçük Kaymaklı TSK,M. Hacıali Yılmazköy SK,0,1,A,0,0,22349,https://ktff.org/maclar/22349
2025-03-22,2024-2025,1. Lig,Çanakkale TSK,Küçük Kaymaklı TSK,0,6,A,0,0,22580,https://ktff.org/maclar/22580
2025-03-22,2024-2025,1. Lig,Yeniboğaziçi DSK,Lapta Türk Birliği SK,2,1,H,0,0,22581,https://ktff.org/maclar/22581
2025-03-22,2024-2025,1. Lig,M. Hacıali Yılmazköy SK,Yalova SK,4,1,H,0,0,22582,https://ktff.org/maclar/22582
2025-03-22,2024-2025,1. Lig,Düzkaya KOSK,Mormenekşe GBSK,1,1,D,0,0,22583,https://ktff.org/maclar/22583
2025-03-22,2024-2025,1. Lig,Türk Ocağı Limasol SK,Maraş GSK,2,0,H,0,0,22584,https://ktff.org/maclar/22584
2025-03-22,2024-2025,1. Lig,Vadili TÇBSK,Geçitkale GSK,1,1,D,0,0,22585,https://ktff.org/maclar/22585
2025-03-22,2024-2025,1. Lig,Hamitköy ŞHSK,Dipkarpaz SK,3,0,H,0,0,22586,https://ktff.org/maclar/22586
2025-03-22,2024-2025,1. Lig,Binatlı YSK,Kozanköy KSK,1,0,H,0,0,22587,https://ktff.org/maclar/22587
2025-03-23,2024-2025,Süper Lig,Göçmenköy İYSK,Yenicami AK,0,3,A,0,0,22548,https://ktff.org/maclar/22548
2025-03-23,2024-2025,Süper Lig,Mesarya SK,Gönyeli SK,3,0,H,0,0,22549,https://ktff.org/maclar/22549
2025-03-23,2024-2025,Süper Lig,L. Gençler Birliği SK,Esentepe KSKK,1,3,A,0,0,22550,https://ktff.org/maclar/22550
2025-03-23,2024-2025,Süper Lig,Lefke TSK,Doğan Türk Birliği,2,3,A,0,0,22551,https://ktff.org/maclar/22551
2025-03-23,2024-2025,Süper Lig,Cihangir GSK,Alsancak Yeşilova SK,2,2,D,0,0,22552,https://ktff.org/maclar/22552
2025-03-23,2024-2025,Süper Lig,Karşıyaka SK,Dumlupınar TSK,5,3,H,0,0,22553,https://ktff.org/maclar/22553
2025-03-23,2024-2025,Süper Lig,Mağusa Türk Gücü,Gençlik Gücü TSK,3,2,H,0,0,22554,https://ktff.org/maclar/22554
2025-03-28,2024-2025,Süper Lig,Dumlupınar TSK,Cihangir GSK,4,2,H,0,0,22556,https://ktff.org/maclar/22556
2025-03-28,2024-2025,Süper Lig,Doğan Türk Birliği,L. Gençler Birliği SK,5,1,H,0,0,22557,https://ktff.org/maclar/22557
2025-03-28,2024-2025,Süper Lig,Yenicami AK,Karşıyaka SK,4,1,H,0,0,22558,https://ktff.org/maclar/22558
2025-03-29,2024-2025,Süper Lig,Alsancak Yeşilova SK,Mağusa Türk Gücü,1,2,A,0,0,22559,https://ktff.org/maclar/22559
2025-03-29,2024-2025,Süper Lig,Gençlik Gücü TSK,Çetinkaya TSK,0,1,A,0,0,22560,https://ktff.org/maclar/22560
2025-03-29,2024-2025,Süper Lig,Esentepe KSKK,Göçmenköy İYSK,2,5,A,0,0,22561,https://ktff.org/maclar/22561
2025-03-29,2024-2025,Süper Lig,Gönyeli SK,Lefke TSK,1,0,H,0,0,22562,https://ktff.org/maclar/22562
2025-03-29,2024-2025,1. Lig,Mormenekşe GBSK,Türk Ocağı Limasol SK,2,1,H,0,0,22588,https://ktff.org/maclar/22588
2025-03-29,2024-2025,1. Lig,Küçük Kaymaklı TSK,Yeniboğaziçi DSK,0,1,A,0,0,22589,https://ktff.org/maclar/22589
2025-03-29,2024-2025,1. Lig,Geçitkale GSK,Hamitköy ŞHSK,3,1,H,0,0,22590,https://ktff.org/maclar/22590
2025-03-29,2024-2025,1. Lig,Dipkarpaz SK,Düzkaya KOSK,2,1,H,0,0,22591,https://ktff.org/maclar/22591
2025-03-29,2024-2025,1. Lig,Maraş GSK,Binatlı YSK,1,7,A,0,0,22592,https://ktff.org/maclar/22592
2025-03-29,2024-2025,1. Lig,Lapta Türk Birliği SK,Vadili TÇBSK,6,0,H,0,0,22593,https://ktff.org/maclar/22593
2025-03-29,2024-2025,1. Lig,Yalova SK,Çanakkale TSK,3,0,H,1,0,22594,https://ktff.org/maclar/22594
2025-03-29,2024-2025,1. Lig,Kozanköy KSK,M. Hacıali Yılmazköy SK,2,0,H,0,0,22595,https://ktff.org/maclar/22595
2025-04-05,2024-2025,Süper Lig,Dumlupınar TSK,Yenicami AK,3,1,H,0,0,22564,https://ktff.org/maclar/22564
2025-04-05,2024-2025,Süper Lig,Cihangir GSK,Mağusa Türk Gücü,1,2,A,0,0,22565,https://ktff.org/maclar/22565
2025-04-05,2024-2025,Süper Lig,Karşıyaka SK,Esentepe KSKK,1,0,H,0,0,22567,https://ktff.org/maclar/22567
2025-04-05,2024-2025,Süper Lig,Göçmenköy İYSK,Doğan Türk Birliği,0,1,A,0,0,22568,https://ktff.org/maclar/22568
2025-04-05,2024-2025,Süper Lig,Mesarya SK,Gençlik Gücü TSK,1,1,D,0,0,22570,https://ktff.org/maclar/22570
2025-04-05,2024-2025,1. Lig,Geçitkale GSK,Lapta Türk Birliği SK,3,3,D,0,0,22598,https://ktff.org/maclar/22598
2025-04-05,2024-2025,1. Lig,M. Hacıali Yılmazköy SK,Maraş GSK,1,3,A,0,0,22601,https://ktff.org/maclar/22601
2025-04-05,2024-2025,1. Lig,Çanakkale TSK,Kozanköy KSK,1,5,A,0,0,22603,https://ktff.org/maclar/22603
2025-04-06,2024-2025,Süper Lig,Çetinkaya TSK,Alsancak Yeşilova SK,0,3,A,0,0,22569,https://ktff.org/maclar/22569
2025-04-06,2024-2025,1. Lig,Vadili TÇBSK,Küçük Kaymaklı TSK,2,6,A,0,0,22596,https://ktff.org/maclar/22596
2025-04-06,2024-2025,1. Lig,Hamitköy ŞHSK,Düzkaya KOSK,4,2,H,0,0,22597,https://ktff.org/maclar/22597
2025-04-06,2024-2025,1. Lig,Yeniboğaziçi DSK,Yalova SK,3,0,H,0,0,22599,https://ktff.org/maclar/22599
2025-04-06,2024-2025,1. Lig,Binatlı YSK,Mormenekşe GBSK,3,2,H,0,0,22600,https://ktff.org/maclar/22600
2025-04-06,2024-2025,1. Lig,Türk Ocağı Limasol SK,Dipkarpaz SK,5,1,H,0,0,22602,https://ktff.org/maclar/22602
2025-04-07,2024-2025,Süper Lig,L. Gençler Birliği SK,Gönyeli SK,2,1,H,0,0,22566,https://ktff.org/maclar/22566
2025-04-11,2024-2025,Süper Lig,Yenicami AK,Cihangir GSK,2,3,A,0,0,22573,https://ktff.org/maclar/22573
2025-04-12,2024-2025,1. Lig,Düzkaya KOSK,Türk Ocağı Limasol SK,2,1,H,0,0,22604,https://ktff.org/maclar/22604
2025-04-12,2024-2025,1. Lig,Kozanköy KSK,Yeniboğaziçi DSK,1,0,H,0,0,22605,https://ktff.org/maclar/22605
2025-04-12,2024-2025,1. Lig,Lapta Türk Birliği SK,Hamitköy ŞHSK,0,0,D,0,0,22606,https://ktff.org/maclar/22606
2025-04-12,2024-2025,1. Lig,Yalova SK,Vadili TÇBSK,2,0,H,0,0,22608,https://ktff.org/maclar/22608
2025-04-12,2024-2025,1. Lig,Küçük Kaymaklı TSK,Geçitkale GSK,1,0,H,0,0,22610,https://ktff.org/maclar/22610
2025-04-12,2024-2025,1. Lig,Mormenekşe GBSK,M. Hacıali Yılmazköy SK,5,0,H,0,0,22611,https://ktff.org/maclar/22611
2025-04-13,2024-2025,Süper Lig,Mağusa Türk Gücü,Çetinkaya TSK,2,0,H,0,0,22572,https://ktff.org/maclar/22572
2025-04-13,2024-2025,Süper Lig,Gönyeli SK,Göçmenköy İYSK,0,1,A,0,0,22574,https://ktff.org/maclar/22574
2025-04-13,2024-2025,Süper Lig,Gençlik Gücü TSK,Lefke TSK,4,3,H,0,0,22576,https://ktff.org/maclar/22576
2025-04-13,2024-2025,Süper Lig,Alsancak Yeşilova SK,Mesarya SK,4,2,H,0,0,22577,https://ktff.org/maclar/22577
2025-04-13,2024-2025,Süper Lig,Esentepe KSKK,Dumlupınar TSK,2,0,H,0,0,22578,https://ktff.org/maclar/22578
2025-04-13,2024-2025,Süper Lig,Doğan Türk Birliği,Karşıyaka SK,4,1,H,0,0,22579,https://ktff.org/maclar/22579
2025-04-13,2024-2025,1. Lig,Dipkarpaz SK,Binatlı YSK,0,5,A,0,0,22607,https://ktff.org/maclar/22607
2025-04-13,2024-2025,1. Lig,Maraş GSK,Çanakkale TSK,7,0,H,0,0,22609,https://ktff.org/maclar/22609
2025-04-19,2024-2025,1. Lig,Geçitkale GSK,Yalova SK,4,0,H,0,0,22696,https://ktff.org/maclar/22696
2025-04-19,2024-2025,1. Lig,Lapta Türk Birliği SK,Küçük Kaymaklı TSK,2,3,A,0,0,22697,https://ktff.org/maclar/22697
2025-04-19,2024-2025,1. Lig,Vadili TÇBSK,Kozanköy KSK,0,7,A,0,0,22698,https://ktff.org/maclar/22698
2025-04-19,2024-2025,1. Lig,Yeniboğaziçi DSK,Maraş GSK,4,1,H,0,0,22699,https://ktff.org/maclar/22699
2025-04-19,2024-2025,1. Lig,Çanakkale TSK,Mormenekşe GBSK,0,7,A,0,0,22700,https://ktff.org/maclar/22700
2025-04-19,2024-2025,1. Lig,M. Hacıali Yılmazköy SK,Dipkarpaz SK,3,0,H,0,0,22701,https://ktff.org/maclar/22701
2025-04-19,2024-2025,1. Lig,Binatlı YSK,Düzkaya KOSK,0,0,D,0,0,22702,https://ktff.org/maclar/22702
2025-04-19,2024-2025,1. Lig,Hamitköy ŞHSK,Türk Ocağı Limasol SK,0,2,A,0,0,22703,https://ktff.org/maclar/22703
2025-04-20,2024-2025,Süper Lig,Dumlupınar TSK,Doğan Türk Birliği,1,4,A,0,0,22680,https://ktff.org/maclar/22680
2025-04-20,2024-2025,Süper Lig,Yenicami AK,Esentepe KSKK,1,1,D,0,0,22681,https://ktff.org/maclar/22681
2025-04-20,2024-2025,Süper Lig,Karşıyaka SK,Gönyeli SK,2,2,D,0,0,22682,https://ktff.org/maclar/22682
2025-04-20,2024-2025,Süper Lig,L. Gençler Birliği SK,Gençlik Gücü TSK,1,4,A,0,0,22683,https://ktff.org/maclar/22683
2025-04-20,2024-2025,Süper Lig,Lefke TSK,Alsancak Yeşilova SK,1,0,H,0,0,22684,https://ktff.org/maclar/22684
2025-04-20,2024-2025,Süper Lig,Mesarya SK,Mağusa Türk Gücü,2,2,D,0,0,22685,https://ktff.org/maclar/22685
2025-04-20,2024-2025,Süper Lig,Cihangir GSK,Çetinkaya TSK,4,1,H,0,0,22686,https://ktff.org/maclar/22686
2025-04-25,2024-2025,Süper Lig,Gençlik Gücü TSK,Göçmenköy İYSK,0,3,A,0,0,22688,https://ktff.org/maclar/22688
2025-04-26,2024-2025,Süper Lig,Doğan Türk Birliği,Yenicami AK,2,0,H,0,0,22689,https://ktff.org/maclar/22689
2025-04-26,2024-2025,Süper Lig,Esentepe KSKK,Cihangir GSK,1,0,H,0,0,22690,https://ktff.org/maclar/22690
2025-04-26,2024-2025,Süper Lig,Gönyeli SK,Dumlupınar TSK,1,0,H,0,0,22691,https://ktff.org/maclar/22691
2025-04-26,2024-2025,Süper Lig,Alsancak Yeşilova SK,L. Gençler Birliği SK,5,0,H,0,0,22692,https://ktff.org/maclar/22692
2025-04-26,2024-2025,Süper Lig,Mağusa Türk Gücü,Lefke TSK,3,1,H,0,0,22693,https://ktff.org/maclar/22693
2025-04-26,2024-2025,Süper Lig,Çetinkaya TSK,Mesarya SK,3,4,A,0,0,22694,https://ktff.org/maclar/22694
2025-04-27,2024-2025,1. Lig,Yalova SK,Lapta Türk Birliği SK,2,2,D,0,0,22704,https://ktff.org/maclar/22704
2025-04-27,2024-2025,1. Lig,Küçük Kaymaklı TSK,Hamitköy ŞHSK,2,0,H,0,0,22705,https://ktff.org/maclar/22705
2025-04-27,2024-2025,1. Lig,Kozanköy KSK,Geçitkale GSK,1,1,D,0,0,22706,https://ktff.org/maclar/22706
2025-04-27,2024-2025,1. Lig,Maraş GSK,Vadili TÇBSK,9,0,H,0,0,22707,https://ktff.org/maclar/22707
2025-04-27,2024-2025,1. Lig,Mormenekşe GBSK,Yeniboğaziçi DSK,0,4,A,0,0,22708,https://ktff.org/maclar/22708
2025-04-27,2024-2025,1. Lig,Dipkarpaz SK,Çanakkale TSK,8,0,H,0,0,22709,https://ktff.org/maclar/22709
2025-04-27,2024-2025,1. Lig,Düzkaya KOSK,M. Hacıali Yılmazköy SK,2,2,D,0,0,22710,https://ktff.org/maclar/22710
2025-04-27,2024-2025,1. Lig,Türk Ocağı Limasol SK,Binatlı YSK,1,1,D,0,0,22711,https://ktff.org/maclar/22711
2025-05-02,2024-2025,Süper Lig,Yenicami AK,Gönyeli SK,2,5,A,0,0,22726,https://ktff.org/maclar/22726
2025-05-03,2024-2025,Süper Lig,Esentepe KSKK,Doğan Türk Birliği,0,0,D,0,0,22720,https://ktff.org/maclar/22720
2025-05-03,2024-2025,Süper Lig,Karşıyaka SK,Gençlik Gücü TSK,1,3,A,0,0,22721,https://ktff.org/maclar/22721
2025-05-03,2024-2025,Süper Lig,L. Gençler Birliği SK,Mağusa Türk Gücü,3,8,A,0,0,22722,https://ktff.org/maclar/22722
2025-05-03,2024-2025,Süper Lig,Lefke TSK,Çetinkaya TSK,0,4,A,0,0,22723,https://ktff.org/maclar/22723
2025-05-03,2024-2025,Süper Lig,Göçmenköy İYSK,Alsancak Yeşilova SK,0,3,A,0,0,22724,https://ktff.org/maclar/22724
2025-05-03,2024-2025,Süper Lig,Cihangir GSK,Mesarya SK,5,2,H,0,0,22725,https://ktff.org/maclar/22725
2025-05-04,2024-2025,1. Lig,Çanakkale TSK,Düzkaya KOSK,0,5,A,1,0,22712,https://ktff.org/maclar/22712
2025-05-04,2024-2025,1. Lig,Küçük Kaymaklı TSK,Yalova SK,3,0,H,0,0,22713,https://ktff.org/maclar/22713
2025-05-04,2024-2025,1. Lig,M. Hacıali Yılmazköy SK,Türk Ocağı Limasol SK,0,2,A,0,0,22714,https://ktff.org/maclar/22714
2025-05-04,2024-2025,1. Lig,Hamitköy ŞHSK,Binatlı YSK,2,3,A,0,0,22715,https://ktff.org/maclar/22715
2025-05-04,2024-2025,1. Lig,Vadili TÇBSK,Mormenekşe GBSK,1,6,A,0,0,22716,https://ktff.org/maclar/22716
2025-05-04,2024-2025,1. Lig,Geçitkale GSK,Maraş GSK,1,3,A,0,0,22717,https://ktff.org/maclar/22717
2025-05-04,2024-2025,1. Lig,Lapta Türk Birliği SK,Kozanköy KSK,0,1,A,0,0,22718,https://ktff.org/maclar/22718
2025-05-04,2024-2025,1. Lig,Yeniboğaziçi DSK,Dipkarpaz SK,4,2,H,0,0,22719,https://ktff.org/maclar/22719
2025-09-18,2025-2026,Süper Lig,Doğan Türk Birliği,Çetinkaya TSK,5,4,H,0,0,23172,https://ktff.org/maclar/23172
2025-09-19,2025-2026,Süper Lig,Dumlupınar TSK,Yeniboğaziçi DSK,2,1,H,0,0,23173,https://ktff.org/maclar/23173
2025-09-20,2025-2026,Süper Lig,Karşıyaka SK,Esentepe KSKK,2,3,A,0,0,23167,https://ktff.org/maclar/23167
2025-09-20,2025-2026,Süper Lig,Mormenekşe GBSK,Mağusa Türk Gücü,3,2,H,0,0,23168,https://ktff.org/maclar/23168
2025-09-20,2025-2026,Süper Lig,Gençlik Gücü TSK,Küçük Kaymaklı TSK,2,2,D,0,0,23169,https://ktff.org/maclar/23169
2025-09-20,2025-2026,1. Lig,Binatlı YSK,Aslanköy GSD,1,1,D,0,0,23287,https://ktff.org/maclar/23287
2025-09-20,2025-2026,1. Lig,Kaplıca Karadeniz 61 SK,M. Hacıali Yılmazköy SK,1,2,A,0,0,23288,https://ktff.org/maclar/23288
2025-09-20,2025-2026,1. Lig,Kozanköy KSK,Geçitkale GSK,3,0,H,0,0,23289,https://ktff.org/maclar/23289
2025-09-20,2025-2026,1. Lig,Türk Ocağı Limasol SK,Hamitköy ŞHSK,1,3,A,0,0,23290,https://ktff.org/maclar/23290
2025-09-21,2025-2026,Süper Lig,Cihangir GSK,Alsancak Yeşilova SK,4,5,A,0,0,23170,https://ktff.org/maclar/23170
2025-09-21,2025-2026,Süper Lig,Lefke TSK,Mesarya SK,2,1,H,0,0,23171,https://ktff.org/maclar/23171
2025-09-21,2025-2026,1. Lig,Göçmenköy İYSK,Baf Ülkü Yurdu,0,1,A,0,0,23291,https://ktff.org/maclar/23291
2025-09-21,2025-2026,1. Lig,Düzkaya KOSK,Değirmenlik SK,0,0,D,0,0,23292,https://ktff.org/maclar/23292
2025-09-21,2025-2026,1. Lig,L. Gençler Birliği SK,Lapta Türk Birliği SK,0,1,A,0,0,23293,https://ktff.org/maclar/23293
2025-09-21,2025-2026,1. Lig,Maraş GSK,Yalova SK,2,1,H,0,0,23294,https://ktff.org/maclar/23294
2025-09-22,2025-2026,Süper Lig,Yenicami AK,Gönyeli SK,2,3,A,0,0,23174,https://ktff.org/maclar/23174
2025-09-26,2025-2026,Süper Lig,Çetinkaya TSK,Mormenekşe GBSK,3,0,H,0,0,23177,https://ktff.org/maclar/23177
2025-09-27,2025-2026,Süper Lig,Alsancak Yeşilova SK,Karşıyaka SK,3,3,D,0,0,23175,https://ktff.org/maclar/23175
2025-09-27,2025-2026,Süper Lig,Küçük Kaymaklı TSK,Doğan Türk Birliği,0,2,A,0,0,23178,https://ktff.org/maclar/23178
2025-09-27,2025-2026,Süper Lig,Esentepe KSKK,Lefke TSK,1,2,A,0,0,23182,https://ktff.org/maclar/23182
2025-09-27,2025-2026,1. Lig,Değirmenlik SK,Binatlı YSK,0,0,D,0,0,23296,https://ktff.org/maclar/23296
2025-09-27,2025-2026,1. Lig,M. Hacıali Yılmazköy SK,Maraş GSK,2,0,H,0,0,23299,https://ktff.org/maclar/23299
2025-09-27,2025-2026,1. Lig,Geçitkale GSK,Kaplıca Karadeniz 61 SK,1,2,A,0,0,23300,https://ktff.org/maclar/23300
2025-09-27,2025-2026,1. Lig,Baf Ülkü Yurdu,Türk Ocağı Limasol SK,1,1,D,0,0,23302,https://ktff.org/maclar/23302
2025-09-28,2025-2026,Süper Lig,Gönyeli SK,Gençlik Gücü TSK,0,4,A,0,0,23179,https://ktff.org/maclar/23179
2025-09-28,2025-2026,Süper Lig,Yeniboğaziçi DSK,Yenicami AK,2,2,D,0,0,23180,https://ktff.org/maclar/23180
2025-09-28,2025-2026,Süper Lig,Mesarya SK,Dumlupınar TSK,1,2,A,0,0,23181,https://ktff.org/maclar/23181
2025-09-28,2025-2026,1. Lig,Aslanköy GSD,Göçmenköy İYSK,6,1,H,0,0,23295,https://ktff.org/maclar/23295
2025-09-28,2025-2026,1. Lig,Lapta Türk Birliği SK,Düzkaya KOSK,1,0,H,0,0,23297,https://ktff.org/maclar/23297
2025-09-28,2025-2026,1. Lig,Yalova SK,L. Gençler Birliği SK,1,1,D,0,0,23298,https://ktff.org/maclar/23298
2025-09-28,2025-2026,1. Lig,Hamitköy ŞHSK,Kozanköy KSK,1,3,A,0,0,23301,https://ktff.org/maclar/23301
2025-09-29,2025-2026,Süper Lig,Mağusa Türk Gücü,Cihangir GSK,2,5,A,0,0,23176,https://ktff.org/maclar/23176
2025-10-03,2025-2026,Süper Lig,Gençlik Gücü TSK,Yeniboğaziçi DSK,5,0,H,0,0,23187,https://ktff.org/maclar/23187
2025-10-04,2025-2026,Süper Lig,Yenicami AK,Mesarya SK,4,1,H,0,0,23188,https://ktff.org/maclar/23188
2025-10-04,2025-2026,Süper Lig,Dumlupınar TSK,Lefke TSK,5,0,H,0,0,23189,https://ktff.org/maclar/23189
2025-10-04,2025-2026,Süper Lig,Alsancak Yeşilova SK,Esentepe KSKK,3,3,D,0,0,23190,https://ktff.org/maclar/23190
2025-10-04,2025-2026,1. Lig,Binatlı YSK,Lapta Türk Birliği SK,0,0,D,0,0,23304,https://ktff.org/maclar/23304
2025-10-04,2025-2026,1. Lig,Düzkaya KOSK,Yalova SK,2,2,D,0,0,23305,https://ktff.org/maclar/23305
2025-10-04,2025-2026,1. Lig,L. Gençler Birliği SK,M. Hacıali Yılmazköy SK,2,1,H,0,0,23306,https://ktff.org/maclar/23306
2025-10-04,2025-2026,1. Lig,Aslanköy GSD,Baf Ülkü Yurdu,0,0,D,0,0,23310,https://ktff.org/maclar/23310
2025-10-05,2025-2026,Süper Lig,Karşıyaka SK,Mağusa Türk Gücü,2,6,A,0,0,23183,https://ktff.org/maclar/23183
2025-10-05,2025-2026,Süper Lig,Cihangir GSK,Çetinkaya TSK,4,3,H,0,0,23184,https://ktff.org/maclar/23184
2025-10-05,2025-2026,Süper Lig,Mormenekşe GBSK,Küçük Kaymaklı TSK,1,5,A,0,0,23185,https://ktff.org/maclar/23185
2025-10-05,2025-2026,1. Lig,Göçmenköy İYSK,Değirmenlik SK,1,3,A,0,0,23303,https://ktff.org/maclar/23303
2025-10-05,2025-2026,1. Lig,Maraş GSK,Geçitkale GSK,1,1,D,0,0,23307,https://ktff.org/maclar/23307
2025-10-05,2025-2026,1. Lig,Kaplıca Karadeniz 61 SK,Hamitköy ŞHSK,0,1,A,0,0,23308,https://ktff.org/maclar/23308
2025-10-05,2025-2026,1. Lig,Kozanköy KSK,Türk Ocağı Limasol SK,2,1,H,0,0,23309,https://ktff.org/maclar/23309
2025-10-06,2025-2026,Süper Lig,Doğan Türk Birliği,Gönyeli SK,4,1,H,0,0,23186,https://ktff.org/maclar/23186
2025-10-10,2025-2026,Süper Lig,Lefke TSK,Yenicami AK,1,0,H,0,0,23196,https://ktff.org/maclar/23196
2025-10-11,2025-2026,Süper Lig,Küçük Kaymaklı TSK,Cihangir GSK,0,1,A,0,0,23192,https://ktff.org/maclar/23192
2025-10-11,2025-2026,Süper Lig,Mesarya SK,Gençlik Gücü TSK,0,4,A,0,0,23195,https://ktff.org/maclar/23195
2025-10-11,2025-2026,Süper Lig,Esentepe KSKK,Dumlupınar TSK,0,1,A,0,0,23197,https://ktff.org/maclar/23197
2025-10-11,2025-2026,1. Lig,Lapta Türk Birliği SK,Göçmenköy İYSK,0,0,D,0,0,23311,https://ktff.org/maclar/23311
2025-10-11,2025-2026,1. Lig,M. Hacıali Yılmazköy SK,Düzkaya KOSK,0,0,D,0,0,23313,https://ktff.org/maclar/23313
2025-10-11,2025-2026,1. Lig,Baf Ülkü Yurdu,Kozanköy KSK,4,1,H,0,0,23317,https://ktff.org/maclar/23317
2025-10-11,2025-2026,1. Lig,Değirmenlik SK,Aslanköy GSD,0,2,A,0,0,23318,https://ktff.org/maclar/23318
2025-10-12,2025-2026,Süper Lig,Çetinkaya TSK,Karşıyaka SK,2,2,D,0,0,23191,https://ktff.org/maclar/23191
2025-10-12,2025-2026,Süper Lig,Gönyeli SK,Mormenekşe GBSK,2,1,H,0,0,23193,https://ktff.org/maclar/23193
2025-10-12,2025-2026,Süper Lig,Yeniboğaziçi DSK,Doğan Türk Birliği,0,3,A,0,0,23194,https://ktff.org/maclar/23194
2025-10-12,2025-2026,1. Lig,Yalova SK,Binatlı YSK,1,0,H,0,0,23312,https://ktff.org/maclar/23312
2025-10-12,2025-2026,1. Lig,Geçitkale GSK,L. Gençler Birliği SK,0,1,A,0,0,23314,https://ktff.org/maclar/23314
2025-10-12,2025-2026,1. Lig,Hamitköy ŞHSK,Maraş GSK,2,1,H,0,0,23315,https://ktff.org/maclar/23315
2025-10-12,2025-2026,1. Lig,Türk Ocağı Limasol SK,Kaplıca Karadeniz 61 SK,2,0,H,0,0,23316,https://ktff.org/maclar/23316
2025-10-13,2025-2026,Süper Lig,Mağusa Türk Gücü,Alsancak Yeşilova SK,2,1,H,0,0,23198,https://ktff.org/maclar/23198
2025-10-17,2025-2026,Süper Lig,Doğan Türk Birliği,Mesarya SK,2,1,H,0,0,23202,https://ktff.org/maclar/23202
2025-10-17,2025-2026,Süper Lig,Gençlik Gücü TSK,Lefke TSK,2,0,H,0,0,23203,https://ktff.org/maclar/23203
2025-10-17,2025-2026,Süper Lig,Yenicami AK,Dumlupınar TSK,1,1,D,0,0,23204,https://ktff.org/maclar/23204
2025-10-17,2025-2026,1. Lig,Binatlı YSK,M. Hacıali Yılmazköy SK,1,1,D,0,0,23320,https://ktff.org/maclar/23320
2025-10-17,2025-2026,1. Lig,L. Gençler Birliği SK,Hamitköy ŞHSK,3,1,H,0,0,23322,https://ktff.org/maclar/23322
2025-10-17,2025-2026,1. Lig,Değirmenlik SK,Baf Ülkü Yurdu,0,4,A,0,0,23326,https://ktff.org/maclar/23326
2025-10-18,2025-2026,Süper Lig,Karşıyaka SK,Küçük Kaymaklı TSK,0,3,A,0,0,23199,https://ktff.org/maclar/23199
2025-10-18,2025-2026,Süper Lig,Cihangir GSK,Gönyeli SK,4,0,H,0,0,23200,https://ktff.org/maclar/23200
2025-10-18,2025-2026,Süper Lig,Mormenekşe GBSK,Yeniboğaziçi DSK,2,1,H,0,0,23201,https://ktff.org/maclar/23201
2025-10-18,2025-2026,Süper Lig,Alsancak Yeşilova SK,Çetinkaya TSK,1,4,A,0,0,23205,https://ktff.org/maclar/23205
2025-10-18,2025-2026,Süper Lig,Mağusa Türk Gücü,Esentepe KSKK,2,2,D,0,0,23206,https://ktff.org/maclar/23206
2025-10-18,2025-2026,1. Lig,Göçmenköy İYSK,Yalova SK,1,0,H,0,0,23319,https://ktff.org/maclar/23319
2025-10-18,2025-2026,1. Lig,Düzkaya KOSK,Geçitkale GSK,4,0,H,0,0,23321,https://ktff.org/maclar/23321
2025-10-18,2025-2026,1. Lig,Maraş GSK,Türk Ocağı Limasol SK,1,1,D,0,0,23323,https://ktff.org/maclar/23323
2025-10-18,2025-2026,1. Lig,Kaplıca Karadeniz 61 SK,Kozanköy KSK,0,1,A,0,0,23324,https://ktff.org/maclar/23324
2025-10-18,2025-2026,1. Lig,Aslanköy GSD,Lapta Türk Birliği SK,0,0,D,0,0,23325,https://ktff.org/maclar/23325
2025-10-24,2025-2026,Süper Lig,Lefke TSK,Doğan Türk Birliği,2,2,D,0,0,23210,https://ktff.org/maclar/23210
2025-10-25,2025-2026,Süper Lig,Gönyeli SK,Karşıyaka SK,4,4,D,0,0,23207,https://ktff.org/maclar/23207
2025-10-25,2025-2026,Süper Lig,Esentepe KSKK,Yenicami AK,2,2,D,0,0,23212,https://ktff.org/maclar/23212
2025-10-25,2025-2026,Süper Lig,Çetinkaya TSK,Mağusa Türk Gücü,1,0,H,0,0,23214,https://ktff.org/maclar/23214
2025-10-25,2025-2026,1. Lig,Hamitköy ŞHSK,Düzkaya KOSK,1,2,A,0,0,23329,https://ktff.org/maclar/23329
2025-10-25,2025-2026,1. Lig,Türk Ocağı Limasol SK,L. Gençler Birliği SK,1,1,D,0,0,23330,https://ktff.org/maclar/23330
2025-10-25,2025-2026,1. Lig,Kozanköy KSK,Maraş GSK,2,1,H,0,0,23331,https://ktff.org/maclar/23331
2025-10-25,2025-2026,1. Lig,Baf Ülkü Yurdu,Kaplıca Karadeniz 61 SK,4,2,H,0,0,23332,https://ktff.org/maclar/23332
2025-10-26,2025-2026,Süper Lig,Yeniboğaziçi DSK,Cihangir GSK,1,3,A,0,0,23208,https://ktff.org/maclar/23208
2025-10-26,2025-2026,Süper Lig,Mesarya SK,Mormenekşe GBSK,3,5,A,0,0,23209,https://ktff.org/maclar/23209
2025-10-26,2025-2026,Süper Lig,Küçük Kaymaklı TSK,Alsancak Yeşilova SK,3,1,H,0,0,23213,https://ktff.org/maclar/23213
2025-10-26,2025-2026,1. Lig,M. Hacıali Yılmazköy SK,Göçmenköy İYSK,2,1,H,0,0,23327,https://ktff.org/maclar/23327
2025-10-26,2025-2026,1. Lig,Geçitkale GSK,Binatlı YSK,3,2,H,0,0,23328,https://ktff.org/maclar/23328
2025-10-26,2025-2026,1. Lig,Yalova SK,Aslanköy GSD,0,3,A,0,0,23333,https://ktff.org/maclar/23333
2025-10-26,2025-2026,1. Lig,Lapta Türk Birliği SK,Değirmenlik SK,2,0,H,0,0,23334,https://ktff.org/maclar/23334
2025-10-27,2025-2026,Süper Lig,Dumlupınar TSK,Gençlik Gücü TSK,1,2,A,0,0,23211,https://ktff.org/maclar/23211
2025-11-01,2025-2026,Süper Lig,Cihangir GSK,Mesarya SK,4,1,H,0,0,23216,https://ktff.org/maclar/23216
2025-11-01,2025-2026,Süper Lig,Mormenekşe GBSK,Lefke TSK,1,1,D,0,0,23217,https://ktff.org/maclar/23217
2025-11-01,2025-2026,Süper Lig,Alsancak Yeşilova SK,Gönyeli SK,1,1,D,0,0,23220,https://ktff.org/maclar/23220
2025-11-01,2025-2026,Süper Lig,Çetinkaya TSK,Esentepe KSKK,1,3,A,0,0,23222,https://ktff.org/maclar/23222
2025-11-01,2025-2026,1. Lig,Göçmenköy İYSK,Geçitkale GSK,1,2,A,0,0,23335,https://ktff.org/maclar/23335
2025-11-01,2025-2026,1. Lig,L. Gençler Birliği SK,Kozanköy KSK,1,1,D,0,0,23338,https://ktff.org/maclar/23338
2025-11-01,2025-2026,1. Lig,Maraş GSK,Kaplıca Karadeniz 61 SK,7,0,H,0,0,23339,https://ktff.org/maclar/23339
2025-11-01,2025-2026,1. Lig,Aslanköy GSD,M. Hacıali Yılmazköy SK,5,0,H,0,0,23340,https://ktff.org/maclar/23340
2025-11-02,2025-2026,Süper Lig,Karşıyaka SK,Yeniboğaziçi DSK,6,3,H,0,0,23215,https://ktff.org/maclar/23215
2025-11-02,2025-2026,Süper Lig,Gençlik Gücü TSK,Yenicami AK,2,2,D,0,0,23219,https://ktff.org/maclar/23219
2025-11-02,2025-2026,Süper Lig,Mağusa Türk Gücü,Küçük Kaymaklı TSK,0,0,D,0,0,23221,https://ktff.org/maclar/23221
2025-11-02,2025-2026,1. Lig,Binatlı YSK,Hamitköy ŞHSK,1,1,D,0,0,23336,https://ktff.org/maclar/23336
2025-11-02,2025-2026,1. Lig,Düzkaya KOSK,Türk Ocağı Limasol SK,2,0,H,0,0,23337,https://ktff.org/maclar/23337
2025-11-02,2025-2026,1. Lig,Değirmenlik SK,Yalova SK,2,2,D,0,0,23341,https://ktff.org/maclar/23341
2025-11-02,2025-2026,1. Lig,Lapta Türk Birliği SK,Baf Ülkü Yurdu,0,3,A,0,0,23342,https://ktff.org/maclar/23342
2025-11-03,2025-2026,Süper Lig,Doğan Türk Birliği,Dumlupınar TSK,2,1,H,0,0,23218,https://ktff.org/maclar/23218
2025-11-08,2025-2026,Süper Lig,Mesarya SK,Karşıyaka SK,0,2,A,0,0,23223,https://ktff.org/maclar/23223
2025-11-08,2025-2026,Süper Lig,Yeniboğaziçi DSK,Alsancak Yeşilova SK,1,2,A,0,0,23228,https://ktff.org/maclar/23228
2025-11-08,2025-2026,Süper Lig,Gönyeli SK,Mağusa Türk Gücü,0,1,A,0,0,23229,https://ktff.org/maclar/23229
2025-11-08,2025-2026,Süper Lig,Küçük Kaymaklı TSK,Çetinkaya TSK,1,2,A,0,0,23230,https://ktff.org/maclar/23230
2025-11-08,2025-2026,1. Lig,Türk Ocağı Limasol SK,Binatlı YSK,0,3,A,1,0,23344,https://ktff.org/maclar/23344
2025-11-08,2025-2026,1. Lig,Kozanköy KSK,Düzkaya KOSK,2,1,H,0,0,23345,https://ktff.org/maclar/23345
2025-11-08,2025-2026,1. Lig,Kaplıca Karadeniz 61 SK,L. Gençler Birliği SK,2,4,A,0,0,23346,https://ktff.org/maclar/23346
2025-11-08,2025-2026,1. Lig,Yalova SK,Lapta Türk Birliği SK,0,0,D,0,0,23350,https://ktff.org/maclar/23350
2025-11-09,2025-2026,Süper Lig,Lefke TSK,Cihangir GSK,0,1,A,0,0,23224,https://ktff.org/maclar/23224
2025-11-09,2025-2026,Süper Lig,Dumlupınar TSK,Mormenekşe GBSK,4,1,H,0,0,23225,https://ktff.org/maclar/23225
2025-11-09,2025-2026,Süper Lig,Yenicami AK,Doğan Türk Birliği,2,2,D,0,0,23226,https://ktff.org/maclar/23226
2025-11-09,2025-2026,Süper Lig,Esentepe KSKK,Gençlik Gücü TSK,1,3,A,0,0,23227,https://ktff.org/maclar/23227
2025-11-09,2025-2026,1. Lig,Hamitköy ŞHSK,Göçmenköy İYSK,1,4,A,0,0,23343,https://ktff.org/maclar/23343
2025-11-09,2025-2026,1. Lig,Baf Ülkü Yurdu,Maraş GSK,2,5,A,0,0,23347,https://ktff.org/maclar/23347
2025-11-09,2025-2026,1. Lig,Geçitkale GSK,Aslanköy GSD,1,3,A,0,0,23348,https://ktff.org/maclar/23348
2025-11-09,2025-2026,1. Lig,M. Hacıali Yılmazköy SK,Değirmenlik SK,2,1,H,0,0,23349,https://ktff.org/maclar/23349
2025-11-14,2025-2026,Süper Lig,Doğan Türk Birliği,Gençlik Gücü TSK,1,1,D,0,0,23234,https://ktff.org/maclar/23234
2025-11-15,2025-2026,Süper Lig,Karşıyaka SK,Lefke TSK,1,1,D,0,0,23231,https://ktff.org/maclar/23231
2025-11-15,2025-2026,Süper Lig,Cihangir GSK,Dumlupınar TSK,3,1,H,0,0,23232,https://ktff.org/maclar/23232
2025-11-15,2025-2026,Süper Lig,Mağusa Türk Gücü,Yeniboğaziçi DSK,3,2,H,0,0,23236,https://ktff.org/maclar/23236
2025-11-15,2025-2026,Süper Lig,Çetinkaya TSK,Gönyeli SK,1,2,A,0,0,23237,https://ktff.org/maclar/23237
2025-11-15,2025-2026,1. Lig,Göçmenköy İYSK,Türk Ocağı Limasol SK,3,0,H,0,0,23351,https://ktff.org/maclar/23351
2025-11-15,2025-2026,1. Lig,L. Gençler Birliği SK,Maraş GSK,2,3,A,0,0,23354,https://ktff.org/maclar/23354
2025-11-15,2025-2026,1. Lig,Lapta Türk Birliği SK,M. Hacıali Yılmazköy SK,0,1,A,0,0,23357,https://ktff.org/maclar/23357
2025-11-15,2025-2026,1. Lig,Yalova SK,Baf Ülkü Yurdu,0,2,A,0,0,23358,https://ktff.org/maclar/23358
2025-11-16,2025-2026,Süper Lig,Mormenekşe GBSK,Yenicami AK,0,2,A,0,0,23233,https://ktff.org/maclar/23233
2025-11-16,2025-2026,Süper Lig,Alsancak Yeşilova SK,Mesarya SK,3,2,H,0,0,23235,https://ktff.org/maclar/23235
2025-11-16,2025-2026,Süper Lig,Küçük Kaymaklı TSK,Esentepe KSKK,0,2,A,0,0,23238,https://ktff.org/maclar/23238
2025-11-16,2025-2026,1. Lig,Binatlı YSK,Kozanköy KSK,1,2,A,0,0,23352,https://ktff.org/maclar/23352
2025-11-16,2025-2026,1. Lig,Düzkaya KOSK,Kaplıca Karadeniz 61 SK,6,2,H,0,0,23353,https://ktff.org/maclar/23353
2025-11-16,2025-2026,1. Lig,Aslanköy GSD,Hamitköy ŞHSK,1,1,D,0,0,23355,https://ktff.org/maclar/23355
2025-11-16,2025-2026,1. Lig,Değirmenlik SK,Geçitkale GSK,2,0,H,0,0,23356,https://ktff.org/maclar/23356
2025-11-22,2025-2026,Süper Lig,Dumlupınar TSK,Karşıyaka SK,7,2,H,0,0,23239,https://ktff.org/maclar/23239
2025-11-22,2025-2026,Süper Lig,Gençlik Gücü TSK,Mormenekşe GBSK,3,1,H,0,0,23241,https://ktff.org/maclar/23241
2025-11-22,2025-2026,Süper Lig,Lefke TSK,Alsancak Yeşilova SK,1,2,A,0,0,23243,https://ktff.org/maclar/23243
2025-11-22,2025-2026,Süper Lig,Mesarya SK,Mağusa Türk Gücü,0,0,D,0,0,23244,https://ktff.org/maclar/23244
2025-11-22,2025-2026,1. Lig,Kozanköy KSK,Göçmenköy İYSK,2,0,H,0,0,23359,https://ktff.org/maclar/23359
2025-11-22,2025-2026,1. Lig,Hamitköy ŞHSK,Değirmenlik SK,1,3,A,0,0,23364,https://ktff.org/maclar/23364
2025-11-22,2025-2026,1. Lig,Geçitkale GSK,Lapta Türk Birliği SK,1,2,A,0,0,23365,https://ktff.org/maclar/23365
2025-11-22,2025-2026,1. Lig,M. Hacıali Yılmazköy SK,Yalova SK,0,0,D,0,0,23366,https://ktff.org/maclar/23366
2025-11-23,2025-2026,Süper Lig,Yenicami AK,Cihangir GSK,1,4,A,0,0,23240,https://ktff.org/maclar/23240
2025-11-23,2025-2026,Süper Lig,Esentepe KSKK,Doğan Türk Birliği,1,1,D,0,0,23242,https://ktff.org/maclar/23242
2025-11-23,2025-2026,Süper Lig,Yeniboğaziçi DSK,Çetinkaya TSK,1,1,D,0,0,23245,https://ktff.org/maclar/23245
2025-11-23,2025-2026,Süper Lig,Gönyeli SK,Küçük Kaymaklı TSK,1,1,D,0,0,23246,https://ktff.org/maclar/23246
2025-11-23,2025-2026,1. Lig,Kaplıca Karadeniz 61 SK,Binatlı YSK,2,1,H,0,0,23360,https://ktff.org/maclar/23360
2025-11-23,2025-2026,1. Lig,Maraş GSK,Düzkaya KOSK,2,3,A,0,0,23361,https://ktff.org/maclar/23361
2025-11-23,2025-2026,1. Lig,Baf Ülkü Yurdu,L. Gençler Birliği SK,1,4,A,0,0,23362,https://ktff.org/maclar/23362
2025-11-23,2025-2026,1. Lig,Türk Ocağı Limasol SK,Aslanköy GSD,2,1,H,0,0,23363,https://ktff.org/maclar/23363
2025-11-29,2025-2026,Süper Lig,Karşıyaka SK,Yenicami AK,2,1,H,0,0,23247,https://ktff.org/maclar/23247
2025-11-29,2025-2026,Süper Lig,Cihangir GSK,Gençlik Gücü TSK,1,1,D,0,0,23248,https://ktff.org/maclar/23248
2025-11-29,2025-2026,Süper Lig,Mormenekşe GBSK,Doğan Türk Birliği,2,4,A,0,0,23249,https://ktff.org/maclar/23249
2025-11-29,2025-2026,Süper Lig,Çetinkaya TSK,Mesarya SK,2,2,D,0,0,23252,https://ktff.org/maclar/23252
2025-11-29,2025-2026,1. Lig,Binatlı YSK,Maraş GSK,3,1,H,0,0,23368,https://ktff.org/maclar/23368
2025-11-29,2025-2026,1. Lig,Düzkaya KOSK,L. Gençler Birliği SK,3,3,D,0,0,23369,https://ktff.org/maclar/23369
2025-11-29,2025-2026,1. Lig,Aslanköy GSD,Kozanköy KSK,2,1,H,0,0,23370,https://ktff.org/maclar/23370
2025-11-29,2025-2026,1. Lig,M. Hacıali Yılmazköy SK,Baf Ülkü Yurdu,1,3,A,0,0,23374,https://ktff.org/maclar/23374
2025-11-30,2025-2026,Süper Lig,Alsancak Yeşilova SK,Dumlupınar TSK,2,0,H,0,0,23250,https://ktff.org/maclar/23250
2025-11-30,2025-2026,Süper Lig,Mağusa Türk Gücü,Lefke TSK,3,0,H,0,0,23251,https://ktff.org/maclar/23251
2025-11-30,2025-2026,Süper Lig,Küçük Kaymaklı TSK,Yeniboğaziçi DSK,0,0,D,0,0,23253,https://ktff.org/maclar/23253
2025-11-30,2025-2026,Süper Lig,Gönyeli SK,Esentepe KSKK,0,0,D,0,0,23254,https://ktff.org/maclar/23254
2025-11-30,2025-2026,1. Lig,Göçmenköy İYSK,Kaplıca Karadeniz 61 SK,1,2,A,0,0,23367,https://ktff.org/maclar/23367
2025-11-30,2025-2026,1. Lig,Değirmenlik SK,Türk Ocağı Limasol SK,1,2,A,0,0,23371,https://ktff.org/maclar/23371
2025-11-30,2025-2026,1. Lig,Lapta Türk Birliği SK,Hamitköy ŞHSK,2,0,H,0,0,23372,https://ktff.org/maclar/23372
2025-11-30,2025-2026,1. Lig,Yalova SK,Geçitkale GSK,0,0,D,0,0,23373,https://ktff.org/maclar/23373
2025-12-05,2025-2026,Süper Lig,Doğan Türk Birliği,Cihangir GSK,1,1,D,0,0,23256,https://ktff.org/maclar/23256
2025-12-06,2025-2026,Süper Lig,Esentepe KSKK,Mormenekşe GBSK,5,0,H,0,0,23257,https://ktff.org/maclar/23257
2025-12-06,2025-2026,Süper Lig,Yenicami AK,Alsancak Yeşilova SK,3,2,H,0,0,23258,https://ktff.org/maclar/23258
2025-12-06,2025-2026,Süper Lig,Mesarya SK,Küçük Kaymaklı TSK,4,6,A,0,0,23261,https://ktff.org/maclar/23261
2025-12-06,2025-2026,1. Lig,Maraş GSK,Göçmenköy İYSK,3,2,H,0,0,23375,https://ktff.org/maclar/23375
2025-12-06,2025-2026,1. Lig,L. Gençler Birliği SK,Binatlı YSK,4,0,H,0,0,23376,https://ktff.org/maclar/23376
2025-12-06,2025-2026,1. Lig,Kozanköy KSK,Değirmenlik SK,1,2,A,0,0,23379,https://ktff.org/maclar/23379
2025-12-06,2025-2026,1. Lig,Hamitköy ŞHSK,Yalova SK,1,3,A,0,0,23381,https://ktff.org/maclar/23381
2025-12-07,2025-2026,Süper Lig,Gençlik Gücü TSK,Karşıyaka SK,3,2,H,0,0,23255,https://ktff.org/maclar/23255
2025-12-07,2025-2026,Süper Lig,Lefke TSK,Çetinkaya TSK,2,0,H,0,0,23260,https://ktff.org/maclar/23260
2025-12-07,2025-2026,Süper Lig,Yeniboğaziçi DSK,Gönyeli SK,2,0,H,0,0,23262,https://ktff.org/maclar/23262
2025-12-07,2025-2026,1. Lig,Baf Ülkü Yurdu,Düzkaya KOSK,1,0,H,0,0,23377,https://ktff.org/maclar/23377
2025-12-07,2025-2026,1. Lig,Kaplıca Karadeniz 61 SK,Aslanköy GSD,0,1,A,0,0,23378,https://ktff.org/maclar/23378
2025-12-07,2025-2026,1. Lig,Türk Ocağı Limasol SK,Lapta Türk Birliği SK,0,6,A,0,0,23380,https://ktff.org/maclar/23380
2025-12-07,2025-2026,1. Lig,Geçitkale GSK,M. Hacıali Yılmazköy SK,3,0,H,0,0,23382,https://ktff.org/maclar/23382
2025-12-08,2025-2026,Süper Lig,Dumlupınar TSK,Mağusa Türk Gücü,1,1,D,0,0,23259,https://ktff.org/maclar/23259
2025-12-13,2025-2026,Süper Lig,Karşıyaka SK,Doğan Türk Birliği,1,1,D,0,0,23263,https://ktff.org/maclar/23263
2025-12-13,2025-2026,Süper Lig,Cihangir GSK,Mormenekşe GBSK,6,0,H,0,0,23264,https://ktff.org/maclar/23264
2025-12-13,2025-2026,Süper Lig,Gönyeli SK,Mesarya SK,0,3,A,0,0,23269,https://ktff.org/maclar/23269
2025-12-13,2025-2026,Süper Lig,Yeniboğaziçi DSK,Esentepe KSKK,1,2,A,0,0,23270,https://ktff.org/maclar/23270
2025-12-13,2025-2026,1. Lig,Göçmenköy İYSK,L. Gençler Birliği SK,2,1,H,0,0,23383,https://ktff.org/maclar/23383
2025-12-13,2025-2026,1. Lig,Binatlı YSK,Düzkaya KOSK,2,2,D,0,0,23384,https://ktff.org/maclar/23384
2025-12-13,2025-2026,1. Lig,Aslanköy GSD,Maraş GSK,0,1,A,0,0,23385,https://ktff.org/maclar/23385
2025-12-13,2025-2026,1. Lig,Geçitkale GSK,Baf Ülkü Yurdu,0,3,A,1,0,23390,https://ktff.org/maclar/23390
2025-12-14,2025-2026,Süper Lig,Alsancak Yeşilova SK,Gençlik Gücü TSK,0,2,A,0,0,23265,https://ktff.org/maclar/23265
2025-12-14,2025-2026,Süper Lig,Mağusa Türk Gücü,Yenicami AK,1,0,H,0,0,23266,https://ktff.org/maclar/23266
2025-12-14,2025-2026,Süper Lig,Çetinkaya TSK,Dumlupınar TSK,4,0,H,0,0,23267,https://ktff.org/maclar/23267
2025-12-14,2025-2026,Süper Lig,Küçük Kaymaklı TSK,Lefke TSK,1,0,H,0,0,23268,https://ktff.org/maclar/23268
2025-12-14,2025-2026,1. Lig,Değirmenlik SK,Kaplıca Karadeniz 61 SK,5,0,H,0,0,23386,https://ktff.org/maclar/23386
2025-12-14,2025-2026,1. Lig,Lapta Türk Birliği SK,Kozanköy KSK,0,0,D,0,0,23387,https://ktff.org/maclar/23387
2025-12-14,2025-2026,1. Lig,Yalova SK,Türk Ocağı Limasol SK,0,2,A,0,0,23388,https://ktff.org/maclar/23388
2025-12-14,2025-2026,1. Lig,M. Hacıali Yılmazköy SK,Hamitköy ŞHSK,5,2,H,0,0,23389,https://ktff.org/maclar/23389
2025-12-20,2025-2026,Süper Lig,Doğan Türk Birliği,Alsancak Yeşilova SK,3,2,H,0,0,23273,https://ktff.org/maclar/23273
2025-12-20,2025-2026,Süper Lig,Gençlik Gücü TSK,Mağusa Türk Gücü,1,0,H,0,0,23274,https://ktff.org/maclar/23274
2025-12-20,2025-2026,Süper Lig,Dumlupınar TSK,Küçük Kaymaklı TSK,0,1,A,0,0,23276,https://ktff.org/maclar/23276
2025-12-20,2025-2026,Süper Lig,Mesarya SK,Yeniboğaziçi DSK,1,2,A,0,0,23278,https://ktff.org/maclar/23278
2025-12-20,2025-2026,1. Lig,Düzkaya KOSK,Göçmenköy İYSK,2,1,H,0,0,23391,https://ktff.org/maclar/23391
2025-12-20,2025-2026,1. Lig,Baf Ülkü Yurdu,Binatlı YSK,1,0,H,0,0,23392,https://ktff.org/maclar/23392
2025-12-20,2025-2026,1. Lig,Kaplıca Karadeniz 61 SK,Lapta Türk Birliği SK,1,1,D,0,0,23395,https://ktff.org/maclar/23395
2025-12-20,2025-2026,1. Lig,Hamitköy ŞHSK,Geçitkale GSK,0,2,A,0,0,23398,https://ktff.org/maclar/23398
2025-12-21,2025-2026,Süper Lig,Mormenekşe GBSK,Karşıyaka SK,1,0,H,0,0,23271,https://ktff.org/maclar/23271
2025-12-21,2025-2026,Süper Lig,Esentepe KSKK,Cihangir GSK,0,3,A,0,0,23272,https://ktff.org/maclar/23272
2025-12-21,2025-2026,Süper Lig,Yenicami AK,Çetinkaya TSK,0,3,A,0,0,23275,https://ktff.org/maclar/23275
2025-12-21,2025-2026,Süper Lig,Lefke TSK,Gönyeli SK,2,1,H,0,0,23277,https://ktff.org/maclar/23277
2025-12-21,2025-2026,1. Lig,L. Gençler Birliği SK,Aslanköy GSD,0,2,A,0,0,23393,https://ktff.org/maclar/23393
2025-12-21,2025-2026,1. Lig,Maraş GSK,Değirmenlik SK,0,5,A,0,0,23394,https://ktff.org/maclar/23394
2025-12-21,2025-2026,1. Lig,Kozanköy KSK,Yalova SK,0,1,A,0,0,23396,https://ktff.org/maclar/23396
2025-12-21,2025-2026,1. Lig,Türk Ocağı Limasol SK,M. Hacıali Yılmazköy SK,0,0,D,0,0,23397,https://ktff.org/maclar/23397
2025-12-26,2025-2026,Süper Lig,Mağusa Türk Gücü,Doğan Türk Birliği,3,3,D,0,0,23281,https://ktff.org/maclar/23281
2025-12-27,2025-2026,Süper Lig,Karşıyaka SK,Cihangir GSK,0,4,A,0,0,23279,https://ktff.org/maclar/23279
2025-12-27,2025-2026,Süper Lig,Çetinkaya TSK,Gençlik Gücü TSK,1,2,A,0,0,23282,https://ktff.org/maclar/23282
2025-12-27,2025-2026,Süper Lig,Küçük Kaymaklı TSK,Yenicami AK,3,0,H,0,0,23283,https://ktff.org/maclar/23283
2025-12-27,2025-2026,Süper Lig,Yeniboğaziçi DSK,Lefke TSK,2,1,H,0,0,23285,https://ktff.org/maclar/23285
2025-12-27,2025-2026,1. Lig,Değirmenlik SK,L. Gençler Birliği SK,2,2,D,0,0,23401,https://ktff.org/maclar/23401
2025-12-27,2025-2026,1. Lig,Lapta Türk Birliği SK,Maraş GSK,2,1,H,0,0,23402,https://ktff.org/maclar/23402
2025-12-27,2025-2026,1. Lig,Yalova SK,Kaplıca Karadeniz 61 SK,1,0,H,0,0,23403,https://ktff.org/maclar/23403
2025-12-27,2025-2026,1. Lig,Geçitkale GSK,Türk Ocağı Limasol SK,2,2,D,0,0,23405,https://ktff.org/maclar/23405
2025-12-27,2025-2026,1. Lig,Hamitköy ŞHSK,Baf Ülkü Yurdu,1,4,A,0,0,23406,https://ktff.org/maclar/23406
2025-12-28,2025-2026,Süper Lig,Alsancak Yeşilova SK,Mormenekşe GBSK,3,1,H,0,0,23280,https://ktff.org/maclar/23280
2025-12-28,2025-2026,Süper Lig,Gönyeli SK,Dumlupınar TSK,0,4,A,0,0,23284,https://ktff.org/maclar/23284
2025-12-28,2025-2026,Süper Lig,Mesarya SK,Esentepe KSKK,4,3,H,0,0,23286,https://ktff.org/maclar/23286
2025-12-28,2025-2026,1. Lig,Göçmenköy İYSK,Binatlı YSK,3,0,H,0,0,23399,https://ktff.org/maclar/23399
2025-12-28,2025-2026,1. Lig,Aslanköy GSD,Düzkaya KOSK,2,0,H,0,0,23400,https://ktff.org/maclar/23400
2025-12-28,2025-2026,1. Lig,M. Hacıali Yılmazköy SK,Kozanköy KSK,5,4,H,0,0,23404,https://ktff.org/maclar/23404
2026-01-31,2025-2026,Süper Lig,Gönyeli SK,Yenicami AK,1,1,D,0,0,24061,https://ktff.org/maclar/24061
2026-01-31,2025-2026,Süper Lig,Yeniboğaziçi DSK,Dumlupınar TSK,1,1,D,0,0,24062,https://ktff.org/maclar/24062
2026-01-31,2025-2026,Süper Lig,Küçük Kaymaklı TSK,Gençlik Gücü TSK,0,4,A,0,0,24063,https://ktff.org/maclar/24063
2026-01-31,2025-2026,Süper Lig,Esentepe KSKK,Karşıyaka SK,2,1,H,0,0,24064,https://ktff.org/maclar/24064
2026-01-31,2025-2026,Süper Lig,Çetinkaya TSK,Doğan Türk Birliği,0,1,A,0,0,24065,https://ktff.org/maclar/24065
2026-01-31,2025-2026,1. Lig,Değirmenlik SK,Düzkaya KOSK,2,1,H,0,0,24093,https://ktff.org/maclar/24093
2026-01-31,2025-2026,1. Lig,Baf Ülkü Yurdu,Göçmenköy İYSK,1,2,A,0,0,24094,https://ktff.org/maclar/24094
2026-01-31,2025-2026,1. Lig,Lapta Türk Birliği SK,L. Gençler Birliği SK,4,0,H,0,0,24095,https://ktff.org/maclar/24095
2026-01-31,2025-2026,1. Lig,M. Hacıali Yılmazköy SK,Kaplıca Karadeniz 61 SK,2,2,D,0,0,24096,https://ktff.org/maclar/24096
2026-02-01,2025-2026,Süper Lig,Alsancak Yeşilova SK,Cihangir GSK,1,5,A,0,0,24066,https://ktff.org/maclar/24066
2026-02-01,2025-2026,Süper Lig,Mağusa Türk Gücü,Mormenekşe GBSK,5,2,H,0,0,24067,https://ktff.org/maclar/24067
2026-02-01,2025-2026,Süper Lig,Mesarya SK,Lefke TSK,1,1,D,0,0,24068,https://ktff.org/maclar/24068
2026-02-01,2025-2026,1. Lig,Hamitköy ŞHSK,Türk Ocağı Limasol SK,0,1,A,0,0,24097,https://ktff.org/maclar/24097
2026-02-01,2025-2026,1. Lig,Aslanköy GSD,Binatlı YSK,4,1,H,0,0,24098,https://ktff.org/maclar/24098
2026-02-01,2025-2026,1. Lig,Yalova SK,Maraş GSK,3,2,H,0,0,24099,https://ktff.org/maclar/24099
2026-02-01,2025-2026,1. Lig,Geçitkale GSK,Kozanköy KSK,3,3,D,0,0,24100,https://ktff.org/maclar/24100
2026-02-07,2025-2026,Süper Lig,Cihangir GSK,Mağusa Türk Gücü,1,1,D,0,0,24069,https://ktff.org/maclar/24069
2026-02-07,2025-2026,Süper Lig,Lefke TSK,Esentepe KSKK,1,0,H,0,0,24070,https://ktff.org/maclar/24070
2026-02-07,2025-2026,Süper Lig,Yenicami AK,Yeniboğaziçi DSK,2,0,H,0,0,24071,https://ktff.org/maclar/24071
2026-02-07,2025-2026,Süper Lig,Mormenekşe GBSK,Çetinkaya TSK,1,1,D,0,0,24072,https://ktff.org/maclar/24072
2026-02-07,2025-2026,1. Lig,Düzkaya KOSK,Lapta Türk Birliği SK,2,2,D,0,0,24101,https://ktff.org/maclar/24101
2026-02-07,2025-2026,1. Lig,Türk Ocağı Limasol SK,Baf Ülkü Yurdu,3,1,H,0,0,24102,https://ktff.org/maclar/24102
2026-02-07,2025-2026,1. Lig,Göçmenköy İYSK,Aslanköy GSD,5,3,H,0,0,24103,https://ktff.org/maclar/24103
2026-02-07,2025-2026,1. Lig,Maraş GSK,M. Hacıali Yılmazköy SK,2,2,D,0,0,24104,https://ktff.org/maclar/24104
2026-02-08,2025-2026,Süper Lig,Gençlik Gücü TSK,Gönyeli SK,1,0,H,0,0,24073,https://ktff.org/maclar/24073
2026-02-08,2025-2026,Süper Lig,Doğan Türk Birliği,Küçük Kaymaklı TSK,1,0,H,0,0,24074,https://ktff.org/maclar/24074
2026-02-08,2025-2026,Süper Lig,Karşıyaka SK,Alsancak Yeşilova SK,1,1,D,0,0,24075,https://ktff.org/maclar/24075
2026-02-08,2025-2026,Süper Lig,Dumlupınar TSK,Mesarya SK,4,0,H,0,0,24076,https://ktff.org/maclar/24076
2026-02-08,2025-2026,1. Lig,Kozanköy KSK,Hamitköy ŞHSK,2,4,A,0,0,24105,https://ktff.org/maclar/24105
2026-02-08,2025-2026,1. Lig,L. Gençler Birliği SK,Yalova SK,1,0,H,0,0,24106,https://ktff.org/maclar/24106
2026-02-08,2025-2026,1. Lig,Kaplıca Karadeniz 61 SK,Geçitkale GSK,2,1,H,0,0,24107,https://ktff.org/maclar/24107
2026-02-08,2025-2026,1. Lig,Binatlı YSK,Değirmenlik SK,1,1,D,0,0,24108,https://ktff.org/maclar/24108
2026-02-14,2025-2026,Süper Lig,Mesarya SK,Yenicami AK,5,3,H,0,0,24077,https://ktff.org/maclar/24077
2026-02-14,2025-2026,Süper Lig,Gönyeli SK,Doğan Türk Birliği,1,2,A,0,0,24078,https://ktff.org/maclar/24078
2026-02-14,2025-2026,Süper Lig,Küçük Kaymaklı TSK,Mormenekşe GBSK,1,1,D,0,0,24079,https://ktff.org/maclar/24079
2026-02-14,2025-2026,Süper Lig,Yeniboğaziçi DSK,Gençlik Gücü TSK,0,2,A,0,0,24080,https://ktff.org/maclar/24080
2026-02-14,2025-2026,Süper Lig,Çetinkaya TSK,Cihangir GSK,2,1,H,0,0,24081,https://ktff.org/maclar/24081
2026-02-14,2025-2026,Süper Lig,Esentepe KSKK,Alsancak Yeşilova SK,1,3,A,0,0,24082,https://ktff.org/maclar/24082
2026-02-14,2025-2026,Süper Lig,Lefke TSK,Dumlupınar TSK,3,1,H,0,0,24083,https://ktff.org/maclar/24083
2026-02-14,2025-2026,Süper Lig,Mağusa Türk Gücü,Karşıyaka SK,4,2,H,0,0,24084,https://ktff.org/maclar/24084
2026-02-14,2025-2026,1. Lig,Yalova SK,Düzkaya KOSK,0,0,D,0,0,24109,https://ktff.org/maclar/24109
2026-02-14,2025-2026,1. Lig,Hamitköy ŞHSK,Kaplıca Karadeniz 61 SK,3,2,H,0,0,24111,https://ktff.org/maclar/24111
2026-02-15,2025-2026,1. Lig,Geçitkale GSK,Maraş GSK,1,2,A,0,0,24110,https://ktff.org/maclar/24110
2026-02-15,2025-2026,1. Lig,Türk Ocağı Limasol SK,Kozanköy KSK,3,0,H,0,0,24112,https://ktff.org/maclar/24112
2026-02-15,2025-2026,1. Lig,Lapta Türk Birliği SK,Binatlı YSK,1,1,D,0,0,24113,https://ktff.org/maclar/24113
2026-02-15,2025-2026,1. Lig,Değirmenlik SK,Göçmenköy İYSK,1,1,D,0,0,24114,https://ktff.org/maclar/24114
2026-02-15,2025-2026,1. Lig,M. Hacıali Yılmazköy SK,L. Gençler Birliği SK,1,1,D,0,0,24115,https://ktff.org/maclar/24115
2026-02-15,2025-2026,1. Lig,Baf Ülkü Yurdu,Aslanköy GSD,0,4,A,0,0,24116,https://ktff.org/maclar/24116
2026-02-21,2025-2026,Süper Lig,Yenicami AK,Lefke TSK,1,0,H,0,0,24092,https://ktff.org/maclar/24092
2026-02-21,2025-2026,1. Lig,Maraş GSK,Hamitköy ŞHSK,3,2,H,0,0,24117,https://ktff.org/maclar/24117
2026-02-21,2025-2026,1. Lig,Göçmenköy İYSK,Lapta Türk Birliği SK,0,0,D,0,0,24118,https://ktff.org/maclar/24118
2026-02-21,2025-2026,1. Lig,Binatlı YSK,Yalova SK,1,2,A,0,0,24119,https://ktff.org/maclar/24119
2026-02-21,2025-2026,1. Lig,Aslanköy GSD,Değirmenlik SK,1,2,A,0,0,24120,https://ktff.org/maclar/24120
2026-02-21,2025-2026,1. Lig,Kozanköy KSK,Baf Ülkü Yurdu,0,1,A,0,0,24122,https://ktff.org/maclar/24122
2026-02-21,2025-2026,1. Lig,L. Gençler Birliği SK,Geçitkale GSK,2,0,H,0,0,24123,https://ktff.org/maclar/24123
2026-02-22,2025-2026,Süper Lig,Alsancak Yeşilova SK,Mağusa Türk Gücü,0,1,A,0,0,24085,https://ktff.org/maclar/24085
2026-02-22,2025-2026,Süper Lig,Mormenekşe GBSK,Gönyeli SK,6,1,H,0,0,24086,https://ktff.org/maclar/24086
2026-02-22,2025-2026,Süper Lig,Cihangir GSK,Küçük Kaymaklı TSK,3,0,H,0,0,24087,https://ktff.org/maclar/24087
2026-02-22,2025-2026,Süper Lig,Gençlik Gücü TSK,Mesarya SK,1,3,A,0,0,24088,https://ktff.org/maclar/24088
2026-02-22,2025-2026,Süper Lig,Dumlupınar TSK,Esentepe KSKK,2,0,H,0,0,24089,https://ktff.org/maclar/24089
2026-02-22,2025-2026,Süper Lig,Doğan Türk Birliği,Yeniboğaziçi DSK,3,0,H,0,0,24090,https://ktff.org/maclar/24090
2026-02-22,2025-2026,Süper Lig,Karşıyaka SK,Çetinkaya TSK,2,1,H,0,0,24091,https://ktff.org/maclar/24091
2026-02-22,2025-2026,1. Lig,Kaplıca Karadeniz 61 SK,Türk Ocağı Limasol SK,0,3,A,0,0,24121,https://ktff.org/maclar/24121
2026-02-22,2025-2026,1. Lig,Düzkaya KOSK,M. Hacıali Yılmazköy SK,2,0,H,0,0,24124,https://ktff.org/maclar/24124
2026-02-28,2025-2026,Süper Lig,Dumlupınar TSK,Yenicami AK,1,2,A,0,0,24347,https://ktff.org/maclar/24347
2026-02-28,2025-2026,Süper Lig,Mesarya SK,Doğan Türk Birliği,3,0,H,0,0,24348,https://ktff.org/maclar/24348
2026-02-28,2025-2026,Süper Lig,Lefke TSK,Gençlik Gücü TSK,0,1,A,0,0,24349,https://ktff.org/maclar/24349
2026-02-28,2025-2026,Süper Lig,Çetinkaya TSK,Alsancak Yeşilova SK,1,0,H,0,0,24350,https://ktff.org/maclar/24350
2026-02-28,2025-2026,1. Lig,Hamitköy ŞHSK,L. Gençler Birliği SK,1,1,D,0,0,24379,https://ktff.org/maclar/24379
2026-02-28,2025-2026,1. Lig,Türk Ocağı Limasol SK,Maraş GSK,3,3,D,0,0,24380,https://ktff.org/maclar/24380
2026-02-28,2025-2026,1. Lig,Kozanköy KSK,Kaplıca Karadeniz 61 SK,1,0,H,0,0,24381,https://ktff.org/maclar/24381
2026-02-28,2025-2026,1. Lig,Baf Ülkü Yurdu,Değirmenlik SK,2,2,D,0,0,24382,https://ktff.org/maclar/24382
2026-03-01,2025-2026,Süper Lig,Gönyeli SK,Cihangir GSK,0,2,A,0,0,24351,https://ktff.org/maclar/24351
2026-03-01,2025-2026,Süper Lig,Esentepe KSKK,Mağusa Türk Gücü,1,3,A,0,0,24352,https://ktff.org/maclar/24352
2026-03-01,2025-2026,Süper Lig,Yeniboğaziçi DSK,Mormenekşe GBSK,2,1,H,0,0,24353,https://ktff.org/maclar/24353
2026-03-01,2025-2026,Süper Lig,Küçük Kaymaklı TSK,Karşıyaka SK,0,2,A,0,0,24354,https://ktff.org/maclar/24354
2026-03-01,2025-2026,1. Lig,Geçitkale GSK,Düzkaya KOSK,4,1,H,0,0,24383,https://ktff.org/maclar/24383
2026-03-01,2025-2026,1. Lig,M. Hacıali Yılmazköy SK,Binatlı YSK,4,0,H,0,0,24384,https://ktff.org/maclar/24384
2026-03-01,2025-2026,1. Lig,Yalova SK,Göçmenköy İYSK,0,0,D,0,0,24385,https://ktff.org/maclar/24385
2026-03-01,2025-2026,1. Lig,Lapta Türk Birliği SK,Aslanköy GSD,2,1,H,0,0,24386,https://ktff.org/maclar/24386
2026-03-06,2025-2026,Süper Lig,Gençlik Gücü TSK,Dumlupınar TSK,0,1,A,0,0,24355,https://ktff.org/maclar/24355
2026-03-06,2025-2026,Süper Lig,Doğan Türk Birliği,Lefke TSK,3,0,H,0,0,24360,https://ktff.org/maclar/24360
2026-03-07,2025-2026,Süper Lig,Karşıyaka SK,Gönyeli SK,2,2,D,0,0,24356,https://ktff.org/maclar/24356
2026-03-07,2025-2026,Süper Lig,Cihangir GSK,Yeniboğaziçi DSK,2,0,H,0,0,24357,https://ktff.org/maclar/24357
2026-03-07,2025-2026,Süper Lig,Mağusa Türk Gücü,Çetinkaya TSK,4,0,H,0,0,24358,https://ktff.org/maclar/24358
2026-03-07,2025-2026,Süper Lig,Alsancak Yeşilova SK,Küçük Kaymaklı TSK,2,1,H,0,0,24359,https://ktff.org/maclar/24359
2026-03-07,2025-2026,Süper Lig,Mormenekşe GBSK,Mesarya SK,2,2,D,0,0,24361,https://ktff.org/maclar/24361
2026-03-07,2025-2026,Süper Lig,Yenicami AK,Esentepe KSKK,1,3,A,0,0,24362,https://ktff.org/maclar/24362
2026-03-08,2025-2026,1. Lig,L. Gençler Birliği SK,Türk Ocağı Limasol SK,3,1,H,0,0,24387,https://ktff.org/maclar/24387
2026-03-08,2025-2026,1. Lig,Düzkaya KOSK,Hamitköy ŞHSK,2,0,H,0,0,24388,https://ktff.org/maclar/24388
2026-03-08,2025-2026,1. Lig,Değirmenlik SK,Lapta Türk Birliği SK,1,0,H,0,0,24389,https://ktff.org/maclar/24389
2026-03-08,2025-2026,1. Lig,Aslanköy GSD,Yalova SK,2,0,H,0,0,24390,https://ktff.org/maclar/24390
2026-03-08,2025-2026,1. Lig,Kaplıca Karadeniz 61 SK,Baf Ülkü Yurdu,0,1,A,0,0,24391,https://ktff.org/maclar/24391
2026-03-08,2025-2026,1. Lig,Binatlı YSK,Geçitkale GSK,3,1,H,0,0,24392,https://ktff.org/maclar/24392
2026-03-08,2025-2026,1. Lig,Maraş GSK,Kozanköy KSK,2,1,H,0,0,24393,https://ktff.org/maclar/24393
2026-03-08,2025-2026,1. Lig,Göçmenköy İYSK,M. Hacıali Yılmazköy SK,2,3,A,0,0,24394,https://ktff.org/maclar/24394
2026-03-14,2025-2026,Süper Lig,Gönyeli SK,Alsancak Yeşilova SK,0,0,D,0,0,24364,https://ktff.org/maclar/24364
2026-03-14,2025-2026,1. Lig,Türk Ocağı Limasol SK,Düzkaya KOSK,1,1,D,0,0,24395,https://ktff.org/maclar/24395
2026-03-14,2025-2026,1. Lig,Hamitköy ŞHSK,Binatlı YSK,0,3,A,0,0,24396,https://ktff.org/maclar/24396
2026-03-14,2025-2026,1. Lig,Geçitkale GSK,Göçmenköy İYSK,3,1,H,0,0,24397,https://ktff.org/maclar/24397
2026-03-14,2025-2026,1. Lig,M. Hacıali Yılmazköy SK,Aslanköy GSD,1,1,D,0,0,24399,https://ktff.org/maclar/24399
2026-03-14,2025-2026,1. Lig,Yalova SK,Değirmenlik SK,0,1,A,0,0,24400,https://ktff.org/maclar/24400
2026-03-15,2025-2026,Süper Lig,Küçük Kaymaklı TSK,Mağusa Türk Gücü,1,4,A,0,0,24365,https://ktff.org/maclar/24365
2026-03-15,2025-2026,Süper Lig,Esentepe KSKK,Çetinkaya TSK,0,1,A,0,0,24366,https://ktff.org/maclar/24366
2026-03-15,2025-2026,Süper Lig,Mesarya SK,Cihangir GSK,2,5,A,0,0,24367,https://ktff.org/maclar/24367
2026-03-15,2025-2026,Süper Lig,Yenicami AK,Gençlik Gücü TSK,0,7,A,0,0,24369,https://ktff.org/maclar/24369
2026-03-15,2025-2026,Süper Lig,Yeniboğaziçi DSK,Karşıyaka SK,2,4,A,0,0,24370,https://ktff.org/maclar/24370
2026-03-15,2025-2026,1. Lig,Baf Ülkü Yurdu,Lapta Türk Birliği SK,4,2,H,0,0,24401,https://ktff.org/maclar/24401
2026-03-15,2025-2026,1. Lig,Kaplıca Karadeniz 61 SK,Maraş GSK,2,3,A,0,0,24402,https://ktff.org/maclar/24402
2026-03-17,2025-2026,1. Lig,Binatlı YSK,Türk Ocağı Limasol SK,3,2,H,0,0,24403,https://ktff.org/maclar/24403
2026-03-17,2025-2026,1. Lig,Göçmenköy İYSK,Hamitköy ŞHSK,2,1,H,0,0,24404,https://ktff.org/maclar/24404
2026-03-17,2025-2026,1. Lig,Düzkaya KOSK,Kozanköy KSK,2,1,H,0,0,24405,https://ktff.org/maclar/24405
2026-03-17,2025-2026,1. Lig,Değirmenlik SK,M. Hacıali Yılmazköy SK,1,2,A,0,0,24406,https://ktff.org/maclar/24406
2026-03-17,2025-2026,1. Lig,Aslanköy GSD,Geçitkale GSK,1,1,D,0,0,24407,https://ktff.org/maclar/24407
2026-03-18,2025-2026,Süper Lig,Doğan Türk Birliği,Yenicami AK,0,0,D,0,0,24371,https://ktff.org/maclar/24371
2026-03-18,2025-2026,Süper Lig,Gençlik Gücü TSK,Esentepe KSKK,3,0,H,0,0,24372,https://ktff.org/maclar/24372
2026-03-18,2025-2026,Süper Lig,Cihangir GSK,Lefke TSK,4,2,H,0,0,24373,https://ktff.org/maclar/24373
2026-03-18,2025-2026,1. Lig,Lapta Türk Birliği SK,Yalova SK,1,0,H,0,0,24408,https://ktff.org/maclar/24408
2026-03-18,2025-2026,1. Lig,L. Gençler Birliği SK,Kaplıca Karadeniz 61 SK,5,1,H,0,0,24409,https://ktff.org/maclar/24409
2026-03-18,2025-2026,1. Lig,Maraş GSK,Baf Ülkü Yurdu,1,1,D,0,0,24410,https://ktff.org/maclar/24410
2026-03-19,2025-2026,Süper Lig,Alsancak Yeşilova SK,Yeniboğaziçi DSK,4,0,H,0,0,24374,https://ktff.org/maclar/24374
2026-03-19,2025-2026,Süper Lig,Mağusa Türk Gücü,Gönyeli SK,7,0,H,0,0,24375,https://ktff.org/maclar/24375
2026-03-19,2025-2026,Süper Lig,Çetinkaya TSK,Küçük Kaymaklı TSK,0,0,D,0,0,24376,https://ktff.org/maclar/24376
2026-03-19,2025-2026,Süper Lig,Karşıyaka SK,Mesarya SK,2,1,H,0,0,24377,https://ktff.org/maclar/24377
2026-03-19,2025-2026,Süper Lig,Mormenekşe GBSK,Dumlupınar TSK,2,6,A,0,0,24378,https://ktff.org/maclar/24378
2026-03-24,2025-2026,Süper Lig,Dumlupınar TSK,Doğan Türk Birliği,1,3,A,0,0,24363,https://ktff.org/maclar/24363
2026-03-24,2025-2026,Süper Lig,Lefke TSK,Mormenekşe GBSK,2,0,H,0,0,24368,https://ktff.org/maclar/24368
2026-03-24,2025-2026,1. Lig,Kozanköy KSK,L. Gençler Birliği SK,0,1,A,0,0,24398,https://ktff.org/maclar/24398
2026-03-28,2025-2026,Süper Lig,Yeniboğaziçi DSK,Mağusa Türk Gücü,1,2,A,0,0,24671,https://ktff.org/maclar/24671
2026-03-28,2025-2026,Süper Lig,Esentepe KSKK,Küçük Kaymaklı TSK,0,1,A,0,0,24672,https://ktff.org/maclar/24672
2026-03-28,2025-2026,Süper Lig,Yenicami AK,Mormenekşe GBSK,0,1,A,0,0,24673,https://ktff.org/maclar/24673
2026-03-28,2025-2026,Süper Lig,Lefke TSK,Karşıyaka SK,1,1,D,0,0,24674,https://ktff.org/maclar/24674
2026-03-28,2025-2026,Süper Lig,Gençlik Gücü TSK,Doğan Türk Birliği,1,2,A,0,0,24675,https://ktff.org/maclar/24675
2026-03-28,2025-2026,Süper Lig,Dumlupınar TSK,Cihangir GSK,1,1,D,0,0,24676,https://ktff.org/maclar/24676
2026-03-28,2025-2026,1. Lig,M. Hacıali Yılmazköy SK,Lapta Türk Birliği SK,2,1,H,0,0,24703,https://ktff.org/maclar/24703
2026-03-28,2025-2026,1. Lig,Geçitkale GSK,Değirmenlik SK,2,7,A,0,0,24704,https://ktff.org/maclar/24704
2026-03-29,2025-2026,Süper Lig,Gönyeli SK,Çetinkaya TSK,1,1,D,0,0,24677,https://ktff.org/maclar/24677
2026-03-29,2025-2026,Süper Lig,Mesarya SK,Alsancak Yeşilova SK,3,0,H,0,0,24678,https://ktff.org/maclar/24678
2026-03-29,2025-2026,1. Lig,Kozanköy KSK,Binatlı YSK,2,0,H,0,0,24705,https://ktff.org/maclar/24705
2026-03-29,2025-2026,1. Lig,Baf Ülkü Yurdu,Yalova SK,1,0,H,0,0,24706,https://ktff.org/maclar/24706
2026-03-29,2025-2026,1. Lig,Türk Ocağı Limasol SK,Göçmenköy İYSK,1,0,H,0,0,24707,https://ktff.org/maclar/24707
2026-03-29,2025-2026,1. Lig,Maraş GSK,L. Gençler Birliği SK,1,3,A,0,0,24708,https://ktff.org/maclar/24708
2026-03-29,2025-2026,1. Lig,Hamitköy ŞHSK,Aslanköy GSD,1,5,A,0,0,24709,https://ktff.org/maclar/24709
2026-03-29,2025-2026,1. Lig,Kaplıca Karadeniz 61 SK,Düzkaya KOSK,1,2,A,0,0,24710,https://ktff.org/maclar/24710
2026-04-04,2025-2026,Süper Lig,Çetinkaya TSK,Yeniboğaziçi DSK,2,1,H,0,0,24679,https://ktff.org/maclar/24679
2026-04-04,2025-2026,1. Lig,Aslanköy GSD,Türk Ocağı Limasol SK,2,1,H,0,0,24711,https://ktff.org/maclar/24711
2026-04-04,2025-2026,1. Lig,Değirmenlik SK,Hamitköy ŞHSK,4,0,H,0,0,24712,https://ktff.org/maclar/24712
2026-04-04,2025-2026,1. Lig,L. Gençler Birliği SK,Baf Ülkü Yurdu,2,0,H,0,0,24713,https://ktff.org/maclar/24713
2026-04-04,2025-2026,1. Lig,Düzkaya KOSK,Maraş GSK,5,2,H,0,0,24714,https://ktff.org/maclar/24714
2026-04-04,2025-2026,1. Lig,Lapta Türk Birliği SK,Geçitkale GSK,2,0,H,0,0,24715,https://ktff.org/maclar/24715
2026-04-04,2025-2026,1. Lig,Binatlı YSK,Kaplıca Karadeniz 61 SK,5,0,H,0,0,24716,https://ktff.org/maclar/24716
2026-04-04,2025-2026,1. Lig,Göçmenköy İYSK,Kozanköy KSK,1,0,H,0,0,24717,https://ktff.org/maclar/24717
2026-04-04,2025-2026,1. Lig,Yalova SK,M. Hacıali Yılmazköy SK,0,0,D,0,0,24718,https://ktff.org/maclar/24718
2026-04-05,2025-2026,Süper Lig,Cihangir GSK,Yenicami AK,2,0,H,0,0,24680,https://ktff.org/maclar/24680
2026-04-05,2025-2026,Süper Lig,Küçük Kaymaklı TSK,Gönyeli SK,1,1,D,0,0,24681,https://ktff.org/maclar/24681
2026-04-05,2025-2026,Süper Lig,Doğan Türk Birliği,Esentepe KSKK,3,1,H,0,0,24682,https://ktff.org/maclar/24682
2026-04-05,2025-2026,Süper Lig,Alsancak Yeşilova SK,Lefke TSK,2,1,H,0,0,24683,https://ktff.org/maclar/24683
2026-04-05,2025-2026,Süper Lig,Mağusa Türk Gücü,Mesarya SK,0,2,A,0,0,24684,https://ktff.org/maclar/24684
2026-04-05,2025-2026,Süper Lig,Karşıyaka SK,Dumlupınar TSK,2,1,H,0,0,24685,https://ktff.org/maclar/24685
2026-04-05,2025-2026,Süper Lig,Mormenekşe GBSK,Gençlik Gücü TSK,0,4,A,0,0,24686,https://ktff.org/maclar/24686
2026-04-10,2025-2026,Süper Lig,Gençlik Gücü TSK,Cihangir GSK,2,0,H,0,0,24743,https://ktff.org/maclar/24743
2026-04-11,2025-2026,Süper Lig,Yenicami AK,Karşıyaka SK,3,2,H,0,0,24744,https://ktff.org/maclar/24744
2026-04-11,2025-2026,Süper Lig,Lefke TSK,Mağusa Türk Gücü,4,6,A,0,0,24745,https://ktff.org/maclar/24745
2026-04-11,2025-2026,Süper Lig,Yeniboğaziçi DSK,Küçük Kaymaklı TSK,2,1,H,0,0,24746,https://ktff.org/maclar/24746
2026-04-11,2025-2026,Süper Lig,Esentepe KSKK,Gönyeli SK,2,0,H,0,0,24747,https://ktff.org/maclar/24747
2026-04-11,2025-2026,1. Lig,Maraş GSK,Binatlı YSK,2,3,A,0,0,24767,https://ktff.org/maclar/24767
2026-04-11,2025-2026,1. Lig,L. Gençler Birliği SK,Düzkaya KOSK,1,0,H,0,0,24768,https://ktff.org/maclar/24768
2026-04-11,2025-2026,1. Lig,Türk Ocağı Limasol SK,Değirmenlik SK,1,2,A,0,0,24769,https://ktff.org/maclar/24769
2026-04-11,2025-2026,1. Lig,Geçitkale GSK,Yalova SK,3,0,H,0,0,24770,https://ktff.org/maclar/24770
2026-04-12,2025-2026,Süper Lig,Doğan Türk Birliği,Mormenekşe GBSK,8,1,H,0,0,24748,https://ktff.org/maclar/24748
2026-04-12,2025-2026,Süper Lig,Dumlupınar TSK,Alsancak Yeşilova SK,1,4,A,0,0,24749,https://ktff.org/maclar/24749
2026-04-12,2025-2026,Süper Lig,Mesarya SK,Çetinkaya TSK,2,3,A,0,0,24750,https://ktff.org/maclar/24750
2026-04-12,2025-2026,1. Lig,Kaplıca Karadeniz 61 SK,Göçmenköy İYSK,1,4,A,0,0,24771,https://ktff.org/maclar/24771
2026-04-12,2025-2026,1. Lig,Kozanköy KSK,Aslanköy GSD,1,0,H,0,0,24772,https://ktff.org/maclar/24772
2026-04-12,2025-2026,1. Lig,Hamitköy ŞHSK,Lapta Türk Birliği SK,1,5,A,0,0,24773,https://ktff.org/maclar/24773
2026-04-12,2025-2026,1. Lig,Baf Ülkü Yurdu,M. Hacıali Yılmazköy SK,1,1,D,0,0,24774,https://ktff.org/maclar/24774
2026-04-18,2025-2026,Süper Lig,Mağusa Türk Gücü,Dumlupınar TSK,3,1,H,0,0,24755,https://ktff.org/maclar/24755
2026-04-18,2025-2026,1. Lig,Göçmenköy İYSK,Maraş GSK,4,0,H,0,0,24775,https://ktff.org/maclar/24775
2026-04-18,2025-2026,1. Lig,Binatlı YSK,L. Gençler Birliği SK,1,1,D,0,0,24776,https://ktff.org/maclar/24776
2026-04-18,2025-2026,1. Lig,Düzkaya KOSK,Baf Ülkü Yurdu,1,3,A,0,0,24777,https://ktff.org/maclar/24777
2026-04-18,2025-2026,1. Lig,Aslanköy GSD,Kaplıca Karadeniz 61 SK,7,0,H,0,0,24778,https://ktff.org/maclar/24778
2026-04-18,2025-2026,1. Lig,Değirmenlik SK,Kozanköy KSK,4,0,H,0,0,24779,https://ktff.org/maclar/24779
2026-04-18,2025-2026,1. Lig,Lapta Türk Birliği SK,Türk Ocağı Limasol SK,0,1,A,0,0,24780,https://ktff.org/maclar/24780
2026-04-18,2025-2026,1. Lig,Yalova SK,Hamitköy ŞHSK,3,1,H,0,0,24781,https://ktff.org/maclar/24781
2026-04-18,2025-2026,1. Lig,M. Hacıali Yılmazköy SK,Geçitkale GSK,0,0,D,0,0,24782,https://ktff.org/maclar/24782
2026-04-19,2025-2026,Süper Lig,Karşıyaka SK,Gençlik Gücü TSK,0,1,A,0,0,24751,https://ktff.org/maclar/24751
2026-04-19,2025-2026,Süper Lig,Cihangir GSK,Doğan Türk Birliği,4,2,H,0,0,24752,https://ktff.org/maclar/24752
2026-04-19,2025-2026,Süper Lig,Mormenekşe GBSK,Esentepe KSKK,2,4,A,0,0,24753,https://ktff.org/maclar/24753
2026-04-19,2025-2026,Süper Lig,Alsancak Yeşilova SK,Yenicami AK,2,3,A,0,0,24754,https://ktff.org/maclar/24754
2026-04-19,2025-2026,Süper Lig,Çetinkaya TSK,Lefke TSK,2,1,H,0,0,24756,https://ktff.org/maclar/24756
2026-04-19,2025-2026,Süper Lig,Küçük Kaymaklı TSK,Mesarya SK,2,0,H,0,0,24757,https://ktff.org/maclar/24757
2026-04-19,2025-2026,Süper Lig,Gönyeli SK,Yeniboğaziçi DSK,1,0,H,0,0,24758,https://ktff.org/maclar/24758
2026-04-24,2025-2026,Süper Lig,Yenicami AK,Mağusa Türk Gücü,0,1,A,0,0,24766,https://ktff.org/maclar/24766
2026-04-25,2025-2026,Süper Lig,Doğan Türk Birliği,Karşıyaka SK,3,0,H,0,0,24759,https://ktff.org/maclar/24759
2026-04-25,2025-2026,Süper Lig,Mormenekşe GBSK,Cihangir GSK,3,4,A,0,0,24760,https://ktff.org/maclar/24760
2026-04-25,2025-2026,Süper Lig,Gençlik Gücü TSK,Alsancak Yeşilova SK,2,1,H,0,0,24761,https://ktff.org/maclar/24761
2026-04-25,2025-2026,Süper Lig,Dumlupınar TSK,Çetinkaya TSK,2,1,H,0,0,24762,https://ktff.org/maclar/24762
2026-04-25,2025-2026,Süper Lig,Lefke TSK,Küçük Kaymaklı TSK,0,3,A,0,0,24763,https://ktff.org/maclar/24763
2026-04-25,2025-2026,Süper Lig,Mesarya SK,Gönyeli SK,3,2,H,0,0,24764,https://ktff.org/maclar/24764
2026-04-25,2025-2026,Süper Lig,Esentepe KSKK,Yeniboğaziçi DSK,3,1,H,0,0,24765,https://ktff.org/maclar/24765
2026-04-26,2025-2026,1. Lig,L. Gençler Birliği SK,Göçmenköy İYSK,1,1,D,0,0,24783,https://ktff.org/maclar/24783
2026-04-26,2025-2026,1. Lig,Düzkaya KOSK,Binatlı YSK,4,1,H,0,0,24784,https://ktff.org/maclar/24784
2026-04-26,2025-2026,1. Lig,Maraş GSK,Aslanköy GSD,1,4,A,0,0,24785,https://ktff.org/maclar/24785
2026-04-26,2025-2026,1. Lig,Kaplıca Karadeniz 61 SK,Değirmenlik SK,0,4,A,0,0,24786,https://ktff.org/maclar/24786
2026-04-26,2025-2026,1. Lig,Kozanköy KSK,Lapta Türk Birliği SK,2,5,A,0,0,24787,https://ktff.org/maclar/24787
2026-04-26,2025-2026,1. Lig,Türk Ocağı Limasol SK,Yalova SK,1,3,A,0,0,24788,https://ktff.org/maclar/24788
2026-04-26,2025-2026,1. Lig,Hamitköy ŞHSK,M. Hacıali Yılmazköy SK,2,6,A,0,0,24789,https://ktff.org/maclar/24789
2026-04-26,2025-2026,1. Lig,Baf Ülkü Yurdu,Geçitkale GSK,2,0,H,0,0,24790,https://ktff.org/maclar/24790
2026-05-02,2025-2026,1. Lig,Göçmenköy İYSK,Düzkaya KOSK,1,3,A,0,0,24791,https://ktff.org/maclar/24791
2026-05-02,2025-2026,1. Lig,Binatlı YSK,Baf Ülkü Yurdu,1,0,H,0,0,24792,https://ktff.org/maclar/24792
2026-05-02,2025-2026,1. Lig,Aslanköy GSD,L. Gençler Birliği SK,4,0,H,0,0,24793,https://ktff.org/maclar/24793
2026-05-02,2025-2026,1. Lig,Değirmenlik SK,Maraş GSK,2,2,D,0,0,24794,https://ktff.org/maclar/24794
2026-05-02,2025-2026,1. Lig,Lapta Türk Birliği SK,Kaplıca Karadeniz 61 SK,3,1,H,0,0,24795,https://ktff.org/maclar/24795
2026-05-02,2025-2026,1. Lig,Yalova SK,Kozanköy KSK,1,1,D,0,0,24796,https://ktff.org/maclar/24796
2026-05-02,2025-2026,1. Lig,M. Hacıali Yılmazköy SK,Türk Ocağı Limasol SK,0,2,A,0,0,24797,https://ktff.org/maclar/24797
2026-05-02,2025-2026,1. Lig,Geçitkale GSK,Hamitköy ŞHSK,5,0,H,0,0,24798,https://ktff.org/maclar/24798
2026-05-03,2025-2026,Süper Lig,Karşıyaka SK,Mormenekşe GBSK,2,5,A,0,0,24863,https://ktff.org/maclar/24863
2026-05-03,2025-2026,Süper Lig,Cihangir GSK,Esentepe KSKK,4,1,H,0,0,24864,https://ktff.org/maclar/24864
2026-05-03,2025-2026,Süper Lig,Alsancak Yeşilova SK,Doğan Türk Birliği,0,3,A,0,0,24865,https://ktff.org/maclar/24865
2026-05-03,2025-2026,Süper Lig,Mağusa Türk Gücü,Gençlik Gücü TSK,1,3,A,0,0,24866,https://ktff.org/maclar/24866
2026-05-03,2025-2026,Süper Lig,Çetinkaya TSK,Yenicami AK,0,1,A,0,0,24867,https://ktff.org/maclar/24867
2026-05-03,2025-2026,Süper Lig,Küçük Kaymaklı TSK,Dumlupınar TSK,3,4,A,0,0,24868,https://ktff.org/maclar/24868
2026-05-03,2025-2026,Süper Lig,Gönyeli SK,Lefke TSK,1,5,A,0,0,24869,https://ktff.org/maclar/24869
2026-05-03,2025-2026,Süper Lig,Yeniboğaziçi DSK,Mesarya SK,1,4,A,0,0,24870,https://ktff.org/maclar/24870
2026-05-09,2025-2026,Süper Lig,Doğan Türk Birliği,Mağusa Türk Gücü,3,1,H,0,0,24878,https://ktff.org/maclar/24878
2026-05-09,2025-2026,Süper Lig,Cihangir GSK,Karşıyaka SK,7,1,H,0,0,24879,https://ktff.org/maclar/24879
2026-05-09,2025-2026,Süper Lig,Gençlik Gücü TSK,Çetinkaya TSK,3,0,H,0,0,24880,https://ktff.org/maclar/24880
2026-05-09,2025-2026,Süper Lig,Yenicami AK,Küçük Kaymaklı TSK,2,1,H,0,0,24881,https://ktff.org/maclar/24881
2026-05-09,2025-2026,Süper Lig,Lefke TSK,Yeniboğaziçi DSK,5,2,H,0,0,24882,https://ktff.org/maclar/24882
2026-05-09,2025-2026,Süper Lig,Mormenekşe GBSK,Alsancak Yeşilova SK,2,0,H,0,0,24883,https://ktff.org/maclar/24883
2026-05-09,2025-2026,Süper Lig,Dumlupınar TSK,Gönyeli SK,4,0,H,0,0,24884,https://ktff.org/maclar/24884
2026-05-09,2025-2026,Süper Lig,Esentepe KSKK,Mesarya SK,0,0,D,0,0,24885,https://ktff.org/maclar/24885
2026-05-10,2025-2026,1. Lig,L. Gençler Birliği SK,Değirmenlik SK,0,2,A,0,0,24894,https://ktff.org/maclar/24894
2026-05-10,2025-2026,1. Lig,Maraş GSK,Lapta Türk Birliği SK,0,1,A,0,0,24895,https://ktff.org/maclar/24895
2026-05-10,2025-2026,1. Lig,Kaplıca Karadeniz 61 SK,Yalova SK,1,7,A,0,0,24896,https://ktff.org/maclar/24896
2026-05-10,2025-2026,1. Lig,Türk Ocağı Limasol SK,Geçitkale GSK,3,4,A,0,0,24897,https://ktff.org/maclar/24897
2026-05-10,2025-2026,1. Lig,Baf Ülkü Yurdu,Hamitköy ŞHSK,4,1,H,0,0,24898,https://ktff.org/maclar/24898
2026-05-10,2025-2026,1. Lig,Binatlı YSK,Göçmenköy İYSK,2,1,H,0,0,24899,https://ktff.org/maclar/24899
2026-05-10,2025-2026,1. Lig,Düzkaya KOSK,Aslanköy GSD,3,2,H,0,0,24900,https://ktff.org/maclar/24900
2026-05-10,2025-2026,1. Lig,Kozanköy KSK,M. Hacıali Yılmazköy SK,2,0,H,0,0,24901,https://ktff.org/maclar/24901
2026-09-10,2026-2027,Süper Lig,Gençlik Gücü TSK,Esentepe KSKK,4,1,H,0,0,25330,https://ktff.org/maclar/25330
2026-09-11,2026-2027,Süper Lig,Baf Ülkü Yurdu,Değirmenlik SK,0,5,A,0,0,25327,https://ktff.org/maclar/25327
2026-09-12,2026-2027,Süper Lig,Alsancak Yeşilova SK,Çetinkaya TSK,2,1,H,0,0,25332,https://ktff.org/maclar/25332
2026-09-12,2026-2027,Süper Lig,Cihangir GSK,Doğan Türk Birliği,0,0,D,0,0,25333,https://ktff.org/maclar/25333
2026-09-12,2026-2027,1. Lig,Mormenekşe GBSK,Düzkaya KOSK,3,1,H,0,0,25435,https://ktff.org/maclar/25435
2026-09-12,2026-2027,1. Lig,Gönyeli SK,Yeniboğaziçi DSK,2,0,H,0,0,25437,https://ktff.org/maclar/25437
2026-09-12,2026-2027,1. Lig,Dikmen Gücü SK,Karaoğlanoğlu SK,1,2,A,0,0,25438,https://ktff.org/maclar/25438
2026-09-13,2026-2027,Süper Lig,Dumlupınar TSK,Mesarya SK,4,2,H,0,0,25329,https://ktff.org/maclar/25329
2026-09-13,2026-2027,Süper Lig,Aslanköy GSD,Mağusa Türk Gücü,0,2,A,0,0,25331,https://ktff.org/maclar/25331
2026-09-13,2026-2027,1. Lig,Lefke TSK,L. Gençler Birliği SK,1,2,A,0,0,25432,https://ktff.org/maclar/25432
2026-09-13,2026-2027,1. Lig,Göçmenköy İYSK,Geçitkale GSK,5,0,H,0,0,25433,https://ktff.org/maclar/25433
2026-09-13,2026-2027,1. Lig,Türk Ocağı Limasol SK,Akdoğan SK,3,0,H,0,0,25434,https://ktff.org/maclar/25434
2026-09-13,2026-2027,1. Lig,Lapta Türk Birliği SK,Maraş GSK,5,0,H,0,0,25439,https://ktff.org/maclar/25439
2026-09-14,2026-2027,Süper Lig,Yenicami AK,Karşıyaka SK,0,2,A,0,0,25328,https://ktff.org/maclar/25328
2026-09-18,2026-2027,Süper Lig,Doğan Türk Birliği,Alsancak Yeşilova SK,4,0,H,0,0,25340,https://ktff.org/maclar/25340
2026-09-19,2026-2027,Süper Lig,Esentepe KSKK,Dumlupınar TSK,2,2,D,0,0,25337,https://ktff.org/maclar/25337
2026-09-19,2026-2027,Süper Lig,Çetinkaya TSK,Aslanköy GSD,0,4,A,0,0,25339,https://ktff.org/maclar/25339
2026-09-19,2026-2027,1. Lig,Geçitkale GSK,Lefke TSK,1,6,A,0,0,25440,https://ktff.org/maclar/25440
2026-09-19,2026-2027,1. Lig,Akdoğan SK,Göçmenköy İYSK,2,4,A,0,0,25441,https://ktff.org/maclar/25441
2026-09-19,2026-2027,1. Lig,Düzkaya KOSK,Türk Ocağı Limasol SK,0,1,A,0,0,25442,https://ktff.org/maclar/25442
2026-09-19,2026-2027,1. Lig,Karaoğlanoğlu SK,Gönyeli SK,3,1,H,0,0,25445,https://ktff.org/maclar/25445
2026-09-20,2026-2027,Süper Lig,Değirmenlik SK,Küçük Kaymaklı TSK,4,0,H,0,0,25334,https://ktff.org/maclar/25334
2026-09-20,2026-2027,Süper Lig,Karşıyaka SK,Baf Ülkü Yurdu,5,1,H,0,0,25335,https://ktff.org/maclar/25335
2026-09-20,2026-2027,Süper Lig,Mesarya SK,Yenicami AK,3,0,H,0,0,25336,https://ktff.org/maclar/25336
2026-09-20,2026-2027,1. Lig,M. Hacıali Yılmazköy SK,Mormenekşe GBSK,2,1,H,0,0,25443,https://ktff.org/maclar/25443
2026-09-20,2026-2027,1. Lig,Maraş GSK,Dikmen Gücü SK,2,3,A,0,0,25446,https://ktff.org/maclar/25446
2026-09-20,2026-2027,1. Lig,L. Gençler Birliği SK,Lapta Türk Birliği SK,1,0,H,0,0,25447,https://ktff.org/maclar/25447
