date,sezon,takim,elo
2011-09-24,2011-2012,Çetinkaya TSK,1494.3974000078847
2011-09-24,2011-2012,Küçük Kaymaklı TSK,1505.6025999921153
2011-09-24,2011-2012,Lapta Türk Birliği SK,1491.6803709521337
2011-09-24,2011-2012,Bellapais Tatlısu HOSK,1414.986295714533
2011-09-24,2011-2012,Bostancı Bağcıl SK,1460.8689162683204
2011-09-24,2011-2012,Doğan Türk Birliği,1404.464417065013
2011-09-24,2011-2012,Düzkaya KOSK,1386.3924818344508
2011-09-24,2011-2012,Mağusa Türk Gücü,1451.8932324512634
2011-09-24,2011-2012,Görneç KSK,1387.6179607923011
2011-09-24,2011-2012,Binatlı YSK,1430.5090233346828
2011-09-24,2011-2012,Ozanköy SK,1437.6428582339174
2011-09-24,2011-2012,Çanakkale TSK,1364.4033178122584
2011-09-24,2011-2012,Gençlik Gücü TSK,1428.6883217873408
2011-09-24,2011-2012,Alsancak Yeşilova SK,1359.9779008788814
2011-09-25,2011-2012,Türk Ocağı Limasol SK,1386.3687408785681
2011-09-25,2011-2012,Lefke TSK,1390.839606329779
2011-09-25,2011-2012,Gönyeli SK,1343.5561024173362
2011-09-25,2011-2012,Yenicami AK,1423.6326369478736
2011-09-25,2011-2012,Göçmenköy İYSK,1396.6582078134466
2011-09-25,2011-2012,Cihangir GSK,1361.6278827729536
2011-09-25,2011-2012,Dumlupınar TSK,1340.800982892892
2011-09-25,2011-2012,Hamitköy ŞHSK,1409.4750826308514
2011-09-25,2011-2012,Türkmenköy ASK,1368.850421669689
2011-09-25,2011-2012,Mormenekşe GBSK,1374.1453878781463
2011-09-25,2011-2012,Yeniboğaziçi DSK,1393.697743208182
2011-09-25,2011-2012,Esentepe KSKK,1342.6256025715377
2011-09-25,2011-2012,Baf Ülkü Yurdu,1382.320537718362
2011-09-25,2011-2012,Serdarlı GB,1347.8444035029531
2011-10-01,2011-2012,Mağusa Türk Gücü,1475.6924170966852
2011-10-01,2011-2012,Göçmenköy İYSK,1372.8590231680248
2011-10-01,2011-2012,Yenicami AK,1449.0848573197593
2011-10-01,2011-2012,Düzkaya KOSK,1360.940261462565
2011-10-01,2011-2012,Doğan Türk Birliği,1424.4263415312894
2011-10-01,2011-2012,Gönyeli SK,1323.59417795106
2011-10-01,2011-2012,Cihangir GSK,1365.7566350215195
2011-10-01,2011-2012,Çetinkaya TSK,1490.2686477593188
2011-10-01,2011-2012,Lefke TSK,1426.8496593970162
2011-10-01,2011-2012,Bostancı Bağcıl SK,1424.858863201083
2011-10-01,2011-2012,Esentepe KSKK,1361.4580780225654
2011-10-01,2011-2012,Baf Ülkü Yurdu,1363.4880622673343
2011-10-01,2011-2012,Hamitköy ŞHSK,1405.1808648643937
2011-10-01,2011-2012,Yeniboğaziçi DSK,1397.9919609746396
2011-10-02,2011-2012,Küçük Kaymaklı TSK,1515.5210063641982
2011-10-02,2011-2012,Göçmenköy İYSK,1362.9406167959419
2011-10-02,2011-2012,Bellapais Tatlısu HOSK,1437.496168060359
2011-10-02,2011-2012,Türk Ocağı Limasol SK,1363.8588685327422
2011-10-02,2011-2012,Küçük Kaymaklı TSK,1547.9597557060806
2011-10-02,2011-2012,Lapta Türk Birliği SK,1459.2416216102513
2011-10-02,2011-2012,Binatlı YSK,1377.5854266265148
2011-10-02,2011-2012,Gençlik Gücü TSK,1481.6119184955087
2011-10-02,2011-2012,Mormenekşe GBSK,1371.4829506494718
2011-10-02,2011-2012,Görneç KSK,1390.2803980209756
2011-10-02,2011-2012,Alsancak Yeşilova SK,1340.9939022297406
2011-10-02,2011-2012,Ozanköy SK,1456.6268568830583
2011-10-02,2011-2012,Serdarlı GB,1345.609107163711
2011-10-02,2011-2012,Türkmenköy ASK,1371.085718008931
2011-10-02,2011-2012,Çanakkale TSK,1359.681562611905
2011-10-02,2011-2012,Dumlupınar TSK,1345.5227380932454
2011-10-08,2011-2012,Lapta Türk Birliği SK,1426.7456769044627
2011-10-08,2011-2012,Çetinkaya TSK,1522.7645924651074
2011-10-08,2011-2012,Düzkaya KOSK,1321.3415977942996
2011-10-08,2011-2012,Doğan Türk Birliği,1464.025005199555
2011-10-08,2011-2012,Bostancı Bağcıl SK,1422.1492113594481
2011-10-08,2011-2012,Bellapais Tatlısu HOSK,1440.205819901994
2011-10-08,2011-2012,Gençlik Gücü TSK,1506.6884775109252
2011-10-08,2011-2012,Görneç KSK,1365.203839005559
2011-10-08,2011-2012,Dumlupınar TSK,1310.01406629344
2011-10-08,2011-2012,Alsancak Yeşilova SK,1376.502574029546
2011-10-08,2011-2012,Türkmenköy ASK,1387.1304382071323
2011-10-08,2011-2012,Esentepe KSKK,1345.413357824364
2011-10-08,2011-2012,Serdarlı GB,1363.6509409364658
2011-10-08,2011-2012,Mormenekşe GBSK,1353.4411168767172
2011-10-09,2011-2012,Türk Ocağı Limasol SK,1370.713617603086
2011-10-09,2011-2012,Küçük Kaymaklı TSK,1541.1050066357368
2011-10-09,2011-2012,Gönyeli SK,1306.0713779008624
2011-10-09,2011-2012,Lefke TSK,1444.3724594472137
2011-10-09,2011-2012,Göçmenköy İYSK,1335.1938406806437
2011-10-09,2011-2012,Yenicami AK,1476.8316334350575
2011-10-09,2011-2012,Mağusa Türk Gücü,1497.5518835591888
2011-10-09,2011-2012,Cihangir GSK,1343.8971685590159
2011-10-09,2011-2012,Baf Ülkü Yurdu,1362.4351895191708
2011-10-09,2011-2012,Hamitköy ŞHSK,1406.2337376125572
2011-10-09,2011-2012,Ozanköy SK,1449.024568171596
2011-10-09,2011-2012,Binatlı YSK,1385.1877153379771
2011-10-09,2011-2012,Yeniboğaziçi DSK,1425.1553681394178
2011-10-09,2011-2012,Çanakkale TSK,1332.518155447127
2011-10-15,2011-2012,Çetinkaya TSK,1511.877380543616
2011-10-15,2011-2012,Türk Ocağı Limasol SK,1381.6008295245774
2011-10-15,2011-2012,Lefke TSK,1459.8844046758807
2011-10-15,2011-2012,Düzkaya KOSK,1305.8296525656326
2011-10-15,2011-2012,Yenicami AK,1503.4543242022746
2011-10-15,2011-2012,Mağusa Türk Gücü,1470.9291927919717
2011-10-15,2011-2012,Görneç KSK,1407.9420127093795
2011-10-15,2011-2012,Ozanköy SK,1406.2863944677756
2011-10-15,2011-2012,Çanakkale TSK,1291.7792803456523
2011-10-15,2011-2012,Baf Ülkü Yurdu,1403.1740646206454
2011-10-15,2011-2012,Alsancak Yeşilova SK,1410.3598843539078
2011-10-15,2011-2012,Yeniboğaziçi DSK,1391.298057815056
2011-10-16,2011-2012,Doğan Türk Birliği,1484.1997013216912
2011-10-16,2011-2012,Göçmenköy İYSK,1315.0191445585074
2011-10-16,2011-2012,Cihangir GSK,1325.2105416092227
2011-10-16,2011-2012,Lapta Türk Birliği SK,1445.432303854256
2011-10-16,2011-2012,Küçük Kaymaklı TSK,1559.51882624547
2011-10-16,2011-2012,Bostancı Bağcıl SK,1403.7353917497148
2011-10-16,2011-2012,Bellapais Tatlısu HOSK,1430.0646263560823
2011-10-16,2011-2012,Gönyeli SK,1316.212571446774
2011-10-16,2011-2012,Binatlı YSK,1377.7767058721834
2011-10-16,2011-2012,Dumlupınar TSK,1317.4250757592338
2011-10-16,2011-2012,Esentepe KSKK,1371.8245684553667
2011-10-16,2011-2012,Serdarlı GB,1337.2397303054631
2011-10-16,2011-2012,Hamitköy ŞHSK,1381.7572687097888
2011-10-16,2011-2012,Türkmenköy ASK,1411.6069071099007
2011-10-16,2011-2012,Mormenekşe GBSK,1391.3048291961757
2011-10-16,2011-2012,Gençlik Gücü TSK,1468.8247651914667
2011-10-22,2011-2012,Türk Ocağı Limasol SK,1381.8213779759562
2011-10-22,2011-2012,Lapta Türk Birliği SK,1445.211755402877
2011-10-22,2011-2012,Göçmenköy İYSK,1319.8094883129543
2011-10-22,2011-2012,Lefke TSK,1455.0940609214338
2011-10-22,2011-2012,Yenicami AK,1518.6333535071178
2011-10-22,2011-2012,Cihangir GSK,1310.0315123043795
2011-10-22,2011-2012,Ozanköy SK,1369.0603652769835
2011-10-22,2011-2012,Gençlik Gücü TSK,1506.0507943822588
2011-10-22,2011-2012,Dumlupınar TSK,1319.1772681504385
2011-10-22,2011-2012,Görneç KSK,1406.1898203181747
2011-10-22,2011-2012,Baf Ülkü Yurdu,1380.1570389109827
2011-10-22,2011-2012,Alsancak Yeşilova SK,1433.3769100635704
2011-10-22,2011-2012,Serdarlı GB,1336.3490776427514
2011-10-22,2011-2012,Hamitköy ŞHSK,1382.6479213725006
2011-10-23,2011-2012,Bostancı Bağcıl SK,1386.4890664637346
2011-10-23,2011-2012,Çetinkaya TSK,1529.1237058295962
2011-10-23,2011-2012,Gönyeli SK,1300.7188526202378
2011-10-23,2011-2012,Küçük Kaymaklı TSK,1575.0125450720063
2011-10-23,2011-2012,Düzkaya KOSK,1289.4857521982503
2011-10-23,2011-2012,Bellapais Tatlısu HOSK,1446.4085267234645
2011-10-23,2011-2012,Mağusa Türk Gücü,1468.2553308195652
2011-10-23,2011-2012,Doğan Türk Birliği,1486.8735632940977
2011-10-23,2011-2012,Yeniboğaziçi DSK,1387.1278894504246
2011-10-23,2011-2012,Binatlı YSK,1381.9468742368147
2011-10-23,2011-2012,Türkmenköy ASK,1432.5735327665448
2011-10-23,2011-2012,Çanakkale TSK,1270.8126546890082
2011-10-23,2011-2012,Esentepe KSKK,1349.5025826772412
2011-10-23,2011-2012,Mormenekşe GBSK,1413.6268149743012
2011-10-29,2011-2012,Küçük Kaymaklı TSK,1559.8270017139566
2011-10-29,2011-2012,Düzkaya KOSK,1304.6712955563
2011-10-29,2011-2012,Doğan Türk Birliği,1465.251496760574
2011-10-29,2011-2012,Yenicami AK,1540.2554200406416
2011-10-29,2011-2012,Bellapais Tatlısu HOSK,1456.5931104212707
2011-10-29,2011-2012,Göçmenköy İYSK,1309.6249046151481
2011-10-29,2011-2012,Cihangir GSK,1341.0491405654516
2011-10-29,2011-2012,Türk Ocağı Limasol SK,1350.8037497148841
2011-10-29,2011-2012,Hamitköy ŞHSK,1357.4109162514621
2011-10-29,2011-2012,Esentepe KSKK,1374.7395877982797
2011-10-29,2011-2012,Alsancak Yeşilova SK,1429.9120868667258
2011-10-29,2011-2012,Türkmenköy ASK,1436.0383559633894
2011-10-29,2011-2012,Binatlı YSK,1378.4269974410822
2011-10-29,2011-2012,Baf Ülkü Yurdu,1383.6769157067151
2011-10-30,2011-2012,Çetinkaya TSK,1538.7078810205817
2011-10-30,2011-2012,Gönyeli SK,1291.1346774292524
2011-10-30,2011-2012,Lapta Türk Birliği SK,1438.6316678979445
2011-10-30,2011-2012,Bostancı Bağcıl SK,1393.0691539686673
2011-10-30,2011-2012,Lefke TSK,1421.074004524482
2011-10-30,2011-2012,Mağusa Türk Gücü,1502.275387216517
2011-10-30,2011-2012,Görneç KSK,1369.4785101525279
2011-10-30,2011-2012,Yeniboğaziçi DSK,1423.8391996160715
2011-10-30,2011-2012,Gençlik Gücü TSK,1519.6648379438932
2011-10-30,2011-2012,Dumlupınar TSK,1305.5632245888041
2011-10-30,2011-2012,Çanakkale TSK,1241.2906674155508
2011-10-30,2011-2012,Serdarlı GB,1365.8710649162088
2011-10-30,2011-2012,Mormenekşe GBSK,1374.860911454765
2011-10-30,2011-2012,Ozanköy SK,1407.8262687965196
2011-11-04,2011-2012,Yenicami AK,1530.7675347205488
2011-11-04,2011-2012,Lefke TSK,1430.5618898445748
2011-11-05,2011-2012,Bostancı Bağcıl SK,1419.8393672295565
2011-11-05,2011-2012,Türk Ocağı Limasol SK,1324.0335364539949
2011-11-05,2011-2012,Gönyeli SK,1276.067563409131
2011-11-05,2011-2012,Lapta Türk Birliği SK,1453.6987819180658
2011-11-05,2011-2012,Düzkaya KOSK,1313.928064826867
2011-11-05,2011-2012,Çetinkaya TSK,1529.4511117500147
2011-11-05,2011-2012,Göçmenköy İYSK,1299.5969711241257
2011-11-05,2011-2012,Küçük Kaymaklı TSK,1569.854935204979
2011-11-05,2011-2012,Mağusa Türk Gücü,1496.372758722179
2011-11-05,2011-2012,Bellapais Tatlısu HOSK,1462.4957389156086
2011-11-05,2011-2012,Doğan Türk Birliği,1480.6860054147585
2011-11-05,2011-2012,Cihangir GSK,1325.614631911267
2011-11-05,2011-2012,Dumlupınar TSK,1327.9841519399185
2011-11-05,2011-2012,Ozanköy SK,1385.4053414454052
2011-11-05,2011-2012,Yeniboğaziçi DSK,1385.7060986472181
2011-11-05,2011-2012,Gençlik Gücü TSK,1557.7979389127465
2011-11-05,2011-2012,Baf Ülkü Yurdu,1347.3657660931449
2011-11-05,2011-2012,Görneç KSK,1405.789659766098
2011-11-05,2011-2012,Türkmenköy ASK,1429.5153769640965
2011-11-05,2011-2012,Binatlı YSK,1384.9499764403752
2011-11-05,2011-2012,Serdarlı GB,1406.3362837833035
2011-11-05,2011-2012,Alsancak Yeşilova SK,1389.446867999631
2011-11-05,2011-2012,Esentepe KSKK,1398.2239477725589
2011-11-05,2011-2012,Çanakkale TSK,1217.8063074412717
2011-11-05,2011-2012,Hamitköy ŞHSK,1334.973713788663
2011-11-05,2011-2012,Mormenekşe GBSK,1397.2981139175643
2011-11-12,2011-2012,Küçük Kaymaklı TSK,1542.5280763630478
2011-11-12,2011-2012,Mağusa Türk Gücü,1523.6996175641102
2011-11-12,2011-2012,Lapta Türk Birliği SK,1443.318544787615
2011-11-12,2011-2012,Düzkaya KOSK,1324.3083019573178
2011-11-12,2011-2012,Lefke TSK,1399.7093670307524
2011-11-12,2011-2012,Doğan Türk Birliği,1511.5385282285808
2011-11-12,2011-2012,Cihangir GSK,1347.578418236926
2011-11-12,2011-2012,Bostancı Bağcıl SK,1397.8755809038976
2011-11-12,2011-2012,Görneç KSK,1423.7090984727504
2011-11-12,2011-2012,Türkmenköy ASK,1411.5959382574442
2011-11-12,2011-2012,Ozanköy SK,1362.002203525644
2011-11-12,2011-2012,Yeniboğaziçi DSK,1409.1092365669792
2011-11-12,2011-2012,Çanakkale TSK,1241.0677477330685
2011-11-12,2011-2012,Hamitköy ŞHSK,1311.7122734968661
2011-11-12,2011-2012,Mormenekşe GBSK,1416.6207958895766
2011-11-12,2011-2012,Dumlupınar TSK,1308.6614699679062
2011-11-13,2011-2012,Çetinkaya TSK,1542.1406843955203
2011-11-13,2011-2012,Göçmenköy İYSK,1286.90739847862
2011-11-13,2011-2012,Türk Ocağı Limasol SK,1298.0111324267166
2011-11-13,2011-2012,Gönyeli SK,1302.0899674364093
2011-11-13,2011-2012,Bellapais Tatlısu HOSK,1442.9718118114022
2011-11-13,2011-2012,Yenicami AK,1550.2914618247553
2011-11-13,2011-2012,Binatlı YSK,1351.6294625161088
2011-11-13,2011-2012,Serdarlı GB,1439.65679770757
2011-11-13,2011-2012,Gençlik Gücü TSK,1569.9860574991305
2011-11-13,2011-2012,Baf Ülkü Yurdu,1335.1776475067609
2011-11-13,2011-2012,Alsancak Yeşilova SK,1386.519419377365
2011-11-13,2011-2012,Esentepe KSKK,1401.1513963948248
2011-11-19,2011-2012,Düzkaya KOSK,1299.4403366647966
2011-11-19,2011-2012,Türk Ocağı Limasol SK,1322.8790977192377
2011-11-19,2011-2012,Yenicami AK,1514.5133818829531
2011-11-19,2011-2012,Küçük Kaymaklı TSK,1578.30615630485
2011-11-19,2011-2012,Lefke TSK,1360.3499289875886
2011-11-19,2011-2012,Cihangir GSK,1386.9378562800898
2011-11-19,2011-2012,Yeniboğaziçi DSK,1380.4781397683976
2011-11-19,2011-2012,Dumlupınar TSK,1337.2925667664879
2011-11-19,2011-2012,Türkmenköy ASK,1417.1130279295976
2011-11-19,2011-2012,Gençlik Gücü TSK,1564.4689678269772
2011-11-19,2011-2012,Serdarlı GB,1435.3532263238515
2011-11-19,2011-2012,Görneç KSK,1428.0126698564688
2011-11-19,2011-2012,Çanakkale TSK,1215.5994223059595
2011-11-19,2011-2012,Mormenekşe GBSK,1442.0891213166856
2011-11-20,2011-2012,Gönyeli SK,1304.142699027103
2011-11-20,2011-2012,Bostancı Bağcıl SK,1395.822849313204
2011-11-20,2011-2012,Göçmenköy İYSK,1312.319073552005
2011-11-20,2011-2012,Lapta Türk Birliği SK,1417.9068697142302
2011-11-20,2011-2012,Mağusa Türk Gücü,1490.1281481658039
2011-11-20,2011-2012,Çetinkaya TSK,1575.7121537938267
2011-11-20,2011-2012,Doğan Türk Birliği,1524.4579110417317
2011-11-20,2011-2012,Bellapais Tatlısu HOSK,1430.0524289982513
2011-11-20,2011-2012,Baf Ülkü Yurdu,1333.273698463342
2011-11-20,2011-2012,Ozanköy SK,1363.906152569063
2011-11-20,2011-2012,Esentepe KSKK,1375.0476557521824
2011-11-20,2011-2012,Binatlı YSK,1377.7332031587512
2011-11-20,2011-2012,Hamitköy ŞHSK,1350.8094962769053
2011-11-20,2011-2012,Alsancak Yeşilova SK,1347.4221965973259
2011-12-02,2011-2012,Çetinkaya TSK,1595.651812336142
2011-12-02,2011-2012,Yenicami AK,1494.5737233406378
2011-12-03,2011-2012,Küçük Kaymaklı TSK,1602.2308946593903
2011-12-03,2011-2012,Doğan Türk Birliği,1500.5331726871914
2011-12-03,2011-2012,Lapta Türk Birliği SK,1388.961704700565
2011-12-03,2011-2012,Mağusa Türk Gücü,1519.073313179469
2011-12-03,2011-2012,Türk Ocağı Limasol SK,1346.8688594512942
2011-12-03,2011-2012,Göçmenköy İYSK,1288.3293118199485
2011-12-03,2011-2012,Bostancı Bağcıl SK,1416.0533618830366
2011-12-03,2011-2012,Düzkaya KOSK,1279.209824094964
2011-12-03,2011-2012,Bellapais Tatlısu HOSK,1382.5613890270185
2011-12-03,2011-2012,Lefke TSK,1407.8409689588213
2011-12-03,2011-2012,Cihangir GSK,1399.151469908383
2011-12-03,2011-2012,Gönyeli SK,1291.9290853988098
2011-12-03,2011-2012,Binatlı YSK,1352.8313230707297
2011-12-03,2011-2012,Hamitköy ŞHSK,1375.7113763649268
2011-12-03,2011-2012,Görneç KSK,1378.7321717569243
2011-12-03,2011-2012,Esentepe KSKK,1424.328153851727
2011-12-03,2011-2012,Gençlik Gücü TSK,1554.5439634969325
2011-12-03,2011-2012,Serdarlı GB,1445.2782306538961
2011-12-03,2011-2012,Ozanköy SK,1363.5151587036275
2011-12-03,2011-2012,Türkmenköy ASK,1417.504021795033
2011-12-03,2011-2012,Dumlupınar TSK,1361.826455838908
2011-12-03,2011-2012,Baf Ülkü Yurdu,1308.739809390922
2011-12-03,2011-2012,Alsancak Yeşilova SK,1357.3801928795801
2011-12-03,2011-2012,Çanakkale TSK,1205.6414260237052
2011-12-03,2011-2012,Mormenekşe GBSK,1455.36117513896
2011-12-03,2011-2012,Yeniboğaziçi DSK,1367.206085946123
2011-12-10,2011-2012,Mağusa Türk Gücü,1533.6373153442594
2011-12-10,2011-2012,Türk Ocağı Limasol SK,1332.3048572865039
2011-12-10,2011-2012,Yenicami AK,1515.439753475138
2011-12-10,2011-2012,Lapta Türk Birliği SK,1368.0956745660646
2011-12-10,2011-2012,Bellapais Tatlısu HOSK,1348.8324591850662
2011-12-10,2011-2012,Cihangir GSK,1432.8803997503353
2011-12-10,2011-2012,Baf Ülkü Yurdu,1308.6515217458898
2011-12-10,2011-2012,Yeniboğaziçi DSK,1367.2943735911551
2011-12-10,2011-2012,Türkmenköy ASK,1437.8690383120593
2011-12-10,2011-2012,Dumlupınar TSK,1341.4614393218817
2011-12-10,2011-2012,Serdarlı GB,1468.2733777648714
2011-12-10,2011-2012,Ozanköy SK,1340.5200115926523
2011-12-10,2011-2012,Esentepe KSKK,1408.3159563038896
2011-12-10,2011-2012,Gençlik Gücü TSK,1570.5561610447699
2011-12-11,2011-2012,Düzkaya KOSK,1276.5048035958555
2011-12-11,2011-2012,Gönyeli SK,1294.6341058979183
2011-12-11,2011-2012,Göçmenköy İYSK,1292.1791847363972
2011-12-11,2011-2012,Bostancı Bağcıl SK,1412.2034889665879
2011-12-11,2011-2012,Doğan Türk Birliği,1464.5626416974744
2011-12-11,2011-2012,Çetinkaya TSK,1631.622343325859
2011-12-11,2011-2012,Lefke TSK,1455.742068411144
2011-12-11,2011-2012,Küçük Kaymaklı TSK,1554.3297952070677
2011-12-11,2011-2012,Hamitköy ŞHSK,1340.8350358226364
2011-12-11,2011-2012,Görneç KSK,1413.6085122992147
2011-12-11,2011-2012,Çanakkale TSK,1190.5577060652452
2011-12-11,2011-2012,Binatlı YSK,1367.9150430291897
2011-12-11,2011-2012,Alsancak Yeşilova SK,1323.963367624643
2011-12-11,2011-2012,Mormenekşe GBSK,1488.7780003938972
2011-12-17,2011-2012,Türk Ocağı Limasol SK,1319.1104848492232
2011-12-17,2011-2012,Yenicami AK,1528.6341259124188
2011-12-17,2011-2012,Bostancı Bağcıl SK,1415.7035034278526
2011-12-17,2011-2012,Mağusa Türk Gücü,1530.1373008829946
2011-12-17,2011-2012,Gönyeli SK,1319.2986601559405
2011-12-17,2011-2012,Göçmenköy İYSK,1267.514630478375
2011-12-17,2011-2012,Küçük Kaymaklı TSK,1565.024124062117
2011-12-17,2011-2012,Bellapais Tatlısu HOSK,1338.138130330017
2011-12-17,2011-2012,Görneç KSK,1420.1651718561134
2011-12-17,2011-2012,Çanakkale TSK,1184.0010465083465
2011-12-17,2011-2012,Ozanköy SK,1320.968706942924
2011-12-17,2011-2012,Esentepe KSKK,1427.867260953618
2011-12-17,2011-2012,Yeniboğaziçi DSK,1367.9029123257692
2011-12-17,2011-2012,Türkmenköy ASK,1437.2604995774452
2011-12-18,2011-2012,Çetinkaya TSK,1643.8978772553696
2011-12-18,2011-2012,Lefke TSK,1443.4665344816333
2011-12-18,2011-2012,Lapta Türk Birliği SK,1350.1872069932615
2011-12-18,2011-2012,Doğan Türk Birliği,1482.4711092702776
2011-12-18,2011-2012,Cihangir GSK,1441.8192000585532
2011-12-18,2011-2012,Düzkaya KOSK,1267.5660032876376
2011-12-18,2011-2012,Binatlı YSK,1389.197716207746
2011-12-18,2011-2012,Alsancak Yeşilova SK,1302.6806944460868
2011-12-18,2011-2012,Gençlik Gücü TSK,1520.0794735120392
2011-12-18,2011-2012,Hamitköy ŞHSK,1391.3117233553671
2011-12-18,2011-2012,Dumlupınar TSK,1345.2607269494104
2011-12-18,2011-2012,Serdarlı GB,1464.4740901373427
2011-12-18,2011-2012,Mormenekşe GBSK,1500.8165930923994
2011-12-18,2011-2012,Baf Ülkü Yurdu,1296.6129290473875
2011-12-24,2011-2012,Mağusa Türk Gücü,1537.0884917432966
2011-12-24,2011-2012,Gönyeli SK,1312.3474692956386
2011-12-24,2011-2012,Yenicami AK,1519.427456491354
2011-12-24,2011-2012,Bostancı Bağcıl SK,1424.9101728489175
2011-12-24,2011-2012,Bellapais Tatlısu HOSK,1330.3184212136475
2011-12-24,2011-2012,Çetinkaya TSK,1651.7175863717391
2011-12-24,2011-2012,Göçmenköy İYSK,1298.6076124380857
2011-12-24,2011-2012,Düzkaya KOSK,1236.473021327927
2011-12-24,2011-2012,Doğan Türk Birliği,1435.4653172505004
2011-12-24,2011-2012,Türk Ocağı Limasol SK,1366.1162768690003
2011-12-24,2011-2012,Lefke TSK,1435.1742030263142
2011-12-24,2011-2012,Lapta Türk Birliği SK,1358.4795384485806
2011-12-24,2011-2012,Cihangir GSK,1465.4179558299056
2011-12-24,2011-2012,Küçük Kaymaklı TSK,1541.4253682907645
2011-12-25,2011-2012,Serdarlı GB,1491.9085901810608
2011-12-25,2011-2012,Yeniboğaziçi DSK,1340.468412282051
2011-12-25,2011-2012,Hamitköy ŞHSK,1384.1418325377679
2011-12-25,2011-2012,Ozanköy SK,1328.1385977605232
2011-12-25,2011-2012,Alsancak Yeşilova SK,1305.959898798815
2011-12-25,2011-2012,Görneç KSK,1416.8859675033852
2011-12-25,2011-2012,Türkmenköy ASK,1446.843431844668
2011-12-25,2011-2012,Baf Ülkü Yurdu,1287.0299967801648
2011-12-25,2011-2012,Esentepe KSKK,1452.312916665366
2011-12-25,2011-2012,Dumlupınar TSK,1320.8150712376623
2011-12-25,2011-2012,Çanakkale TSK,1171.2891817972343
2011-12-25,2011-2012,Gençlik Gücü TSK,1532.7913382231513
2011-12-25,2011-2012,Mormenekşe GBSK,1511.6695360190681
2011-12-25,2011-2012,Binatlı YSK,1378.3447732810773
2012-01-28,2011-2012,Lefke TSK,1428.0688660147607
2012-01-28,2011-2012,Türk Ocağı Limasol SK,1373.2216138805538
2012-01-28,2011-2012,Cihangir GSK,1453.946748322248
2012-01-28,2011-2012,Göçmenköy İYSK,1310.0788199457434
2012-01-28,2011-2012,Yenicami AK,1530.0419553998415
2012-01-28,2011-2012,Gönyeli SK,1301.732970387151
2012-01-28,2011-2012,Doğan Türk Birliği,1431.4587613667334
2012-01-28,2011-2012,Bostancı Bağcıl SK,1428.9167287326845
2012-01-28,2011-2012,Hamitköy ŞHSK,1407.214897420375
2012-01-28,2011-2012,Dumlupınar TSK,1297.742006355055
2012-01-28,2011-2012,Serdarlı GB,1507.1032839884328
2012-01-28,2011-2012,Baf Ülkü Yurdu,1271.8353029727928
2012-01-28,2011-2012,Çanakkale TSK,1143.9798982394889
2012-01-28,2011-2012,Ozanköy SK,1355.4478813182686
2012-01-29,2011-2012,Küçük Kaymaklı TSK,1575.737869056172
2012-01-29,2011-2012,Çetinkaya TSK,1617.4050856063316
2012-01-29,2011-2012,Bellapais Tatlısu HOSK,1357.576901062142
2012-01-29,2011-2012,Lapta Türk Birliği SK,1331.221058600086
2012-01-29,2011-2012,Mağusa Türk Gücü,1541.547067508415
2012-01-29,2011-2012,Düzkaya KOSK,1232.0144455628085
2012-01-29,2011-2012,Mormenekşe GBSK,1504.7779704534164
2012-01-29,2011-2012,Türkmenköy ASK,1453.7349974103197
2012-01-29,2011-2012,Esentepe KSKK,1468.576928520761
2012-01-29,2011-2012,Yeniboğaziçi DSK,1324.204400426656
2012-01-29,2011-2012,Binatlı YSK,1377.1110734640329
2012-01-29,2011-2012,Görneç KSK,1418.1196673204297
2012-01-29,2011-2012,Alsancak Yeşilova SK,1294.8876455936743
2012-01-29,2011-2012,Gençlik Gücü TSK,1543.863591428292
2012-02-03,2011-2012,Çetinkaya TSK,1626.064074148729
2012-02-03,2011-2012,Cihangir GSK,1445.2877597798504
2012-02-04,2011-2012,Lapta Türk Birliği SK,1320.9452145425864
2012-02-04,2011-2012,Küçük Kaymaklı TSK,1586.0137131136717
2012-02-04,2011-2012,Göçmenköy İYSK,1319.219018449437
2012-02-04,2011-2012,Mağusa Türk Gücü,1532.4068690047213
2012-02-04,2011-2012,Düzkaya KOSK,1263.9109214659384
2012-02-04,2011-2012,Yenicami AK,1498.1454794967117
2012-02-04,2011-2012,Görneç KSK,1455.7999163194736
2012-02-04,2011-2012,Mormenekşe GBSK,1467.0977214543725
2012-02-04,2011-2012,Ozanköy SK,1348.7736306337029
2012-02-04,2011-2012,Alsancak Yeşilova SK,1301.56189627824
2012-02-04,2011-2012,Baf Ülkü Yurdu,1299.324048509885
2012-02-04,2011-2012,Esentepe KSKK,1441.0881829836687
2012-02-05,2011-2012,Türk Ocağı Limasol SK,1388.9346793507825
2012-02-05,2011-2012,Bellapais Tatlısu HOSK,1341.8638355919134
2012-02-05,2011-2012,Gönyeli SK,1273.6642103458823
2012-02-05,2011-2012,Doğan Türk Birliği,1459.527521408002
2012-02-05,2011-2012,Bostancı Bağcıl SK,1393.7157681234826
2012-02-05,2011-2012,Lefke TSK,1463.2698266239627
2012-02-05,2011-2012,Gençlik Gücü TSK,1559.8592658487473
2012-02-05,2011-2012,Binatlı YSK,1361.1153990435776
2012-02-05,2011-2012,Türkmenköy ASK,1453.3532916540078
2012-02-05,2011-2012,Serdarlı GB,1507.4849897447448
2012-02-05,2011-2012,Dumlupınar TSK,1286.7856681465823
2012-02-05,2011-2012,Çanakkale TSK,1154.9362364479616
2012-02-05,2011-2012,Yeniboğaziçi DSK,1305.5270577960216
2012-02-05,2011-2012,Hamitköy ŞHSK,1425.8922400510096
2012-02-10,2011-2012,Yenicami AK,1506.2156164236906
2012-02-10,2011-2012,Göçmenköy İYSK,1311.1488815224582
2012-02-11,2011-2012,Küçük Kaymaklı TSK,1573.4316202580849
2012-02-11,2011-2012,Türk Ocağı Limasol SK,1401.5167722063693
2012-02-11,2011-2012,Lefke TSK,1477.672401187111
2012-02-11,2011-2012,Gönyeli SK,1259.261635782734
2012-02-11,2011-2012,Bellapais Tatlısu HOSK,1311.1604038482046
2012-02-11,2011-2012,Bostancı Bağcıl SK,1424.4191998671913
2012-02-11,2011-2012,Çanakkale TSK,1140.0360125563789
2012-02-11,2011-2012,Yeniboğaziçi DSK,1320.4272816876044
2012-02-11,2011-2012,Görneç KSK,1489.5840432279122
2012-02-11,2011-2012,Gençlik Gücü TSK,1526.0751389403088
2012-02-11,2011-2012,Alsancak Yeşilova SK,1297.3226842660765
2012-02-11,2011-2012,Dumlupınar TSK,1291.0248801587459
2012-02-11,2011-2012,Esentepe KSKK,1438.3575021407141
2012-02-11,2011-2012,Türkmenköy ASK,1456.0839724969624
2012-02-12,2011-2012,Cihangir GSK,1446.845698517358
2012-02-12,2011-2012,Mağusa Türk Gücü,1530.8489302672137
2012-02-12,2011-2012,Çetinkaya TSK,1630.4209806562667
2012-02-12,2011-2012,Lapta Türk Birliği SK,1316.5883080350488
2012-02-12,2011-2012,Doğan Türk Birliği,1398.5317247490366
2012-02-12,2011-2012,Düzkaya KOSK,1324.9067181249038
2012-02-12,2011-2012,Hamitköy ŞHSK,1436.0781718108647
2012-02-12,2011-2012,Baf Ülkü Yurdu,1289.13811675003
2012-02-12,2011-2012,Binatlı YSK,1384.9576404133434
2012-02-12,2011-2012,Ozanköy SK,1324.931389263937
2012-02-12,2011-2012,Mormenekşe GBSK,1445.969919559516
2012-02-12,2011-2012,Serdarlı GB,1528.6127916396013
2012-02-18,2011-2012,Göçmenköy İYSK,1312.7219089925477
2012-02-18,2011-2012,Doğan Türk Birliği,1396.958697278947
2012-02-18,2011-2012,Lapta Türk Birliği SK,1364.5685096796674
2012-02-18,2011-2012,Cihangir GSK,1398.8654968727394
2012-02-18,2011-2012,Düzkaya KOSK,1362.7316826997799
2012-02-18,2011-2012,Lefke TSK,1439.847436612235
2012-02-18,2011-2012,Mağusa Türk Gücü,1546.0711744462292
2012-02-18,2011-2012,Yenicami AK,1490.9933722446751
2012-02-18,2011-2012,Ozanköy SK,1303.7041002483923
2012-02-18,2011-2012,Görneç KSK,1510.811332243457
2012-02-18,2011-2012,Yeniboğaziçi DSK,1315.7325907030117
2012-02-18,2011-2012,Alsancak Yeşilova SK,1302.0173752506691
2012-02-19,2011-2012,Bostancı Bağcıl SK,1409.4339256311216
2012-02-19,2011-2012,Küçük Kaymaklı TSK,1588.4168944941546
2012-02-19,2011-2012,Gönyeli SK,1238.7953758831957
2012-02-19,2011-2012,Bellapais Tatlısu HOSK,1331.626663747743
2012-02-19,2011-2012,Türk Ocağı Limasol SK,1390.5398067482683
2012-02-19,2011-2012,Çetinkaya TSK,1641.3979461143676
2012-02-19,2011-2012,Türkmenköy ASK,1431.558182874034
2012-02-19,2011-2012,Hamitköy ŞHSK,1460.603961433793
2012-02-19,2011-2012,Dumlupınar TSK,1329.432374394177
2012-02-19,2011-2012,Binatlı YSK,1346.5501461779122
2012-02-19,2011-2012,Serdarlı GB,1540.4651310909708
2012-02-19,2011-2012,Esentepe KSKK,1426.5051626893446
2012-02-19,2011-2012,Gençlik Gücü TSK,1547.679560282511
2012-02-19,2011-2012,Mormenekşe GBSK,1424.3654982173139
2012-02-19,2011-2012,Baf Ülkü Yurdu,1278.3709050767775
2012-02-19,2011-2012,Çanakkale TSK,1150.8032242296313
2012-02-24,2011-2012,Çetinkaya TSK,1650.818272889749
2012-02-24,2011-2012,Bostancı Bağcıl SK,1400.0135988557402
2012-02-25,2011-2012,Küçük Kaymaklı TSK,1594.467293837777
2012-02-25,2011-2012,Gönyeli SK,1232.7449765395731
2012-02-25,2011-2012,Bellapais Tatlısu HOSK,1299.1374069913602
2012-02-25,2011-2012,Düzkaya KOSK,1395.2209394561626
2012-02-25,2011-2012,Lapta Türk Birliği SK,1362.615899707532
2012-02-25,2011-2012,Türk Ocağı Limasol SK,1392.4924167204038
2012-02-25,2011-2012,Binatlı YSK,1341.4381688590843
2012-02-25,2011-2012,Yeniboğaziçi DSK,1320.8445680218397
2012-02-25,2011-2012,Mormenekşe GBSK,1421.0652431172828
2012-02-25,2011-2012,Esentepe KSKK,1429.8054177893757
2012-02-25,2011-2012,Görneç KSK,1462.7806933375612
2012-02-25,2011-2012,Dumlupınar TSK,1377.4630133000728
2012-02-26,2011-2012,Doğan Türk Birliği,1401.9788202773213
2012-02-26,2011-2012,Mağusa Türk Gücü,1541.051051447855
2012-02-26,2011-2012,Lefke TSK,1460.1706232482736
2012-02-26,2011-2012,Göçmenköy İYSK,1292.398722356509
2012-02-26,2011-2012,Cihangir GSK,1420.7096725420226
2012-02-26,2011-2012,Yenicami AK,1469.149196575392
2012-02-26,2011-2012,Gençlik Gücü TSK,1560.2654654806654
2012-02-26,2011-2012,Ozanköy SK,1291.1181950502378
2012-02-26,2011-2012,Çanakkale TSK,1142.0381896646645
2012-02-26,2011-2012,Türkmenköy ASK,1440.3232174390007
2012-02-26,2011-2012,Alsancak Yeşilova SK,1297.293221100955
2012-02-26,2011-2012,Baf Ülkü Yurdu,1283.0950592264917
2012-02-26,2011-2012,Hamitköy ŞHSK,1461.7460185135926
2012-02-26,2011-2012,Serdarlı GB,1539.3230740111712
2012-03-02,2011-2012,Yenicami AK,1428.6338782409325
2012-03-02,2011-2012,Doğan Türk Birliği,1442.4941386117807
2012-03-03,2011-2012,Gönyeli SK,1223.7112164234666
2012-03-03,2011-2012,Çetinkaya TSK,1659.8520330058557
2012-03-03,2011-2012,Mağusa Türk Gücü,1513.3583797670015
2012-03-03,2011-2012,Lefke TSK,1487.863294929127
2012-03-03,2011-2012,Türk Ocağı Limasol SK,1359.7557035542932
2012-03-03,2011-2012,Cihangir GSK,1453.4463857081332
2012-03-03,2011-2012,Yeniboğaziçi DSK,1325.4756525646342
2012-03-03,2011-2012,Görneç KSK,1458.1496087947667
2012-03-03,2011-2012,Türkmenköy ASK,1429.8065688819072
2012-03-03,2011-2012,Alsancak Yeşilova SK,1307.8098696580485
2012-03-03,2011-2012,Baf Ülkü Yurdu,1282.9996816730152
2012-03-03,2011-2012,Binatlı YSK,1341.5335464125608
2012-03-04,2011-2012,Bostancı Bağcıl SK,1394.5493317373287
2012-03-04,2011-2012,Lapta Türk Birliği SK,1368.0801668259435
2012-03-04,2011-2012,Düzkaya KOSK,1376.6395070645426
2012-03-04,2011-2012,Küçük Kaymaklı TSK,1613.048726229397
2012-03-04,2011-2012,Göçmenköy İYSK,1309.3565481010335
2012-03-04,2011-2012,Bellapais Tatlısu HOSK,1282.1795812468358
2012-03-04,2011-2012,Dumlupınar TSK,1352.6918275687499
2012-03-04,2011-2012,Gençlik Gücü TSK,1585.0366512119883
2012-03-04,2011-2012,Serdarlı GB,1544.6899252097062
2012-03-04,2011-2012,Çanakkale TSK,1136.6713384661296
2012-03-04,2011-2012,Ozanköy SK,1275.0911391314794
2012-03-04,2011-2012,Mormenekşe GBSK,1437.0922990360411
2012-03-04,2011-2012,Esentepe KSKK,1408.1936915179235
2012-03-04,2011-2012,Hamitköy ŞHSK,1483.3577447850448
2012-03-10,2011-2012,Lapta Türk Birliği SK,1377.5078665312817
2012-03-10,2011-2012,Gönyeli SK,1214.2835167181283
2012-03-10,2011-2012,Bellapais Tatlısu HOSK,1271.3065927052176
2012-03-10,2011-2012,Mağusa Türk Gücü,1524.2313683086197
2012-03-10,2011-2012,Lefke TSK,1441.3026423734382
2012-03-10,2011-2012,Yenicami AK,1475.1945307966214
2012-03-10,2011-2012,Gençlik Gücü TSK,1590.5208747787376
2012-03-10,2011-2012,Yeniboğaziçi DSK,1319.991428997885
2012-03-10,2011-2012,Görneç KSK,1466.360698894134
2012-03-10,2011-2012,Baf Ülkü Yurdu,1274.7885915736479
2012-03-10,2011-2012,Alsancak Yeşilova SK,1317.1947698661252
2012-03-10,2011-2012,Serdarlı GB,1535.3050250016295
2012-03-10,2011-2012,Çanakkale TSK,1127.5371199876374
2012-03-10,2011-2012,Esentepe KSKK,1417.3279099964157
2012-03-11,2011-2012,Türk Ocağı Limasol SK,1322.2209073186982
2012-03-11,2011-2012,Bostancı Bağcıl SK,1432.0841279729236
2012-03-11,2011-2012,Çetinkaya TSK,1644.7231939849476
2012-03-11,2011-2012,Düzkaya KOSK,1391.7683460854507
2012-03-11,2011-2012,Cihangir GSK,1469.4178931504518
2012-03-11,2011-2012,Doğan Türk Birliği,1426.522631169462
2012-03-11,2011-2012,Ozanköy SK,1296.103450378808
2012-03-11,2011-2012,Dumlupınar TSK,1331.6795163214213
2012-03-11,2011-2012,Binatlı YSK,1343.1574893571571
2012-03-11,2011-2012,Türkmenköy ASK,1428.1826259373108
2012-03-11,2011-2012,Mormenekşe GBSK,1465.9069796661959
2012-03-11,2011-2012,Hamitköy ŞHSK,1454.54306415489
2012-03-17,2011-2012,Mağusa Türk Gücü,1562.1277352781635
2012-03-17,2011-2012,Küçük Kaymaklı TSK,1575.1523592598533
2012-03-17,2011-2012,Doğan Türk Birliği,1423.9341590887836
2012-03-17,2011-2012,Lefke TSK,1443.8911144541166
2012-03-17,2011-2012,Bostancı Bağcıl SK,1450.7812025415208
2012-03-17,2011-2012,Cihangir GSK,1450.7208185818547
2012-03-17,2011-2012,Göçmenköy İYSK,1296.601367882712
2012-03-17,2011-2012,Çetinkaya TSK,1657.478374203269
2012-03-17,2011-2012,Yeniboğaziçi DSK,1282.8855109961644
2012-03-17,2011-2012,Ozanköy SK,1333.2093683805285
2012-03-17,2011-2012,Hamitköy ŞHSK,1462.8121158190384
2012-03-17,2011-2012,Çanakkale TSK,1119.2680683234892
2012-03-17,2011-2012,Serdarlı GB,1552.3847049092494
2012-03-17,2011-2012,Binatlı YSK,1326.0778094495372
2012-03-18,2011-2012,Düzkaya KOSK,1367.5574980107747
2012-03-18,2011-2012,Lapta Türk Birliği SK,1401.7187146059578
2012-03-18,2011-2012,Gönyeli SK,1184.0822257132845
2012-03-18,2011-2012,Türk Ocağı Limasol SK,1352.422198323542
2012-03-18,2011-2012,Yenicami AK,1488.664517415831
2012-03-18,2011-2012,Bellapais Tatlısu HOSK,1257.836606086008
2012-03-18,2011-2012,Türkmenköy ASK,1426.9281040664064
2012-03-18,2011-2012,Görneç KSK,1467.6152207650384
2012-03-18,2011-2012,Dumlupınar TSK,1315.88854804245
2012-03-18,2011-2012,Mormenekşe GBSK,1481.697947945167
2012-03-18,2011-2012,Baf Ülkü Yurdu,1267.3237273136817
2012-03-18,2011-2012,Gençlik Gücü TSK,1597.9857390387037
2012-03-18,2011-2012,Esentepe KSKK,1437.2492927077099
2012-03-18,2011-2012,Alsancak Yeşilova SK,1297.273387154831
2012-03-24,2011-2012,Görneç KSK,1439.7503738045973
2012-03-24,2011-2012,Serdarlı GB,1580.2495518696905
2012-03-24,2011-2012,Mormenekşe GBSK,1488.96877760126
2012-03-24,2011-2012,Çanakkale TSK,1111.9972386673962
2012-03-24,2011-2012,Ozanköy SK,1346.264109374757
2012-03-24,2011-2012,Baf Ülkü Yurdu,1254.2689863194532
2012-03-24,2011-2012,Binatlı YSK,1329.0023604971109
2012-03-24,2011-2012,Esentepe KSKK,1434.3247416601362
2012-03-24,2011-2012,Dumlupınar TSK,1290.6591736231576
2012-03-24,2011-2012,Yeniboğaziçi DSK,1308.114885415457
2012-03-24,2011-2012,Gençlik Gücü TSK,1606.35161964079
2012-03-24,2011-2012,Türkmenköy ASK,1418.5622234643201
2012-03-24,2011-2012,Alsancak Yeşilova SK,1283.168471189078
2012-03-24,2011-2012,Hamitköy ŞHSK,1476.9170317847913
2012-03-25,2011-2012,Çetinkaya TSK,1677.7944323624008
2012-03-25,2011-2012,Mağusa Türk Gücü,1541.8116771190316
2012-03-25,2011-2012,Türk Ocağı Limasol SK,1369.853838365381
2012-03-25,2011-2012,Düzkaya KOSK,1350.1258579689356
2012-03-25,2011-2012,Cihangir GSK,1475.0204084994848
2012-03-25,2011-2012,Lefke TSK,1419.5915245364865
2012-03-25,2011-2012,Lapta Türk Birliği SK,1418.4458696346219
2012-03-25,2011-2012,Göçmenköy İYSK,1279.874212854048
2012-03-25,2011-2012,Küçük Kaymaklı TSK,1526.2118844004167
2012-03-25,2011-2012,Yenicami AK,1537.6049922752675
2012-03-25,2011-2012,Bostancı Bağcıl SK,1456.0738614029813
2012-03-25,2011-2012,Gönyeli SK,1178.789566851824
2012-03-25,2011-2012,Bellapais Tatlısu HOSK,1243.7610498887134
2012-03-25,2011-2012,Doğan Türk Birliği,1438.0097152860783
2012-03-30,2011-2012,Yenicami AK,1514.4087196366045
2012-03-30,2011-2012,Çetinkaya TSK,1700.9907050010638
2012-03-31,2011-2012,Doğan Türk Birliği,1410.439551967591
2012-03-31,2011-2012,Küçük Kaymaklı TSK,1553.782047718904
2012-03-31,2011-2012,Mağusa Türk Gücü,1559.8830862732782
2012-03-31,2011-2012,Lapta Türk Birliği SK,1400.3744604803753
2012-03-31,2011-2012,Göçmenköy İYSK,1317.8868300252614
2012-03-31,2011-2012,Türk Ocağı Limasol SK,1331.8412211941677
2012-03-31,2011-2012,Gönyeli SK,1210.6190058018724
2012-03-31,2011-2012,Cihangir GSK,1443.1909695494364
2012-03-31,2011-2012,Lefke TSK,1427.7770800439685
2012-03-31,2011-2012,Bellapais Tatlısu HOSK,1235.5754943812315
2012-03-31,2011-2012,Düzkaya KOSK,1352.7555247320709
2012-03-31,2011-2012,Bostancı Bağcıl SK,1453.444194639846
2012-04-01,2011-2012,Hamitköy ŞHSK,1490.8391625772047
2012-04-01,2011-2012,Binatlı YSK,1315.0802297046976
2012-04-01,2011-2012,Esentepe KSKK,1431.2087736232415
2012-04-01,2011-2012,Görneç KSK,1442.866341841492
2012-04-01,2011-2012,Serdarlı GB,1598.3043981854316
2012-04-01,2011-2012,Gençlik Gücü TSK,1588.296773325049
2012-04-01,2011-2012,Baf Ülkü Yurdu,1222.2334834432954
2012-04-01,2011-2012,Dumlupınar TSK,1322.6946764993154
2012-04-01,2011-2012,Türkmenköy ASK,1440.8436211244561
2012-04-01,2011-2012,Ozanköy SK,1323.982711714621
2012-04-01,2011-2012,Çanakkale TSK,1151.2818096065175
2012-04-01,2011-2012,Alsancak Yeşilova SK,1243.8839002499567
2012-04-01,2011-2012,Yeniboğaziçi DSK,1288.1487876358492
2012-04-01,2011-2012,Mormenekşe GBSK,1508.9348753808677
2012-04-07,2011-2012,Türk Ocağı Limasol SK,1312.562264895931
2012-04-07,2011-2012,Mağusa Türk Gücü,1579.1620425715148
2012-04-07,2011-2012,Lapta Türk Birliği SK,1423.4600847165714
2012-04-07,2011-2012,Yenicami AK,1491.3230954004084
2012-04-07,2011-2012,Cihangir GSK,1450.2493660057073
2012-04-07,2011-2012,Bellapais Tatlısu HOSK,1228.5170979249606
2012-04-07,2011-2012,Gönyeli SK,1187.5820060417677
2012-04-07,2011-2012,Düzkaya KOSK,1375.7925244921755
2012-04-07,2011-2012,Bostancı Bağcıl SK,1470.5908394163073
2012-04-07,2011-2012,Göçmenköy İYSK,1300.7401852488001
2012-04-08,2011-2012,Çetinkaya TSK,1705.6840138646205
2012-04-08,2011-2012,Doğan Türk Birliği,1405.7462431040342
2012-04-08,2011-2012,Küçük Kaymaklı TSK,1563.9926139920099
2012-04-08,2011-2012,Lefke TSK,1417.5665137708627
2012-04-08,2011-2012,Yeniboğaziçi DSK,1301.2020270435482
2012-04-08,2011-2012,Baf Ülkü Yurdu,1209.1802440355964
2012-04-08,2011-2012,Dumlupınar TSK,1326.0110906785335
2012-04-08,2011-2012,Türkmenköy ASK,1437.527206945238
2012-04-08,2011-2012,Ozanköy SK,1314.9615750434139
2012-04-08,2011-2012,Serdarlı GB,1607.3255348566388
2012-04-08,2011-2012,Gençlik Gücü TSK,1601.6623239216606
2012-04-08,2011-2012,Esentepe KSKK,1417.8432230266299
2012-04-08,2011-2012,Görneç KSK,1398.8957065377201
2012-04-08,2011-2012,Hamitköy ŞHSK,1534.8097978809765
2012-04-08,2011-2012,Binatlı YSK,1333.4523719625572
2012-04-08,2011-2012,Çanakkale TSK,1132.9096673486579
2012-04-08,2011-2012,Mormenekşe GBSK,1456.9394410594964
2012-04-08,2011-2012,Alsancak Yeşilova SK,1295.879334571328
2012-04-14,2011-2012,Lefke TSK,1449.0881045209148
2012-04-14,2011-2012,Çetinkaya TSK,1674.1624231145684
2012-04-14,2011-2012,Yenicami AK,1509.4947270521118
2012-04-14,2011-2012,Türk Ocağı Limasol SK,1294.3906332442277
2012-04-14,2011-2012,Mağusa Türk Gücü,1570.1542822714887
2012-04-14,2011-2012,Bostancı Bağcıl SK,1479.5985997163334
2012-04-14,2011-2012,Göçmenköy İYSK,1316.9147006819721
2012-04-14,2011-2012,Gönyeli SK,1171.4074906085957
2012-04-14,2011-2012,Bellapais Tatlısu HOSK,1261.717872688088
2012-04-14,2011-2012,Küçük Kaymaklı TSK,1530.7918392288825
2012-04-14,2011-2012,Doğan Türk Birliği,1438.7045460964437
2012-04-14,2011-2012,Lapta Türk Birliği SK,1390.501781724162
2012-04-14,2011-2012,Düzkaya KOSK,1342.2480392759533
2012-04-14,2011-2012,Cihangir GSK,1483.7938512219296
2012-04-15,2011-2012,Çanakkale TSK,1115.358187246664
2012-04-15,2011-2012,Görneç KSK,1416.447186639714
2012-04-15,2011-2012,Esentepe KSKK,1389.098459430229
2012-04-15,2011-2012,Ozanköy SK,1343.7063386398147
2012-04-15,2011-2012,Türkmenköy ASK,1447.2926280283314
2012-04-15,2011-2012,Yeniboğaziçi DSK,1291.436605960455
2012-04-15,2011-2012,Alsancak Yeşilova SK,1263.945520084128
2012-04-15,2011-2012,Binatlı YSK,1365.3861864497571
2012-04-15,2011-2012,Hamitköy ŞHSK,1535.2042098476077
2012-04-15,2011-2012,Gençlik Gücü TSK,1601.2679119550294
2012-04-15,2011-2012,Serdarlı GB,1612.2436312891355
2012-04-15,2011-2012,Dumlupınar TSK,1321.0929942460368
2012-04-15,2011-2012,Baf Ülkü Yurdu,1199.0462759495206
2012-04-15,2011-2012,Mormenekşe GBSK,1467.0734091455722
2012-04-19,2011-2012,Gençlik Gücü TSK,1562.9234104284033
2012-04-19,2011-2012,Çanakkale TSK,1153.7026887732902
2012-04-21,2011-2012,Gönyeli SK,1163.9341797407167
2012-04-21,2011-2012,Mağusa Türk Gücü,1577.6275931393677
2012-04-21,2011-2012,Bostancı Bağcıl SK,1507.0057078783798
2012-04-21,2011-2012,Yenicami AK,1482.0876188900654
2012-04-21,2011-2012,Çetinkaya TSK,1677.8719900652904
2012-04-21,2011-2012,Bellapais Tatlısu HOSK,1258.0083057373658
2012-04-21,2011-2012,Düzkaya KOSK,1365.0244374829074
2012-04-21,2011-2012,Göçmenköy İYSK,1294.138302475018
2012-04-21,2011-2012,Türk Ocağı Limasol SK,1299.1510483149764
2012-04-21,2011-2012,Doğan Türk Birliği,1433.944131025695
2012-04-21,2011-2012,Lapta Türk Birliği SK,1410.4204043718896
2012-04-21,2011-2012,Lefke TSK,1429.1694818731871
2012-04-21,2011-2012,Küçük Kaymaklı TSK,1504.8201468382501
2012-04-21,2011-2012,Cihangir GSK,1509.765543612562
2012-04-21,2011-2012,Yeniboğaziçi DSK,1304.1474919381421
2012-04-21,2011-2012,Serdarlı GB,1599.5327453114483
2012-04-21,2011-2012,Ozanköy SK,1370.9340953334838
2012-04-21,2011-2012,Hamitköy ŞHSK,1507.9764531539386
2012-04-21,2011-2012,Görneç KSK,1425.5417316269984
2012-04-21,2011-2012,Alsancak Yeşilova SK,1254.8509750968435
2012-04-21,2011-2012,Baf Ülkü Yurdu,1258.8207479343278
2012-04-21,2011-2012,Türkmenköy ASK,1387.5181560435242
2012-04-21,2011-2012,Dumlupınar TSK,1321.5537443291864
2012-04-21,2011-2012,Esentepe KSKK,1388.6377093470794
2012-04-21,2011-2012,Binatlı YSK,1404.565640667725
2012-04-21,2011-2012,Mormenekşe GBSK,1427.8939549276045
2012-09-28,2012-2013,Çetinkaya TSK,1616.4288910093233
2012-09-28,2012-2013,Lapta Türk Birliği SK,1401.2469840392346
2012-09-29,2012-2013,Doğan Türk Birliği,1426.0059886518695
2012-09-29,2012-2013,Cihangir GSK,1483.232846547496
2012-09-29,2012-2013,Yenicami AK,1428.6041280324093
2012-09-29,2012-2013,Küçük Kaymaklı TSK,1513.0332754844999
2012-09-29,2012-2013,Göçmenköy İYSK,1292.5001316384987
2012-09-29,2012-2013,Bostancı Bağcıl SK,1509.8144553472225
2012-09-29,2012-2013,Yalova SK,1440.4600495551754
2012-09-29,2012-2013,Ozanköy SK,1357.3271491490932
2012-09-29,2012-2013,Mormenekşe GBSK,1439.2438468103687
2012-09-29,2012-2013,Yeniboğaziçi DSK,1311.2438175596142
2012-09-29,2012-2013,Bellapais Tatlısu HOSK,1296.3639294860193
2012-09-29,2012-2013,Türkmenköy ASK,1389.237496070321
2012-09-30,2012-2013,Hamitköy ŞHSK,1502.2094512436413
2012-09-30,2012-2013,Serdarlı GB,1529.8790268260716
2012-09-30,2012-2013,Mağusa Türk Gücü,1500.96591993846
2012-09-30,2012-2013,Türk Ocağı Limasol SK,1358.0746403729709
2012-09-30,2012-2013,Gençlik Gücü TSK,1534.2959500338704
2012-09-30,2012-2013,Lefke TSK,1411.2302984129951
2012-09-30,2012-2013,Gönyeli SK,1264.8722295267876
2012-09-30,2012-2013,Görneç KSK,1378.6912832196717
2012-09-30,2012-2013,Düzkaya KOSK,1369.2887023432636
2012-09-30,2012-2013,Dumlupınar TSK,1347.1015132364796
2012-09-30,2012-2013,Binatlı YSK,1399.412831188501
2012-09-30,2012-2013,Vadili TÇBSK,1384.9598699084888
2012-09-30,2012-2013,L. Gençler Birliği SK,1376.0222383824728
2012-09-30,2012-2013,Esentepe KSKK,1394.8660526855715
2012-10-06,2012-2013,Serdarlı GB,1541.0881621597541
2012-10-06,2012-2013,Doğan Türk Birliği,1414.796853318187
2012-10-06,2012-2013,Lefke TSK,1437.568015889553
2012-10-06,2012-2013,Yenicami AK,1402.2664105558515
2012-10-06,2012-2013,Lapta Türk Birliği SK,1385.3911345471151
2012-10-06,2012-2013,Gençlik Gücü TSK,1550.1517995259899
2012-10-06,2012-2013,Türk Ocağı Limasol SK,1368.3951774057102
2012-10-06,2012-2013,Çetinkaya TSK,1606.1083539765839
2012-10-06,2012-2013,Görneç KSK,1333.798477982339
2012-10-06,2012-2013,Düzkaya KOSK,1414.1815075805964
2012-10-06,2012-2013,Yeniboğaziçi DSK,1326.9989068498116
2012-10-06,2012-2013,Bellapais Tatlısu HOSK,1280.6088401958218
2012-10-06,2012-2013,Vadili TÇBSK,1384.6308588529512
2012-10-06,2012-2013,Mormenekşe GBSK,1439.5728578659064
2012-10-06,2012-2013,Dumlupınar TSK,1313.1909994451369
2012-10-06,2012-2013,Yalova SK,1474.370563346518
2012-10-07,2012-2013,Bostancı Bağcıl SK,1505.9022893918898
2012-10-07,2012-2013,Mağusa Türk Gücü,1504.8780858937928
2012-10-07,2012-2013,Cihangir GSK,1497.5600712874473
2012-10-07,2012-2013,Göçmenköy İYSK,1278.1729068985474
2012-10-07,2012-2013,Küçük Kaymaklı TSK,1537.0011764620124
2012-10-07,2012-2013,Hamitköy ŞHSK,1478.2415502661288
2012-10-07,2012-2013,Türkmenköy ASK,1405.0841849480178
2012-10-07,2012-2013,L. Gençler Birliği SK,1360.175549504776
2012-10-07,2012-2013,Ozanköy SK,1390.5240924159427
2012-10-07,2012-2013,Binatlı YSK,1366.2158879216515
2012-10-07,2012-2013,Esentepe KSKK,1384.90299749938
2012-10-07,2012-2013,Gönyeli SK,1274.835284712979
2012-10-12,2012-2013,Çetinkaya TSK,1627.4462830596788
2012-10-12,2012-2013,Bostancı Bağcıl SK,1484.564360308795
2012-10-13,2012-2013,Mağusa Türk Gücü,1501.050725242292
2012-10-13,2012-2013,Cihangir GSK,1501.387431938948
2012-10-13,2012-2013,Gençlik Gücü TSK,1502.1003437289426
2012-10-13,2012-2013,Türk Ocağı Limasol SK,1416.4466332027575
2012-10-13,2012-2013,Düzkaya KOSK,1423.819135255346
2012-10-13,2012-2013,Gönyeli SK,1265.1976570382294
2012-10-13,2012-2013,Binatlı YSK,1316.9295654443602
2012-10-13,2012-2013,Dumlupınar TSK,1362.4773219224282
2012-10-13,2012-2013,Mormenekşe GBSK,1433.4938283414278
2012-10-13,2012-2013,Ozanköy SK,1396.6031219404213
2012-10-14,2012-2013,Doğan Türk Birliği,1445.0942826165688
2012-10-14,2012-2013,Hamitköy ŞHSK,1447.944120967747
2012-10-14,2012-2013,Lefke TSK,1439.8282740529755
2012-10-14,2012-2013,Küçük Kaymaklı TSK,1534.7409182985898
2012-10-14,2012-2013,Göçmenköy İYSK,1263.94071038098
2012-10-14,2012-2013,Serdarlı GB,1555.3203586773216
2012-10-14,2012-2013,Yenicami AK,1417.9119452330785
2012-10-14,2012-2013,Lapta Türk Birliği SK,1369.745599869888
2012-10-14,2012-2013,Yalova SK,1483.9566624253257
2012-10-14,2012-2013,Görneç KSK,1324.2123789035313
2012-10-14,2012-2013,Bellapais Tatlısu HOSK,1314.389794941273
2012-10-14,2012-2013,Vadili TÇBSK,1350.8499041075
2012-10-14,2012-2013,Türkmenköy ASK,1368.2811335289684
2012-10-14,2012-2013,Esentepe KSKK,1421.7060489184294
2012-10-14,2012-2013,L. Gençler Birliği SK,1316.0078533324843
2012-10-14,2012-2013,Yeniboğaziçi DSK,1371.1666030221033
2012-10-20,2012-2013,Serdarlı GB,1548.9698179706018
2012-10-20,2012-2013,Mağusa Türk Gücü,1507.4012659490118
2012-10-20,2012-2013,Hamitköy ŞHSK,1455.8276298890917
2012-10-20,2012-2013,Göçmenköy İYSK,1256.0572014596353
2012-10-20,2012-2013,Lapta Türk Birliği SK,1390.3258423720467
2012-10-20,2012-2013,Lefke TSK,1419.248031550817
2012-10-20,2012-2013,Küçük Kaymaklı TSK,1552.563291988556
2012-10-20,2012-2013,Doğan Türk Birliği,1427.2719089266025
2012-10-20,2012-2013,Gönyeli SK,1273.7494801555304
2012-10-20,2012-2013,Yalova SK,1475.4048393080247
2012-10-20,2012-2013,Yeniboğaziçi DSK,1387.585644069104
2012-10-20,2012-2013,Türkmenköy ASK,1351.8620924819677
2012-10-20,2012-2013,Vadili TÇBSK,1312.8581111452506
2012-10-20,2012-2013,L. Gençler Birliği SK,1353.9996462947336
2012-10-21,2012-2013,Cihangir GSK,1537.0236574590729
2012-10-21,2012-2013,Çetinkaya TSK,1591.810057539554
2012-10-21,2012-2013,Türk Ocağı Limasol SK,1393.1086284001321
2012-10-21,2012-2013,Yenicami AK,1441.249950035704
2012-10-21,2012-2013,Bostancı Bağcıl SK,1439.6997084261266
2012-10-21,2012-2013,Gençlik Gücü TSK,1546.964995611611
2012-10-21,2012-2013,Görneç KSK,1340.386970422695
2012-10-21,2012-2013,Binatlı YSK,1300.7549739251965
2012-10-21,2012-2013,Ozanköy SK,1422.6174749769757
2012-10-21,2012-2013,Bellapais Tatlısu HOSK,1288.3754419047186
2012-10-21,2012-2013,Dumlupınar TSK,1326.165975628426
2012-10-21,2012-2013,Mormenekşe GBSK,1469.8051746354301
2012-10-21,2012-2013,Esentepe KSKK,1418.4043055363582
2012-10-21,2012-2013,Düzkaya KOSK,1427.1208786374173
2012-10-27,2012-2013,Göçmenköy İYSK,1230.1671579342255
2012-10-27,2012-2013,Doğan Türk Birliği,1453.1619524520122
2012-10-27,2012-2013,Çetinkaya TSK,1620.304218251785
2012-10-27,2012-2013,Serdarlı GB,1520.4756572583708
2012-10-27,2012-2013,Lefke TSK,1434.388610936676
2012-10-27,2012-2013,Türk Ocağı Limasol SK,1377.968049014273
2012-10-27,2012-2013,Yalova SK,1499.8365114082433
2012-10-27,2012-2013,Düzkaya KOSK,1402.6892065371987
2012-10-27,2012-2013,Mormenekşe GBSK,1439.867052567644
2012-10-27,2012-2013,Görneç KSK,1370.3250924904812
2012-10-27,2012-2013,Bellapais Tatlısu HOSK,1323.4815523718028
2012-10-27,2012-2013,Dumlupınar TSK,1291.0598651613418
2012-10-27,2012-2013,L. Gençler Birliği SK,1324.7436168712727
2012-10-27,2012-2013,Ozanköy SK,1451.8735044004366
2012-10-27,2012-2013,Türkmenköy ASK,1377.1500798526556
2012-10-27,2012-2013,Vadili TÇBSK,1287.5701237745627
2012-10-28,2012-2013,Mağusa Türk Gücü,1481.1906139948348
2012-10-28,2012-2013,Hamitköy ŞHSK,1482.0382818432686
2012-10-28,2012-2013,Gençlik Gücü TSK,1511.0060530694868
2012-10-28,2012-2013,Cihangir GSK,1572.982600001197
2012-10-28,2012-2013,Yenicami AK,1465.9901846644377
2012-10-28,2012-2013,Bostancı Bağcıl SK,1414.9594737973928
2012-10-28,2012-2013,Lapta Türk Birliği SK,1361.7679932495264
2012-10-28,2012-2013,Küçük Kaymaklı TSK,1581.1211411110764
2012-10-28,2012-2013,Binatlı YSK,1295.8486688773473
2012-10-28,2012-2013,Gönyeli SK,1278.6557852033795
2012-10-28,2012-2013,Yeniboğaziçi DSK,1385.9097701170633
2012-10-28,2012-2013,Esentepe KSKK,1420.080179488399
2012-11-03,2012-2013,Doğan Türk Birliği,1431.326711526903
2012-11-03,2012-2013,Mağusa Türk Gücü,1503.025854919944
2012-11-03,2012-2013,Bostancı Bağcıl SK,1441.4721403394726
2012-11-03,2012-2013,Lefke TSK,1407.8759443945962
2012-11-03,2012-2013,Cihangir GSK,1529.579852026293
2012-11-03,2012-2013,Yenicami AK,1509.3929326393416
2012-11-03,2012-2013,Küçük Kaymaklı TSK,1586.2709724892072
2012-11-03,2012-2013,Göçmenköy İYSK,1225.0173265560948
2012-11-03,2012-2013,Gönyeli SK,1284.3225767913511
2012-11-03,2012-2013,Mormenekşe GBSK,1434.2002609796723
2012-11-03,2012-2013,Düzkaya KOSK,1422.0649157469024
2012-11-03,2012-2013,Binatlı YSK,1276.4729596676436
2012-11-03,2012-2013,Vadili TÇBSK,1289.768216255416
2012-11-03,2012-2013,Yeniboğaziçi DSK,1383.71167763621
2012-11-03,2012-2013,Esentepe KSKK,1441.2162211978161
2012-11-03,2012-2013,Yalova SK,1478.700469698826
2012-11-04,2012-2013,Serdarlı GB,1484.5558509424914
2012-11-04,2012-2013,Gençlik Gücü TSK,1546.9258593853663
2012-11-04,2012-2013,Hamitköy ŞHSK,1458.6842667229382
2012-11-04,2012-2013,Çetinkaya TSK,1643.6582333721153
2012-11-04,2012-2013,Türk Ocağı Limasol SK,1401.4919139019232
2012-11-04,2012-2013,Lapta Türk Birliği SK,1338.2441283618762
2012-11-04,2012-2013,Görneç KSK,1331.3797026683912
2012-11-04,2012-2013,Bellapais Tatlısu HOSK,1362.4269421938927
2012-11-04,2012-2013,Ozanköy SK,1473.9433838142388
2012-11-04,2012-2013,Türkmenköy ASK,1355.0802004388534
2012-11-04,2012-2013,Dumlupınar TSK,1253.4138746174292
2012-11-04,2012-2013,L. Gençler Birliği SK,1362.3896074151853
2012-11-09,2012-2013,Gençlik Gücü TSK,1504.8497300000352
2012-11-09,2012-2013,Hamitköy ŞHSK,1500.7603961082693
2012-11-10,2012-2013,Yenicami AK,1537.9139050754234
2012-11-10,2012-2013,Serdarlı GB,1456.0348785064095
2012-11-10,2012-2013,Lefke TSK,1431.391027794923
2012-11-10,2012-2013,Cihangir GSK,1506.0647686259663
2012-11-10,2012-2013,Lapta Türk Birliği SK,1320.7197712854568
2012-11-10,2012-2013,Bostancı Bağcıl SK,1458.996497415892
2012-11-10,2012-2013,Mormenekşe GBSK,1430.1064719895462
2012-11-10,2012-2013,Düzkaya KOSK,1426.1587047370285
2012-11-10,2012-2013,L. Gençler Birliği SK,1377.2672824235096
2012-11-10,2012-2013,Görneç KSK,1316.502027660067
2012-11-10,2012-2013,Türkmenköy ASK,1366.3921081785875
2012-11-10,2012-2013,Dumlupınar TSK,1242.101966877695
2012-11-10,2012-2013,Vadili TÇBSK,1294.914098442643
2012-11-10,2012-2013,Esentepe KSKK,1436.0703390105891
2012-11-11,2012-2013,Mağusa Türk Gücü,1508.0266278248096
2012-11-11,2012-2013,Göçmenköy İYSK,1220.0165536512293
2012-11-11,2012-2013,Çetinkaya TSK,1659.1876739612514
2012-11-11,2012-2013,Doğan Türk Birliği,1415.7972709377668
2012-11-11,2012-2013,Türk Ocağı Limasol SK,1381.8256821679229
2012-11-11,2012-2013,Küçük Kaymaklı TSK,1605.9372042232076
2012-11-11,2012-2013,Yeniboğaziçi DSK,1421.7494992141021
2012-11-11,2012-2013,Ozanköy SK,1435.9055622363467
2012-11-11,2012-2013,Binatlı YSK,1304.23160476442
2012-11-11,2012-2013,Yalova SK,1450.9418246020498
2012-11-11,2012-2013,Bellapais Tatlısu HOSK,1354.870848632482
2012-11-11,2012-2013,Gönyeli SK,1291.878670352762
2012-11-17,2012-2013,Göçmenköy İYSK,1215.9639038095552
2012-11-17,2012-2013,Çetinkaya TSK,1663.2403238029256
2012-11-17,2012-2013,Bostancı Bağcıl SK,1471.486519447867
2012-11-17,2012-2013,Türk Ocağı Limasol SK,1369.3356601359478
2012-11-17,2012-2013,Cihangir GSK,1473.8995083961984
2012-11-17,2012-2013,Lapta Türk Birliği SK,1352.8850315152247
2012-11-17,2012-2013,Küçük Kaymaklı TSK,1617.425332710704
2012-11-17,2012-2013,Mağusa Türk Gücü,1496.5384993373132
2012-11-17,2012-2013,Gönyeli SK,1313.3375605157262
2012-11-17,2012-2013,L. Gençler Birliği SK,1355.8083922605454
2012-11-17,2012-2013,Düzkaya KOSK,1385.3328389584226
2012-11-17,2012-2013,Bellapais Tatlısu HOSK,1395.696714411088
2012-11-17,2012-2013,Esentepe KSKK,1406.0276481956075
2012-11-17,2012-2013,Binatlı YSK,1334.2742955794015
2012-11-18,2012-2013,Serdarlı GB,1451.2565507529587
2012-11-18,2012-2013,Lefke TSK,1436.169355548374
2012-11-18,2012-2013,Hamitköy ŞHSK,1452.8055669018115
2012-11-18,2012-2013,Yenicami AK,1585.8687342818812
2012-11-18,2012-2013,Doğan Türk Birliği,1437.465777853404
2012-11-18,2012-2013,Gençlik Gücü TSK,1483.181223084398
2012-11-18,2012-2013,Görneç KSK,1295.9202181161268
2012-11-18,2012-2013,Türkmenköy ASK,1386.9739177225276
2012-11-18,2012-2013,Yalova SK,1477.9424474796983
2012-11-18,2012-2013,Mormenekşe GBSK,1403.1058491118977
2012-11-18,2012-2013,Ozanköy SK,1450.258333331645
2012-11-18,2012-2013,Vadili TÇBSK,1280.5613273473448
2012-11-18,2012-2013,Dumlupınar TSK,1268.729488278015
2012-11-18,2012-2013,Yeniboğaziçi DSK,1395.1219778137822
2012-11-23,2012-2013,Çetinkaya TSK,1676.0398013909582
2012-11-23,2012-2013,Mağusa Türk Gücü,1483.7390217492805
2012-11-24,2012-2013,Yenicami AK,1595.1301351120983
2012-11-24,2012-2013,Doğan Türk Birliği,1428.204377023187
2012-11-24,2012-2013,Lefke TSK,1433.6860168199958
2012-11-24,2012-2013,Hamitköy ŞHSK,1455.2889056301897
2012-11-24,2012-2013,Lapta Türk Birliği SK,1386.1848890930737
2012-11-24,2012-2013,Serdarlı GB,1417.9566931751096
2012-11-24,2012-2013,Bellapais Tatlısu HOSK,1367.6149447817018
2012-11-24,2012-2013,Yalova SK,1506.0242171090845
2012-11-24,2012-2013,Türkmenköy ASK,1379.6393759104465
2012-11-24,2012-2013,Gönyeli SK,1320.6721023278074
2012-11-24,2012-2013,Yeniboğaziçi DSK,1406.549338956143
2012-11-24,2012-2013,Görneç KSK,1284.492856973766
2012-11-24,2012-2013,Vadili TÇBSK,1229.3976029256498
2012-11-24,2012-2013,Dumlupınar TSK,1319.89321269971
2012-11-25,2012-2013,Gençlik Gücü TSK,1492.4194225770425
2012-11-25,2012-2013,Göçmenköy İYSK,1206.7257043169107
2012-11-25,2012-2013,Türk Ocağı Limasol SK,1334.4383106026737
2012-11-25,2012-2013,Cihangir GSK,1508.7968579294725
2012-11-25,2012-2013,Bostancı Bağcıl SK,1448.7593502650623
2012-11-25,2012-2013,Küçük Kaymaklı TSK,1640.1525018935088
2012-11-25,2012-2013,Mormenekşe GBSK,1396.0119010821345
2012-11-25,2012-2013,Binatlı YSK,1341.3682436091647
2012-11-25,2012-2013,L. Gençler Birliği SK,1383.1836496350745
2012-11-25,2012-2013,Düzkaya KOSK,1357.9575815838934
2012-11-25,2012-2013,Ozanköy SK,1444.4320805832504
2012-11-25,2012-2013,Esentepe KSKK,1411.8539009440021
2012-12-01,2012-2013,Serdarlı GB,1436.2241735619154
2012-12-01,2012-2013,Türk Ocağı Limasol SK,1316.170830215868
2012-12-01,2012-2013,Doğan Türk Birliği,1445.0915548668515
2012-12-01,2012-2013,Lefke TSK,1416.7988389763311
2012-12-01,2012-2013,Mağusa Türk Gücü,1513.6064564581047
2012-12-01,2012-2013,Gençlik Gücü TSK,1462.5519878682182
2012-12-01,2012-2013,Küçük Kaymaklı TSK,1638.7666875452207
2012-12-01,2012-2013,Çetinkaya TSK,1677.4256157392463
2012-12-01,2012-2013,Gönyeli SK,1302.1589674294135
2012-12-01,2012-2013,Yeniboğaziçi DSK,1425.0624738545368
2012-12-01,2012-2013,Yalova SK,1496.3739155517242
2012-12-01,2012-2013,L. Gençler Birliği SK,1392.8339511924348
2012-12-01,2012-2013,Binatlı YSK,1339.4313372722804
2012-12-01,2012-2013,Bellapais Tatlısu HOSK,1369.551851118586
2012-12-01,2012-2013,Esentepe KSKK,1387.5561327595256
2012-12-01,2012-2013,Mormenekşe GBSK,1420.309669266611
2012-12-02,2012-2013,Hamitköy ŞHSK,1428.181250421685
2012-12-02,2012-2013,Lapta Türk Birliği SK,1413.2925443015783
2012-12-02,2012-2013,Göçmenköy İYSK,1197.5421654519073
2012-12-02,2012-2013,Yenicami AK,1604.3136739771016
2012-12-02,2012-2013,Cihangir GSK,1462.1637370543233
2012-12-02,2012-2013,Bostancı Bağcıl SK,1495.3924711402115
2012-12-02,2012-2013,Görneç KSK,1308.304681444326
2012-12-02,2012-2013,Vadili TÇBSK,1205.58577845509
2012-12-02,2012-2013,Düzkaya KOSK,1375.7607084272063
2012-12-02,2012-2013,Türkmenköy ASK,1361.8362490671336
2012-12-02,2012-2013,Dumlupınar TSK,1303.5662185814635
2012-12-02,2012-2013,Ozanköy SK,1460.7590747014967
2012-12-07,2012-2013,Gençlik Gücü TSK,1440.7423349381736
2012-12-07,2012-2013,Çetinkaya TSK,1699.235268669291
2012-12-08,2012-2013,Yenicami AK,1616.1443273491209
2012-12-08,2012-2013,Mağusa Türk Gücü,1501.7758030860855
2012-12-08,2012-2013,Türk Ocağı Limasol SK,1359.2429453540253
2012-12-08,2012-2013,Hamitköy ŞHSK,1385.1091352835276
2012-12-08,2012-2013,Bostancı Bağcıl SK,1508.7895185966147
2012-12-08,2012-2013,Serdarlı GB,1422.8271261055122
2012-12-08,2012-2013,Yeniboğaziçi DSK,1418.970228911093
2012-12-08,2012-2013,Düzkaya KOSK,1381.85295337065
2012-12-08,2012-2013,Ozanköy SK,1429.8555320060582
2012-12-08,2012-2013,Görneç KSK,1339.2082241397645
2012-12-08,2012-2013,Bellapais Tatlısu HOSK,1338.7540051694662
2012-12-08,2012-2013,Mormenekşe GBSK,1451.107515215731
2012-12-09,2012-2013,Lefke TSK,1423.4761083721971
2012-12-09,2012-2013,Göçmenköy İYSK,1190.8648960560413
2012-12-09,2012-2013,Lapta Türk Birliği SK,1411.6727206429225
2012-12-09,2012-2013,Doğan Türk Birliği,1446.7113785255074
2012-12-09,2012-2013,Cihangir GSK,1488.6347932306264
2012-12-09,2012-2013,Küçük Kaymaklı TSK,1612.2956313689176
2012-12-09,2012-2013,L. Gençler Birliği SK,1416.7991028603087
2012-12-09,2012-2013,Binatlı YSK,1315.4661856044065
2012-12-09,2012-2013,Türkmenköy ASK,1386.0623434335469
2012-12-09,2012-2013,Yalova SK,1472.147821185311
2012-12-09,2012-2013,Vadili TÇBSK,1178.7321484300592
2012-12-09,2012-2013,Gönyeli SK,1329.0125974544442
2012-12-09,2012-2013,Dumlupınar TSK,1324.9449985443996
2012-12-09,2012-2013,Esentepe KSKK,1366.1773527965895
2012-12-14,2012-2013,Çetinkaya TSK,1691.434441116765
2012-12-14,2012-2013,Yenicami AK,1623.945154901647
2012-12-15,2012-2013,Serdarlı GB,1458.4121249590137
2012-12-15,2012-2013,Cihangir GSK,1453.049794377125
2012-12-15,2012-2013,Mağusa Türk Gücü,1494.2100724498407
2012-12-15,2012-2013,Lefke TSK,1431.041839008442
2012-12-15,2012-2013,Küçük Kaymaklı TSK,1632.1198005518645
2012-12-15,2012-2013,Gençlik Gücü TSK,1420.9181657552267
2012-12-15,2012-2013,Gönyeli SK,1311.3529350893912
2012-12-15,2012-2013,Ozanköy SK,1447.5151943711112
2012-12-15,2012-2013,Düzkaya KOSK,1394.470551959992
2012-12-15,2012-2013,Vadili TÇBSK,1166.1145498407172
2012-12-15,2012-2013,Binatlı YSK,1316.0759604340205
2012-12-15,2012-2013,Türkmenköy ASK,1385.4525686039328
2012-12-15,2012-2013,Esentepe KSKK,1381.248448361157
2012-12-15,2012-2013,Bellapais Tatlısu HOSK,1323.6829096048987
2012-12-16,2012-2013,Hamitköy ŞHSK,1388.7343679931867
2012-12-16,2012-2013,Bostancı Bağcıl SK,1505.1642858869557
2012-12-16,2012-2013,Doğan Türk Birliği,1438.6979539138842
2012-12-16,2012-2013,Türk Ocağı Limasol SK,1367.2563699656484
2012-12-16,2012-2013,Göçmenköy İYSK,1179.5128517985904
2012-12-16,2012-2013,Lapta Türk Birliği SK,1423.0247649003734
2012-12-16,2012-2013,Görneç KSK,1362.891725426607
2012-12-16,2012-2013,Dumlupınar TSK,1301.261497257557
2012-12-16,2012-2013,Yalova SK,1465.8538616479157
2012-12-16,2012-2013,Yeniboğaziçi DSK,1425.2641884484883
2012-12-16,2012-2013,Mormenekşe GBSK,1425.8082036359365
2012-12-16,2012-2013,L. Gençler Birliği SK,1442.0984144401032
2012-12-22,2012-2013,Lefke TSK,1416.6513913451454
2012-12-22,2012-2013,Çetinkaya TSK,1705.8248887800614
2012-12-22,2012-2013,Türk Ocağı Limasol SK,1384.6896367787872
2012-12-22,2012-2013,Göçmenköy İYSK,1162.0795849854517
2012-12-22,2012-2013,Cihangir GSK,1406.0349140414467
2012-12-22,2012-2013,Hamitköy ŞHSK,1435.749248328865
2012-12-22,2012-2013,Küçük Kaymaklı TSK,1649.6837743882788
2012-12-22,2012-2013,Serdarlı GB,1440.8481511225993
2012-12-22,2012-2013,Yeniboğaziçi DSK,1445.8215919233267
2012-12-22,2012-2013,Binatlı YSK,1295.5185569591822
2012-12-22,2012-2013,Ozanköy SK,1401.5128333648563
2012-12-22,2012-2013,Düzkaya KOSK,1440.472912966247
2012-12-22,2012-2013,Dumlupınar TSK,1278.408128815742
2012-12-22,2012-2013,Gönyeli SK,1334.2063035312062
2012-12-22,2012-2013,Esentepe KSKK,1356.8128224498178
2012-12-22,2012-2013,Görneç KSK,1387.3273513379463
2012-12-23,2012-2013,Yenicami AK,1631.1584037022299
2012-12-23,2012-2013,Gençlik Gücü TSK,1413.7049169546437
2012-12-23,2012-2013,Lapta Türk Birliği SK,1393.9902484566792
2012-12-23,2012-2013,Mağusa Türk Gücü,1523.244588893535
2012-12-23,2012-2013,Bostancı Bağcıl SK,1524.70232868068
2012-12-23,2012-2013,Doğan Türk Birliği,1419.15991112016
2012-12-23,2012-2013,L. Gençler Birliği SK,1457.917890613076
2012-12-23,2012-2013,Bellapais Tatlısu HOSK,1307.8634334319258
2012-12-23,2012-2013,Türkmenköy ASK,1348.475738763099
2012-12-23,2012-2013,Mormenekşe GBSK,1462.7850334767704
2012-12-23,2012-2013,Vadili TÇBSK,1158.0745137137353
2012-12-23,2012-2013,Yalova SK,1473.8938977748976
2013-02-02,2012-2013,Cihangir GSK,1372.011781881152
2013-02-02,2012-2013,Doğan Türk Birliği,1453.1830432804545
2013-02-02,2012-2013,Küçük Kaymaklı TSK,1645.2389188402835
2013-02-02,2012-2013,Yenicami AK,1635.6032592502252
2013-02-02,2012-2013,Bostancı Bağcıl SK,1530.755172891528
2013-02-02,2012-2013,Göçmenköy İYSK,1156.0267407746037
2013-02-02,2012-2013,Lefke TSK,1441.2748543588798
2013-02-02,2012-2013,Gençlik Gücü TSK,1389.0814539409093
2013-02-02,2012-2013,Ozanköy SK,1422.22524318745
2013-02-02,2012-2013,Yalova SK,1453.181487952304
2013-02-02,2012-2013,Türkmenköy ASK,1362.8406736454983
2013-02-02,2012-2013,Bellapais Tatlısu HOSK,1293.4984985495264
2013-02-02,2012-2013,Görneç KSK,1381.0363245574429
2013-02-02,2012-2013,Gönyeli SK,1340.4973303117097
2013-02-02,2012-2013,Dumlupınar TSK,1304.1200768452752
2013-02-02,2012-2013,Düzkaya KOSK,1414.7609649367137
2013-02-02,2012-2013,Vadili TÇBSK,1162.4601567408154
2013-02-02,2012-2013,Binatlı YSK,1291.1329139321022
2013-02-03,2012-2013,Lapta Türk Birliği SK,1382.58716902659
2013-02-03,2012-2013,Çetinkaya TSK,1717.2279682101507
2013-02-03,2012-2013,Serdarlı GB,1471.4028745128398
2013-02-03,2012-2013,Hamitköy ŞHSK,1405.1945249386245
2013-02-03,2012-2013,Türk Ocağı Limasol SK,1361.3593481607857
2013-02-03,2012-2013,Mağusa Türk Gücü,1546.5748775115364
2013-02-03,2012-2013,Yeniboğaziçi DSK,1463.3568018268506
2013-02-03,2012-2013,Mormenekşe GBSK,1445.2498235732464
2013-02-03,2012-2013,Esentepe KSKK,1379.1680417702732
2013-02-03,2012-2013,L. Gençler Birliği SK,1435.5626712926205
2013-02-08,2012-2013,Gençlik Gücü TSK,1385.2997951143088
2013-02-08,2012-2013,Lapta Türk Birliği SK,1386.3688278531904
2013-02-09,2012-2013,Doğan Türk Birliği,1470.7895097838457
2013-02-09,2012-2013,Serdarlı GB,1453.7964080094487
2013-02-09,2012-2013,Mağusa Türk Gücü,1522.278333496831
2013-02-09,2012-2013,Bostancı Bağcıl SK,1555.0517169062334
2013-02-09,2012-2013,Çetinkaya TSK,1724.3370764391218
2013-02-09,2012-2013,Türk Ocağı Limasol SK,1354.2502399318146
2013-02-09,2012-2013,Mormenekşe GBSK,1410.1314074261616
2013-02-09,2012-2013,Vadili TÇBSK,1197.5785728879002
2013-02-09,2012-2013,Düzkaya KOSK,1409.4929125893043
2013-02-09,2012-2013,Görneç KSK,1386.3043769048522
2013-02-09,2012-2013,Gönyeli SK,1368.6579217056442
2013-02-09,2012-2013,Esentepe KSKK,1351.0074503763387
2013-02-09,2012-2013,Binatlı YSK,1275.1691424757757
2013-02-09,2012-2013,Ozanköy SK,1438.1890146437763
2013-02-09,2012-2013,Yalova SK,1467.0331659333776
2013-02-09,2012-2013,Dumlupınar TSK,1290.2683988642016
2013-02-10,2012-2013,Göçmenköy İYSK,1144.447632834234
2013-02-10,2012-2013,Cihangir GSK,1383.5908898215218
2013-02-10,2012-2013,Yenicami AK,1643.1173159765967
2013-02-10,2012-2013,Lefke TSK,1433.7607976325082
2013-02-10,2012-2013,Hamitköy ŞHSK,1414.7208620886263
2013-02-10,2012-2013,Küçük Kaymaklı TSK,1635.7125816902817
2013-02-10,2012-2013,Bellapais Tatlısu HOSK,1279.61979352812
2013-02-10,2012-2013,Yeniboğaziçi DSK,1477.235506848257
2013-02-10,2012-2013,L. Gençler Birliği SK,1428.2737293678329
2013-02-10,2012-2013,Türkmenköy ASK,1370.129615570286
2013-02-16,2012-2013,Bostancı Bağcıl SK,1534.1887991483645
2013-02-16,2012-2013,Çetinkaya TSK,1745.1999941969907
2013-02-16,2012-2013,Cihangir GSK,1368.0446133109963
2013-02-16,2012-2013,Mağusa Türk Gücü,1537.8246100073566
2013-02-16,2012-2013,Küçük Kaymaklı TSK,1602.9624974631413
2013-02-16,2012-2013,Lefke TSK,1466.5108818596486
2013-02-16,2012-2013,Ozanköy SK,1413.225832250592
2013-02-16,2012-2013,Mormenekşe GBSK,1435.0945898193459
2013-02-16,2012-2013,Yeniboğaziçi DSK,1471.1610224806861
2013-02-16,2012-2013,L. Gençler Birliği SK,1434.3482137354038
2013-02-16,2012-2013,Esentepe KSKK,1368.665131253963
2013-02-16,2012-2013,Türkmenköy ASK,1352.4719346926618
2013-02-17,2012-2013,Türk Ocağı Limasol SK,1381.7562270842375
2013-02-17,2012-2013,Gençlik Gücü TSK,1357.793807961886
2013-02-17,2012-2013,Hamitköy ŞHSK,1414.4945649163699
2013-02-17,2012-2013,Doğan Türk Birliği,1471.015806956102
2013-02-17,2012-2013,Serdarlı GB,1460.191313468683
2013-02-17,2012-2013,Göçmenköy İYSK,1138.0527273749997
2013-02-17,2012-2013,Görneç KSK,1423.3900815216957
2013-02-17,2012-2013,Yalova SK,1429.9474613165341
2013-02-17,2012-2013,Gönyeli SK,1406.4537036819183
2013-02-17,2012-2013,Düzkaya KOSK,1371.6971306130301
2013-02-17,2012-2013,Dumlupınar TSK,1266.011430778262
2013-02-17,2012-2013,Binatlı YSK,1299.4261105617154
2013-02-17,2012-2013,Vadili TÇBSK,1169.4792157740897
2013-02-17,2012-2013,Bellapais Tatlısu HOSK,1307.7191506419306
2013-02-19,2012-2013,Lapta Türk Birliği SK,1376.6213820807495
2013-02-19,2012-2013,Yenicami AK,1652.8647617490376
2013-02-22,2012-2013,Çetinkaya TSK,1750.4298131963694
2013-02-22,2012-2013,Cihangir GSK,1362.8147943116176
2013-02-23,2012-2013,Göçmenköy İYSK,1122.4144582627468
2013-02-23,2012-2013,Hamitköy ŞHSK,1430.1328340286227
2013-02-23,2012-2013,Mağusa Türk Gücü,1510.2917746806793
2013-02-23,2012-2013,Serdarlı GB,1487.7241487953602
2013-02-23,2012-2013,Yenicami AK,1660.6305214208408
2013-02-23,2012-2013,Türk Ocağı Limasol SK,1373.9904674124343
2013-02-23,2012-2013,Yalova SK,1445.2316083916937
2013-02-23,2012-2013,Gönyeli SK,1391.1695566067588
2013-02-23,2012-2013,L. Gençler Birliği SK,1399.6894370379002
2013-02-23,2012-2013,Vadili TÇBSK,1204.1379924715932
2013-02-23,2012-2013,Bellapais Tatlısu HOSK,1310.3238479119461
2013-02-23,2012-2013,Ozanköy SK,1410.6211349805765
2013-02-23,2012-2013,Düzkaya KOSK,1396.3134463162335
2013-02-23,2012-2013,Esentepe KSKK,1344.0488155507596
2013-02-24,2012-2013,Lefke TSK,1458.3807908246104
2013-02-24,2012-2013,Lapta Türk Birliği SK,1384.7514731157878
2013-02-24,2012-2013,Doğan Türk Birliği,1495.099189954744
2013-02-24,2012-2013,Küçük Kaymaklı TSK,1578.8791144644995
2013-02-24,2012-2013,Gençlik Gücü TSK,1364.2541441751277
2013-02-24,2012-2013,Bostancı Bağcıl SK,1527.7284629351227
2013-02-24,2012-2013,Türkmenköy ASK,1387.4919015158082
2013-02-24,2012-2013,Yeniboğaziçi DSK,1436.1410556575397
2013-02-24,2012-2013,Binatlı YSK,1323.0671291914884
2013-02-24,2012-2013,Görneç KSK,1399.7490628919227
2013-02-24,2012-2013,Mormenekşe GBSK,1443.5359185296275
2013-02-24,2012-2013,Dumlupınar TSK,1257.5701020679803
2013-03-02,2012-2013,Doğan Türk Birliği,1500.4549146205036
2013-03-02,2012-2013,Göçmenköy İYSK,1117.0587335969872
2013-03-02,2012-2013,Bostancı Bağcıl SK,1531.8645191453409
2013-03-02,2012-2013,Yenicami AK,1656.4944652106226
2013-03-02,2012-2013,Küçük Kaymaklı TSK,1546.4002263555876
2013-03-02,2012-2013,Lapta Türk Birliği SK,1417.2303612246997
2013-03-02,2012-2013,Cihangir GSK,1321.9707434126324
2013-03-02,2012-2013,Gençlik Gücü TSK,1405.098195074113
2013-03-02,2012-2013,Vadili TÇBSK,1210.9547652076344
2013-03-02,2012-2013,Türkmenköy ASK,1380.675128779767
2013-03-02,2012-2013,Görneç KSK,1398.816436155494
2013-03-02,2012-2013,Mormenekşe GBSK,1444.468545266056
2013-03-02,2012-2013,Ozanköy SK,1434.5800985319106
2013-03-02,2012-2013,L. Gençler Birliği SK,1375.730473486566
2013-03-02,2012-2013,Dumlupınar TSK,1257.1530346195195
2013-03-02,2012-2013,Bellapais Tatlısu HOSK,1310.740915360407
2013-03-02,2012-2013,Esentepe KSKK,1345.890957311413
2013-03-02,2012-2013,Yeniboğaziçi DSK,1434.2989138968862
2013-03-03,2012-2013,Serdarlı GB,1473.4788500104244
2013-03-03,2012-2013,Çetinkaya TSK,1764.6751119813052
2013-03-03,2012-2013,Türk Ocağı Limasol SK,1395.392185406841
2013-03-03,2012-2013,Lefke TSK,1436.9790728302037
2013-03-03,2012-2013,Hamitköy ŞHSK,1451.2919754519523
2013-03-03,2012-2013,Mağusa Türk Gücü,1489.1326332573497
2013-03-03,2012-2013,Düzkaya KOSK,1395.6757406902648
2013-03-03,2012-2013,Yalova SK,1445.8693140176624
2013-03-03,2012-2013,Gönyeli SK,1417.0550978666292
2013-03-03,2012-2013,Binatlı YSK,1297.181587931618
2013-03-08,2012-2013,Çetinkaya TSK,1771.9824450609683
2013-03-08,2012-2013,Hamitköy ŞHSK,1443.9846423722893
2013-03-09,2012-2013,Lefke TSK,1458.9805189735935
2013-03-09,2012-2013,Bostancı Bağcıl SK,1509.863073001951
2013-03-09,2012-2013,Göçmenköy İYSK,1109.5977311305166
2013-03-09,2012-2013,Küçük Kaymaklı TSK,1553.8612288220581
2013-03-09,2012-2013,Mağusa Türk Gücü,1514.9567491378932
2013-03-09,2012-2013,Doğan Türk Birliği,1474.63079873996
2013-03-09,2012-2013,Lapta Türk Birliği SK,1440.2917390960506
2013-03-09,2012-2013,Türk Ocağı Limasol SK,1372.33080753549
2013-03-09,2012-2013,Binatlı YSK,1279.3884666546078
2013-03-09,2012-2013,Düzkaya KOSK,1413.4688619672747
2013-03-09,2012-2013,Mormenekşe GBSK,1467.0759915531303
2013-03-09,2012-2013,Gönyeli SK,1394.447651579555
2013-03-09,2012-2013,Türkmenköy ASK,1415.061190005781
2013-03-09,2012-2013,Ozanköy SK,1400.1940373058965
2013-03-09,2012-2013,Yeniboğaziçi DSK,1444.1200258461884
2013-03-09,2012-2013,Vadili TÇBSK,1201.1336532583323
2013-03-10,2012-2013,Yenicami AK,1620.236393021164
2013-03-10,2012-2013,Cihangir GSK,1358.228815602091
2013-03-10,2012-2013,Gençlik Gücü TSK,1446.0628665412337
2013-03-10,2012-2013,Serdarlı GB,1432.5141785433036
2013-03-10,2012-2013,Yalova SK,1462.955671467754
2013-03-10,2012-2013,Esentepe KSKK,1328.8045998613215
2013-03-10,2012-2013,L. Gençler Birliği SK,1386.2695536018737
2013-03-10,2012-2013,Dumlupınar TSK,1246.613954504212
2013-03-10,2012-2013,Bellapais Tatlısu HOSK,1312.3535636308966
2013-03-10,2012-2013,Görneç KSK,1397.2037878850044
2013-03-16,2012-2013,Hamitköy ŞHSK,1420.680946888482
2013-03-16,2012-2013,Gençlik Gücü TSK,1469.366562025041
2013-03-16,2012-2013,Serdarlı GB,1409.8307840921132
2013-03-16,2012-2013,Yenicami AK,1642.9197874723545
2013-03-16,2012-2013,Göçmenköy İYSK,1124.7791828865913
2013-03-16,2012-2013,Mağusa Türk Gücü,1499.7752973818185
2013-03-16,2012-2013,Düzkaya KOSK,1433.1009002898359
2013-03-16,2012-2013,Mormenekşe GBSK,1447.4439532305692
2013-03-16,2012-2013,Esentepe KSKK,1347.8129981962265
2013-03-16,2012-2013,Vadili TÇBSK,1182.1252549234273
2013-03-16,2012-2013,Görneç KSK,1373.1762901695727
2013-03-16,2012-2013,L. Gençler Birliği SK,1410.2970513173054
2013-03-16,2012-2013,Yalova SK,1430.8550865362724
2013-03-16,2012-2013,Binatlı YSK,1311.4890515860893
2013-03-16,2012-2013,Gönyeli SK,1366.69553201377
2013-03-16,2012-2013,Bellapais Tatlısu HOSK,1340.1056831966816
2013-03-17,2012-2013,Bostancı Bağcıl SK,1482.7319255936525
2013-03-17,2012-2013,Lapta Türk Birliği SK,1467.4228865043492
2013-03-17,2012-2013,Cihangir GSK,1360.5639733002272
2013-03-17,2012-2013,Lefke TSK,1456.6453612754572
2013-03-17,2012-2013,Küçük Kaymaklı TSK,1565.8222379681067
2013-03-17,2012-2013,Türk Ocağı Limasol SK,1360.3697983894415
2013-03-17,2012-2013,Doğan Türk Birliği,1486.5021051999654
2013-03-17,2012-2013,Çetinkaya TSK,1760.111138600963
2013-03-17,2012-2013,Ozanköy SK,1379.2694024362518
2013-03-17,2012-2013,Yeniboğaziçi DSK,1465.044660715833
2013-03-17,2012-2013,Dumlupınar TSK,1272.6615397186483
2013-03-17,2012-2013,Türkmenköy ASK,1389.0136047913447
2013-03-23,2012-2013,Çetinkaya TSK,1761.6359892724872
2013-03-23,2012-2013,Göçmenköy İYSK,1123.254332215067
2013-03-23,2012-2013,Lapta Türk Birliği SK,1458.493873372174
2013-03-23,2012-2013,Cihangir GSK,1369.4929864324024
2013-03-23,2012-2013,Lefke TSK,1482.9664722018258
2013-03-23,2012-2013,Serdarlı GB,1383.5096731657445
2013-03-23,2012-2013,Yenicami AK,1652.7932713243968
2013-03-23,2012-2013,Hamitköy ŞHSK,1410.8074630364397
2013-03-23,2012-2013,Bellapais Tatlısu HOSK,1378.4196019590752
2013-03-23,2012-2013,Düzkaya KOSK,1394.7869815274423
2013-03-23,2012-2013,Vadili TÇBSK,1169.6339141859971
2013-03-23,2012-2013,Ozanköy SK,1391.760743173682
2013-03-23,2012-2013,Yeniboğaziçi DSK,1432.6272922813275
2013-03-23,2012-2013,Dumlupınar TSK,1305.0789081531539
2013-03-24,2012-2013,Türk Ocağı Limasol SK,1331.5854324453437
2013-03-24,2012-2013,Bostancı Bağcıl SK,1511.5162915377502
2013-03-24,2012-2013,Mağusa Türk Gücü,1480.1233521200024
2013-03-24,2012-2013,Küçük Kaymaklı TSK,1585.4741832299228
2013-03-24,2012-2013,Gençlik Gücü TSK,1435.6840125210088
2013-03-24,2012-2013,Doğan Türk Birliği,1520.1846547039977
2013-03-24,2012-2013,L. Gençler Birliği SK,1431.6074146096942
2013-03-24,2012-2013,Gönyeli SK,1345.3851687213812
2013-03-24,2012-2013,Binatlı YSK,1330.1282541511753
2013-03-24,2012-2013,Esentepe KSKK,1329.1737956311406
2013-03-24,2012-2013,Türkmenköy ASK,1404.7160938575798
2013-03-24,2012-2013,Görneç KSK,1357.4738011033376
2013-03-24,2012-2013,Mormenekşe GBSK,1474.8511284737551
2013-03-24,2012-2013,Yalova SK,1403.4479112930865
2013-03-30,2012-2013,Mağusa Türk Gücü,1471.3881331132347
2013-03-30,2012-2013,Çetinkaya TSK,1770.371208279255
2013-03-30,2012-2013,Doğan Türk Birliği,1490.409437089993
2013-03-30,2012-2013,Yenicami AK,1682.5684889384015
2013-03-30,2012-2013,Serdarlı GB,1384.371698669955
2013-03-30,2012-2013,Lapta Türk Birliği SK,1457.6318478679634
2013-03-30,2012-2013,Hamitköy ŞHSK,1411.507106261442
2013-03-30,2012-2013,Lefke TSK,1482.2668289768235
2013-03-30,2012-2013,Görneç KSK,1358.3455534703876
2013-03-30,2012-2013,Yeniboğaziçi DSK,1431.7555399142775
2013-03-30,2012-2013,Gönyeli SK,1375.3273962250173
2013-03-30,2012-2013,Türkmenköy ASK,1374.7738663539437
2013-03-30,2012-2013,Yalova SK,1431.9494297171334
2013-03-30,2012-2013,Bellapais Tatlısu HOSK,1349.9180835350282
2013-03-31,2012-2013,Cihangir GSK,1394.8830101802848
2013-03-31,2012-2013,Türk Ocağı Limasol SK,1306.1954086974613
2013-03-31,2012-2013,Küçük Kaymaklı TSK,1558.1236270988204
2013-03-31,2012-2013,Bostancı Bağcıl SK,1538.8668476688526
2013-03-31,2012-2013,Göçmenköy İYSK,1111.8828551973531
2013-03-31,2012-2013,Gençlik Gücü TSK,1447.0554895387227
2013-03-31,2012-2013,Dumlupınar TSK,1319.7832116299664
2013-03-31,2012-2013,Vadili TÇBSK,1154.9296107091845
2013-03-31,2012-2013,Binatlı YSK,1354.910870976563
2013-03-31,2012-2013,Mormenekşe GBSK,1450.0685116483673
2013-03-31,2012-2013,Esentepe KSKK,1359.3971665100225
2013-03-31,2012-2013,Ozanköy SK,1361.5373722948
2013-03-31,2012-2013,Düzkaya KOSK,1422.7884611196375
2013-03-31,2012-2013,L. Gençler Birliği SK,1403.605935017499
2013-04-05,2012-2013,Çetinkaya TSK,1777.275941894337
2013-04-05,2012-2013,Küçük Kaymaklı TSK,1551.2188934837384
2013-04-06,2012-2013,Türk Ocağı Limasol SK,1273.0247849278214
2013-04-06,2012-2013,Serdarlı GB,1417.542322439595
2013-04-06,2012-2013,Gençlik Gücü TSK,1478.474997161206
2013-04-06,2012-2013,Mağusa Türk Gücü,1439.9686254907515
2013-04-06,2012-2013,Lefke TSK,1507.8220594981537
2013-04-06,2012-2013,Doğan Türk Birliği,1464.8542065686627
2013-04-06,2012-2013,Yenicami AK,1684.3757628029582
2013-04-06,2012-2013,Göçmenköy İYSK,1110.0755813327964
2013-04-06,2012-2013,Bostancı Bağcıl SK,1485.3932932863972
2013-04-06,2012-2013,Cihangir GSK,1448.3565645627402
2013-04-06,2012-2013,Lapta Türk Birliği SK,1451.7059763304235
2013-04-06,2012-2013,Hamitköy ŞHSK,1417.432977798982
2013-04-07,2012-2013,L. Gençler Birliği SK,1421.7886662324763
2013-04-07,2012-2013,Yalova SK,1413.766698502156
2013-04-07,2012-2013,Bellapais Tatlısu HOSK,1326.7778084874465
2013-04-07,2012-2013,Binatlı YSK,1378.0511460241448
2013-04-07,2012-2013,Mormenekşe GBSK,1461.9008855403813
2013-04-07,2012-2013,Esentepe KSKK,1347.5647926180086
2013-04-07,2012-2013,Yeniboğaziçi DSK,1445.2934944656415
2013-04-07,2012-2013,Gönyeli SK,1361.7894416736533
2013-04-07,2012-2013,Vadili TÇBSK,1136.6546369633588
2013-04-07,2012-2013,Görneç KSK,1376.6205272162133
2013-04-07,2012-2013,Ozanköy SK,1322.9940902132396
2013-04-07,2012-2013,Dumlupınar TSK,1358.3264937115268
2013-04-07,2012-2013,Türkmenköy ASK,1394.0842045186814
2013-04-07,2012-2013,Düzkaya KOSK,1403.4781229548998
2013-04-13,2012-2013,Çetinkaya TSK,1784.0261278034486
2013-04-13,2012-2013,Gençlik Gücü TSK,1471.7248112520942
2013-04-13,2012-2013,Serdarlı GB,1397.994183743286
2013-04-13,2012-2013,Bostancı Bağcıl SK,1504.9414319827063
2013-04-13,2012-2013,Hamitköy ŞHSK,1436.2851219176778
2013-04-13,2012-2013,Türk Ocağı Limasol SK,1254.1726408091254
2013-04-13,2012-2013,Mağusa Türk Gücü,1449.6879598498792
2013-04-13,2012-2013,Yenicami AK,1674.6564284438305
2013-04-13,2012-2013,Göçmenköy İYSK,1102.5645156477788
2013-04-13,2012-2013,Lefke TSK,1515.3331251831714
2013-04-13,2012-2013,Küçük Kaymaklı TSK,1562.475029396659
2013-04-13,2012-2013,Cihangir GSK,1437.1004286498196
2013-04-13,2012-2013,Doğan Türk Birliği,1480.7045876105167
2013-04-13,2012-2013,Lapta Türk Birliği SK,1435.8555952885695
2013-04-14,2012-2013,Mormenekşe GBSK,1480.3069904408783
2013-04-14,2012-2013,Bellapais Tatlısu HOSK,1308.3717035869495
2013-04-14,2012-2013,Görneç KSK,1397.1446839804119
2013-04-14,2012-2013,Ozanköy SK,1302.469933449041
2013-04-14,2012-2013,Düzkaya KOSK,1422.4322864173078
2013-04-14,2012-2013,Yeniboğaziçi DSK,1426.3393310032336
2013-04-14,2012-2013,Esentepe KSKK,1373.3414526687995
2013-04-14,2012-2013,Dumlupınar TSK,1332.5498336607359
2013-04-14,2012-2013,Gönyeli SK,1376.3945535860607
2013-04-14,2012-2013,Vadili TÇBSK,1122.0495250509514
2013-04-14,2012-2013,Binatlı YSK,1377.1156855063682
2013-04-14,2012-2013,L. Gençler Birliği SK,1422.724126750253
2013-04-14,2012-2013,Yalova SK,1442.8139587032197
2013-04-14,2012-2013,Türkmenköy ASK,1365.0369443176178
2013-04-19,2012-2013,Yenicami AK,1640.3023758080337
2013-04-19,2012-2013,Çetinkaya TSK,1818.3801804392454
2013-04-20,2012-2013,Lefke TSK,1474.93350140105
2013-04-20,2012-2013,Mağusa Türk Gücü,1490.0875836320006
2013-04-20,2012-2013,Gençlik Gücü TSK,1504.3730871702842
2013-04-20,2012-2013,Küçük Kaymaklı TSK,1529.826753478469
2013-04-20,2012-2013,Cihangir GSK,1462.3789081860928
2013-04-20,2012-2013,Serdarlı GB,1372.7157042070128
2013-04-20,2012-2013,Türk Ocağı Limasol SK,1233.3862719530873
2013-04-20,2012-2013,Doğan Türk Birliği,1501.4909564665547
2013-04-20,2012-2013,Bostancı Bağcıl SK,1464.3137403136734
2013-04-20,2012-2013,Hamitköy ŞHSK,1476.9128135867106
2013-04-20,2012-2013,Lapta Türk Birliği SK,1381.5046926755194
2013-04-20,2012-2013,Göçmenköy İYSK,1156.9154182608288
2013-04-20,2012-2013,Vadili TÇBSK,1108.0210558907863
2013-04-20,2012-2013,Düzkaya KOSK,1436.4607555774728
2013-04-21,2012-2013,Bellapais Tatlısu HOSK,1338.8007969528828
2013-04-21,2012-2013,Esentepe KSKK,1342.9123593028662
2013-04-21,2012-2013,Ozanköy SK,1323.2710701169565
2013-04-21,2012-2013,Gönyeli SK,1355.5934169181453
2013-04-21,2012-2013,Yeniboğaziçi DSK,1423.846834706795
2013-04-21,2012-2013,Yalova SK,1445.3064549996582
2013-04-21,2012-2013,L. Gençler Birliği SK,1422.584987444227
2013-04-21,2012-2013,Mormenekşe GBSK,1480.4461297469043
2013-04-21,2012-2013,Dumlupınar TSK,1362.9465618009228
2013-04-21,2012-2013,Görneç KSK,1366.747955840225
2013-04-21,2012-2013,Türkmenköy ASK,1362.2957360618034
2013-04-21,2012-2013,Binatlı YSK,1379.8568937621826
2013-04-26,2012-2013,Çetinkaya TSK,1823.7371376495091
2013-04-26,2012-2013,Lefke TSK,1469.5765441907863
2013-04-27,2012-2013,Hamitköy ŞHSK,1431.48927447276
2013-04-27,2012-2013,Cihangir GSK,1507.8024473000435
2013-04-27,2012-2013,Serdarlı GB,1358.16469871097
2013-04-27,2012-2013,Küçük Kaymaklı TSK,1544.3777589745118
2013-04-27,2012-2013,Göçmenköy İYSK,1196.1918474576237
2013-04-27,2012-2013,Türk Ocağı Limasol SK,1194.1098427562924
2013-04-27,2012-2013,Doğan Türk Birliği,1534.2227854210994
2013-04-27,2012-2013,Bostancı Bağcıl SK,1431.5819113591288
2013-04-27,2012-2013,Mağusa Türk Gücü,1506.575138705036
2013-04-27,2012-2013,Lapta Türk Birliği SK,1365.0171376024841
2013-04-27,2012-2013,Gençlik Gücü TSK,1488.675647813946
2013-04-27,2012-2013,Yenicami AK,1655.999815164372
2013-04-28,2012-2013,Gönyeli SK,1352.5858047144409
2013-04-28,2012-2013,Dumlupınar TSK,1365.9541740046272
2013-04-28,2012-2013,Düzkaya KOSK,1392.6331284108214
2013-04-28,2012-2013,Ozanköy SK,1367.0986972836079
2013-04-28,2012-2013,Görneç KSK,1362.0135234539925
2013-04-28,2012-2013,Esentepe KSKK,1347.6467916890986
2013-04-28,2012-2013,Binatlı YSK,1378.935932451558
2013-04-28,2012-2013,Yeniboğaziçi DSK,1424.7677960174196
2013-04-28,2012-2013,Bellapais Tatlısu HOSK,1340.1677903107602
2013-04-28,2012-2013,L. Gençler Birliği SK,1421.2179940863496
2013-04-28,2012-2013,Yalova SK,1452.2221164522944
2013-04-28,2012-2013,Vadili TÇBSK,1101.1053944381501
2013-04-28,2012-2013,Mormenekşe GBSK,1498.9229324477672
2013-04-28,2012-2013,Türkmenköy ASK,1343.8189333609405
2013-09-28,2013-2014,Küçük Kaymaklı TSK,1523.8324319418107
2013-09-28,2013-2014,Cihangir GSK,1466.2596368670856
2013-09-28,2013-2014,Yalova SK,1432.465119989367
2013-09-28,2013-2014,Serdarlı GB,1376.281905486061
2013-09-28,2013-2014,Mormenekşe GBSK,1488.5119807050164
2013-09-28,2013-2014,Hamitköy ŞHSK,1410.2540885883584
2013-09-28,2013-2014,Doğan Türk Birliği,1516.5799087315768
2013-09-28,2013-2014,Mağusa Türk Gücü,1464.9754484660043
2013-09-28,2013-2014,Esentepe KSKK,1359.1182506561947
2013-09-28,2013-2014,Binatlı YSK,1386.7757065522774
2013-09-28,2013-2014,Baf Ülkü Yurdu,1322.1812951275363
2013-09-28,2013-2014,Değirmenlik SK,1390.9451246589522
2013-09-28,2013-2014,Göçmenköy İYSK,1251.4137657704807
2013-09-28,2013-2014,Akıncılar GSK,1370.5011338292231
2013-09-29,2013-2014,Lefke TSK,1425.5629926515885
2013-09-29,2013-2014,Yenicami AK,1619.5761909677599
2013-09-29,2013-2014,Bostancı Bağcıl SK,1440.4600935514118
2013-09-29,2013-2014,Yeniboğaziçi DSK,1402.7591010839792
2013-09-29,2013-2014,Çetinkaya TSK,1723.994591851698
2013-09-29,2013-2014,Gençlik Gücü TSK,1461.271911348873
2013-09-29,2013-2014,Gönyeli SK,1394.8486538181066
2013-09-29,2013-2014,Lapta Türk Birliği SK,1344.3104670225666
2013-09-29,2013-2014,Düzkaya KOSK,1409.5309866168595
2013-09-29,2013-2014,Türkmenköy ASK,1343.7649738149414
2013-09-29,2013-2014,Ozanköy SK,1330.874274678693
2013-09-29,2013-2014,Türk Ocağı Limasol SK,1290.989044454212
2013-09-29,2013-2014,Dumlupınar TSK,1353.8771546683217
2013-09-29,2013-2014,L. Gençler Birliği SK,1437.4588855028906
2013-10-05,2013-2014,Hamitköy ŞHSK,1409.9502490151783
2013-10-05,2013-2014,Mağusa Türk Gücü,1465.2792880391844
2013-10-05,2013-2014,Gençlik Gücü TSK,1479.391667097293
2013-10-05,2013-2014,Mormenekşe GBSK,1470.3922249565962
2013-10-05,2013-2014,Cihangir GSK,1460.6201025274295
2013-10-05,2013-2014,Lefke TSK,1431.2025269912447
2013-10-05,2013-2014,Küçük Kaymaklı TSK,1552.1409068985165
2013-10-05,2013-2014,Doğan Türk Birliği,1488.271433774871
2013-10-05,2013-2014,Akıncılar GSK,1348.2338945309057
2013-10-05,2013-2014,Değirmenlik SK,1413.2123639572696
2013-10-05,2013-2014,Türk Ocağı Limasol SK,1273.5004798795353
2013-10-05,2013-2014,Gönyeli SK,1412.3372183927834
2013-10-05,2013-2014,Türkmenköy ASK,1301.5279708341616
2013-10-05,2013-2014,Ozanköy SK,1373.1112776594728
2013-10-05,2013-2014,Binatlı YSK,1413.5720014351323
2013-10-05,2013-2014,Düzkaya KOSK,1382.7346917340046
2013-10-06,2013-2014,Serdarlı GB,1389.8710346309397
2013-10-06,2013-2014,Çetinkaya TSK,1710.4054627068194
2013-10-06,2013-2014,Yeniboğaziçi DSK,1401.0196452683067
2013-10-06,2013-2014,Yalova SK,1434.2045758050394
2013-10-06,2013-2014,Yenicami AK,1607.6392979181137
2013-10-06,2013-2014,Bostancı Bağcıl SK,1452.396986601058
2013-10-06,2013-2014,Lapta Türk Birliği SK,1341.427512772177
2013-10-06,2013-2014,Dumlupınar TSK,1356.7601089187115
2013-10-06,2013-2014,L. Gençler Birliği SK,1445.2682653031536
2013-10-06,2013-2014,Göçmenköy İYSK,1243.6043859702177
2013-10-06,2013-2014,Esentepe KSKK,1353.6785351647068
2013-10-06,2013-2014,Baf Ülkü Yurdu,1327.6210106190242
2013-10-12,2013-2014,Bostancı Bağcıl SK,1449.4383397762585
2013-10-12,2013-2014,Cihangir GSK,1463.578749352229
2013-10-12,2013-2014,Çetinkaya TSK,1714.6679209037127
2013-10-12,2013-2014,Yeniboğaziçi DSK,1396.7571870714135
2013-10-12,2013-2014,Lefke TSK,1454.6748878168667
2013-10-12,2013-2014,Küçük Kaymaklı TSK,1528.6685460728945
2013-10-12,2013-2014,Düzkaya KOSK,1405.2090641372777
2013-10-12,2013-2014,Esentepe KSKK,1331.2041627614337
2013-10-12,2013-2014,Dumlupınar TSK,1378.0942553773336
2013-10-12,2013-2014,Türk Ocağı Limasol SK,1252.1663334209131
2013-10-13,2013-2014,Mağusa Türk Gücü,1491.3399117187628
2013-10-13,2013-2014,Gençlik Gücü TSK,1453.3310434177147
2013-10-13,2013-2014,Yalova SK,1413.6655140165901
2013-10-13,2013-2014,Yenicami AK,1628.178359706563
2013-10-13,2013-2014,Mormenekşe GBSK,1488.8796579755158
2013-10-13,2013-2014,Serdarlı GB,1371.3836016120201
2013-10-13,2013-2014,Doğan Türk Birliği,1480.7046431220315
2013-10-13,2013-2014,Hamitköy ŞHSK,1417.5170396680178
2013-10-13,2013-2014,Değirmenlik SK,1375.4033830250587
2013-10-13,2013-2014,L. Gençler Birliği SK,1483.0772462353646
2013-10-13,2013-2014,Ozanköy SK,1371.9876908066742
2013-10-13,2013-2014,Binatlı YSK,1414.6955882879308
2013-10-13,2013-2014,Gönyeli SK,1428.671977700228
2013-10-13,2013-2014,Türkmenköy ASK,1285.193211526717
2013-10-13,2013-2014,Göçmenköy İYSK,1276.8574563644602
2013-10-13,2013-2014,Lapta Türk Birliği SK,1308.1744423779344
2013-10-13,2013-2014,Baf Ülkü Yurdu,1345.363369175963
2013-10-13,2013-2014,Akıncılar GSK,1330.4915359739668
2013-10-18,2013-2014,Yenicami AK,1649.7002736011102
2013-10-18,2013-2014,Çetinkaya TSK,1693.1460070091655
2013-10-19,2013-2014,Yeniboğaziçi DSK,1418.6010542792453
2013-10-19,2013-2014,Mormenekşe GBSK,1467.035790767684
2013-10-19,2013-2014,Cihangir GSK,1484.3925082008689
2013-10-19,2013-2014,Yalova SK,1392.8517551679502
2013-10-19,2013-2014,Küçük Kaymaklı TSK,1547.2511708245759
2013-10-19,2013-2014,Bostancı Bağcıl SK,1430.8557150245772
2013-10-19,2013-2014,Lefke TSK,1481.7509725175105
2013-10-19,2013-2014,Doğan Türk Birliği,1453.6285584213877
2013-10-19,2013-2014,L. Gençler Birliği SK,1452.1683921556162
2013-10-19,2013-2014,Akıncılar GSK,1361.4003900537152
2013-10-19,2013-2014,Lapta Türk Birliği SK,1328.590513613077
2013-10-19,2013-2014,Değirmenlik SK,1354.987311789916
2013-10-19,2013-2014,Türk Ocağı Limasol SK,1250.1407596982256
2013-10-19,2013-2014,Göçmenköy İYSK,1278.8830300871477
2013-10-19,2013-2014,Esentepe KSKK,1359.5465691148213
2013-10-19,2013-2014,Ozanköy SK,1343.6452844532866
2013-10-20,2013-2014,Gençlik Gücü TSK,1427.951240691188
2013-10-20,2013-2014,Hamitköy ŞHSK,1442.8968423945444
2013-10-20,2013-2014,Serdarlı GB,1346.5098600728948
2013-10-20,2013-2014,Mağusa Türk Gücü,1516.2136532578882
2013-10-20,2013-2014,Türkmenköy ASK,1287.0815068049733
2013-10-20,2013-2014,Dumlupınar TSK,1376.2059600990774
2013-10-20,2013-2014,Binatlı YSK,1392.0616445915623
2013-10-20,2013-2014,Gönyeli SK,1451.3059213965964
2013-10-20,2013-2014,Düzkaya KOSK,1425.2525531119622
2013-10-20,2013-2014,Baf Ülkü Yurdu,1325.3198802012785
2013-10-26,2013-2014,Mağusa Türk Gücü,1466.3424676600089
2013-10-26,2013-2014,Yeniboğaziçi DSK,1468.4722398771246
2013-10-26,2013-2014,Hamitköy ŞHSK,1414.4569238146212
2013-10-26,2013-2014,Serdarlı GB,1374.949778652818
2013-10-26,2013-2014,Bostancı Bağcıl SK,1430.331723856795
2013-10-26,2013-2014,Lefke TSK,1482.2749636852927
2013-10-26,2013-2014,Mormenekşe GBSK,1493.8174636743934
2013-10-26,2013-2014,Yenicami AK,1622.9186006944008
2013-10-26,2013-2014,Ozanköy SK,1324.8874977371686
2013-10-26,2013-2014,Düzkaya KOSK,1444.0103398280803
2013-10-26,2013-2014,Gönyeli SK,1471.9213680781902
2013-10-26,2013-2014,Esentepe KSKK,1338.9311224332275
2013-10-26,2013-2014,Göçmenköy İYSK,1255.922995969118
2013-10-26,2013-2014,Türkmenköy ASK,1310.0415409230031
2013-10-26,2013-2014,Değirmenlik SK,1366.1512897153139
2013-10-26,2013-2014,Türk Ocağı Limasol SK,1238.9767817728277
2013-10-27,2013-2014,Yalova SK,1357.9491874884588
2013-10-27,2013-2014,Küçük Kaymaklı TSK,1582.1537385040672
2013-10-27,2013-2014,Çetinkaya TSK,1680.1664040682072
2013-10-27,2013-2014,Cihangir GSK,1497.3721111418272
2013-10-27,2013-2014,Doğan Türk Birliği,1468.7941753427172
2013-10-27,2013-2014,Gençlik Gücü TSK,1412.7856237698586
2013-10-27,2013-2014,Akıncılar GSK,1356.1813761824321
2013-10-27,2013-2014,Lapta Türk Birliği SK,1333.8095274843602
2013-10-27,2013-2014,Dumlupınar TSK,1393.6783957601926
2013-10-27,2013-2014,Binatlı YSK,1374.589208930447
2013-10-27,2013-2014,Baf Ülkü Yurdu,1329.1211971544694
2013-10-27,2013-2014,L. Gençler Birliği SK,1448.3670752024252
2013-11-02,2013-2014,Serdarlı GB,1410.0607598555562
2013-11-02,2013-2014,Gençlik Gücü TSK,1377.6746425671204
2013-11-02,2013-2014,Yenicami AK,1636.3147857073666
2013-11-02,2013-2014,Mağusa Türk Gücü,1452.946282647043
2013-11-02,2013-2014,Cihangir GSK,1473.753879020111
2013-11-02,2013-2014,Mormenekşe GBSK,1517.4356957961095
2013-11-02,2013-2014,Bostancı Bağcıl SK,1429.0935085541435
2013-11-02,2013-2014,Doğan Türk Birliği,1470.0323906453687
2013-11-02,2013-2014,Lapta Türk Birliği SK,1377.1501961478066
2013-11-02,2013-2014,L. Gençler Birliği SK,1405.0264065389788
2013-11-02,2013-2014,Türkmenköy ASK,1309.8176094203334
2013-11-02,2013-2014,Değirmenlik SK,1366.3752212179836
2013-11-02,2013-2014,Binatlı YSK,1345.1243228105404
2013-11-02,2013-2014,Göçmenköy İYSK,1285.3878820890245
2013-11-02,2013-2014,Ozanköy SK,1341.7046180202924
2013-11-02,2013-2014,Baf Ülkü Yurdu,1312.3040768713456
2013-11-03,2013-2014,Küçük Kaymaklı TSK,1615.4229815949438
2013-11-03,2013-2014,Çetinkaya TSK,1646.8971609773305
2013-11-03,2013-2014,Yeniboğaziçi DSK,1442.1348658900372
2013-11-03,2013-2014,Hamitköy ŞHSK,1440.7942978017086
2013-11-03,2013-2014,Lefke TSK,1497.7013289240965
2013-11-03,2013-2014,Yalova SK,1342.522822249655
2013-11-03,2013-2014,Türk Ocağı Limasol SK,1242.240305818211
2013-11-03,2013-2014,Akıncılar GSK,1352.9178521370488
2013-11-03,2013-2014,Esentepe KSKK,1308.47760010665
2013-11-03,2013-2014,Dumlupınar TSK,1424.1319180867702
2013-11-03,2013-2014,Düzkaya KOSK,1422.1683846131937
2013-11-03,2013-2014,Gönyeli SK,1493.7633232930768
2013-11-09,2013-2014,Hamitköy ŞHSK,1417.222223997119
2013-11-09,2013-2014,Yenicami AK,1659.8868595119561
2013-11-09,2013-2014,Çetinkaya TSK,1600.740596832597
2013-11-09,2013-2014,Lefke TSK,1543.85789306883
2013-11-09,2013-2014,Doğan Türk Birliği,1463.3882664592336
2013-11-09,2013-2014,Serdarlı GB,1416.7048840416912
2013-11-09,2013-2014,Mormenekşe GBSK,1490.7027734293995
2013-11-09,2013-2014,Küçük Kaymaklı TSK,1642.1559039616538
2013-11-09,2013-2014,Akıncılar GSK,1367.1512068374425
2013-11-09,2013-2014,Türkmenköy ASK,1295.5842547199397
2013-11-09,2013-2014,Gönyeli SK,1509.7101544550899
2013-11-09,2013-2014,Ozanköy SK,1325.7577868582794
2013-11-09,2013-2014,Dumlupınar TSK,1420.6023529784375
2013-11-09,2013-2014,Düzkaya KOSK,1425.6979497215264
2013-11-09,2013-2014,Baf Ülkü Yurdu,1292.5830238316425
2013-11-09,2013-2014,Lapta Türk Birliği SK,1396.8712491875096
2013-11-10,2013-2014,Mağusa Türk Gücü,1450.6997076297662
2013-11-10,2013-2014,Cihangir GSK,1476.000454037388
2013-11-10,2013-2014,Gençlik Gücü TSK,1348.0597480519182
2013-11-10,2013-2014,Yeniboğaziçi DSK,1471.7497604052394
2013-11-10,2013-2014,Yalova SK,1314.812657310179
2013-11-10,2013-2014,Bostancı Bağcıl SK,1456.8036734936195
2013-11-10,2013-2014,Değirmenlik SK,1361.7814835862532
2013-11-10,2013-2014,Binatlı YSK,1349.7180604422708
2013-11-10,2013-2014,L. Gençler Birliği SK,1413.7116780380243
2013-11-10,2013-2014,Türk Ocağı Limasol SK,1233.5550343191655
2013-11-10,2013-2014,Göçmenköy İYSK,1312.2127282669076
2013-11-10,2013-2014,Esentepe KSKK,1281.652753928767
2013-11-16,2013-2014,Yeniboğaziçi DSK,1465.3591210083644
2013-11-16,2013-2014,Serdarlı GB,1423.0955234385663
2013-11-16,2013-2014,Yenicami AK,1668.8314844329354
2013-11-16,2013-2014,Gençlik Gücü TSK,1339.1151231309389
2013-11-16,2013-2014,Cihangir GSK,1489.4175155572696
2013-11-16,2013-2014,Hamitköy ŞHSK,1403.8051624772374
2013-11-16,2013-2014,Yalova SK,1288.5471773259953
2013-11-16,2013-2014,Doğan Türk Birliği,1489.6537464434173
2013-11-16,2013-2014,Binatlı YSK,1347.2799024925969
2013-11-16,2013-2014,Akıncılar GSK,1369.5893647871164
2013-11-16,2013-2014,Türkmenköy ASK,1278.8994640852527
2013-11-16,2013-2014,L. Gençler Birliği SK,1430.3964686727113
2013-11-16,2013-2014,Gönyeli SK,1516.4558926888851
2013-11-16,2013-2014,Baf Ülkü Yurdu,1285.8372855978473
2013-11-17,2013-2014,Küçük Kaymaklı TSK,1653.5791173949694
2013-11-17,2013-2014,Mağusa Türk Gücü,1439.2764941964506
2013-11-17,2013-2014,Lefke TSK,1569.5589043204775
2013-11-17,2013-2014,Mormenekşe GBSK,1465.001762177752
2013-11-17,2013-2014,Bostancı Bağcıl SK,1441.5436114836127
2013-11-17,2013-2014,Çetinkaya TSK,1616.0006588426038
2013-11-17,2013-2014,Türk Ocağı Limasol SK,1239.3330763609533
2013-11-17,2013-2014,Lapta Türk Birliği SK,1391.0932071457219
2013-11-17,2013-2014,Esentepe KSKK,1282.8101621003464
2013-11-17,2013-2014,Değirmenlik SK,1360.6240754146738
2013-11-17,2013-2014,Düzkaya KOSK,1436.466138701088
2013-11-17,2013-2014,Göçmenköy İYSK,1301.4445392873458
2013-11-17,2013-2014,Ozanköy SK,1292.0061301633207
2013-11-17,2013-2014,Dumlupınar TSK,1454.3540096733961
2013-11-23,2013-2014,Mağusa Türk Gücü,1463.267977920179
2013-11-23,2013-2014,Lefke TSK,1545.5674205967491
2013-11-23,2013-2014,Hamitköy ŞHSK,1413.7586988522469
2013-11-23,2013-2014,Küçük Kaymaklı TSK,1643.62558101996
2013-11-23,2013-2014,Serdarlı GB,1412.8731774342436
2013-11-23,2013-2014,Yenicami AK,1679.053830437258
2013-11-23,2013-2014,Çetinkaya TSK,1599.8829369734694
2013-11-23,2013-2014,Yalova SK,1304.6648991951297
2013-11-23,2013-2014,Değirmenlik SK,1341.5353864031515
2013-11-23,2013-2014,Düzkaya KOSK,1455.5548277126104
2013-11-23,2013-2014,Akıncılar GSK,1387.6192264334393
2013-11-23,2013-2014,Esentepe KSKK,1264.7803004540235
2013-11-23,2013-2014,L. Gençler Birliği SK,1388.6933513817976
2013-11-23,2013-2014,Binatlı YSK,1388.9830197835106
2013-11-23,2013-2014,Lapta Türk Birliği SK,1411.3934434223727
2013-11-23,2013-2014,Türkmenköy ASK,1258.5992278086019
2013-11-24,2013-2014,Gençlik Gücü TSK,1311.1480901124344
2013-11-24,2013-2014,Cihangir GSK,1517.384548575774
2013-11-24,2013-2014,Mormenekşe GBSK,1487.9308864716559
2013-11-24,2013-2014,Bostancı Bağcıl SK,1418.6144871897088
2013-11-24,2013-2014,Doğan Türk Birliği,1512.5146949156165
2013-11-24,2013-2014,Yeniboğaziçi DSK,1442.4981725361652
2013-11-24,2013-2014,Dumlupınar TSK,1424.535498628001
2013-11-24,2013-2014,Gönyeli SK,1546.2744037342802
2013-11-24,2013-2014,Göçmenköy İYSK,1325.5273217326933
2013-11-24,2013-2014,Ozanköy SK,1267.9233477179732
2013-11-24,2013-2014,Baf Ülkü Yurdu,1246.9185986155467
2013-11-24,2013-2014,Türk Ocağı Limasol SK,1278.251763343254
2013-11-30,2013-2014,Yenicami AK,1691.33692890697
2013-11-30,2013-2014,Yeniboğaziçi DSK,1430.2150740664533
2013-11-30,2013-2014,Cihangir GSK,1508.5640616121834
2013-11-30,2013-2014,Serdarlı GB,1421.6936643978343
2013-11-30,2013-2014,Lefke TSK,1535.5260218860365
2013-11-30,2013-2014,Hamitköy ŞHSK,1423.8000975629595
2013-11-30,2013-2014,Yalova SK,1291.477198324279
2013-11-30,2013-2014,Mormenekşe GBSK,1501.1185873425065
2013-11-30,2013-2014,Türkmenköy ASK,1219.5528743922607
2013-11-30,2013-2014,Türk Ocağı Limasol SK,1317.2981167595951
2013-11-30,2013-2014,Binatlı YSK,1406.8275933165473
2013-11-30,2013-2014,Lapta Türk Birliği SK,1393.548869889336
2013-11-30,2013-2014,Dumlupınar TSK,1392.6543070715047
2013-11-30,2013-2014,Baf Ülkü Yurdu,1278.799790172043
2013-12-01,2013-2014,Küçük Kaymaklı TSK,1650.7169672239115
2013-12-01,2013-2014,Gençlik Gücü TSK,1304.0567039084829
2013-12-01,2013-2014,Bostancı Bağcıl SK,1397.7316451874296
2013-12-01,2013-2014,Mağusa Türk Gücü,1484.1508199224581
2013-12-01,2013-2014,Çetinkaya TSK,1571.874354491407
2013-12-01,2013-2014,Doğan Türk Birliği,1540.5232773976788
2013-12-01,2013-2014,Esentepe KSKK,1288.4184849626968
2013-12-01,2013-2014,L. Gençler Birliği SK,1365.0551668731243
2013-12-01,2013-2014,Düzkaya KOSK,1448.5060073343877
2013-12-01,2013-2014,Akıncılar GSK,1394.668046811662
2013-12-01,2013-2014,Ozanköy SK,1231.8917938346344
2013-12-01,2013-2014,Değirmenlik SK,1377.5669402864903
2013-12-01,2013-2014,Gönyeli SK,1559.5337662762643
2013-12-01,2013-2014,Göçmenköy İYSK,1312.2679591907092
2013-12-07,2013-2014,Mağusa Türk Gücü,1451.7231804352734
2013-12-07,2013-2014,Yalova SK,1323.9048378114637
2013-12-07,2013-2014,Gençlik Gücü TSK,1279.6222602260118
2013-12-07,2013-2014,Lefke TSK,1559.9604655685075
2013-12-07,2013-2014,Yeniboğaziçi DSK,1411.2703457665505
2013-12-07,2013-2014,Cihangir GSK,1527.5087899120863
2013-12-07,2013-2014,Mormenekşe GBSK,1481.7375413532284
2013-12-07,2013-2014,Çetinkaya TSK,1591.2554004806852
2013-12-07,2013-2014,Değirmenlik SK,1404.3130462138718
2013-12-07,2013-2014,Gönyeli SK,1532.7876603488828
2013-12-07,2013-2014,Türk Ocağı Limasol SK,1298.9938887583064
2013-12-07,2013-2014,Binatlı YSK,1425.131821317836
2013-12-07,2013-2014,Göçmenköy İYSK,1293.4401467579917
2013-12-07,2013-2014,Dumlupınar TSK,1411.4821195042223
2013-12-07,2013-2014,Akıncılar GSK,1407.6965322397677
2013-12-07,2013-2014,Ozanköy SK,1218.8633084065286
2013-12-08,2013-2014,Hamitköy ŞHSK,1446.5167316396044
2013-12-08,2013-2014,Bostancı Bağcıl SK,1375.0150111107848
2013-12-08,2013-2014,Serdarlı GB,1410.7221583395697
2013-12-08,2013-2014,Küçük Kaymaklı TSK,1661.6884732821761
2013-12-08,2013-2014,Doğan Türk Birliği,1525.6350446673857
2013-12-08,2013-2014,Yenicami AK,1706.225161637263
2013-12-08,2013-2014,L. Gençler Birliği SK,1397.0770057528628
2013-12-08,2013-2014,Düzkaya KOSK,1416.4841684546493
2013-12-08,2013-2014,Lapta Türk Birliği SK,1404.699702958394
2013-12-08,2013-2014,Esentepe KSKK,1277.2676518936387
2013-12-08,2013-2014,Baf Ülkü Yurdu,1238.8893132901949
2013-12-08,2013-2014,Türkmenköy ASK,1259.4633512741088
2013-12-14,2013-2014,Cihangir GSK,1502.345845945091
2013-12-14,2013-2014,Yenicami AK,1731.3881056042583
2013-12-14,2013-2014,Lefke TSK,1577.2615057816374
2013-12-14,2013-2014,Serdarlı GB,1393.4211181264398
2013-12-14,2013-2014,Bostancı Bağcıl SK,1398.229368553168
2013-12-14,2013-2014,Gençlik Gücü TSK,1256.4079027836287
2013-12-14,2013-2014,Çetinkaya TSK,1560.8851976928083
2013-12-14,2013-2014,Mağusa Türk Gücü,1482.0933832231503
2013-12-14,2013-2014,Ozanköy SK,1193.6519581852685
2013-12-14,2013-2014,L. Gençler Birliği SK,1422.2883559741229
2013-12-14,2013-2014,Gönyeli SK,1550.7262442656108
2013-12-14,2013-2014,Akıncılar GSK,1389.7579483230397
2013-12-14,2013-2014,Göçmenköy İYSK,1267.0750546652907
2013-12-14,2013-2014,Baf Ülkü Yurdu,1265.2544053828958
2013-12-14,2013-2014,Esentepe KSKK,1308.4275469698052
2013-12-14,2013-2014,Türk Ocağı Limasol SK,1267.8339936821399
2013-12-15,2013-2014,Küçük Kaymaklı TSK,1671.7301089061164
2013-12-15,2013-2014,Yeniboğaziçi DSK,1401.2287101426102
2013-12-15,2013-2014,Yalova SK,1293.090550411325
2013-12-15,2013-2014,Hamitköy ŞHSK,1477.331019039743
2013-12-15,2013-2014,Mormenekşe GBSK,1460.8112702531037
2013-12-15,2013-2014,Doğan Türk Birliği,1546.5613157675105
2013-12-15,2013-2014,Binatlı YSK,1433.7048046718212
2013-12-15,2013-2014,Türkmenköy ASK,1250.8903679201237
2013-12-15,2013-2014,Düzkaya KOSK,1392.409735458334
2013-12-15,2013-2014,Lapta Türk Birliği SK,1428.7741359547094
2013-12-20,2013-2014,Yenicami AK,1744.7600479792945
2013-12-20,2013-2014,Küçük Kaymaklı TSK,1658.35816653108
2013-12-21,2013-2014,Gençlik Gücü TSK,1224.397538135759
2013-12-21,2013-2014,Yalova SK,1325.1009150591944
2013-12-21,2013-2014,Serdarlı GB,1358.6951654768586
2013-12-21,2013-2014,Bostancı Bağcıl SK,1432.955321202749
2013-12-21,2013-2014,Yeniboğaziçi DSK,1380.8911937339883
2013-12-21,2013-2014,Lefke TSK,1597.5990221902593
2013-12-21,2013-2014,Türk Ocağı Limasol SK,1271.5090505648786
2013-12-21,2013-2014,Düzkaya KOSK,1388.7346785755951
2013-12-21,2013-2014,Türkmenköy ASK,1270.7485989244697
2013-12-21,2013-2014,Esentepe KSKK,1288.5693159654593
2013-12-21,2013-2014,Baf Ülkü Yurdu,1271.3021560670943
2013-12-21,2013-2014,Binatlı YSK,1427.6570539876227
2013-12-21,2013-2014,Değirmenlik SK,1358.9030775162691
2013-12-21,2013-2014,Göçmenköy İYSK,1312.4850233628933
2013-12-22,2013-2014,Mağusa Türk Gücü,1510.9769338676106
2013-12-22,2013-2014,Mormenekşe GBSK,1431.9277196086434
2013-12-22,2013-2014,Hamitköy ŞHSK,1458.6848331129954
2013-12-22,2013-2014,Çetinkaya TSK,1579.531383619556
2013-12-22,2013-2014,Doğan Türk Birliği,1567.8231389633224
2013-12-22,2013-2014,Cihangir GSK,1481.084022749279
2013-12-22,2013-2014,Akıncılar GSK,1387.5634851734826
2013-12-22,2013-2014,Dumlupınar TSK,1413.6765826537794
2013-12-22,2013-2014,L. Gençler Birliği SK,1394.094852244939
2013-12-22,2013-2014,Gönyeli SK,1578.9197479947948
2013-12-22,2013-2014,Lapta Türk Birliği SK,1394.9587054786612
2013-12-22,2013-2014,Ozanköy SK,1227.4673886613168
2013-12-25,2013-2014,Dumlupınar TSK,1374.1116684509298
2013-12-25,2013-2014,Değirmenlik SK,1398.4679917191188
2014-01-25,2013-2014,Mağusa Türk Gücü,1475.6592352939367
2014-01-25,2013-2014,Doğan Türk Birliği,1603.1408375369963
2014-01-25,2013-2014,Gençlik Gücü TSK,1212.8021286893652
2014-01-25,2013-2014,Çetinkaya TSK,1591.1267930659499
2014-01-25,2013-2014,Cihangir GSK,1457.4688695584368
2014-01-25,2013-2014,Küçük Kaymaklı TSK,1681.9733197219223
2014-01-25,2013-2014,Hamitköy ŞHSK,1481.3455352855633
2014-01-25,2013-2014,Mormenekşe GBSK,1409.2670174360755
2014-01-25,2013-2014,Lapta Türk Birliği SK,1421.8063491011374
2014-01-25,2013-2014,Gönyeli SK,1552.0721043723186
2014-01-25,2013-2014,Binatlı YSK,1382.1298296015002
2014-01-25,2013-2014,Esentepe KSKK,1334.0965403515818
2014-01-25,2013-2014,Türkmenköy ASK,1311.5363669184142
2014-01-25,2013-2014,Düzkaya KOSK,1347.9469105816506
2014-01-25,2013-2014,Değirmenlik SK,1388.6278263039608
2014-01-25,2013-2014,Baf Ülkü Yurdu,1281.1423214822523
2014-01-26,2013-2014,Yeniboğaziçi DSK,1360.4344476182625
2014-01-26,2013-2014,Bostancı Bağcıl SK,1453.4120673184748
2014-01-26,2013-2014,Serdarlı GB,1353.4340989063448
2014-01-26,2013-2014,Yalova SK,1330.3619816297082
2014-01-26,2013-2014,Yenicami AK,1698.7286168394762
2014-01-26,2013-2014,Lefke TSK,1643.6304533300777
2014-01-26,2013-2014,Türk Ocağı Limasol SK,1265.6927570465832
2014-01-26,2013-2014,Ozanköy SK,1233.2836821796122
2014-01-26,2013-2014,Akıncılar GSK,1380.1572032391794
2014-01-26,2013-2014,Göçmenköy İYSK,1319.8913052971966
2014-01-26,2013-2014,L. Gençler Birliği SK,1369.5702979051805
2014-01-26,2013-2014,Dumlupınar TSK,1398.6362227906882
2014-02-01,2013-2014,Bostancı Bağcıl SK,1431.6505166686316
2014-02-01,2013-2014,Yenicami AK,1720.4901674893194
2014-02-01,2013-2014,Lefke TSK,1651.4356205839124
2014-02-01,2013-2014,Cihangir GSK,1449.663702304602
2014-02-01,2013-2014,Mormenekşe GBSK,1423.2156902549289
2014-02-01,2013-2014,Gençlik Gücü TSK,1198.8534558705119
2014-02-01,2013-2014,Çetinkaya TSK,1600.288193092899
2014-02-01,2013-2014,Serdarlı GB,1344.2726988793956
2014-02-01,2013-2014,Dumlupınar TSK,1376.5240305120021
2014-02-01,2013-2014,Lapta Türk Birliği SK,1443.9185413798234
2014-02-01,2013-2014,Ozanköy SK,1234.333425597266
2014-02-01,2013-2014,Türkmenköy ASK,1310.4866235007605
2014-02-01,2013-2014,Göçmenköy İYSK,1358.7034048136961
2014-02-01,2013-2014,L. Gençler Birliği SK,1330.758198388681
2014-02-02,2013-2014,Yalova SK,1308.6434625530333
2014-02-02,2013-2014,Yeniboğaziçi DSK,1382.1529666949375
2014-02-02,2013-2014,Mağusa Türk Gücü,1435.231916010041
2014-02-02,2013-2014,Hamitköy ŞHSK,1521.772854569459
2014-02-02,2013-2014,Doğan Türk Birliği,1624.2238618854235
2014-02-02,2013-2014,Küçük Kaymaklı TSK,1660.890295373495
2014-02-02,2013-2014,Gönyeli SK,1536.8658156960505
2014-02-02,2013-2014,Türk Ocağı Limasol SK,1280.8990457228513
2014-02-02,2013-2014,Baf Ülkü Yurdu,1280.7367893079158
2014-02-02,2013-2014,Esentepe KSKK,1334.5020725259183
2014-02-02,2013-2014,Düzkaya KOSK,1366.4634892229826
2014-02-02,2013-2014,Binatlı YSK,1363.6132509601682
2014-02-02,2013-2014,Değirmenlik SK,1404.736586796675
2014-02-02,2013-2014,Akıncılar GSK,1364.048442746465
2014-02-08,2013-2014,Gençlik Gücü TSK,1188.2158245023456
2014-02-08,2013-2014,Mağusa Türk Gücü,1445.8695473782072
2014-02-08,2013-2014,Serdarlı GB,1375.9067493874993
2014-02-08,2013-2014,Mormenekşe GBSK,1391.5816397468252
2014-02-08,2013-2014,Küçük Kaymaklı TSK,1656.9445837784504
2014-02-08,2013-2014,Lefke TSK,1655.381332178957
2014-02-08,2013-2014,Türkmenköy ASK,1319.3935122116436
2014-02-08,2013-2014,Gönyeli SK,1527.9589269851674
2014-02-08,2013-2014,Esentepe KSKK,1362.0862688503753
2014-02-08,2013-2014,Düzkaya KOSK,1338.8792928985258
2014-02-08,2013-2014,Binatlı YSK,1373.6811289436166
2014-02-08,2013-2014,Ozanköy SK,1224.2655476138175
2014-02-08,2013-2014,Akıncılar GSK,1356.2368455256785
2014-02-08,2013-2014,Baf Ülkü Yurdu,1288.5483865287024
2014-02-09,2013-2014,Yeniboğaziçi DSK,1362.067268437778
2014-02-09,2013-2014,Çetinkaya TSK,1620.3738913500586
2014-02-09,2013-2014,Hamitköy ŞHSK,1561.0281338158195
2014-02-09,2013-2014,Doğan Türk Birliği,1584.968582639063
2014-02-09,2013-2014,Cihangir GSK,1465.2468834068004
2014-02-09,2013-2014,Bostancı Bağcıl SK,1416.0673355664333
2014-02-09,2013-2014,Yenicami AK,1725.1421201321543
2014-02-09,2013-2014,Yalova SK,1303.9915099101984
2014-02-09,2013-2014,Lapta Türk Birliği SK,1462.062157948997
2014-02-09,2013-2014,Göçmenköy İYSK,1340.5597882445225
2014-02-09,2013-2014,Türk Ocağı Limasol SK,1324.9862097880477
2014-02-09,2013-2014,Dumlupınar TSK,1332.4368664468057
2014-02-09,2013-2014,L. Gençler Birliği SK,1351.5624252215728
2014-02-09,2013-2014,Değirmenlik SK,1383.9323599637833
2014-02-15,2013-2014,Çetinkaya TSK,1622.9367893471583
2014-02-15,2013-2014,Yenicami AK,1722.5792221350546
2014-02-15,2013-2014,Mormenekşe GBSK,1406.5398457562014
2014-02-15,2013-2014,Yeniboğaziçi DSK,1347.1090624284018
2014-02-15,2013-2014,Yalova SK,1329.6606365367415
2014-02-15,2013-2014,Cihangir GSK,1439.5777567802572
2014-02-15,2013-2014,Doğan Türk Birliği,1585.5678092842395
2014-02-15,2013-2014,Lefke TSK,1654.7821055337806
2014-02-15,2013-2014,Göçmenköy İYSK,1336.276760574511
2014-02-15,2013-2014,Türk Ocağı Limasol SK,1329.2692374580593
2014-02-15,2013-2014,Ozanköy SK,1200.874965822449
2014-02-15,2013-2014,Esentepe KSKK,1385.4768506417438
2014-02-15,2013-2014,Baf Ülkü Yurdu,1287.991932408301
2014-02-15,2013-2014,Düzkaya KOSK,1339.4357470189273
2014-02-15,2013-2014,Değirmenlik SK,1364.975048808585
2014-02-15,2013-2014,Lapta Türk Birliği SK,1481.0194691041954
2014-02-15,2013-2014,Dumlupınar TSK,1356.221104440312
2014-02-15,2013-2014,Türkmenköy ASK,1295.6092742181372
2014-02-15,2013-2014,Akıncılar GSK,1372.5563003359057
2014-02-15,2013-2014,L. Gençler Birliği SK,1335.2429704113456
2014-02-16,2013-2014,Bostancı Bağcıl SK,1405.6306961320029
2014-02-16,2013-2014,Küçük Kaymaklı TSK,1667.3812232128807
2014-02-16,2013-2014,Hamitköy ŞHSK,1544.086472961881
2014-02-16,2013-2014,Gençlik Gücü TSK,1205.157485356284
2014-02-16,2013-2014,Mağusa Türk Gücü,1418.718738273145
2014-02-16,2013-2014,Serdarlı GB,1403.0575584925616
2014-02-16,2013-2014,Gönyeli SK,1541.4932798449013
2014-02-16,2013-2014,Binatlı YSK,1360.1467760838827
2014-02-22,2013-2014,Gençlik Gücü TSK,1196.9657936125036
2014-02-22,2013-2014,Doğan Türk Birliği,1593.75950102802
2014-02-22,2013-2014,Cihangir GSK,1426.3947901859294
2014-02-22,2013-2014,Çetinkaya TSK,1636.1197559414861
2014-02-22,2013-2014,Lefke TSK,1660.5561151233323
2014-02-22,2013-2014,Bostancı Bağcıl SK,1399.8566865424511
2014-02-22,2013-2014,Küçük Kaymaklı TSK,1673.8211768211986
2014-02-22,2013-2014,Yalova SK,1323.2206829284237
2014-02-22,2013-2014,Esentepe KSKK,1390.867461091009
2014-02-22,2013-2014,Gönyeli SK,1536.102669395636
2014-02-22,2013-2014,Türkmenköy ASK,1328.663761048185
2014-02-22,2013-2014,Göçmenköy İYSK,1303.222273744463
2014-02-22,2013-2014,Lapta Türk Birliği SK,1492.0166669456814
2014-02-22,2013-2014,Akıncılar GSK,1361.5591024944197
2014-02-23,2013-2014,Yeniboğaziçi DSK,1318.11114947959
2014-02-23,2013-2014,Mağusa Türk Gücü,1447.7166512219567
2014-02-23,2013-2014,Serdarlı GB,1427.639190065962
2014-02-23,2013-2014,Hamitköy ŞHSK,1519.5048413884806
2014-02-23,2013-2014,Yenicami AK,1730.3019372658798
2014-02-23,2013-2014,Mormenekşe GBSK,1398.8171306253762
2014-02-23,2013-2014,Düzkaya KOSK,1329.106489615813
2014-02-23,2013-2014,Ozanköy SK,1211.2042232255633
2014-02-23,2013-2014,L. Gençler Birliği SK,1359.769294667452
2014-02-23,2013-2014,Baf Ülkü Yurdu,1263.4656081521946
2014-02-23,2013-2014,Binatlı YSK,1376.5078891138621
2014-02-23,2013-2014,Dumlupınar TSK,1339.8599914103327
2014-02-23,2013-2014,Türk Ocağı Limasol SK,1357.1749207946027
2014-02-23,2013-2014,Değirmenlik SK,1337.0693654720415
2014-03-01,2013-2014,Mormenekşe GBSK,1376.956149624846
2014-03-01,2013-2014,Cihangir GSK,1448.2557711864597
2014-03-01,2013-2014,Gençlik Gücü TSK,1180.6217362190946
2014-03-01,2013-2014,Serdarlı GB,1443.9832474593711
2014-03-01,2013-2014,Hamitköy ŞHSK,1526.7738465309983
2014-03-01,2013-2014,Yeniboğaziçi DSK,1310.8421443370723
2014-03-01,2013-2014,Değirmenlik SK,1353.181727189352
2014-03-01,2013-2014,Türkmenköy ASK,1312.5513993308746
2014-03-01,2013-2014,Göçmenköy İYSK,1323.9866826985335
2014-03-01,2013-2014,Binatlı YSK,1355.7434801597917
2014-03-01,2013-2014,L. Gençler Birliği SK,1395.9192454481522
2014-03-01,2013-2014,Lapta Türk Birliği SK,1455.8667161649812
2014-03-01,2013-2014,Akıncılar GSK,1311.2722502620409
2014-03-01,2013-2014,Türk Ocağı Limasol SK,1407.4617730269815
2014-03-02,2013-2014,Yalova SK,1336.481666601249
2014-03-02,2013-2014,Lefke TSK,1647.2951314505071
2014-03-02,2013-2014,Doğan Türk Birliği,1545.0530291105426
2014-03-02,2013-2014,Bostancı Bağcıl SK,1448.5631584599284
2014-03-02,2013-2014,Çetinkaya TSK,1654.8379060979607
2014-03-02,2013-2014,Küçük Kaymaklı TSK,1655.103026664724
2014-03-02,2013-2014,Mağusa Türk Gücü,1439.0235171408451
2014-03-02,2013-2014,Yenicami AK,1738.9950713469914
2014-03-02,2013-2014,Baf Ülkü Yurdu,1237.2192058971573
2014-03-02,2013-2014,Ozanköy SK,1237.4506254806006
2014-03-02,2013-2014,Dumlupınar TSK,1339.3424553158386
2014-03-02,2013-2014,Esentepe KSKK,1391.3849971855032
2014-03-02,2013-2014,Gönyeli SK,1543.1818123634578
2014-03-02,2013-2014,Düzkaya KOSK,1322.0273466479912
2014-03-08,2013-2014,Cihangir GSK,1464.3223663759693
2014-03-08,2013-2014,Mağusa Türk Gücü,1422.9569219513355
2014-03-08,2013-2014,Lefke TSK,1672.7997181212327
2014-03-08,2013-2014,Çetinkaya TSK,1629.3333194272352
2014-03-08,2013-2014,Bostancı Bağcıl SK,1459.395054252227
2014-03-08,2013-2014,Yalova SK,1325.6497708089503
2014-03-08,2013-2014,Küçük Kaymaklı TSK,1660.1003159028573
2014-03-08,2013-2014,Mormenekşe GBSK,1371.9588603867126
2014-03-08,2013-2014,Yeniboğaziçi DSK,1320.8692858285297
2014-03-08,2013-2014,Gençlik Gücü TSK,1170.5945947276373
2014-03-08,2013-2014,Ozanköy SK,1222.7867315287538
2014-03-08,2013-2014,Gönyeli SK,1557.8457063153046
2014-03-08,2013-2014,Binatlı YSK,1372.1805614403115
2014-03-08,2013-2014,Değirmenlik SK,1336.7446459088321
2014-03-08,2013-2014,Düzkaya KOSK,1319.5824951591455
2014-03-08,2013-2014,Dumlupınar TSK,1341.7873068046842
2014-03-08,2013-2014,Türk Ocağı Limasol SK,1431.3701499570338
2014-03-08,2013-2014,L. Gençler Birliği SK,1372.0108685180999
2014-03-09,2013-2014,Yenicami AK,1754.5326722660523
2014-03-09,2013-2014,Hamitköy ŞHSK,1511.2362456119374
2014-03-09,2013-2014,Serdarlı GB,1466.3364636696806
2014-03-09,2013-2014,Doğan Türk Birliği,1522.6998129002332
2014-03-09,2013-2014,Lapta Türk Birliği SK,1422.5635143793627
2014-03-09,2013-2014,Baf Ülkü Yurdu,1270.5224076827758
2014-03-09,2013-2014,Türkmenköy ASK,1309.0600167977243
2014-03-09,2013-2014,Akıncılar GSK,1314.7636327951911
2014-03-09,2013-2014,Esentepe KSKK,1404.3632784707304
2014-03-09,2013-2014,Göçmenköy İYSK,1311.0084014133063
2014-03-15,2013-2014,Gençlik Gücü TSK,1167.091575595966
2014-03-15,2013-2014,Yenicami AK,1758.0356913977234
2014-03-15,2013-2014,Serdarlı GB,1483.9281305484737
2014-03-15,2013-2014,Yeniboğaziçi DSK,1303.2776189497365
2014-03-15,2013-2014,Doğan Türk Birliği,1535.6829151813547
2014-03-15,2013-2014,Yalova SK,1312.6666685278287
2014-03-15,2013-2014,Mormenekşe GBSK,1403.9594815583118
2014-03-15,2013-2014,Lefke TSK,1640.7990969496334
2014-03-15,2013-2014,Lapta Türk Birliği SK,1439.6377306950706
2014-03-15,2013-2014,Türk Ocağı Limasol SK,1414.295933641326
2014-03-15,2013-2014,Değirmenlik SK,1307.4023861046562
2014-03-15,2013-2014,Esentepe KSKK,1433.7055382749063
2014-03-15,2013-2014,Göçmenköy İYSK,1340.8653577166901
2014-03-15,2013-2014,Düzkaya KOSK,1289.7255388557617
2014-03-15,2013-2014,Dumlupınar TSK,1332.3074907074713
2014-03-15,2013-2014,Ozanköy SK,1232.2665476259667
2014-03-16,2013-2014,Mağusa Türk Gücü,1403.0757665351537
2014-03-16,2013-2014,Küçük Kaymaklı TSK,1679.9814713190392
2014-03-16,2013-2014,Çetinkaya TSK,1617.7419120276138
2014-03-16,2013-2014,Bostancı Bağcıl SK,1470.9864616518485
2014-03-16,2013-2014,Hamitköy ŞHSK,1462.5475918019868
2014-03-16,2013-2014,Cihangir GSK,1513.01102018592
2014-03-16,2013-2014,Baf Ülkü Yurdu,1262.0134125927461
2014-03-16,2013-2014,Gönyeli SK,1566.3547014053343
2014-03-16,2013-2014,Akıncılar GSK,1334.6149419948833
2014-03-16,2013-2014,Binatlı YSK,1352.3292522406193
2014-03-16,2013-2014,L. Gençler Birliği SK,1400.0688199068402
2014-03-16,2013-2014,Türkmenköy ASK,1281.002065408984
2014-03-22,2013-2014,Bostancı Bağcıl SK,1490.4820055095372
2014-03-22,2013-2014,Mormenekşe GBSK,1384.463937700623
2014-03-22,2013-2014,Cihangir GSK,1520.942895824394
2014-03-22,2013-2014,Gençlik Gücü TSK,1159.159699957492
2014-03-22,2013-2014,Lefke TSK,1651.4857999412775
2014-03-22,2013-2014,Mağusa Türk Gücü,1392.3890635435096
2014-03-22,2013-2014,Yenicami AK,1743.1355515295145
2014-03-22,2013-2014,Serdarlı GB,1498.8282704166827
2014-03-22,2013-2014,Türkmenköy ASK,1266.5322117051219
2014-03-22,2013-2014,Lapta Türk Birliği SK,1454.1075843989327
2014-03-22,2013-2014,Türk Ocağı Limasol SK,1423.3993459761525
2014-03-22,2013-2014,Baf Ülkü Yurdu,1252.9100002579196
2014-03-22,2013-2014,Binatlı YSK,1331.6237778331754
2014-03-22,2013-2014,L. Gençler Birliği SK,1420.7742943142841
2014-03-22,2013-2014,Düzkaya KOSK,1307.3012021487166
2014-03-22,2013-2014,Değirmenlik SK,1289.8267228117013
2014-03-23,2013-2014,Küçük Kaymaklı TSK,1697.6630546899692
2014-03-23,2013-2014,Hamitköy ŞHSK,1444.8660084310568
2014-03-23,2013-2014,Yalova SK,1304.8221410710837
2014-03-23,2013-2014,Çetinkaya TSK,1625.5864394843588
2014-03-23,2013-2014,Yeniboğaziçi DSK,1312.4604396889147
2014-03-23,2013-2014,Doğan Türk Birliği,1526.5000944421765
2014-03-23,2013-2014,Ozanköy SK,1255.0460159008971
2014-03-23,2013-2014,Göçmenköy İYSK,1318.0858894417597
2014-03-23,2013-2014,Gönyeli SK,1532.5716931728477
2014-03-23,2013-2014,Dumlupınar TSK,1366.0904989399578
2014-03-23,2013-2014,Esentepe KSKK,1445.138123540952
2014-03-23,2013-2014,Akıncılar GSK,1323.1823567288377
2014-03-29,2013-2014,Doğan Türk Birliği,1508.7406410641893
2014-03-29,2013-2014,Çetinkaya TSK,1643.345892862346
2014-03-29,2013-2014,Hamitköy ŞHSK,1432.8383837426463
2014-03-29,2013-2014,Lefke TSK,1663.513424629688
2014-03-29,2013-2014,Mağusa Türk Gücü,1431.2111711376624
2014-03-29,2013-2014,Bostancı Bağcıl SK,1451.6598979153844
2014-03-29,2013-2014,Baf Ülkü Yurdu,1298.9852593585888
2014-03-29,2013-2014,Dumlupınar TSK,1320.0152398392884
2014-03-29,2013-2014,Akıncılar GSK,1352.6200105172197
2014-03-29,2013-2014,Düzkaya KOSK,1277.8635483603346
2014-03-29,2013-2014,L. Gençler Birliği SK,1398.7300750896316
2014-03-29,2013-2014,Esentepe KSKK,1467.1823427656045
2014-03-30,2013-2014,Yeniboğaziçi DSK,1305.0504554945405
2014-03-30,2013-2014,Yenicami AK,1750.5455357238886
2014-03-30,2013-2014,Serdarlı GB,1496.6560157516635
2014-03-30,2013-2014,Cihangir GSK,1523.1151504894133
2014-03-30,2013-2014,Gençlik Gücü TSK,1154.6721682458583
2014-03-30,2013-2014,Küçük Kaymaklı TSK,1702.1505864016028
2014-03-30,2013-2014,Mormenekşe GBSK,1406.108225242787
2014-03-30,2013-2014,Yalova SK,1283.1778535289197
2014-03-30,2013-2014,Lapta Türk Birliği SK,1464.473046058653
2014-03-30,2013-2014,Binatlı YSK,1321.2583161734551
2014-03-30,2013-2014,Türk Ocağı Limasol SK,1439.0079027075358
2014-03-30,2013-2014,Türkmenköy ASK,1250.9236549737386
2014-03-30,2013-2014,Değirmenlik SK,1315.5087057483045
2014-03-30,2013-2014,Ozanköy SK,1229.364032964294
2014-03-30,2013-2014,Göçmenköy İYSK,1346.435649342712
2014-03-30,2013-2014,Gönyeli SK,1504.2219332718955
2014-04-05,2013-2014,Yalova SK,1268.1397237837102
2014-04-05,2013-2014,Mağusa Türk Gücü,1446.249300882872
2014-04-05,2013-2014,Yenicami AK,1761.0212153655834
2014-04-05,2013-2014,Doğan Türk Birliği,1498.2649614224945
2014-04-05,2013-2014,Cihangir GSK,1533.1884380565432
2014-04-05,2013-2014,Yeniboğaziçi DSK,1294.9771679274106
2014-04-05,2013-2014,Bostancı Bağcıl SK,1447.1988400532575
2014-04-05,2013-2014,Hamitköy ŞHSK,1437.2994416047732
2014-04-05,2013-2014,Lefke TSK,1666.976739979884
2014-04-05,2013-2014,Gençlik Gücü TSK,1151.2088528956622
2014-04-05,2013-2014,Çetinkaya TSK,1592.5276441643316
2014-04-05,2013-2014,Mormenekşe GBSK,1456.9264739408015
2014-04-05,2013-2014,Küçük Kaymaklı TSK,1716.4098780719683
2014-04-05,2013-2014,Serdarlı GB,1482.396724081298
2014-04-05,2013-2014,Binatlı YSK,1283.66993574247
2014-04-05,2013-2014,Türk Ocağı Limasol SK,1476.596283138521
2014-04-05,2013-2014,Esentepe KSKK,1483.6112009116705
2014-04-05,2013-2014,Lapta Türk Birliği SK,1448.044187912587
2014-04-05,2013-2014,Düzkaya KOSK,1281.3318975190055
2014-04-05,2013-2014,L. Gençler Birliği SK,1395.2617259309607
2014-04-05,2013-2014,Gönyeli SK,1520.6127069360023
2014-04-05,2013-2014,Değirmenlik SK,1299.1179320841977
2014-04-06,2013-2014,Türkmenköy ASK,1219.8932165498948
2014-04-06,2013-2014,Baf Ülkü Yurdu,1330.0156977824327
2014-04-06,2013-2014,Dumlupınar TSK,1351.6429895106935
2014-04-06,2013-2014,Göçmenköy İYSK,1314.8078996713068
2014-04-06,2013-2014,Ozanköy SK,1252.9656323851236
2014-04-06,2013-2014,Akıncılar GSK,1329.01841109639
2014-04-12,2013-2014,Hamitköy ŞHSK,1389.9570326079381
2014-04-12,2013-2014,Yalova SK,1315.4821327805453
2014-04-12,2013-2014,Doğan Türk Birliği,1492.5914350853916
2014-04-12,2013-2014,Mormenekşe GBSK,1462.6000002779044
2014-04-12,2013-2014,Serdarlı GB,1509.275802607655
2014-04-12,2013-2014,Lefke TSK,1640.0976614535273
2014-04-12,2013-2014,Yeniboğaziçi DSK,1287.2072155343021
2014-04-12,2013-2014,Küçük Kaymaklı TSK,1724.1798304650767
2014-04-12,2013-2014,Gençlik Gücü TSK,1136.8945895900383
2014-04-12,2013-2014,Bostancı Bağcıl SK,1461.5131033588814
2014-04-12,2013-2014,Yenicami AK,1770.631940661495
2014-04-12,2013-2014,Cihangir GSK,1523.5777127606316
2014-04-12,2013-2014,Mağusa Türk Gücü,1483.5497195167693
2014-04-12,2013-2014,Çetinkaya TSK,1555.2272255304342
2014-04-12,2013-2014,Türk Ocağı Limasol SK,1506.2996648348294
2014-04-12,2013-2014,Esentepe KSKK,1453.907819215362
2014-04-12,2013-2014,Lapta Türk Birliği SK,1460.8430588847925
2014-04-12,2013-2014,Düzkaya KOSK,1268.5330265467999
2014-04-13,2013-2014,Değirmenlik SK,1278.6877061794225
2014-04-13,2013-2014,Dumlupınar TSK,1372.0732154154687
2014-04-13,2013-2014,Baf Ülkü Yurdu,1305.7527649990795
2014-04-13,2013-2014,Göçmenköy İYSK,1339.07083245466
2014-04-13,2013-2014,Türkmenköy ASK,1220.110613420052
2014-04-13,2013-2014,Binatlı YSK,1283.4525388723127
2014-04-13,2013-2014,L. Gençler Birliği SK,1409.5326524093985
2014-04-13,2013-2014,Ozanköy SK,1238.6947059066858
2014-04-13,2013-2014,Akıncılar GSK,1356.2509930328683
2014-04-13,2013-2014,Gönyeli SK,1493.380124999524
2014-04-19,2013-2014,Küçük Kaymaklı TSK,1743.4003462735652
2014-04-19,2013-2014,Yenicami AK,1751.4114248530066
2014-04-19,2013-2014,Lefke TSK,1603.4960575917528
2014-04-19,2013-2014,Yeniboğaziçi DSK,1323.8088193960766
2014-04-19,2013-2014,Cihangir GSK,1485.8961316085606
2014-04-19,2013-2014,Doğan Türk Birliği,1530.2730162374626
2014-04-19,2013-2014,Mormenekşe GBSK,1460.3615036522283
2014-04-19,2013-2014,Mağusa Türk Gücü,1485.7882161424454
2014-04-19,2013-2014,Çetinkaya TSK,1563.8156614483569
2014-04-19,2013-2014,Hamitköy ŞHSK,1381.3685966900155
2014-04-19,2013-2014,Yalova SK,1330.6372183364854
2014-04-19,2013-2014,Gençlik Gücü TSK,1121.7395040340982
2014-04-19,2013-2014,Bostancı Bağcıl SK,1480.8089588587125
2014-04-19,2013-2014,Serdarlı GB,1489.9799471078238
2014-04-20,2013-2014,Düzkaya KOSK,1297.9576772568053
2014-04-20,2013-2014,Türk Ocağı Limasol SK,1476.875014124824
2014-04-20,2013-2014,Esentepe KSKK,1467.1349923275927
2014-04-20,2013-2014,Türkmenköy ASK,1206.8834403078213
2014-04-20,2013-2014,Ozanköy SK,1288.9382387606265
2014-04-20,2013-2014,Lapta Türk Birliği SK,1410.5995260308518
2014-04-20,2013-2014,Binatlı YSK,1281.2908428184892
2014-04-20,2013-2014,Baf Ülkü Yurdu,1307.914461052903
2014-04-20,2013-2014,Dumlupınar TSK,1367.7765331557257
2014-04-20,2013-2014,Akıncılar GSK,1360.5476752926113
2014-04-20,2013-2014,Gönyeli SK,1485.5424046734088
2014-04-20,2013-2014,L. Gençler Birliği SK,1417.3703727355137
2014-04-20,2013-2014,Göçmenköy İYSK,1312.4056431670156
2014-04-20,2013-2014,Değirmenlik SK,1305.352895467067
2014-09-27,2014-2015,Mormenekşe GBSK,1436.7385530854256
2014-09-27,2014-2015,Yeniboğaziçi DSK,1351.7700423243473
2014-09-27,2014-2015,Lapta Türk Birliği SK,1389.7727826597977
2014-09-27,2014-2015,Yenicami AK,1682.1162836266406
2014-09-27,2014-2015,Serdarlı GB,1465.9652868360583
2014-09-27,2014-2015,Doğan Türk Birliği,1499.6052887964508
2014-09-27,2014-2015,Çetinkaya TSK,1474.1453741147836
2014-09-27,2014-2015,Lefke TSK,1601.7192682888428
2014-09-27,2014-2015,Hamitköy ŞHSK,1359.724755726238
2014-09-27,2014-2015,Değirmenlik SK,1355.697216515118
2014-09-27,2014-2015,Geçitkale GSK,1370.8020565241088
2014-09-27,2014-2015,Binatlı YSK,1362.0819873489006
2014-09-27,2014-2015,Yalova SK,1347.6022275073437
2014-09-27,2014-2015,Denizli SK,1398.8974386653194
2014-09-27,2014-2015,Türk Ocağı Limasol SK,1480.8362551103428
2014-09-27,2014-2015,Dumlupınar TSK,1353.0332584736138
2014-09-28,2014-2015,Küçük Kaymaklı TSK,1665.2941422329136
2014-09-28,2014-2015,Mağusa Türk Gücü,1456.9781327026387
2014-09-28,2014-2015,Gönyeli SK,1438.159713188487
2014-09-28,2014-2015,L. Gençler Birliği SK,1439.405722991749
2014-09-28,2014-2015,Cihangir GSK,1460.9797774019764
2014-09-28,2014-2015,Bostancı Bağcıl SK,1464.4298935720228
2014-09-28,2014-2015,Düzkaya KOSK,1320.8473154472865
2014-09-28,2014-2015,Göçmenköy İYSK,1337.3060279941235
2014-09-28,2014-2015,Görneç KSK,1359.8355657083716
2014-09-28,2014-2015,Esentepe KSKK,1469.8879813923554
2014-09-28,2014-2015,Gençlik Gücü TSK,1231.3947001164672
2014-09-28,2014-2015,Akıncılar GSK,1330.7015375021092
2014-10-05,2014-2015,Lefke TSK,1611.4437785727732
2014-10-05,2014-2015,Bostancı Bağcıl SK,1454.7053832880924
2014-10-05,2014-2015,L. Gençler Birliği SK,1433.2961880323921
2014-10-05,2014-2015,Lapta Türk Birliği SK,1395.8823176191545
2014-10-05,2014-2015,Mağusa Türk Gücü,1432.4395767404155
2014-10-05,2014-2015,Mormenekşe GBSK,1461.2771090476488
2014-10-05,2014-2015,Küçük Kaymaklı TSK,1672.463679030775
2014-10-05,2014-2015,Cihangir GSK,1453.810240604115
2014-10-05,2014-2015,Akıncılar GSK,1328.2331900784272
2014-10-05,2014-2015,Yalova SK,1350.0705749310257
2014-10-05,2014-2015,Esentepe KSKK,1480.5346117672539
2014-10-05,2014-2015,Gençlik Gücü TSK,1220.7480697415688
2014-10-05,2014-2015,Göçmenköy İYSK,1370.7773109347138
2014-10-05,2014-2015,Görneç KSK,1326.3642827677813
2014-10-06,2014-2015,Doğan Türk Birliği,1514.7826910120157
2014-10-06,2014-2015,Çetinkaya TSK,1458.9679718992188
2014-10-06,2014-2015,Yenicami AK,1692.2822476691235
2014-10-06,2014-2015,Serdarlı GB,1455.7993227935754
2014-10-06,2014-2015,Yeniboğaziçi DSK,1353.2862392407396
2014-10-06,2014-2015,Gönyeli SK,1436.6435162720948
2014-10-06,2014-2015,Denizli SK,1420.0291594411583
2014-10-06,2014-2015,Dumlupınar TSK,1331.901537697775
2014-10-06,2014-2015,Binatlı YSK,1383.5799413335492
2014-10-06,2014-2015,Düzkaya KOSK,1299.349361462638
2014-10-06,2014-2015,Değirmenlik SK,1381.8420898804247
2014-10-06,2014-2015,Geçitkale GSK,1344.6571831588021
2014-10-06,2014-2015,Hamitköy ŞHSK,1334.947793455547
2014-10-06,2014-2015,Türk Ocağı Limasol SK,1505.6132173810338
2014-10-11,2014-2015,Lapta Türk Birliği SK,1370.1422927100466
2014-10-11,2014-2015,Yeniboğaziçi DSK,1379.0262641498475
2014-10-11,2014-2015,Serdarlı GB,1471.137360313203
2014-10-11,2014-2015,L. Gençler Birliği SK,1417.9581505127644
2014-10-11,2014-2015,Dumlupınar TSK,1362.6054827502032
2014-10-11,2014-2015,Akıncılar GSK,1297.529245025999
2014-10-11,2014-2015,Düzkaya KOSK,1280.6423411284964
2014-10-11,2014-2015,Değirmenlik SK,1400.5491102145663
2014-10-11,2014-2015,Yalova SK,1354.0720964485397
2014-10-11,2014-2015,Esentepe KSKK,1476.5330902497399
2014-10-11,2014-2015,Türk Ocağı Limasol SK,1523.7299655724153
2014-10-11,2014-2015,Denizli SK,1401.9124112497768
2014-10-12,2014-2015,Bostancı Bağcıl SK,1434.709833478336
2014-10-12,2014-2015,Doğan Türk Birliği,1534.7782408217722
2014-10-12,2014-2015,Mormenekşe GBSK,1469.4694325641956
2014-10-12,2014-2015,Küçük Kaymaklı TSK,1664.2713555142282
2014-10-12,2014-2015,Gönyeli SK,1412.9891434433748
2014-10-12,2014-2015,Mağusa Türk Gücü,1456.0939495691355
2014-10-12,2014-2015,Cihangir GSK,1432.0254816666716
2014-10-12,2014-2015,Lefke TSK,1633.2285375102167
2014-10-12,2014-2015,Geçitkale GSK,1299.7325554718177
2014-10-12,2014-2015,Hamitköy ŞHSK,1379.8724211425315
2014-10-12,2014-2015,Görneç KSK,1346.204006621944
2014-10-12,2014-2015,Binatlı YSK,1363.7402174793865
2014-10-12,2014-2015,Gençlik Gücü TSK,1205.8176081499475
2014-10-12,2014-2015,Göçmenköy İYSK,1385.707772526335
2014-10-14,2014-2015,Çetinkaya TSK,1442.8040701426708
2014-10-14,2014-2015,Yenicami AK,1708.4461494256716
2014-10-18,2014-2015,Doğan Türk Birliği,1556.9826256901802
2014-10-18,2014-2015,Lefke TSK,1611.0241526418088
2014-10-18,2014-2015,Mağusa Türk Gücü,1478.7064478171092
2014-10-18,2014-2015,Lapta Türk Birliği SK,1347.529794462073
2014-10-18,2014-2015,Küçük Kaymaklı TSK,1672.841865877999
2014-10-18,2014-2015,Gönyeli SK,1404.418633079604
2014-10-18,2014-2015,Mormenekşe GBSK,1491.2693364356044
2014-10-18,2014-2015,Cihangir GSK,1410.2255777952628
2014-10-18,2014-2015,Göçmenköy İYSK,1347.9738192851146
2014-10-18,2014-2015,Yalova SK,1391.8060496897601
2014-10-18,2014-2015,Hamitköy ŞHSK,1399.8679744446517
2014-10-18,2014-2015,Düzkaya KOSK,1260.646787826376
2014-10-18,2014-2015,Geçitkale GSK,1282.927515461039
2014-10-18,2014-2015,Türk Ocağı Limasol SK,1540.5350055831939
2014-10-19,2014-2015,Yenicami AK,1713.5555262784032
2014-10-19,2014-2015,Bostancı Bağcıl SK,1429.6004566256042
2014-10-19,2014-2015,L. Gençler Birliği SK,1453.9246426862474
2014-10-19,2014-2015,Çetinkaya TSK,1406.8375779691878
2014-10-19,2014-2015,Yeniboğaziçi DSK,1380.8694821384095
2014-10-19,2014-2015,Serdarlı GB,1469.2941423246411
2014-10-19,2014-2015,Akıncılar GSK,1280.0703379426984
2014-10-19,2014-2015,Denizli SK,1419.3713183330774
2014-10-19,2014-2015,Esentepe KSKK,1487.281251112997
2014-10-19,2014-2015,Dumlupınar TSK,1351.857321886946
2014-10-19,2014-2015,Binatlı YSK,1381.4944945117668
2014-10-19,2014-2015,Gençlik Gücü TSK,1188.0633311175673
2014-10-19,2014-2015,Değirmenlik SK,1374.1946633842476
2014-10-19,2014-2015,Görneç KSK,1372.5584534522627
2014-10-25,2014-2015,Bostancı Bağcıl SK,1427.5539792239176
2014-10-25,2014-2015,L. Gençler Birliği SK,1455.971120087934
2014-10-25,2014-2015,Lapta Türk Birliği SK,1335.0421393336453
2014-10-25,2014-2015,Küçük Kaymaklı TSK,1685.3295210064266
2014-10-25,2014-2015,Çetinkaya TSK,1401.9874375504373
2014-10-25,2014-2015,Yeniboğaziçi DSK,1385.71962255716
2014-10-25,2014-2015,Cihangir GSK,1381.8996934219133
2014-10-25,2014-2015,Doğan Türk Birliği,1585.3085100635296
2014-10-25,2014-2015,Dumlupınar TSK,1316.4025121411119
2014-10-25,2014-2015,Göçmenköy İYSK,1383.4286290309487
2014-10-25,2014-2015,Denizli SK,1419.8265720129173
2014-10-25,2014-2015,Esentepe KSKK,1486.8259974331572
2014-10-25,2014-2015,Düzkaya KOSK,1291.8618784498585
2014-10-25,2014-2015,Geçitkale GSK,1251.7124248375567
2014-10-25,2014-2015,Görneç KSK,1370.6821718975252
2014-10-25,2014-2015,Hamitköy ŞHSK,1401.7442559993892
2014-10-26,2014-2015,Lefke TSK,1584.6783714716366
2014-10-26,2014-2015,Yenicami AK,1739.9013074485754
2014-10-26,2014-2015,Gönyeli SK,1372.1181496305499
2014-10-26,2014-2015,Mormenekşe GBSK,1523.5698198846585
2014-10-26,2014-2015,Serdarlı GB,1466.4024863391394
2014-10-26,2014-2015,Mağusa Türk Gücü,1481.598103802611
2014-10-26,2014-2015,Gençlik Gücü TSK,1175.0210246489453
2014-10-26,2014-2015,Değirmenlik SK,1387.2369698528696
2014-10-26,2014-2015,Yalova SK,1355.8164077936385
2014-10-26,2014-2015,Binatlı YSK,1417.4841364078884
2014-10-26,2014-2015,Türk Ocağı Limasol SK,1545.9946584324102
2014-10-26,2014-2015,Akıncılar GSK,1274.610685093482
2014-11-01,2014-2015,Yenicami AK,1753.4166640789613
2014-11-01,2014-2015,Doğan Türk Birliği,1571.7931534331437
2014-11-01,2014-2015,L. Gençler Birliği SK,1431.8276354273687
2014-11-01,2014-2015,Lefke TSK,1608.821856132202
2014-11-01,2014-2015,Gönyeli SK,1369.2473075806342
2014-11-01,2014-2015,Cihangir GSK,1384.770535471829
2014-11-01,2014-2015,Mormenekşe GBSK,1535.149755855079
2014-11-01,2014-2015,Lapta Türk Birliği SK,1323.4622033632247
2014-11-01,2014-2015,Esentepe KSKK,1503.227260241128
2014-11-01,2014-2015,Akıncılar GSK,1258.2094222855112
2014-11-01,2014-2015,Değirmenlik SK,1415.091206733381
2014-11-01,2014-2015,Yalova SK,1327.9621709131272
2014-11-01,2014-2015,Hamitköy ŞHSK,1411.4066450751573
2014-11-01,2014-2015,Gençlik Gücü TSK,1165.3586355731773
2014-11-01,2014-2015,Düzkaya KOSK,1282.0030009206796
2014-11-01,2014-2015,Türk Ocağı Limasol SK,1555.8535359615892
2014-11-02,2014-2015,Mağusa Türk Gücü,1473.9677992348647
2014-11-02,2014-2015,Çetinkaya TSK,1409.6177421181835
2014-11-02,2014-2015,Yeniboğaziçi DSK,1404.6748759077202
2014-11-02,2014-2015,Bostancı Bağcıl SK,1408.5987258733574
2014-11-02,2014-2015,Küçük Kaymaklı TSK,1692.0173524475285
2014-11-02,2014-2015,Serdarlı GB,1459.7146548980375
2014-11-02,2014-2015,Göçmenköy İYSK,1411.3937927519353
2014-11-02,2014-2015,Denizli SK,1391.8614082919307
2014-11-02,2014-2015,Binatlı YSK,1434.492987830681
2014-11-02,2014-2015,Dumlupınar TSK,1299.3936607183193
2014-11-02,2014-2015,Geçitkale GSK,1255.0747709364005
2014-11-02,2014-2015,Görneç KSK,1367.3198257986814
2014-11-08,2014-2015,Bostancı Bağcıl SK,1439.0622920334422
2014-11-08,2014-2015,Mağusa Türk Gücü,1443.50423307478
2014-11-08,2014-2015,Doğan Türk Birliği,1507.2177445019488
2014-11-08,2014-2015,L. Gençler Birliği SK,1496.4030443585636
2014-11-08,2014-2015,Serdarlı GB,1480.6025866534078
2014-11-08,2014-2015,Mormenekşe GBSK,1514.2618240997087
2014-11-08,2014-2015,Çetinkaya TSK,1391.1293740675258
2014-11-08,2014-2015,Küçük Kaymaklı TSK,1710.5057204981863
2014-11-08,2014-2015,Denizli SK,1410.8624336592252
2014-11-08,2014-2015,Binatlı YSK,1415.4919624633865
2014-11-08,2014-2015,Akıncılar GSK,1243.448520137863
2014-11-08,2014-2015,Göçmenköy İYSK,1426.1546948995835
2014-11-09,2014-2015,Lefke TSK,1575.9970646338807
2014-11-09,2014-2015,Yeniboğaziçi DSK,1437.4996674060415
2014-11-09,2014-2015,Lapta Türk Birliği SK,1322.6443844595335
2014-11-09,2014-2015,Gönyeli SK,1370.0651264843254
2014-11-09,2014-2015,Cihangir GSK,1373.9172955332094
2014-11-09,2014-2015,Yenicami AK,1764.2699040175808
2014-11-09,2014-2015,Dumlupınar TSK,1334.1621937237194
2014-11-09,2014-2015,Değirmenlik SK,1380.3226737279808
2014-11-09,2014-2015,Görneç KSK,1318.4787356005081
2014-11-09,2014-2015,Düzkaya KOSK,1330.844091118853
2014-11-09,2014-2015,Gençlik Gücü TSK,1167.0650747830114
2014-11-09,2014-2015,Geçitkale GSK,1253.3683317265663
2014-11-09,2014-2015,Yalova SK,1309.3096986900628
2014-11-09,2014-2015,Hamitköy ŞHSK,1430.0591172982217
2014-11-09,2014-2015,Türk Ocağı Limasol SK,1569.5881840160366
2014-11-09,2014-2015,Esentepe KSKK,1489.4926121866806
2014-11-15,2014-2015,L. Gençler Birliği SK,1487.1196619303616
2014-11-15,2014-2015,Yenicami AK,1773.5532864457828
2014-11-15,2014-2015,Yeniboğaziçi DSK,1468.338574868338
2014-11-15,2014-2015,Doğan Türk Birliği,1476.3788370396524
2014-11-15,2014-2015,Mağusa Türk Gücü,1427.6177342774056
2014-11-15,2014-2015,Lefke TSK,1591.883563431255
2014-11-15,2014-2015,Gönyeli SK,1344.3983634659771
2014-11-15,2014-2015,Serdarlı GB,1506.2693496717561
2014-11-15,2014-2015,Binatlı YSK,1423.8203597683369
2014-11-15,2014-2015,Akıncılar GSK,1235.1201228329126
2014-11-15,2014-2015,Değirmenlik SK,1398.6308587160102
2014-11-15,2014-2015,Denizli SK,1392.5542486711959
2014-11-15,2014-2015,Hamitköy ŞHSK,1401.6423988999527
2014-11-15,2014-2015,Dumlupınar TSK,1362.5789121219884
2014-11-15,2014-2015,Görneç KSK,1328.4899973364581
2014-11-15,2014-2015,Türk Ocağı Limasol SK,1559.5769222800866
2014-11-16,2014-2015,Küçük Kaymaklı TSK,1675.6742110236721
2014-11-16,2014-2015,Bostancı Bağcıl SK,1473.8938015079564
2014-11-16,2014-2015,Mormenekşe GBSK,1469.7670442581425
2014-11-16,2014-2015,Çetinkaya TSK,1435.624153909092
2014-11-16,2014-2015,Lapta Türk Birliği SK,1322.1421184671726
2014-11-16,2014-2015,Cihangir GSK,1374.4195615255703
2014-11-16,2014-2015,Göçmenköy İYSK,1389.0149574993127
2014-11-16,2014-2015,Esentepe KSKK,1526.6323495869515
2014-11-16,2014-2015,Geçitkale GSK,1217.9594913515825
2014-11-16,2014-2015,Yalova SK,1344.7185390650466
2014-11-16,2014-2015,Düzkaya KOSK,1339.490562117886
2014-11-16,2014-2015,Gençlik Gücü TSK,1158.4186037839784
2014-11-22,2014-2015,Lefke TSK,1573.250926752814
2014-11-22,2014-2015,Küçük Kaymaklı TSK,1694.3068477021131
2014-11-22,2014-2015,Doğan Türk Birliği,1500.7668433477472
2014-11-22,2014-2015,Mağusa Türk Gücü,1403.2297279693107
2014-11-22,2014-2015,Çetinkaya TSK,1457.760024540662
2014-11-22,2014-2015,Gönyeli SK,1322.262492834407
2014-11-22,2014-2015,Cihangir GSK,1357.4301693914126
2014-11-22,2014-2015,L. Gençler Birliği SK,1504.1090540645193
2014-11-22,2014-2015,Akıncılar GSK,1260.9084261482185
2014-11-22,2014-2015,Değirmenlik SK,1372.8425554007042
2014-11-22,2014-2015,Esentepe KSKK,1517.8908295298415
2014-11-22,2014-2015,Binatlı YSK,1432.5618798254468
2014-11-22,2014-2015,Gençlik Gücü TSK,1184.5510140683386
2014-11-22,2014-2015,Görneç KSK,1302.3575870520979
2014-11-22,2014-2015,Yalova SK,1321.007216794082
2014-11-22,2014-2015,Düzkaya KOSK,1363.2018843888504
2014-11-23,2014-2015,Bostancı Bağcıl SK,1470.2437234893612
2014-11-23,2014-2015,Mormenekşe GBSK,1473.4171222767377
2014-11-23,2014-2015,Yenicami AK,1757.9080512630146
2014-11-23,2014-2015,Yeniboğaziçi DSK,1483.983810051106
2014-11-23,2014-2015,Serdarlı GB,1520.0575965844282
2014-11-23,2014-2015,Lapta Türk Birliği SK,1308.3538715545005
2014-11-23,2014-2015,Dumlupınar TSK,1376.7048836825004
2014-11-23,2014-2015,Geçitkale GSK,1203.8335197910706
2014-11-23,2014-2015,Denizli SK,1389.6443253477491
2014-11-23,2014-2015,Hamitköy ŞHSK,1404.5523222233994
2014-11-23,2014-2015,Türk Ocağı Limasol SK,1547.9616965463763
2014-11-23,2014-2015,Göçmenköy İYSK,1400.630183233023
2014-11-29,2014-2015,Yeniboğaziçi DSK,1481.6984598956492
2014-11-29,2014-2015,L. Gençler Birliği SK,1506.3944042199762
2014-11-29,2014-2015,Mağusa Türk Gücü,1393.9328181068806
2014-11-29,2014-2015,Yenicami AK,1767.2049611254447
2014-11-29,2014-2015,Gönyeli SK,1292.180605503753
2014-11-29,2014-2015,Bostancı Bağcıl SK,1500.3256108200153
2014-11-29,2014-2015,Serdarlı GB,1508.7490802691318
2014-11-29,2014-2015,Cihangir GSK,1368.738685706709
2014-11-29,2014-2015,Binatlı YSK,1447.3900066842275
2014-11-29,2014-2015,Göçmenköy İYSK,1385.8020563742423
2014-11-29,2014-2015,Hamitköy ŞHSK,1421.1034853354845
2014-11-29,2014-2015,Akıncılar GSK,1244.3572630361334
2014-11-29,2014-2015,Geçitkale GSK,1179.3487766746987
2014-11-29,2014-2015,Denizli SK,1414.129068464121
2014-11-29,2014-2015,Düzkaya KOSK,1329.2108092425326
2014-11-29,2014-2015,Dumlupınar TSK,1410.6959588288182
2014-11-29,2014-2015,Gençlik Gücü TSK,1175.6422107879246
2014-11-29,2014-2015,Türk Ocağı Limasol SK,1556.8704998267904
2014-11-30,2014-2015,Küçük Kaymaklı TSK,1701.8486393859034
2014-11-30,2014-2015,Doğan Türk Birliği,1493.225051663957
2014-11-30,2014-2015,Mormenekşe GBSK,1495.700145822607
2014-11-30,2014-2015,Lefke TSK,1550.9679032069446
2014-11-30,2014-2015,Lapta Türk Birliği SK,1345.9078113567223
2014-11-30,2014-2015,Çetinkaya TSK,1420.2060847384403
2014-11-30,2014-2015,Değirmenlik SK,1397.6428286502153
2014-11-30,2014-2015,Esentepe KSKK,1493.0905562803305
2014-11-30,2014-2015,Görneç KSK,1252.0270151604486
2014-11-30,2014-2015,Yalova SK,1371.3377886857313
2014-12-06,2014-2015,Bostancı Bağcıl SK,1519.487313327625
2014-12-06,2014-2015,Lapta Türk Birliği SK,1326.7461088491125
2014-12-06,2014-2015,Doğan Türk Birliği,1518.3028481732472
2014-12-06,2014-2015,Mormenekşe GBSK,1470.6223493133168
2014-12-06,2014-2015,Yenicami AK,1780.286511919487
2014-12-06,2014-2015,Küçük Kaymaklı TSK,1688.767088591861
2014-12-06,2014-2015,Cihangir GSK,1411.9109648273634
2014-12-06,2014-2015,Yeniboğaziçi DSK,1438.5261807749948
2014-12-06,2014-2015,Dumlupınar TSK,1363.9672082150626
2014-12-06,2014-2015,Görneç KSK,1298.7557657742043
2014-12-06,2014-2015,Denizli SK,1386.239238061597
2014-12-06,2014-2015,Düzkaya KOSK,1357.1006396450566
2014-12-06,2014-2015,Akıncılar GSK,1257.4564469440354
2014-12-06,2014-2015,Geçitkale GSK,1166.2495927667967
2014-12-06,2014-2015,Esentepe KSKK,1505.8383292611795
2014-12-06,2014-2015,Hamitköy ŞHSK,1408.3557123546354
2014-12-07,2014-2015,Lefke TSK,1561.978571815779
2014-12-07,2014-2015,Gönyeli SK,1281.1699368949185
2014-12-07,2014-2015,L. Gençler Birliği SK,1517.2090264554945
2014-12-07,2014-2015,Mağusa Türk Gücü,1383.1181958713623
2014-12-07,2014-2015,Çetinkaya TSK,1421.8454651438021
2014-12-07,2014-2015,Serdarlı GB,1507.10969986377
2014-12-07,2014-2015,Göçmenköy İYSK,1383.0474081261266
2014-12-07,2014-2015,Değirmenlik SK,1400.397476898331
2014-12-07,2014-2015,Yalova SK,1385.336814804858
2014-12-07,2014-2015,Gençlik Gücü TSK,1161.6431846687979
2014-12-07,2014-2015,Türk Ocağı Limasol SK,1577.40280678795
2014-12-07,2014-2015,Binatlı YSK,1426.8576997230678
2014-12-13,2014-2015,Küçük Kaymaklı TSK,1703.374054042417
2014-12-13,2014-2015,L. Gençler Birliği SK,1502.6020610049386
2014-12-13,2014-2015,Lapta Türk Birliği SK,1305.3676615353638
2014-12-13,2014-2015,Lefke TSK,1583.3570191295278
2014-12-13,2014-2015,Serdarlı GB,1504.3853748699366
2014-12-13,2014-2015,Bostancı Bağcıl SK,1522.2116383214584
2014-12-13,2014-2015,Mormenekşe GBSK,1459.1034267985415
2014-12-13,2014-2015,Yenicami AK,1791.8054344342625
2014-12-13,2014-2015,Değirmenlik SK,1432.029200099049
2014-12-13,2014-2015,Binatlı YSK,1395.2259765223498
2014-12-13,2014-2015,Hamitköy ŞHSK,1383.541335391308
2014-12-13,2014-2015,Göçmenköy İYSK,1407.861785089454
2014-12-13,2014-2015,Geçitkale GSK,1154.5829672213622
2014-12-13,2014-2015,Esentepe KSKK,1517.504954806614
2014-12-13,2014-2015,Yalova SK,1392.5929872058082
2014-12-13,2014-2015,Türk Ocağı Limasol SK,1570.146634387
2014-12-14,2014-2015,Mağusa Türk Gücü,1402.8538736246196
2014-12-14,2014-2015,Yeniboğaziçi DSK,1418.7905030217375
2014-12-14,2014-2015,Gönyeli SK,1265.264307212495
2014-12-14,2014-2015,Doğan Türk Birliği,1534.2084778556707
2014-12-14,2014-2015,Çetinkaya TSK,1379.8940271670867
2014-12-14,2014-2015,Cihangir GSK,1453.8624028040788
2014-12-14,2014-2015,Düzkaya KOSK,1378.4879831658448
2014-12-14,2014-2015,Akıncılar GSK,1236.0691034232473
2014-12-14,2014-2015,Görneç KSK,1320.3345499536713
2014-12-14,2014-2015,Denizli SK,1364.66045388213
2014-12-14,2014-2015,Gençlik Gücü TSK,1169.4065489264567
2014-12-14,2014-2015,Dumlupınar TSK,1356.2038439574037
2014-12-20,2014-2015,Lefke TSK,1595.7581674515218
2014-12-20,2014-2015,Serdarlı GB,1491.9842265479426
2014-12-20,2014-2015,Yenicami AK,1794.7791380665096
2014-12-20,2014-2015,Gönyeli SK,1262.2906035802478
2014-12-20,2014-2015,L. Gençler Birliği SK,1463.9205634587997
2014-12-20,2014-2015,Mormenekşe GBSK,1497.7849243446803
2014-12-20,2014-2015,Cihangir GSK,1467.6811589444162
2014-12-20,2014-2015,Mağusa Türk Gücü,1389.0351174842822
2014-12-20,2014-2015,Akıncılar GSK,1208.1609503734462
2014-12-20,2014-2015,Görneç KSK,1348.2427030034723
2014-12-20,2014-2015,Esentepe KSKK,1487.1564545783099
2014-12-20,2014-2015,Düzkaya KOSK,1408.836483394149
2014-12-20,2014-2015,Binatlı YSK,1359.12258930776
2014-12-20,2014-2015,Hamitköy ŞHSK,1419.6447226058976
2014-12-21,2014-2015,Bostancı Bağcıl SK,1540.0486124317435
2014-12-21,2014-2015,Çetinkaya TSK,1362.0570530568016
2014-12-21,2014-2015,Lapta Türk Birliği SK,1288.8978533815448
2014-12-21,2014-2015,Doğan Türk Birliği,1550.6782860094897
2014-12-21,2014-2015,Yeniboğaziçi DSK,1450.1753789157874
2014-12-21,2014-2015,Küçük Kaymaklı TSK,1671.989178148367
2014-12-21,2014-2015,Türk Ocağı Limasol SK,1589.525571757222
2014-12-21,2014-2015,Değirmenlik SK,1412.6502627288269
2014-12-21,2014-2015,Dumlupınar TSK,1324.168251345305
2014-12-21,2014-2015,Yalova SK,1424.628579817907
2014-12-21,2014-2015,Denizli SK,1375.8828522300994
2014-12-21,2014-2015,Gençlik Gücü TSK,1158.1841505784873
2014-12-21,2014-2015,Göçmenköy İYSK,1416.3482078833601
2014-12-21,2014-2015,Geçitkale GSK,1146.0965444274561
2015-01-24,2014-2015,Lefke TSK,1581.9856273555315
2015-01-24,2014-2015,Çetinkaya TSK,1375.8295931527919
2015-01-24,2014-2015,Yenicami AK,1799.2262453854719
2015-01-24,2014-2015,Lapta Türk Birliği SK,1284.4507460625825
2015-01-24,2014-2015,Bostancı Bağcıl SK,1512.7773755031176
2015-01-24,2014-2015,Cihangir GSK,1494.9523958730422
2015-01-24,2014-2015,Yeniboğaziçi DSK,1449.4624292384403
2015-01-24,2014-2015,Mormenekşe GBSK,1498.4978740220274
2015-01-24,2014-2015,Dumlupınar TSK,1334.7814866931774
2015-01-24,2014-2015,Türk Ocağı Limasol SK,1578.9123364093496
2015-01-24,2014-2015,Değirmenlik SK,1442.351630750717
2015-01-24,2014-2015,Hamitköy ŞHSK,1389.9433545840075
2015-01-24,2014-2015,Esentepe KSKK,1476.8123060468176
2015-01-24,2014-2015,Görneç KSK,1358.5868515349646
2015-01-24,2014-2015,Binatlı YSK,1366.0017600602453
2015-01-24,2014-2015,Geçitkale GSK,1139.217373674971
2015-01-25,2014-2015,L. Gençler Birliği SK,1474.8119418101026
2015-01-25,2014-2015,Gönyeli SK,1251.399225228945
2015-01-25,2014-2015,Mağusa Türk Gücü,1400.3564182444086
2015-01-25,2014-2015,Küçük Kaymaklı TSK,1660.6678773882406
2015-01-25,2014-2015,Doğan Türk Birliği,1544.0996681988006
2015-01-25,2014-2015,Serdarlı GB,1498.5628443586318
2015-01-25,2014-2015,Göçmenköy İYSK,1380.5910549153564
2015-01-25,2014-2015,Düzkaya KOSK,1444.5936363621527
2015-01-25,2014-2015,Akıncılar GSK,1232.4378663934324
2015-01-25,2014-2015,Gençlik Gücü TSK,1133.9072345585012
2015-01-25,2014-2015,Denizli SK,1375.2352307264498
2015-01-25,2014-2015,Yalova SK,1425.2762013215565
2015-01-31,2014-2015,Mormenekşe GBSK,1509.9751224069682
2015-01-31,2014-2015,Mağusa Türk Gücü,1388.8791698594678
2015-01-31,2014-2015,Çetinkaya TSK,1401.8679112155728
2015-01-31,2014-2015,Doğan Türk Birliği,1518.0613501360197
2015-01-31,2014-2015,Cihangir GSK,1520.8567692461497
2015-01-31,2014-2015,Küçük Kaymaklı TSK,1634.763504015133
2015-01-31,2014-2015,Düzkaya KOSK,1437.0134978456758
2015-01-31,2014-2015,Binatlı YSK,1373.581898576722
2015-01-31,2014-2015,Görneç KSK,1325.3190477358228
2015-01-31,2014-2015,Göçmenköy İYSK,1413.8588587144982
2015-01-31,2014-2015,Yalova SK,1436.626013696027
2015-01-31,2014-2015,Akıncılar GSK,1221.0880540189619
2015-01-31,2014-2015,Geçitkale GSK,1151.3021473496774
2015-01-31,2014-2015,Değirmenlik SK,1430.2668570760106
2015-02-01,2014-2015,Serdarlı GB,1490.5569261606795
2015-02-01,2014-2015,Yenicami AK,1807.2321635834242
2015-02-01,2014-2015,Gönyeli SK,1238.9532874645051
2015-02-01,2014-2015,Yeniboğaziçi DSK,1461.9083670028801
2015-02-01,2014-2015,Lapta Türk Birliği SK,1265.206950254209
2015-02-01,2014-2015,L. Gençler Birliği SK,1494.055737618476
2015-02-01,2014-2015,Bostancı Bağcıl SK,1548.704780142153
2015-02-01,2014-2015,Lefke TSK,1546.0582227164962
2015-02-01,2014-2015,Gençlik Gücü TSK,1167.3459748352516
2015-02-01,2014-2015,Esentepe KSKK,1443.3735657700672
2015-02-01,2014-2015,Türk Ocağı Limasol SK,1592.3945872495183
2015-02-01,2014-2015,Hamitköy ŞHSK,1376.4611037438387
2015-02-01,2014-2015,Dumlupınar TSK,1379.612016688167
2015-02-01,2014-2015,Denizli SK,1330.4047007314603
2015-02-07,2014-2015,Yeniboğaziçi DSK,1469.339417450017
2015-02-07,2014-2015,Lapta Türk Birliği SK,1257.7758998070722
2015-02-07,2014-2015,Doğan Türk Birliği,1536.3754603000007
2015-02-07,2014-2015,Bostancı Bağcıl SK,1530.390669978172
2015-02-07,2014-2015,Lefke TSK,1521.2496405930874
2015-02-07,2014-2015,Cihangir GSK,1545.6653513695585
2015-02-07,2014-2015,Küçük Kaymaklı TSK,1625.0274153026364
2015-02-07,2014-2015,Mormenekşe GBSK,1519.711211119465
2015-02-07,2014-2015,Göçmenköy İYSK,1424.0954054653266
2015-02-07,2014-2015,Gençlik Gücü TSK,1157.1094280844231
2015-02-07,2014-2015,Akıncılar GSK,1226.6122612909357
2015-02-07,2014-2015,Dumlupınar TSK,1374.087809416193
2015-02-07,2014-2015,Binatlı YSK,1387.5439584681344
2015-02-07,2014-2015,Görneç KSK,1311.3569878444105
2015-02-08,2014-2015,Mağusa Türk Gücü,1404.977690787995
2015-02-08,2014-2015,Gönyeli SK,1222.854766535978
2015-02-08,2014-2015,Yenicami AK,1812.6919555079792
2015-02-08,2014-2015,Çetinkaya TSK,1396.4081192910178
2015-02-08,2014-2015,L. Gençler Birliği SK,1490.4406145693158
2015-02-08,2014-2015,Serdarlı GB,1494.1720492098398
2015-02-08,2014-2015,Denizli SK,1320.8779626026426
2015-02-08,2014-2015,Türk Ocağı Limasol SK,1601.921325378336
2015-02-08,2014-2015,Değirmenlik SK,1447.2251302174416
2015-02-08,2014-2015,Düzkaya KOSK,1420.055224704245
2015-02-08,2014-2015,Esentepe KSKK,1419.577850895546
2015-02-08,2014-2015,Yalova SK,1460.4217285705483
2015-02-08,2014-2015,Hamitköy ŞHSK,1387.8193122840032
2015-02-08,2014-2015,Geçitkale GSK,1139.943938809513
2015-02-14,2014-2015,Bostancı Bağcıl SK,1577.3342763055894
2015-02-14,2014-2015,Yenicami AK,1765.7483491805617
2015-02-14,2014-2015,Lapta Türk Birliği SK,1231.3805156435808
2015-02-14,2014-2015,Mağusa Türk Gücü,1431.3730749514864
2015-02-14,2014-2015,Serdarlı GB,1489.3834759827191
2015-02-14,2014-2015,Yeniboğaziçi DSK,1474.1279906771376
2015-02-14,2014-2015,Çetinkaya TSK,1434.8255651342272
2015-02-14,2014-2015,L. Gençler Birliği SK,1452.0231687261064
2015-02-14,2014-2015,Düzkaya KOSK,1414.8670142397034
2015-02-14,2014-2015,Hamitköy ŞHSK,1393.0075227485447
2015-02-14,2014-2015,Denizli SK,1338.3690195417219
2015-02-14,2014-2015,Akıncılar GSK,1209.1212043518565
2015-02-14,2014-2015,Türk Ocağı Limasol SK,1605.6982888076748
2015-02-14,2014-2015,Geçitkale GSK,1136.166975380174
2015-02-15,2014-2015,Lefke TSK,1538.6807439247013
2015-02-15,2014-2015,Doğan Türk Birliği,1518.9443569683867
2015-02-15,2014-2015,Gönyeli SK,1212.4490093417796
2015-02-15,2014-2015,Küçük Kaymaklı TSK,1635.4331724968347
2015-02-15,2014-2015,Cihangir GSK,1560.8159670613668
2015-02-15,2014-2015,Mormenekşe GBSK,1504.5605954276566
2015-02-15,2014-2015,Dumlupınar TSK,1353.2530343292558
2015-02-15,2014-2015,Esentepe KSKK,1440.4126259824832
2015-02-15,2014-2015,Gençlik Gücü TSK,1200.7490139029567
2015-02-15,2014-2015,Binatlı YSK,1343.9043726496009
2015-02-15,2014-2015,Yalova SK,1487.783323339516
2015-02-15,2014-2015,Göçmenköy İYSK,1396.733810696359
2015-02-15,2014-2015,Görneç KSK,1287.8057931755761
2015-02-15,2014-2015,Değirmenlik SK,1470.776324886276
2015-02-21,2014-2015,Doğan Türk Birliği,1537.9017489587898
2015-02-21,2014-2015,Cihangir GSK,1541.8585750709638
2015-02-21,2014-2015,Mağusa Türk Gücü,1451.258545680244
2015-02-21,2014-2015,Serdarlı GB,1469.4980052539615
2015-02-21,2014-2015,Küçük Kaymaklı TSK,1640.6082252049061
2015-02-21,2014-2015,Lapta Türk Birliği SK,1226.2054629355093
2015-02-21,2014-2015,Yeniboğaziçi DSK,1495.7796285853663
2015-02-21,2014-2015,Çetinkaya TSK,1413.1739272259986
2015-02-21,2014-2015,Yenicami AK,1775.3946792031254
2015-02-21,2014-2015,Lefke TSK,1529.0344139021377
2015-02-21,2014-2015,Binatlı YSK,1348.6411607819423
2015-02-21,2014-2015,Yalova SK,1483.0465352071747
2015-02-21,2014-2015,Geçitkale GSK,1118.4744428666265
2015-02-21,2014-2015,Düzkaya KOSK,1432.559546753251
2015-02-21,2014-2015,Değirmenlik SK,1475.981615027459
2015-02-21,2014-2015,Gençlik Gücü TSK,1195.5437237617737
2015-02-21,2014-2015,Akıncılar GSK,1201.565795161228
2015-02-21,2014-2015,Türk Ocağı Limasol SK,1613.2536979983033
2015-02-22,2014-2015,L. Gençler Birliği SK,1455.739111392052
2015-02-22,2014-2015,Bostancı Bağcıl SK,1573.6183336396437
2015-02-22,2014-2015,Mormenekşe GBSK,1513.2910174852614
2015-02-22,2014-2015,Gönyeli SK,1203.7185872841749
2015-02-22,2014-2015,Esentepe KSKK,1451.7069223685826
2015-02-22,2014-2015,Denizli SK,1327.0747231556225
2015-02-22,2014-2015,Göçmenköy İYSK,1418.0537260123674
2015-02-22,2014-2015,Dumlupınar TSK,1331.9331190132473
2015-02-22,2014-2015,Hamitköy ŞHSK,1384.1550532005167
2015-02-22,2014-2015,Görneç KSK,1296.6582627236041
2015-02-28,2014-2015,Cihangir GSK,1549.6613930799417
2015-02-28,2014-2015,Gönyeli SK,1195.915769275197
2015-02-28,2014-2015,Doğan Türk Birliği,1547.314137974944
2015-02-28,2014-2015,Yenicami AK,1765.982290186971
2015-02-28,2014-2015,Lapta Türk Birliği SK,1210.2339005572053
2015-02-28,2014-2015,Mormenekşe GBSK,1529.2625798635654
2015-02-28,2014-2015,Çetinkaya TSK,1411.914046938683
2015-02-28,2014-2015,Mağusa Türk Gücü,1452.5184259675596
2015-02-28,2014-2015,Gençlik Gücü TSK,1222.6265870943243
2015-02-28,2014-2015,Hamitköy ŞHSK,1357.072189867966
2015-02-28,2014-2015,Dumlupınar TSK,1364.7844924840751
2015-02-28,2014-2015,Binatlı YSK,1315.7897873111144
2015-02-28,2014-2015,Görneç KSK,1315.890327131885
2015-02-28,2014-2015,Geçitkale GSK,1099.2423784583457
2015-03-01,2014-2015,Lefke TSK,1541.716870514761
2015-03-01,2014-2015,L. Gençler Birliği SK,1443.0566547794288
2015-03-01,2014-2015,Bostancı Bağcıl SK,1566.0753536870561
2015-03-01,2014-2015,Yeniboğaziçi DSK,1503.3226085379538
2015-03-01,2014-2015,Serdarlı GB,1448.7778122856123
2015-03-01,2014-2015,Küçük Kaymaklı TSK,1661.3284181732554
2015-03-01,2014-2015,Yalova SK,1479.2332122440766
2015-03-01,2014-2015,Değirmenlik SK,1479.794937990557
2015-03-01,2014-2015,Akıncılar GSK,1246.5199388132576
2015-03-01,2014-2015,Esentepe KSKK,1406.752778716553
2015-03-01,2014-2015,Türk Ocağı Limasol SK,1625.2608751230166
2015-03-01,2014-2015,Düzkaya KOSK,1420.5523696285377
2015-03-01,2014-2015,Denizli SK,1348.853306951489
2015-03-01,2014-2015,Göçmenköy İYSK,1396.2751422165009
2015-03-07,2014-2015,Mağusa Türk Gücü,1487.1066187620247
2015-03-07,2014-2015,Bostancı Bağcıl SK,1531.487160892591
2015-03-07,2014-2015,Mormenekşe GBSK,1541.5893231767911
2015-03-07,2014-2015,Serdarlı GB,1436.4510689723866
2015-03-07,2014-2015,Küçük Kaymaklı TSK,1667.0949531599338
2015-03-07,2014-2015,Çetinkaya TSK,1406.1475119520046
2015-03-07,2014-2015,Binatlı YSK,1343.4685536011439
2015-03-07,2014-2015,Denizli SK,1321.1745406614596
2015-03-07,2014-2015,Değirmenlik SK,1470.4941751376791
2015-03-07,2014-2015,Dumlupınar TSK,1374.085255336953
2015-03-07,2014-2015,Göçmenköy İYSK,1405.4812585120685
2015-03-07,2014-2015,Akıncılar GSK,1237.31382251769
2015-03-07,2014-2015,Geçitkale GSK,1070.5576754617
2015-03-07,2014-2015,Gençlik Gücü TSK,1251.31129009097
2015-03-08,2014-2015,Yenicami AK,1703.6794261154473
2015-03-08,2014-2015,Cihangir GSK,1611.9642571514655
2015-03-08,2014-2015,Yeniboğaziçi DSK,1482.0804830246502
2015-03-08,2014-2015,Lefke TSK,1562.9589960280646
2015-03-08,2014-2015,Gönyeli SK,1228.5133752381428
2015-03-08,2014-2015,Lapta Türk Birliği SK,1177.6362945942594
2015-03-08,2014-2015,L. Gençler Birliği SK,1425.5906292646737
2015-03-08,2014-2015,Doğan Türk Birliği,1564.7801634896991
2015-03-08,2014-2015,Düzkaya KOSK,1370.1042936610197
2015-03-08,2014-2015,Görneç KSK,1366.338403099403
2015-03-08,2014-2015,Hamitköy ŞHSK,1360.612768182208
2015-03-08,2014-2015,Yalova SK,1475.6926339298348
2015-03-08,2014-2015,Esentepe KSKK,1389.5628038476464
2015-03-08,2014-2015,Türk Ocağı Limasol SK,1642.4508499919232
2015-03-14,2014-2015,Doğan Türk Birliği,1583.1075792502338
2015-03-14,2014-2015,Yeniboğaziçi DSK,1463.7530672641155
2015-03-14,2014-2015,Cihangir GSK,1614.1606658400929
2015-03-14,2014-2015,Lapta Türk Birliği SK,1175.439885905632
2015-03-14,2014-2015,Bostancı Bağcıl SK,1515.772067705123
2015-03-14,2014-2015,Küçük Kaymaklı TSK,1682.8100463474018
2015-03-14,2014-2015,Çetinkaya TSK,1390.4233017632475
2015-03-14,2014-2015,Mormenekşe GBSK,1557.3135333655482
2015-03-14,2014-2015,Dumlupınar TSK,1331.7921693712851
2015-03-14,2014-2015,Hamitköy ŞHSK,1402.9058541478757
2015-03-14,2014-2015,Akıncılar GSK,1202.5965431535453
2015-03-14,2014-2015,Binatlı YSK,1378.1858329652885
2015-03-14,2014-2015,Esentepe KSKK,1387.0387952211456
2015-03-14,2014-2015,Göçmenköy İYSK,1408.0052671385693
2015-03-15,2014-2015,Lefke TSK,1535.5143049607898
2015-03-15,2014-2015,Mağusa Türk Gücü,1514.5513098292995
2015-03-15,2014-2015,Serdarlı GB,1448.7844056915887
2015-03-15,2014-2015,Gönyeli SK,1216.1800385189406
2015-03-15,2014-2015,Yenicami AK,1713.0520851097588
2015-03-15,2014-2015,L. Gençler Birliği SK,1416.2179702703622
2015-03-15,2014-2015,Denizli SK,1326.2058356002485
2015-03-15,2014-2015,Değirmenlik SK,1465.4628801988902
2015-03-15,2014-2015,Gençlik Gücü TSK,1286.3399780479351
2015-03-15,2014-2015,Düzkaya KOSK,1335.0756057040546
2015-03-15,2014-2015,Türk Ocağı Limasol SK,1651.2861221239243
2015-03-15,2014-2015,Görneç KSK,1357.5031309674018
2015-03-15,2014-2015,Yalova SK,1482.1238567639612
2015-03-15,2014-2015,Geçitkale GSK,1064.1264526275736
2015-03-21,2014-2015,Küçük Kaymaklı TSK,1696.7703063996444
2015-03-21,2014-2015,Lefke TSK,1521.5540449085472
2015-03-21,2014-2015,Lapta Türk Birliği SK,1161.849140097862
2015-03-21,2014-2015,Serdarlı GB,1462.375151499359
2015-03-21,2014-2015,L. Gençler Birliği SK,1464.4271698865496
2015-03-21,2014-2015,Cihangir GSK,1565.9514662239055
2015-03-21,2014-2015,Yeniboğaziçi DSK,1448.652498769146
2015-03-21,2014-2015,Yenicami AK,1728.1526536047284
2015-03-21,2014-2015,Değirmenlik SK,1473.5550829736785
2015-03-21,2014-2015,Akıncılar GSK,1194.504340378757
2015-03-21,2014-2015,Düzkaya KOSK,1304.8928420341542
2015-03-21,2014-2015,Yalova SK,1512.3066204338616
2015-03-21,2014-2015,Binatlı YSK,1395.2626590394023
2015-03-21,2014-2015,Esentepe KSKK,1369.9619691470318
2015-03-22,2014-2015,Mormenekşe GBSK,1582.36606322498
2015-03-22,2014-2015,Bostancı Bağcıl SK,1490.719537845691
2015-03-22,2014-2015,Gönyeli SK,1192.2910960509657
2015-03-22,2014-2015,Çetinkaya TSK,1414.3122442312224
2015-03-22,2014-2015,Mağusa Türk Gücü,1545.2899681976075
2015-03-22,2014-2015,Doğan Türk Birliği,1552.3689208819258
2015-03-22,2014-2015,Hamitköy ŞHSK,1415.4191679949204
2015-03-22,2014-2015,Denizli SK,1313.692521753204
2015-03-22,2014-2015,Geçitkale GSK,1050.1889936994537
2015-03-22,2014-2015,Dumlupınar TSK,1345.729628299405
2015-03-22,2014-2015,Görneç KSK,1370.2921316217048
2015-03-22,2014-2015,Gençlik Gücü TSK,1273.5509773936321
2015-03-22,2014-2015,Göçmenköy İYSK,1389.92730130824
2015-03-22,2014-2015,Türk Ocağı Limasol SK,1669.3640879542536
2015-04-04,2014-2015,Yenicami AK,1742.0216771065088
2015-04-04,2014-2015,Mağusa Türk Gücü,1531.420944695827
2015-04-04,2014-2015,Bostancı Bağcıl SK,1501.991275493623
2015-04-04,2014-2015,Gönyeli SK,1181.0193584030337
2015-04-04,2014-2015,L. Gençler Birliği SK,1491.9125452037827
2015-04-04,2014-2015,Yeniboğaziçi DSK,1421.1671234519129
2015-04-04,2014-2015,Doğan Türk Birliği,1557.1340857282755
2015-04-04,2014-2015,Küçük Kaymaklı TSK,1692.0051415532946
2015-04-04,2014-2015,Lefke TSK,1501.6007883552033
2015-04-04,2014-2015,Mormenekşe GBSK,1602.319319778324
2015-04-04,2014-2015,Cihangir GSK,1557.1743875282405
2015-04-04,2014-2015,Serdarlı GB,1471.152230195024
2015-04-05,2014-2015,Çetinkaya TSK,1424.9631107674063
2015-04-05,2014-2015,Lapta Türk Birliği SK,1151.198273561678
2015-04-05,2014-2015,Dumlupınar TSK,1360.082669011846
2015-04-05,2014-2015,Düzkaya KOSK,1290.5398013217132
2015-04-05,2014-2015,Akıncılar GSK,1173.2286460410567
2015-04-05,2014-2015,Hamitköy ŞHSK,1436.6948623326207
2015-04-05,2014-2015,Türk Ocağı Limasol SK,1673.4211573559191
2015-04-05,2014-2015,Gençlik Gücü TSK,1269.4939079919666
2015-04-05,2014-2015,Göçmenköy İYSK,1346.5753544838071
2015-04-05,2014-2015,Binatlı YSK,1438.614605863835
2015-04-05,2014-2015,Yalova SK,1501.8323307395688
2015-04-05,2014-2015,Görneç KSK,1380.7664213159976
2015-04-05,2014-2015,Esentepe KSKK,1372.4583043011548
2015-04-05,2014-2015,Değirmenlik SK,1471.0587478195555
2015-04-05,2014-2015,Denizli SK,1325.1201461878693
2015-04-05,2014-2015,Geçitkale GSK,1038.7613692647883
2015-04-11,2014-2015,Gönyeli SK,1168.2498566516913
2015-04-11,2014-2015,Lefke TSK,1514.3702901065458
2015-04-11,2014-2015,Mağusa Türk Gücü,1545.8444331403866
2015-04-11,2014-2015,L. Gençler Birliği SK,1477.489056759223
2015-04-11,2014-2015,Küçük Kaymaklı TSK,1655.99970304494
2015-04-11,2014-2015,Yenicami AK,1778.0271156148633
2015-04-11,2014-2015,Yeniboğaziçi DSK,1425.4739647819115
2015-04-11,2014-2015,Cihangir GSK,1552.8675461982418
2015-04-11,2014-2015,Lapta Türk Birliği SK,1140.145294296629
2015-04-11,2014-2015,Bostancı Bağcıl SK,1513.0442547586722
2015-04-11,2014-2015,Serdarlı GB,1485.2229782970678
2015-04-11,2014-2015,Çetinkaya TSK,1410.8923626653625
2015-04-11,2014-2015,Mormenekşe GBSK,1627.035449005857
2015-04-11,2014-2015,Doğan Türk Birliği,1532.4179565007425
2015-04-11,2014-2015,Gençlik Gücü TSK,1278.6736904404258
2015-04-11,2014-2015,Yalova SK,1492.6525482911095
2015-04-12,2014-2015,Düzkaya KOSK,1318.3487998836488
2015-04-12,2014-2015,Denizli SK,1297.3111476259337
2015-04-12,2014-2015,Geçitkale GSK,1075.0947040078295
2015-04-12,2014-2015,Akıncılar GSK,1136.8953112980155
2015-04-12,2014-2015,Görneç KSK,1376.2036204537258
2015-04-12,2014-2015,Dumlupınar TSK,1364.645469874118
2015-04-12,2014-2015,Değirmenlik SK,1486.4747173564767
2015-04-12,2014-2015,Göçmenköy İYSK,1331.159384946886
2015-04-12,2014-2015,Hamitköy ŞHSK,1449.8332217566526
2015-04-12,2014-2015,Esentepe KSKK,1359.319944877123
2015-04-12,2014-2015,Binatlı YSK,1447.9061673908107
2015-04-12,2014-2015,Türk Ocağı Limasol SK,1664.1295958289436
2015-04-17,2014-2015,Lefke TSK,1521.2000504332655
2015-04-17,2014-2015,Lapta Türk Birliği SK,1133.3155339699092
2015-04-17,2014-2015,Yenicami AK,1794.0497100444688
2015-04-17,2014-2015,Mormenekşe GBSK,1611.0128545762514
2015-04-18,2014-2015,Yeniboğaziçi DSK,1448.9146104493207
2015-04-18,2014-2015,Mağusa Türk Gücü,1522.4037874729775
2015-04-18,2014-2015,Doğan Türk Birliği,1539.2219562611604
2015-04-18,2014-2015,Gönyeli SK,1161.4458568912735
2015-04-18,2014-2015,Cihangir GSK,1562.3948986178734
2015-04-18,2014-2015,Çetinkaya TSK,1401.365010245731
2015-04-18,2014-2015,L. Gençler Birliği SK,1464.0582571648295
2015-04-18,2014-2015,Küçük Kaymaklı TSK,1669.4305026393336
2015-04-18,2014-2015,Bostancı Bağcıl SK,1508.0938410183714
2015-04-18,2014-2015,Serdarlı GB,1490.1733920373686
2015-04-18,2014-2015,Göçmenköy İYSK,1366.1780717579186
2015-04-18,2014-2015,Hamitköy ŞHSK,1414.81453494562
2015-04-18,2014-2015,Akıncılar GSK,1111.995132925808
2015-04-18,2014-2015,Düzkaya KOSK,1343.2489782558562
2015-04-18,2014-2015,Türk Ocağı Limasol SK,1652.4795139834894
2015-04-18,2014-2015,Yalova SK,1504.3026301365637
2015-04-18,2014-2015,Dumlupınar TSK,1385.7487606591071
2015-04-18,2014-2015,Gençlik Gücü TSK,1257.5703996554366
2015-04-18,2014-2015,Binatlı YSK,1446.6740363126721
2015-04-18,2014-2015,Değirmenlik SK,1487.7068484346153
2015-04-18,2014-2015,Denizli SK,1298.3976151547186
2015-04-18,2014-2015,Görneç KSK,1375.117152924941
2015-04-18,2014-2015,Esentepe KSKK,1370.8298525315458
2015-04-18,2014-2015,Geçitkale GSK,1063.5847963534065
2015-04-24,2014-2015,Mormenekşe GBSK,1600.333726145903
2015-04-24,2014-2015,L. Gençler Birliği SK,1474.7373855951778
2015-04-24,2014-2015,Serdarlı GB,1508.5094078771383
2015-04-24,2014-2015,Lefke TSK,1502.8640345934957
2015-04-24,2014-2015,Mağusa Türk Gücü,1555.3903555161626
2015-04-24,2014-2015,Cihangir GSK,1529.4083305746883
2015-04-24,2014-2015,Çetinkaya TSK,1441.0442033296392
2015-04-24,2014-2015,Bostancı Bağcıl SK,1468.4146479344631
2015-04-24,2014-2015,Doğan Türk Birliği,1544.025369386867
2015-04-24,2014-2015,Lapta Türk Birliği SK,1128.5121208442026
2015-04-24,2014-2015,Küçük Kaymaklı TSK,1679.3860704642577
2015-04-24,2014-2015,Yeniboğaziçi DSK,1438.9590426243965
2015-04-24,2014-2015,Gönyeli SK,1158.5896392601499
2015-04-24,2014-2015,Yenicami AK,1796.9059276755925
2015-04-24,2014-2015,Değirmenlik SK,1493.5616394577103
2015-04-24,2014-2015,Türk Ocağı Limasol SK,1646.6247229603944
2015-04-25,2014-2015,Gençlik Gücü TSK,1256.4678444161677
2015-04-25,2014-2015,Denizli SK,1299.5001703939874
2015-04-25,2014-2015,Yalova SK,1494.8427634425009
2015-04-25,2014-2015,Dumlupınar TSK,1395.20862735317
2015-04-25,2014-2015,Görneç KSK,1386.5665173748498
2015-04-25,2014-2015,Akıncılar GSK,1100.5457684758992
2015-04-25,2014-2015,Hamitköy ŞHSK,1413.198170624886
2015-04-25,2014-2015,Binatlı YSK,1448.290400633406
2015-04-25,2014-2015,Geçitkale GSK,1075.6497798811906
2015-04-25,2014-2015,Göçmenköy İYSK,1354.1130882301345
2015-04-25,2014-2015,Düzkaya KOSK,1341.388180707143
2015-04-25,2014-2015,Esentepe KSKK,1372.690650080259
2015-09-26,2015-2016,Cihangir GSK,1525.0591072764817
2015-09-26,2015-2016,Yenicami AK,1670.3222023713693
2015-09-26,2015-2016,Bostancı Bağcıl SK,1469.67352945495
2015-09-26,2015-2016,Lefke TSK,1459.4310984011593
2015-09-26,2015-2016,Yeniboğaziçi DSK,1430.6232353135201
2015-09-26,2015-2016,Doğan Türk Birliği,1507.2606896550676
2015-09-26,2015-2016,Küçük Kaymaklı TSK,1621.5835023362827
2015-09-26,2015-2016,Mağusa Türk Gücü,1505.144433109173
2015-09-26,2015-2016,Dumlupınar TSK,1410.7018605840537
2015-09-26,2015-2016,Baf Ülkü Yurdu,1334.6949301545512
2015-09-26,2015-2016,Gençlik Gücü TSK,1294.2343760511815
2015-09-26,2015-2016,Esentepe KSKK,1378.280110781279
2015-09-26,2015-2016,Denizli SK,1335.0609309635831
2015-09-26,2015-2016,Lapta Türk Birliği SK,1186.5939034251999
2015-09-26,2015-2016,Düzkaya KOSK,1382.0375668474082
2015-09-26,2015-2016,Göçmenköy İYSK,1340.23400081569
2015-09-27,2015-2016,Türk Ocağı Limasol SK,1559.9701097897337
2015-09-27,2015-2016,Mormenekşe GBSK,1575.8943430001298
2015-09-27,2015-2016,L. Gençler Birliği SK,1451.8593741568554
2015-09-27,2015-2016,Binatlı YSK,1441.0570814747227
2015-09-27,2015-2016,Çetinkaya TSK,1466.383846207665
2015-09-27,2015-2016,Değirmenlik SK,1435.2161518429873
2015-09-27,2015-2016,Hamitköy ŞHSK,1423.5795888697126
2015-09-27,2015-2016,Gönyeli SK,1205.9068845042045
2015-09-27,2015-2016,M. Karşıyaka ASK,1410.1662721467296
2015-09-27,2015-2016,Görneç KSK,1373.8648762556015
2015-09-27,2015-2016,Yalova SK,1443.836411235822
2015-09-27,2015-2016,Girne Halk Evi SK,1419.7032428946882
2015-10-03,2015-2016,Mağusa Türk Gücü,1539.6232201546486
2015-10-03,2015-2016,Türk Ocağı Limasol SK,1525.491322744258
2015-10-03,2015-2016,Yenicami AK,1681.2640261616482
2015-10-03,2015-2016,Bostancı Bağcıl SK,1458.7317056646712
2015-10-03,2015-2016,Cihangir GSK,1478.5482149607299
2015-10-03,2015-2016,Çetinkaya TSK,1512.894738523417
2015-10-03,2015-2016,Göçmenköy İYSK,1311.913352878277
2015-10-03,2015-2016,Girne Halk Evi SK,1448.0238908321012
2015-10-03,2015-2016,Esentepe KSKK,1372.5071887245454
2015-10-03,2015-2016,Denizli SK,1340.8338530203168
2015-10-03,2015-2016,Baf Ülkü Yurdu,1329.0679080621135
2015-10-03,2015-2016,Gençlik Gücü TSK,1299.8613981436192
2015-10-03,2015-2016,Dumlupınar TSK,1429.1584359027145
2015-10-03,2015-2016,Yalova SK,1425.3798359171612
2015-10-04,2015-2016,Mormenekşe GBSK,1566.1913813885028
2015-10-04,2015-2016,L. Gençler Birliği SK,1461.5623357684824
2015-10-04,2015-2016,Binatlı YSK,1465.4390107725133
2015-10-04,2015-2016,Değirmenlik SK,1410.8342225451968
2015-10-04,2015-2016,Doğan Türk Birliği,1553.4643641692714
2015-10-04,2015-2016,Küçük Kaymaklı TSK,1575.3798278220788
2015-10-04,2015-2016,Lefke TSK,1474.4274092347164
2015-10-04,2015-2016,Yeniboğaziçi DSK,1415.626924479963
2015-10-04,2015-2016,Görneç KSK,1350.90339029915
2015-10-04,2015-2016,Düzkaya KOSK,1404.9990528038597
2015-10-04,2015-2016,Gönyeli SK,1233.7646657151897
2015-10-04,2015-2016,M. Karşıyaka ASK,1382.3084909357444
2015-10-04,2015-2016,Lapta Türk Birliği SK,1195.9835446215372
2015-10-04,2015-2016,Hamitköy ŞHSK,1414.1899476733752
2015-10-10,2015-2016,Yeniboğaziçi DSK,1399.2203254720207
2015-10-10,2015-2016,Yenicami AK,1697.6706251695905
2015-10-10,2015-2016,Türk Ocağı Limasol SK,1523.6529070740803
2015-10-10,2015-2016,Doğan Türk Birliği,1555.3027798394492
2015-10-10,2015-2016,Çetinkaya TSK,1506.8990551080162
2015-10-10,2015-2016,Binatlı YSK,1471.434694187914
2015-10-10,2015-2016,L. Gençler Birliği SK,1433.120434669327
2015-10-10,2015-2016,Mağusa Türk Gücü,1568.065121253804
2015-10-10,2015-2016,Denizli SK,1356.7604419159854
2015-10-10,2015-2016,Baf Ülkü Yurdu,1313.1413191664449
2015-10-10,2015-2016,Hamitköy ŞHSK,1408.498203392199
2015-10-10,2015-2016,Esentepe KSKK,1378.1989330057215
2015-10-10,2015-2016,M. Karşıyaka ASK,1397.9070134812384
2015-10-10,2015-2016,Lapta Türk Birliği SK,1180.3850220760432
2015-10-10,2015-2016,Yalova SK,1441.5333926815158
2015-10-10,2015-2016,Göçmenköy İYSK,1295.7597961139224
2015-10-11,2015-2016,Değirmenlik SK,1455.2061704801688
2015-10-11,2015-2016,Mormenekşe GBSK,1521.8194334535308
2015-10-11,2015-2016,Bostancı Bağcıl SK,1456.428817148443
2015-10-11,2015-2016,Cihangir GSK,1480.851103476958
2015-10-11,2015-2016,Küçük Kaymaklı TSK,1566.7251060245642
2015-10-11,2015-2016,Lefke TSK,1483.082131032231
2015-10-11,2015-2016,Girne Halk Evi SK,1468.1933531879374
2015-10-11,2015-2016,Görneç KSK,1330.7339279433138
2015-10-11,2015-2016,Gençlik Gücü TSK,1323.7983878285706
2015-10-11,2015-2016,Dumlupınar TSK,1405.221446217763
2015-10-11,2015-2016,Düzkaya KOSK,1413.3582036517876
2015-10-11,2015-2016,Gönyeli SK,1225.405514867262
2015-10-17,2015-2016,Mormenekşe GBSK,1482.5963121089876
2015-10-17,2015-2016,Binatlı YSK,1510.657815532457
2015-10-17,2015-2016,Doğan Türk Birliği,1573.465668764296
2015-10-17,2015-2016,L. Gençler Birliği SK,1414.9575457444803
2015-10-17,2015-2016,Lefke TSK,1511.4062236062477
2015-10-17,2015-2016,Türk Ocağı Limasol SK,1495.3288145000636
2015-10-17,2015-2016,Yenicami AK,1707.6664371827326
2015-10-17,2015-2016,Küçük Kaymaklı TSK,1556.729294011422
2015-10-17,2015-2016,Görneç KSK,1345.399003050429
2015-10-17,2015-2016,Göçmenköy İYSK,1281.0947210068073
2015-10-17,2015-2016,Esentepe KSKK,1339.1581003954257
2015-10-17,2015-2016,M. Karşıyaka ASK,1436.9478460915343
2015-10-17,2015-2016,Baf Ülkü Yurdu,1295.1696280192484
2015-10-17,2015-2016,Hamitköy ŞHSK,1426.4698945393955
2015-10-17,2015-2016,Dumlupınar TSK,1419.1731408856924
2015-10-17,2015-2016,Denizli SK,1342.808747248056
2015-10-18,2015-2016,Mağusa Türk Gücü,1586.9591403960035
2015-10-18,2015-2016,Değirmenlik SK,1436.3121513379692
2015-10-18,2015-2016,Cihangir GSK,1453.1216589845394
2015-10-18,2015-2016,Yeniboğaziçi DSK,1426.9497699644394
2015-10-18,2015-2016,Bostancı Bağcıl SK,1455.8803774793253
2015-10-18,2015-2016,Çetinkaya TSK,1507.447494777134
2015-10-18,2015-2016,Gönyeli SK,1199.5254467214722
2015-10-18,2015-2016,Girne Halk Evi SK,1494.073421333727
2015-10-18,2015-2016,Lapta Türk Birliği SK,1209.5936221361067
2015-10-18,2015-2016,Düzkaya KOSK,1384.1496035917241
2015-10-18,2015-2016,Gençlik Gücü TSK,1347.0916243457477
2015-10-18,2015-2016,Yalova SK,1418.2401561643387
2015-10-24,2015-2016,Değirmenlik SK,1460.6818716069872
2015-10-24,2015-2016,Doğan Türk Birliği,1549.095948495278
2015-10-24,2015-2016,Yeniboğaziçi DSK,1425.1660241921948
2015-10-24,2015-2016,Bostancı Bağcıl SK,1457.66412325157
2015-10-24,2015-2016,Küçük Kaymaklı TSK,1576.3668589057638
2015-10-24,2015-2016,Cihangir GSK,1433.4840940901977
2015-10-24,2015-2016,Türk Ocağı Limasol SK,1503.5762055571515
2015-10-24,2015-2016,Yenicami AK,1699.4190461256446
2015-10-24,2015-2016,Göçmenköy İYSK,1305.641855706034
2015-10-24,2015-2016,Gönyeli SK,1174.9783120222455
2015-10-24,2015-2016,Denizli SK,1319.62862679063
2015-10-24,2015-2016,Gençlik Gücü TSK,1370.2717448031738
2015-10-24,2015-2016,M. Karşıyaka ASK,1426.4834303544853
2015-10-24,2015-2016,Baf Ülkü Yurdu,1305.6340437562974
2015-10-24,2015-2016,Yalova SK,1410.945266885647
2015-10-24,2015-2016,Görneç KSK,1352.6938923291207
2015-10-25,2015-2016,Binatlı YSK,1542.0643531068008
2015-10-25,2015-2016,Mağusa Türk Gücü,1555.5526028216598
2015-10-25,2015-2016,L. Gençler Birliği SK,1397.0480368648234
2015-10-25,2015-2016,Lefke TSK,1529.3157324859046
2015-10-25,2015-2016,Çetinkaya TSK,1534.0657299990014
2015-10-25,2015-2016,Mormenekşe GBSK,1455.97807688712
2015-10-25,2015-2016,Girne Halk Evi SK,1501.3334802094682
2015-10-25,2015-2016,Lapta Türk Birliği SK,1202.3335632603655
2015-10-25,2015-2016,Hamitköy ŞHSK,1454.7740767753905
2015-10-25,2015-2016,Dumlupınar TSK,1390.8689586496973
2015-10-25,2015-2016,Düzkaya KOSK,1398.2832969303388
2015-10-25,2015-2016,Esentepe KSKK,1325.024407056811
2015-10-31,2015-2016,Mağusa Türk Gücü,1572.6673830070342
2015-10-31,2015-2016,Mormenekşe GBSK,1438.8632967017456
2015-10-31,2015-2016,Doğan Türk Birliği,1545.2844741570366
2015-10-31,2015-2016,Binatlı YSK,1545.8758274450422
2015-10-31,2015-2016,Lefke TSK,1548.689736007366
2015-10-31,2015-2016,Değirmenlik SK,1441.3078680855258
2015-10-31,2015-2016,Yeniboğaziçi DSK,1427.9624768383774
2015-10-31,2015-2016,Çetinkaya TSK,1531.2692773528188
2015-10-31,2015-2016,Gönyeli SK,1151.4029066345481
2015-10-31,2015-2016,Görneç KSK,1376.269297716818
2015-10-31,2015-2016,Lapta Türk Birliği SK,1171.6739015365793
2015-10-31,2015-2016,Göçmenköy İYSK,1336.3015174298203
2015-10-31,2015-2016,Esentepe KSKK,1331.480313124879
2015-10-31,2015-2016,Girne Halk Evi SK,1494.8775741414001
2015-10-31,2015-2016,Gençlik Gücü TSK,1402.3839456663206
2015-10-31,2015-2016,Hamitköy ŞHSK,1422.6618759122437
2015-11-01,2015-2016,Yenicami AK,1646.0470930222168
2015-11-01,2015-2016,L. Gençler Birliği SK,1450.4199899682512
2015-11-01,2015-2016,Cihangir GSK,1469.5004683620496
2015-11-01,2015-2016,Türk Ocağı Limasol SK,1467.5598312852997
2015-11-01,2015-2016,Bostancı Bağcıl SK,1481.0115314318246
2015-11-01,2015-2016,Küçük Kaymaklı TSK,1553.0194507255092
2015-11-01,2015-2016,Baf Ülkü Yurdu,1287.5079730213988
2015-11-01,2015-2016,Düzkaya KOSK,1416.4093676652374
2015-11-01,2015-2016,Dumlupınar TSK,1358.766793668371
2015-11-01,2015-2016,M. Karşıyaka ASK,1458.5855953358116
2015-11-01,2015-2016,Denizli SK,1292.325423357573
2015-11-01,2015-2016,Yalova SK,1438.248470318704
2015-11-07,2015-2016,Mormenekşe GBSK,1408.512047717846
2015-11-07,2015-2016,Doğan Türk Birliği,1575.6357231409363
2015-11-07,2015-2016,Küçük Kaymaklı TSK,1572.2421726077782
2015-11-07,2015-2016,Yeniboğaziçi DSK,1408.7397549561083
2015-11-07,2015-2016,Türk Ocağı Limasol SK,1464.8962138258603
2015-11-07,2015-2016,Bostancı Bağcıl SK,1483.675148891264
2015-11-07,2015-2016,L. Gençler Birliği SK,1468.0753041084636
2015-11-07,2015-2016,Cihangir GSK,1451.8451542218372
2015-11-07,2015-2016,Göçmenköy İYSK,1352.6128094621483
2015-11-07,2015-2016,Esentepe KSKK,1315.169021092551
2015-11-07,2015-2016,Görneç KSK,1383.4293198565886
2015-11-07,2015-2016,Lapta Türk Birliği SK,1164.5138793968088
2015-11-07,2015-2016,M. Karşıyaka ASK,1452.1352292817944
2015-11-07,2015-2016,Gençlik Gücü TSK,1408.8343117203378
2015-11-07,2015-2016,Düzkaya KOSK,1389.884782948494
2015-11-07,2015-2016,Dumlupınar TSK,1385.2913783851145
2015-11-07,2015-2016,Yalova SK,1448.4110692791992
2015-11-07,2015-2016,Gönyeli SK,1141.240307674053
2015-11-08,2015-2016,Değirmenlik SK,1420.0998393817233
2015-11-08,2015-2016,Yenicami AK,1667.2551217260193
2015-11-08,2015-2016,Binatlı YSK,1575.1664747050563
2015-11-08,2015-2016,Lefke TSK,1519.399088747352
2015-11-08,2015-2016,Çetinkaya TSK,1494.3971464367805
2015-11-08,2015-2016,Mağusa Türk Gücü,1609.5395139230725
2015-11-08,2015-2016,Girne Halk Evi SK,1461.944201700559
2015-11-08,2015-2016,Baf Ülkü Yurdu,1320.44134546224
2015-11-08,2015-2016,Hamitköy ŞHSK,1370.2005915705738
2015-11-08,2015-2016,Denizli SK,1344.786707699243
2015-11-14,2015-2016,Lefke TSK,1539.8108842017036
2015-11-14,2015-2016,Mormenekşe GBSK,1388.1002522634942
2015-11-14,2015-2016,Yenicami AK,1659.0196292044511
2015-11-14,2015-2016,Binatlı YSK,1583.4019672266245
2015-11-14,2015-2016,Cihangir GSK,1426.683294009528
2015-11-14,2015-2016,Değirmenlik SK,1445.2616995940325
2015-11-14,2015-2016,Bostancı Bağcıl SK,1459.3906785753952
2015-11-14,2015-2016,L. Gençler Birliği SK,1492.3597744243323
2015-11-14,2015-2016,Esentepe KSKK,1335.6444325399466
2015-11-14,2015-2016,Görneç KSK,1362.953908409193
2015-11-14,2015-2016,Dumlupınar TSK,1366.249258536861
2015-11-14,2015-2016,Girne Halk Evi SK,1480.9863215488126
2015-11-14,2015-2016,Hamitköy ŞHSK,1351.247912034228
2015-11-14,2015-2016,Yalova SK,1467.363748815545
2015-11-15,2015-2016,Doğan Türk Birliği,1603.3866232595892
2015-11-15,2015-2016,Mağusa Türk Gücü,1581.7886138044196
2015-11-15,2015-2016,Yeniboğaziçi DSK,1373.3525797279456
2015-11-15,2015-2016,Türk Ocağı Limasol SK,1500.283389054023
2015-11-15,2015-2016,Küçük Kaymaklı TSK,1520.5984999851155
2015-11-15,2015-2016,Çetinkaya TSK,1546.0408190594433
2015-11-15,2015-2016,Lapta Türk Birliği SK,1139.8099984769522
2015-11-15,2015-2016,Gönyeli SK,1165.9441885939095
2015-11-15,2015-2016,Baf Ülkü Yurdu,1298.8428231498779
2015-11-15,2015-2016,Göçmenköy İYSK,1374.2113317745104
2015-11-15,2015-2016,Gençlik Gücü TSK,1441.8396847163508
2015-11-15,2015-2016,Düzkaya KOSK,1356.879409952481
2015-11-15,2015-2016,Denizli SK,1378.8499840759623
2015-11-15,2015-2016,M. Karşıyaka ASK,1418.071952905075
2015-11-21,2015-2016,Değirmenlik SK,1442.6363878111874
2015-11-21,2015-2016,Bostancı Bağcıl SK,1462.0159903582403
2015-11-21,2015-2016,Mağusa Türk Gücü,1603.2275960259126
2015-11-21,2015-2016,Lefke TSK,1518.3719019802106
2015-11-21,2015-2016,Türk Ocağı Limasol SK,1498.0088264807614
2015-11-21,2015-2016,Küçük Kaymaklı TSK,1522.8730625583771
2015-11-21,2015-2016,Çetinkaya TSK,1583.2543475221507
2015-11-21,2015-2016,Doğan Türk Birliği,1566.1730947968817
2015-11-21,2015-2016,Görneç KSK,1315.957190889498
2015-11-21,2015-2016,Baf Ülkü Yurdu,1345.839540669573
2015-11-21,2015-2016,Gönyeli SK,1192.057236117783
2015-11-21,2015-2016,Esentepe KSKK,1309.531385016073
2015-11-21,2015-2016,Düzkaya KOSK,1323.6087368536635
2015-11-21,2015-2016,Denizli SK,1412.1206571747798
2015-11-21,2015-2016,Yalova SK,1471.2440040781203
2015-11-21,2015-2016,Lapta Türk Birliği SK,1135.929743214377
2015-11-22,2015-2016,Binatlı YSK,1572.3270666821802
2015-11-22,2015-2016,Cihangir GSK,1437.7581945539723
2015-11-22,2015-2016,Mormenekşe GBSK,1418.9415457616976
2015-11-22,2015-2016,Yenicami AK,1628.1783357062477
2015-11-22,2015-2016,L. Gençler Birliği SK,1508.1396071281467
2015-11-22,2015-2016,Yeniboğaziçi DSK,1357.572747024131
2015-11-22,2015-2016,Girne Halk Evi SK,1495.429021304773
2015-11-22,2015-2016,Gençlik Gücü TSK,1427.3969849603905
2015-11-22,2015-2016,Göçmenköy İYSK,1338.4167339905207
2015-11-22,2015-2016,Dumlupınar TSK,1402.0438563208506
2015-11-22,2015-2016,M. Karşıyaka ASK,1411.0792340851447
2015-11-22,2015-2016,Hamitköy ŞHSK,1358.2406308541583
2015-11-28,2015-2016,Yenicami AK,1650.9858630168749
2015-11-28,2015-2016,Mağusa Türk Gücü,1580.4200687152854
2015-11-28,2015-2016,Cihangir GSK,1453.2974028320914
2015-11-28,2015-2016,Mormenekşe GBSK,1403.4023374835785
2015-11-28,2015-2016,Bostancı Bağcıl SK,1432.0491017237891
2015-11-28,2015-2016,Binatlı YSK,1602.2939553166314
2015-11-28,2015-2016,Türk Ocağı Limasol SK,1499.45952324443
2015-11-28,2015-2016,Çetinkaya TSK,1581.803650758482
2015-11-28,2015-2016,Esentepe KSKK,1317.800787736261
2015-11-28,2015-2016,Lapta Türk Birliği SK,1127.6603404941889
2015-11-28,2015-2016,Denizli SK,1413.4603851911208
2015-11-28,2015-2016,Girne Halk Evi SK,1494.089293288432
2015-11-28,2015-2016,Hamitköy ŞHSK,1332.9240097763175
2015-11-28,2015-2016,Düzkaya KOSK,1348.9253579315043
2015-11-28,2015-2016,M. Karşıyaka ASK,1391.0887190076735
2015-11-28,2015-2016,Yalova SK,1491.2345191555914
2015-11-29,2015-2016,Lefke TSK,1517.6699706098798
2015-11-29,2015-2016,Doğan Türk Birliği,1566.8750261672126
2015-11-29,2015-2016,Yeniboğaziçi DSK,1359.0130286093636
2015-11-29,2015-2016,Değirmenlik SK,1441.196106225955
2015-11-29,2015-2016,Küçük Kaymaklı TSK,1518.6362021824366
2015-11-29,2015-2016,L. Gençler Birliği SK,1512.3764675040873
2015-11-29,2015-2016,Baf Ülkü Yurdu,1359.4038128456534
2015-11-29,2015-2016,Gönyeli SK,1178.4929639417026
2015-11-29,2015-2016,Dumlupınar TSK,1414.097309571446
2015-11-29,2015-2016,Görneç KSK,1303.9037376389026
2015-11-29,2015-2016,Gençlik Gücü TSK,1445.2674553055806
2015-11-29,2015-2016,Göçmenköy İYSK,1320.5462636453306
2015-12-05,2015-2016,Binatlı YSK,1613.437044103211
2015-12-05,2015-2016,Yeniboğaziçi DSK,1347.8699398227839
2015-12-05,2015-2016,L. Gençler Birliği SK,1528.2395910542398
2015-12-05,2015-2016,Türk Ocağı Limasol SK,1483.5963996942776
2015-12-05,2015-2016,Çetinkaya TSK,1574.9472357746033
2015-12-05,2015-2016,Lefke TSK,1524.5263855937585
2015-12-05,2015-2016,Mağusa Türk Gücü,1590.5817869051548
2015-12-05,2015-2016,Cihangir GSK,1443.135684642222
2015-12-05,2015-2016,Girne Halk Evi SK,1509.3998310289264
2015-12-05,2015-2016,Hamitköy ŞHSK,1317.613472035823
2015-12-05,2015-2016,Görneç KSK,1288.503626591334
2015-12-05,2015-2016,Gençlik Gücü TSK,1460.6675663531491
2015-12-05,2015-2016,Gönyeli SK,1159.816151501524
2015-12-05,2015-2016,Dumlupınar TSK,1432.7741220116245
2015-12-05,2015-2016,Düzkaya KOSK,1382.130105759208
2015-12-05,2015-2016,M. Karşıyaka ASK,1357.8839711799699
2015-12-06,2015-2016,Değirmenlik SK,1412.7007416303832
2015-12-06,2015-2016,Küçük Kaymaklı TSK,1547.1315667780084
2015-12-06,2015-2016,Mormenekşe GBSK,1437.5274238257311
2015-12-06,2015-2016,Bostancı Bağcıl SK,1397.9240153816365
2015-12-06,2015-2016,Doğan Türk Birliği,1568.2607337500524
2015-12-06,2015-2016,Yenicami AK,1649.600155434035
2015-12-06,2015-2016,Göçmenköy İYSK,1353.379825711686
2015-12-06,2015-2016,Denizli SK,1380.6268231247655
2015-12-06,2015-2016,Lapta Türk Birliği SK,1111.3894327861103
2015-12-06,2015-2016,Baf Ülkü Yurdu,1375.674720553732
2015-12-06,2015-2016,Yalova SK,1443.6481367286904
2015-12-06,2015-2016,Esentepe KSKK,1365.3871701631622
2015-12-12,2015-2016,Yenicami AK,1659.851536614603
2015-12-12,2015-2016,Lefke TSK,1514.2750044131906
2015-12-12,2015-2016,Cihangir GSK,1478.6940861123373
2015-12-12,2015-2016,Doğan Türk Birliği,1532.702332279937
2015-12-12,2015-2016,Yeniboğaziçi DSK,1349.5730273191812
2015-12-12,2015-2016,Mormenekşe GBSK,1435.8243363293338
2015-12-12,2015-2016,Türk Ocağı Limasol SK,1506.0006012675385
2015-12-12,2015-2016,Değirmenlik SK,1390.2965400571222
2015-12-12,2015-2016,Baf Ülkü Yurdu,1351.6829527188704
2015-12-12,2015-2016,Esentepe KSKK,1389.3789379980237
2015-12-12,2015-2016,Dumlupınar TSK,1441.2878852825886
2015-12-12,2015-2016,Lapta Türk Birliği SK,1102.8756695151462
2015-12-12,2015-2016,Hamitköy ŞHSK,1280.1761718644223
2015-12-12,2015-2016,Göçmenköy İYSK,1390.8171258830866
2015-12-12,2015-2016,M. Karşıyaka ASK,1363.0335006452644
2015-12-12,2015-2016,Girne Halk Evi SK,1504.2503015636319
2015-12-13,2015-2016,Bostancı Bağcıl SK,1405.2097509996568
2015-12-13,2015-2016,Mağusa Türk Gücü,1583.2960512871346
2015-12-13,2015-2016,Küçük Kaymaklı TSK,1527.4944993845402
2015-12-13,2015-2016,Binatlı YSK,1633.0741114966793
2015-12-13,2015-2016,L. Gençler Birliği SK,1557.0923965030777
2015-12-13,2015-2016,Çetinkaya TSK,1546.0944303257654
2015-12-13,2015-2016,Gençlik Gücü TSK,1469.017312477614
2015-12-13,2015-2016,Gönyeli SK,1151.4664053770591
2015-12-13,2015-2016,Denizli SK,1402.682178010279
2015-12-13,2015-2016,Görneç KSK,1266.4482717058206
2015-12-13,2015-2016,Düzkaya KOSK,1362.2174900901703
2015-12-13,2015-2016,Yalova SK,1463.560752397728
2015-12-19,2015-2016,Değirmenlik SK,1360.4638611330297
2015-12-19,2015-2016,L. Gençler Birliği SK,1586.9250754271702
2015-12-19,2015-2016,Mormenekşe GBSK,1404.0059211951966
2015-12-19,2015-2016,Küçük Kaymaklı TSK,1559.3129145186774
2015-12-19,2015-2016,Lefke TSK,1508.907650577449
2015-12-19,2015-2016,Cihangir GSK,1484.061439948079
2015-12-19,2015-2016,Girne Halk Evi SK,1513.775246443311
2015-12-19,2015-2016,Düzkaya KOSK,1352.692545210491
2015-12-19,2015-2016,Görneç KSK,1232.4762740047154
2015-12-19,2015-2016,Hamitköy ŞHSK,1314.1481695655275
2015-12-19,2015-2016,Yalova SK,1454.4019122086806
2015-12-19,2015-2016,Baf Ülkü Yurdu,1360.8417929079178
2015-12-19,2015-2016,Göçmenköy İYSK,1365.8687467883353
2015-12-19,2015-2016,M. Karşıyaka ASK,1387.9818797400158
2015-12-20,2015-2016,Çetinkaya TSK,1549.164478199683
2015-12-20,2015-2016,Yenicami AK,1656.7814887406855
2015-12-20,2015-2016,Binatlı YSK,1652.1313550987259
2015-12-20,2015-2016,Türk Ocağı Limasol SK,1486.943357665492
2015-12-20,2015-2016,Mağusa Türk Gücü,1592.6362464784852
2015-12-20,2015-2016,Yeniboğaziçi DSK,1340.2328321278305
2015-12-20,2015-2016,Doğan Türk Birliği,1522.8479176044293
2015-12-20,2015-2016,Bostancı Bağcıl SK,1415.0641656751645
2015-12-20,2015-2016,Gönyeli SK,1141.482253347477
2015-12-20,2015-2016,Denizli SK,1412.6663300398611
2015-12-20,2015-2016,Esentepe KSKK,1368.9132637433706
2015-12-20,2015-2016,Dumlupınar TSK,1461.7535595372417
2015-12-23,2015-2016,Lapta Türk Birliği SK,1094.0854657876678
2015-12-23,2015-2016,Gençlik Gücü TSK,1477.8075162050925
2016-02-06,2015-2016,Lefke TSK,1520.5884444922046
2016-02-06,2015-2016,Bostancı Bağcıl SK,1403.3833717604089
2016-02-06,2015-2016,Doğan Türk Birliği,1536.7327989261523
2016-02-06,2015-2016,Yeniboğaziçi DSK,1326.3479508061075
2016-02-06,2015-2016,Mağusa Türk Gücü,1614.7664253403464
2016-02-06,2015-2016,Küçük Kaymaklı TSK,1537.1827356568162
2016-02-06,2015-2016,Mormenekşe GBSK,1385.3243911984616
2016-02-06,2015-2016,Türk Ocağı Limasol SK,1505.624887662227
2016-02-06,2015-2016,Baf Ülkü Yurdu,1343.1860384896372
2016-02-06,2015-2016,Dumlupınar TSK,1479.4093139555223
2016-02-06,2015-2016,Esentepe KSKK,1343.1074810378361
2016-02-06,2015-2016,Gençlik Gücü TSK,1503.613298910627
2016-02-06,2015-2016,Gönyeli SK,1167.7496631729944
2016-02-06,2015-2016,Hamitköy ŞHSK,1287.88075974001
2016-02-06,2015-2016,Göçmenköy İYSK,1361.7175870109002
2016-02-06,2015-2016,Düzkaya KOSK,1356.8437049879262
2016-02-07,2015-2016,Yenicami AK,1665.084231195
2016-02-07,2015-2016,Cihangir GSK,1475.7586974937644
2016-02-07,2015-2016,Binatlı YSK,1671.7650883604283
2016-02-07,2015-2016,L. Gençler Birliği SK,1567.2913421654678
2016-02-07,2015-2016,Değirmenlik SK,1347.5512192440362
2016-02-07,2015-2016,Çetinkaya TSK,1562.0771200886763
2016-02-07,2015-2016,Lapta Türk Birliği SK,1081.1952942924643
2016-02-07,2015-2016,Denizli SK,1425.5565015350646
2016-02-07,2015-2016,Görneç KSK,1217.8396045031511
2016-02-07,2015-2016,M. Karşıyaka ASK,1402.61854924158
2016-02-07,2015-2016,Girne Halk Evi SK,1473.855046136864
2016-02-07,2015-2016,Yalova SK,1494.3221125151276
2016-02-13,2015-2016,Değirmenlik SK,1380.3782776435578
2016-02-13,2015-2016,Binatlı YSK,1638.9380299609068
2016-02-13,2015-2016,L. Gençler Birliği SK,1555.2493172687932
2016-02-13,2015-2016,Mormenekşe GBSK,1397.3664160951362
2016-02-13,2015-2016,Bostancı Bağcıl SK,1413.844553085968
2016-02-13,2015-2016,Yenicami AK,1654.6230498694408
2016-02-13,2015-2016,Çetinkaya TSK,1580.1404521095046
2016-02-13,2015-2016,Cihangir GSK,1457.6953654729361
2016-02-13,2015-2016,Girne Halk Evi SK,1444.6843973825432
2016-02-13,2015-2016,Göçmenköy İYSK,1390.888235765221
2016-02-13,2015-2016,Düzkaya KOSK,1326.4957473269315
2016-02-13,2015-2016,Görneç KSK,1248.187562164146
2016-02-13,2015-2016,M. Karşıyaka ASK,1408.8107458709537
2016-02-13,2015-2016,Gönyeli SK,1161.5574665436206
2016-02-13,2015-2016,Hamitköy ŞHSK,1300.2875071967223
2016-02-13,2015-2016,Lapta Türk Birliği SK,1068.788546835752
2016-02-14,2015-2016,Türk Ocağı Limasol SK,1508.434987779608
2016-02-14,2015-2016,Mağusa Türk Gücü,1611.9563252229652
2016-02-14,2015-2016,Küçük Kaymaklı TSK,1502.015108644185
2016-02-14,2015-2016,Doğan Türk Birliği,1571.9004259387837
2016-02-14,2015-2016,Yeniboğaziçi DSK,1304.2360399890845
2016-02-14,2015-2016,Lefke TSK,1542.7003553092277
2016-02-14,2015-2016,Denizli SK,1417.7870268922704
2016-02-14,2015-2016,Esentepe KSKK,1350.8769556806303
2016-02-14,2015-2016,Gençlik Gücü TSK,1512.3912514521703
2016-02-14,2015-2016,Baf Ülkü Yurdu,1334.408085948094
2016-02-14,2015-2016,Yalova SK,1510.0753927046856
2016-02-14,2015-2016,Dumlupınar TSK,1463.6560337659644
2016-02-20,2015-2016,Cihangir GSK,1484.3086750965422
2016-02-20,2015-2016,Bostancı Bağcıl SK,1387.231243462362
2016-02-20,2015-2016,Yenicami AK,1638.0665281066135
2016-02-20,2015-2016,Yeniboğaziçi DSK,1320.7925617519118
2016-02-20,2015-2016,Lefke TSK,1557.0614249041594
2016-02-20,2015-2016,Küçük Kaymaklı TSK,1487.6540390492532
2016-02-20,2015-2016,Binatlı YSK,1599.0621326353191
2016-02-20,2015-2016,Çetinkaya TSK,1620.0163494350923
2016-02-20,2015-2016,Görneç KSK,1235.6641888833913
2016-02-20,2015-2016,Girne Halk Evi SK,1457.2077706632979
2016-02-20,2015-2016,Dumlupınar TSK,1483.0078078986994
2016-02-20,2015-2016,Gençlik Gücü TSK,1493.0394773194353
2016-02-20,2015-2016,Lapta Türk Birliği SK,1058.809358157535
2016-02-20,2015-2016,M. Karşıyaka ASK,1418.7899345491708
2016-02-20,2015-2016,Gönyeli SK,1147.4209729352904
2016-02-20,2015-2016,Düzkaya KOSK,1340.6322409352617
2016-02-21,2015-2016,Mormenekşe GBSK,1373.0057623003531
2016-02-21,2015-2016,Değirmenlik SK,1404.7389314383408
2016-02-21,2015-2016,Doğan Türk Birliği,1531.6667563177475
2016-02-21,2015-2016,Türk Ocağı Limasol SK,1548.6686574006442
2016-02-21,2015-2016,Mağusa Türk Gücü,1559.0034880011847
2016-02-21,2015-2016,L. Gençler Birliği SK,1608.2021544905738
2016-02-21,2015-2016,Baf Ülkü Yurdu,1335.751858407168
2016-02-21,2015-2016,Denizli SK,1416.4432544331964
2016-02-21,2015-2016,Esentepe KSKK,1364.7175398394488
2016-02-21,2015-2016,Hamitköy ŞHSK,1286.4469230379038
2016-02-21,2015-2016,Göçmenköy İYSK,1357.6372481982978
2016-02-21,2015-2016,Yalova SK,1543.3263802716087
2016-02-27,2015-2016,Değirmenlik SK,1390.0358956372163
2016-02-27,2015-2016,Mağusa Türk Gücü,1573.7065238023092
2016-02-27,2015-2016,L. Gençler Birliği SK,1620.7236182139036
2016-02-27,2015-2016,Doğan Türk Birliği,1519.1452925944177
2016-02-27,2015-2016,Türk Ocağı Limasol SK,1580.639106294865
2016-02-27,2015-2016,Lefke TSK,1525.0909760099385
2016-02-27,2015-2016,Küçük Kaymaklı TSK,1512.7442157343803
2016-02-27,2015-2016,Yenicami AK,1612.9763514214865
2016-02-27,2015-2016,Göçmenköy İYSK,1328.0253040027324
2016-02-27,2015-2016,Görneç KSK,1265.2761330789567
2016-02-27,2015-2016,Düzkaya KOSK,1347.9904697122874
2016-02-27,2015-2016,Lapta Türk Birliği SK,1051.4511293805092
2016-02-27,2015-2016,M. Karşıyaka ASK,1392.449604909274
2016-02-27,2015-2016,Esentepe KSKK,1391.0578694793455
2016-02-27,2015-2016,Denizli SK,1396.821095545636
2016-02-27,2015-2016,Dumlupınar TSK,1502.62996678626
2016-02-27,2015-2016,Yalova SK,1567.57499710073
2016-02-27,2015-2016,Gençlik Gücü TSK,1468.7908604903141
2016-02-28,2015-2016,Binatlı YSK,1605.5244979387305
2016-02-28,2015-2016,Mormenekşe GBSK,1366.5433969969417
2016-02-28,2015-2016,Yeniboğaziçi DSK,1346.5811486891243
2016-02-28,2015-2016,Cihangir GSK,1458.5200881593296
2016-02-28,2015-2016,Çetinkaya TSK,1606.2715845926673
2016-02-28,2015-2016,Bostancı Bağcıl SK,1400.9760083047868
2016-02-28,2015-2016,Girne Halk Evi SK,1421.4614465428917
2016-02-28,2015-2016,Gönyeli SK,1183.1672970556965
2016-02-28,2015-2016,Hamitköy ŞHSK,1255.5237285067578
2016-02-28,2015-2016,Baf Ülkü Yurdu,1366.675052938314
2016-03-05,2015-2016,Doğan Türk Birliği,1529.2205635473
2016-03-05,2015-2016,Değirmenlik SK,1379.960624684334
2016-03-05,2015-2016,Bostancı Bağcıl SK,1354.8512202114996
2016-03-05,2015-2016,Yeniboğaziçi DSK,1392.7059367824115
2016-03-05,2015-2016,Yenicami AK,1575.1858753784857
2016-03-05,2015-2016,Türk Ocağı Limasol SK,1618.429582337866
2016-03-05,2015-2016,Mormenekşe GBSK,1356.05565544594
2016-03-05,2015-2016,Çetinkaya TSK,1616.759326143669
2016-03-05,2015-2016,Lapta Türk Birliği SK,1102.8266915789818
2016-03-05,2015-2016,Girne Halk Evi SK,1370.0858843444191
2016-03-05,2015-2016,Dumlupınar TSK,1511.378593924977
2016-03-05,2015-2016,Hamitköy ŞHSK,1246.7751013680409
2016-03-05,2015-2016,Esentepe KSKK,1352.4105017260626
2016-03-05,2015-2016,Düzkaya KOSK,1386.6378374655703
2016-03-05,2015-2016,Görneç KSK,1277.3303308377622
2016-03-05,2015-2016,Yalova SK,1555.5207993419244
2016-03-06,2015-2016,Mağusa Türk Gücü,1572.087784618721
2016-03-06,2015-2016,Binatlı YSK,1607.1432371223189
2016-03-06,2015-2016,Cihangir GSK,1428.0214051829382
2016-03-06,2015-2016,Küçük Kaymaklı TSK,1543.2428987107717
2016-03-06,2015-2016,Lefke TSK,1527.134994235621
2016-03-06,2015-2016,L. Gençler Birliği SK,1618.679599988221
2016-03-06,2015-2016,Gönyeli SK,1167.9572472349641
2016-03-06,2015-2016,Göçmenköy İYSK,1343.2353538234647
2016-03-06,2015-2016,Gençlik Gücü TSK,1487.913817821539
2016-03-06,2015-2016,Denizli SK,1377.698138214411
2016-03-06,2015-2016,Baf Ülkü Yurdu,1398.238355763506
2016-03-06,2015-2016,M. Karşıyaka ASK,1360.886302084082
2016-03-12,2015-2016,L. Gençler Birliği SK,1639.998490871408
2016-03-12,2015-2016,Yenicami AK,1553.8669844952988
2016-03-12,2015-2016,Türk Ocağı Limasol SK,1586.082323732804
2016-03-12,2015-2016,Cihangir GSK,1460.368663788
2016-03-12,2015-2016,Küçük Kaymaklı TSK,1554.830152569843
2016-03-12,2015-2016,Bostancı Bağcıl SK,1343.2639663524283
2016-03-12,2015-2016,Göçmenköy İYSK,1329.2624840912758
2016-03-12,2015-2016,Lapta Türk Birliği SK,1116.7995613111707
2016-03-12,2015-2016,M. Karşıyaka ASK,1331.0752474601686
2016-03-12,2015-2016,Dumlupınar TSK,1541.1896485488903
2016-03-12,2015-2016,Hamitköy ŞHSK,1256.3500676725146
2016-03-12,2015-2016,Gençlik Gücü TSK,1478.3388515170652
2016-03-12,2015-2016,Yalova SK,1543.6319459462231
2016-03-12,2015-2016,Denizli SK,1389.5869916101124
2016-03-13,2015-2016,Mormenekşe GBSK,1364.4787774527936
2016-03-13,2015-2016,Mağusa Türk Gücü,1563.6646626118672
2016-03-13,2015-2016,Binatlı YSK,1619.596111471318
2016-03-13,2015-2016,Doğan Türk Birliği,1516.7676891983008
2016-03-13,2015-2016,Değirmenlik SK,1353.5626450471668
2016-03-13,2015-2016,Lefke TSK,1553.5329738727883
2016-03-13,2015-2016,Çetinkaya TSK,1628.178221286481
2016-03-13,2015-2016,Yeniboğaziçi DSK,1381.2870416395997
2016-03-13,2015-2016,Görneç KSK,1248.2858123801034
2016-03-13,2015-2016,Gönyeli SK,1197.001765692623
2016-03-13,2015-2016,Girne Halk Evi SK,1365.6875665468006
2016-03-13,2015-2016,Esentepe KSKK,1356.8088195236812
2016-03-13,2015-2016,Düzkaya KOSK,1383.8696227416044
2016-03-13,2015-2016,Baf Ülkü Yurdu,1401.006570487472
2016-03-19,2015-2016,Yenicami AK,1541.1733632031862
2016-03-19,2015-2016,Değirmenlik SK,1366.2562663392794
2016-03-19,2015-2016,Bostancı Bağcıl SK,1327.7379473670378
2016-03-19,2015-2016,Türk Ocağı Limasol SK,1601.6083427181945
2016-03-19,2015-2016,Cihangir GSK,1466.9952778947552
2016-03-19,2015-2016,L. Gençler Birliği SK,1633.3718767646528
2016-03-19,2015-2016,Esentepe KSKK,1351.87326591161
2016-03-19,2015-2016,Göçmenköy İYSK,1334.1980377033472
2016-03-19,2015-2016,Denizli SK,1399.484229973882
2016-03-19,2015-2016,Hamitköy ŞHSK,1246.4528293087449
2016-03-19,2015-2016,Gönyeli SK,1190.5572776948873
2016-03-19,2015-2016,Yalova SK,1550.0764339439588
2016-03-20,2015-2016,Mağusa Türk Gücü,1534.0543726731303
2016-03-20,2015-2016,Çetinkaya TSK,1657.788511225218
2016-03-20,2015-2016,Lefke TSK,1584.056454117827
2016-03-20,2015-2016,Binatlı YSK,1589.0726312262793
2016-03-20,2015-2016,Doğan Türk Birliği,1532.6982081031545
2016-03-20,2015-2016,Mormenekşe GBSK,1348.54825854794
2016-03-20,2015-2016,Yeniboğaziçi DSK,1357.334634866312
2016-03-20,2015-2016,Küçük Kaymaklı TSK,1578.7825593431307
2016-03-20,2015-2016,Baf Ülkü Yurdu,1415.6532106186337
2016-03-20,2015-2016,Girne Halk Evi SK,1351.0409264156388
2016-03-20,2015-2016,Lapta Türk Birliği SK,1092.8865252772719
2016-03-20,2015-2016,Görneç KSK,1272.1988484140022
2016-03-20,2015-2016,Gençlik Gücü TSK,1487.647012758766
2016-03-20,2015-2016,M. Karşıyaka ASK,1321.7670862184677
2016-03-20,2015-2016,Dumlupınar TSK,1557.8792493868016
2016-03-20,2015-2016,Düzkaya KOSK,1367.1800219036932
2016-03-26,2015-2016,Mağusa Türk Gücü,1558.8108517263
2016-03-26,2015-2016,Doğan Türk Birliği,1507.9417290499848
2016-03-26,2015-2016,Binatlı YSK,1583.0537190784164
2016-03-26,2015-2016,Yenicami AK,1547.1922753510491
2016-03-26,2015-2016,L. Gençler Birliği SK,1639.8899899427229
2016-03-26,2015-2016,Bostancı Bağcıl SK,1321.2198341889678
2016-03-26,2015-2016,Çetinkaya TSK,1650.1879697952932
2016-03-26,2015-2016,Küçük Kaymaklı TSK,1586.3831007730555
2016-03-26,2015-2016,Mormenekşe GBSK,1377.8714627637646
2016-03-26,2015-2016,Lefke TSK,1554.7332499020022
2016-03-26,2015-2016,Görneç KSK,1273.3301899014145
2016-03-26,2015-2016,Esentepe KSKK,1350.7419244241976
2016-03-26,2015-2016,Girne Halk Evi SK,1327.0068333503405
2016-03-26,2015-2016,Dumlupınar TSK,1581.9133424520999
2016-03-26,2015-2016,M. Karşıyaka ASK,1302.7860838846332
2016-03-26,2015-2016,Denizli SK,1418.4652323077166
2016-03-27,2015-2016,Değirmenlik SK,1348.590703394512
2016-03-27,2015-2016,Cihangir GSK,1484.6608408395225
2016-03-27,2015-2016,Türk Ocağı Limasol SK,1611.9580549275236
2016-03-27,2015-2016,Yeniboğaziçi DSK,1346.984922656983
2016-03-27,2015-2016,Gönyeli SK,1202.0567143140652
2016-03-27,2015-2016,Lapta Türk Birliği SK,1081.387088658094
2016-03-27,2015-2016,Göçmenköy İYSK,1306.0482749357457
2016-03-27,2015-2016,Baf Ülkü Yurdu,1443.8029733862352
2016-03-27,2015-2016,Düzkaya KOSK,1350.6260591560847
2016-03-27,2015-2016,Gençlik Gücü TSK,1504.2009755063746
2016-03-27,2015-2016,Yalova SK,1556.6620878615527
2016-03-27,2015-2016,Hamitköy ŞHSK,1239.867175391151
2016-04-02,2015-2016,Bostancı Bağcıl SK,1299.347053098303
2016-04-02,2015-2016,Değirmenlik SK,1370.4634844851769
2016-04-02,2015-2016,Cihangir GSK,1523.5128002982171
2016-04-02,2015-2016,Binatlı YSK,1544.2017596197218
2016-04-02,2015-2016,Yeniboğaziçi DSK,1378.6891853749044
2016-04-02,2015-2016,L. Gençler Birliği SK,1608.1857272248014
2016-04-02,2015-2016,Gençlik Gücü TSK,1516.4028266392634
2016-04-02,2015-2016,Girne Halk Evi SK,1314.8049822174517
2016-04-02,2015-2016,Dumlupınar TSK,1591.3914906383245
2016-04-02,2015-2016,Göçmenköy İYSK,1296.570126749521
2016-04-02,2015-2016,Hamitköy ŞHSK,1280.2032192442468
2016-04-02,2015-2016,M. Karşıyaka ASK,1262.4500400315374
2016-04-02,2015-2016,Denizli SK,1431.421273757251
2016-04-02,2015-2016,Düzkaya KOSK,1337.6700177065504
2016-04-03,2015-2016,Yenicami AK,1535.6244965900887
2016-04-03,2015-2016,Mormenekşe GBSK,1389.439241524725
2016-04-03,2015-2016,Lefke TSK,1551.541612691212
2016-04-03,2015-2016,Mağusa Türk Gücü,1562.00248893709
2016-04-03,2015-2016,Küçük Kaymaklı TSK,1584.4078954643276
2016-04-03,2015-2016,Türk Ocağı Limasol SK,1613.9332602362515
2016-04-03,2015-2016,Doğan Türk Birliği,1512.5897046164534
2016-04-03,2015-2016,Çetinkaya TSK,1645.5399942288245
2016-04-03,2015-2016,Baf Ülkü Yurdu,1459.5308051719194
2016-04-03,2015-2016,Görneç KSK,1257.6023581157303
2016-04-03,2015-2016,Esentepe KSKK,1304.6166877157448
2016-04-03,2015-2016,Gönyeli SK,1248.181951022518
2016-04-03,2015-2016,Lapta Türk Birliği SK,1154.6751817580569
2016-04-03,2015-2016,Yalova SK,1483.3739947615898
2016-04-09,2015-2016,Lapta Türk Birliği SK,1139.7399939118206
2016-04-09,2015-2016,Esentepe KSKK,1319.551875561981
2016-04-09,2015-2016,Göçmenköy İYSK,1325.1723894781348
2016-04-09,2015-2016,Gençlik Gücü TSK,1487.8005639106495
2016-04-09,2015-2016,Girne Halk Evi SK,1298.0355334655571
2016-04-09,2015-2016,Denizli SK,1448.1907225091454
2016-04-09,2015-2016,Yalova SK,1496.6220985123377
2016-04-09,2015-2016,M. Karşıyaka ASK,1249.2019362807894
2016-04-09,2015-2016,Gönyeli SK,1276.3820474564936
2016-04-09,2015-2016,Baf Ülkü Yurdu,1431.3307087379437
2016-04-09,2015-2016,Görneç KSK,1247.3210796635292
2016-04-09,2015-2016,Dumlupınar TSK,1601.6727690905257
2016-04-09,2015-2016,Düzkaya KOSK,1351.1544760731274
2016-04-09,2015-2016,Hamitköy ŞHSK,1266.7187608776699
2016-04-10,2015-2016,Mormenekşe GBSK,1413.639805381908
2016-04-10,2015-2016,Cihangir GSK,1499.3122364410342
2016-04-10,2015-2016,Binatlı YSK,1553.0476883827052
2016-04-10,2015-2016,Bostancı Bağcıl SK,1290.5011243353194
2016-04-10,2015-2016,Değirmenlik SK,1400.2861072476678
2016-04-10,2015-2016,Yeniboğaziçi DSK,1348.8665626124134
2016-04-10,2015-2016,Doğan Türk Birliği,1475.4719500237516
2016-04-10,2015-2016,Lefke TSK,1588.659367283914
2016-04-10,2015-2016,Mağusa Türk Gücü,1577.1301469859773
2016-04-10,2015-2016,Yenicami AK,1520.4968385412017
2016-04-10,2015-2016,L. Gençler Birliği SK,1631.0887871398722
2016-04-10,2015-2016,Küçük Kaymaklı TSK,1561.5048355492568
2016-04-10,2015-2016,Çetinkaya TSK,1667.808374010572
2016-04-10,2015-2016,Türk Ocağı Limasol SK,1591.664880454504
2016-04-16,2015-2016,Küçük Kaymaklı TSK,1550.251611537881
2016-04-16,2015-2016,Değirmenlik SK,1411.5393312590436
2016-04-16,2015-2016,Yeniboğaziçi DSK,1330.6475193766423
2016-04-16,2015-2016,Binatlı YSK,1571.2667316184763
2016-04-16,2015-2016,Bostancı Bağcıl SK,1257.6912560505677
2016-04-16,2015-2016,Mormenekşe GBSK,1446.4496736666597
2016-04-16,2015-2016,Cihangir GSK,1470.8494111292355
2016-04-16,2015-2016,Mağusa Türk Gücü,1605.592972297776
2016-04-16,2015-2016,Yenicami AK,1545.2277281435738
2016-04-16,2015-2016,Doğan Türk Birliği,1450.7410604213794
2016-04-16,2015-2016,Türk Ocağı Limasol SK,1619.8902719698278
2016-04-16,2015-2016,L. Gençler Birliği SK,1602.8633956245485
2016-04-16,2015-2016,Lefke TSK,1589.760557919088
2016-04-16,2015-2016,Çetinkaya TSK,1666.707183375398
2016-04-17,2015-2016,Hamitköy ŞHSK,1265.071362579802
2016-04-17,2015-2016,Girne Halk Evi SK,1299.682931763425
2016-04-17,2015-2016,Denizli SK,1438.5325723392102
2016-04-17,2015-2016,Göçmenköy İYSK,1334.83053964807
2016-04-17,2015-2016,Gençlik Gücü TSK,1473.8256075512309
2016-04-17,2015-2016,Görneç KSK,1261.2960360229479
2016-04-17,2015-2016,Dumlupınar TSK,1608.5435145127913
2016-04-17,2015-2016,Gönyeli SK,1269.511302034228
2016-04-17,2015-2016,Baf Ülkü Yurdu,1415.9992839921151
2016-04-17,2015-2016,Lapta Türk Birliği SK,1155.0714186576492
2016-04-17,2015-2016,M. Karşıyaka ASK,1251.6052495550314
2016-04-17,2015-2016,Düzkaya KOSK,1348.7511627988854
2016-04-17,2015-2016,Esentepe KSKK,1306.0470037202483
2016-04-17,2015-2016,Yalova SK,1510.1269703540704
2016-04-23,2015-2016,Lefke TSK,1563.9183923722487
2016-04-23,2015-2016,Yenicami AK,1571.069893690413
2016-04-23,2015-2016,Doğan Türk Birliği,1428.4547505118476
2016-04-23,2015-2016,Cihangir GSK,1493.1357210387673
2016-04-23,2015-2016,Mağusa Türk Gücü,1613.0066059617052
2016-04-23,2015-2016,Bostancı Bağcıl SK,1250.2776223866385
2016-04-23,2015-2016,Mormenekşe GBSK,1437.1132302108317
2016-04-23,2015-2016,Yeniboğaziçi DSK,1339.9839628324703
2016-04-23,2015-2016,Binatlı YSK,1534.3954128647515
2016-04-23,2015-2016,Küçük Kaymaklı TSK,1587.1229302916058
2016-04-23,2015-2016,Değirmenlik SK,1419.5953581419046
2016-04-23,2015-2016,Türk Ocağı Limasol SK,1611.8342450869668
2016-04-23,2015-2016,Çetinkaya TSK,1686.444656703764
2016-04-23,2015-2016,L. Gençler Birliği SK,1583.1259222961826
2016-04-24,2015-2016,Esentepe KSKK,1280.330754405219
2016-04-24,2015-2016,Baf Ülkü Yurdu,1441.7155333071444
2016-04-24,2015-2016,Lapta Türk Birliği SK,1191.3089070407846
2016-04-24,2015-2016,Dumlupınar TSK,1572.306026129656
2016-04-24,2015-2016,Gönyeli SK,1251.301983609873
2016-04-24,2015-2016,Gençlik Gücü TSK,1492.0349259755858
2016-04-24,2015-2016,Görneç KSK,1287.799726902514
2016-04-24,2015-2016,Denizli SK,1412.028881459644
2016-04-24,2015-2016,Göçmenköy İYSK,1307.6899556444982
2016-04-24,2015-2016,Hamitköy ŞHSK,1292.211946583374
2016-04-24,2015-2016,Girne Halk Evi SK,1324.1334927189575
2016-04-24,2015-2016,M. Karşıyaka ASK,1227.1546885994987
2016-04-24,2015-2016,Yalova SK,1518.8675683573986
2016-04-24,2015-2016,Düzkaya KOSK,1340.0105647955572
2016-04-29,2015-2016,L. Gençler Birliği SK,1598.2742164002398
2016-04-29,2015-2016,Değirmenlik SK,1404.4470640378474
2016-04-29,2015-2016,Türk Ocağı Limasol SK,1633.6685977602594
2016-04-29,2015-2016,Binatlı YSK,1512.5610601914589
2016-04-29,2015-2016,Küçük Kaymaklı TSK,1596.3186677902743
2016-04-29,2015-2016,Mormenekşe GBSK,1427.9174927121633
2016-04-29,2015-2016,Bostancı Bağcıl SK,1226.7437404186737
2016-04-29,2015-2016,Doğan Türk Birliği,1451.9886324798124
2016-04-29,2015-2016,Cihangir GSK,1513.7562222918257
2016-04-29,2015-2016,Lefke TSK,1543.2978911191904
2016-04-29,2015-2016,M. Karşıyaka ASK,1228.3354189808763
2016-04-29,2015-2016,Göçmenköy İYSK,1306.5092252631207
2016-04-29,2015-2016,Dumlupınar TSK,1580.4600714102921
2016-04-29,2015-2016,Esentepe KSKK,1272.1767091245829
2016-04-30,2015-2016,Yeniboğaziçi DSK,1330.9104737905825
2016-04-30,2015-2016,Mağusa Türk Gücü,1622.080095003593
2016-04-30,2015-2016,Yenicami AK,1594.2308015954857
2016-04-30,2015-2016,Çetinkaya TSK,1663.2837487986912
2016-04-30,2015-2016,Düzkaya KOSK,1315.7108709615668
2016-04-30,2015-2016,Girne Halk Evi SK,1348.433186552948
2016-04-30,2015-2016,Hamitköy ŞHSK,1320.7965151094945
2016-04-30,2015-2016,Görneç KSK,1259.2151583763934
2016-04-30,2015-2016,Denizli SK,1400.7950216551792
2016-04-30,2015-2016,Gönyeli SK,1262.535843414338
2016-04-30,2015-2016,Gençlik Gücü TSK,1499.8330228364891
2016-04-30,2015-2016,Lapta Türk Birliği SK,1183.5108101798812
2016-04-30,2015-2016,Baf Ülkü Yurdu,1442.7020824859135
2016-04-30,2015-2016,Yalova SK,1517.8810191786295
2016-09-23,2016-2017,Çetinkaya TSK,1619.9978450764822
2016-09-23,2016-2017,Mağusa Türk Gücü,1544.4447856559
2016-09-24,2016-2017,Yalova SK,1508.4630490246682
2016-09-24,2016-2017,Yenicami AK,1526.0405644365871
2016-09-24,2016-2017,Cihangir GSK,1514.6662155643328
2016-09-24,2016-2017,Dumlupınar TSK,1506.4157525929245
2016-09-24,2016-2017,Lefke TSK,1540.647217030638
2016-09-24,2016-2017,Küçük Kaymaklı TSK,1514.4849500321293
2016-09-25,2016-2017,Gençlik Gücü TSK,1467.8548026302703
2016-09-25,2016-2017,Değirmenlik SK,1410.775010406151
2016-09-25,2016-2017,Baf Ülkü Yurdu,1407.0875443770583
2016-09-25,2016-2017,L. Gençler Birliği SK,1574.0644276682256
2016-09-25,2016-2017,Mormenekşe GBSK,1451.44870178818
2016-09-25,2016-2017,Binatlı YSK,1454.3299607702058
2016-09-26,2016-2017,Türk Ocağı Limasol SK,1545.22951423487
2016-09-26,2016-2017,Doğan Türk Birliği,1469.4331563258527
2016-09-30,2016-2017,Yenicami AK,1546.2117977888915
2016-09-30,2016-2017,Gençlik Gücü TSK,1447.683569277966
2016-10-01,2016-2017,L. Gençler Birliği SK,1587.1335629142443
2016-10-01,2016-2017,Yalova SK,1495.3939137786494
2016-10-01,2016-2017,Dumlupınar TSK,1477.837173030224
2016-10-01,2016-2017,Baf Ülkü Yurdu,1435.6661239397588
2016-10-01,2016-2017,Binatlı YSK,1454.3493171460725
2016-10-01,2016-2017,Cihangir GSK,1514.6468591884661
2016-10-01,2016-2017,Küçük Kaymaklı TSK,1537.0899989088825
2016-10-01,2016-2017,Çetinkaya TSK,1597.392796199729
2016-10-02,2016-2017,Değirmenlik SK,1434.9965310622147
2016-10-02,2016-2017,Türk Ocağı Limasol SK,1521.0079935788062
2016-10-02,2016-2017,Mağusa Türk Gücü,1536.165960666428
2016-10-02,2016-2017,Mormenekşe GBSK,1459.727526777652
2016-10-02,2016-2017,Doğan Türk Birliği,1450.0784654760128
2016-10-02,2016-2017,Lefke TSK,1560.001907880478
2016-10-07,2016-2017,Çetinkaya TSK,1619.196939720661
2016-10-07,2016-2017,Lefke TSK,1538.197764359546
2016-10-08,2016-2017,Yalova SK,1491.0020957451884
2016-10-08,2016-2017,Dumlupınar TSK,1482.228991063685
2016-10-08,2016-2017,Mormenekşe GBSK,1440.7261598509435
2016-10-08,2016-2017,Küçük Kaymaklı TSK,1556.091365835591
2016-10-08,2016-2017,Değirmenlik SK,1412.4251498717144
2016-10-08,2016-2017,Doğan Türk Birliği,1472.649846666513
2016-10-09,2016-2017,Gençlik Gücü TSK,1484.4267025581212
2016-10-09,2016-2017,L. Gençler Birliği SK,1550.390429634089
2016-10-09,2016-2017,Baf Ülkü Yurdu,1462.1152668140346
2016-10-09,2016-2017,Binatlı YSK,1427.9001742717967
2016-10-09,2016-2017,Cihangir GSK,1532.440734154018
2016-10-09,2016-2017,Mağusa Türk Gücü,1518.3720857008761
2016-10-10,2016-2017,Türk Ocağı Limasol SK,1499.0116337882248
2016-10-10,2016-2017,Yenicami AK,1568.208157579473
2016-10-14,2016-2017,Doğan Türk Birliği,1497.5313440315228
2016-10-14,2016-2017,Çetinkaya TSK,1594.3154423556512
2016-10-15,2016-2017,L. Gençler Birliği SK,1564.189913793119
2016-10-15,2016-2017,Türk Ocağı Limasol SK,1485.2121496291948
2016-10-15,2016-2017,Mağusa Türk Gücü,1511.9188743372283
2016-10-15,2016-2017,Baf Ülkü Yurdu,1468.5684781776824
2016-10-15,2016-2017,Lefke TSK,1529.7065962048096
2016-10-15,2016-2017,Mormenekşe GBSK,1449.21732800568
2016-10-15,2016-2017,Yenicami AK,1581.651908651157
2016-10-15,2016-2017,Değirmenlik SK,1398.9813988000303
2016-10-15,2016-2017,Küçük Kaymaklı TSK,1551.3669854966645
2016-10-15,2016-2017,Cihangir GSK,1537.1651144929444
2016-10-16,2016-2017,Dumlupınar TSK,1458.9319865232674
2016-10-16,2016-2017,Gençlik Gücü TSK,1507.7237070985389
2016-10-16,2016-2017,Binatlı YSK,1428.0787304811881
2016-10-16,2016-2017,Yalova SK,1490.823539535797
2016-10-21,2016-2017,Türk Ocağı Limasol SK,1513.5864415483145
2016-10-21,2016-2017,Dumlupınar TSK,1430.5576946041476
2016-10-22,2016-2017,Gençlik Gücü TSK,1466.2757189643962
2016-10-22,2016-2017,Binatlı YSK,1469.5267186153308
2016-10-22,2016-2017,Baf Ülkü Yurdu,1500.534238895102
2016-10-22,2016-2017,Küçük Kaymaklı TSK,1519.401224779245
2016-10-22,2016-2017,Cihangir GSK,1533.3299626007936
2016-10-22,2016-2017,Lefke TSK,1533.5417480969604
2016-10-23,2016-2017,Yalova SK,1457.4782111275717
2016-10-23,2016-2017,Mağusa Türk Gücü,1545.2642027454535
2016-10-23,2016-2017,Mormenekşe GBSK,1434.0203049206634
2016-10-23,2016-2017,Çetinkaya TSK,1609.5124654406677
2016-10-23,2016-2017,Değirmenlik SK,1424.8591208189873
2016-10-23,2016-2017,L. Gençler Birliği SK,1538.312191774162
2016-10-24,2016-2017,Yenicami AK,1593.800886245537
2016-10-24,2016-2017,Doğan Türk Birliği,1485.382366437143
2016-10-28,2016-2017,Çetinkaya TSK,1628.3208818537312
2016-10-28,2016-2017,Cihangir GSK,1514.52154618773
2016-10-29,2016-2017,Küçük Kaymaklı TSK,1512.6573540429808
2016-10-29,2016-2017,Yalova SK,1464.222081863836
2016-10-29,2016-2017,Lefke TSK,1548.3121338404826
2016-10-29,2016-2017,Baf Ülkü Yurdu,1485.7638531515797
2016-10-29,2016-2017,Dumlupınar TSK,1454.9514857270099
2016-10-29,2016-2017,Değirmenlik SK,1400.465329696125
2016-10-29,2016-2017,Mehmetçik TÇBSK,1433.819399237642
2016-10-29,2016-2017,Hamitköy ŞHSK,1370.4493296357182
2016-10-29,2016-2017,Yeniboğaziçi DSK,1364.339530600033
2016-10-29,2016-2017,Düzkaya KOSK,1321.046225844748
2016-10-29,2016-2017,Göçmenköy İYSK,1332.3929200559357
2016-10-29,2016-2017,Akova Vuda TÇBSK,1427.9431478708009
2016-10-29,2016-2017,Mesarya SK,1444.9090448992597
2016-10-29,2016-2017,Dipkarpaz SK,1410.2040111077172
2016-10-30,2016-2017,Binatlı YSK,1468.6097657981904
2016-10-30,2016-2017,Türk Ocağı Limasol SK,1514.5033943654548
2016-10-30,2016-2017,Mağusa Türk Gücü,1568.5148007014993
2016-10-30,2016-2017,Gençlik Gücü TSK,1443.0251210083504
2016-10-30,2016-2017,L. Gençler Birliği SK,1507.9226762323487
2016-10-30,2016-2017,Yenicami AK,1624.1904017873503
2016-10-30,2016-2017,Alsancak Yeşilova SK,1386.2322430900358
2016-10-30,2016-2017,Maraş GSK,1401.3959499215027
2016-10-31,2016-2017,Doğan Türk Birliği,1511.2580318529097
2016-10-31,2016-2017,Mormenekşe GBSK,1408.1446395048968
2016-11-05,2016-2017,Gençlik Gücü TSK,1443.579454898599
2016-11-05,2016-2017,Küçük Kaymaklı TSK,1512.1030201527324
2016-11-05,2016-2017,Baf Ülkü Yurdu,1457.0105335109247
2016-11-05,2016-2017,Çetinkaya TSK,1657.0742014943862
2016-11-05,2016-2017,Cihangir GSK,1531.161371328717
2016-11-05,2016-2017,Mormenekşe GBSK,1391.5048143639099
2016-11-05,2016-2017,Maraş GSK,1379.8118412195397
2016-11-05,2016-2017,Mehmetçik TÇBSK,1455.403507939605
2016-11-05,2016-2017,Düzkaya KOSK,1365.3625793595718
2016-11-05,2016-2017,Mesarya SK,1400.592691384436
2016-11-05,2016-2017,Akova Vuda TÇBSK,1454.28419967102
2016-11-05,2016-2017,Yeniboğaziçi DSK,1337.998478799814
2016-11-06,2016-2017,Yalova SK,1485.6065987119
2016-11-06,2016-2017,Lefke TSK,1526.9276169924185
2016-11-06,2016-2017,Değirmenlik SK,1400.9340752685564
2016-11-06,2016-2017,Binatlı YSK,1468.1410202257591
2016-11-06,2016-2017,Yenicami AK,1641.061119593124
2016-11-06,2016-2017,Dumlupınar TSK,1438.0807679212362
2016-11-06,2016-2017,L. Gençler Birliği SK,1524.6894142544643
2016-11-06,2016-2017,Doğan Türk Birliği,1494.4912938307941
2016-11-06,2016-2017,Dipkarpaz SK,1360.720348899867
2016-11-06,2016-2017,Alsancak Yeşilova SK,1435.715905297886
2016-11-06,2016-2017,Hamitköy ŞHSK,1384.9499927455354
2016-11-06,2016-2017,Göçmenköy İYSK,1317.8922569461186
2016-11-07,2016-2017,Türk Ocağı Limasol SK,1534.1586973386864
2016-11-07,2016-2017,Mağusa Türk Gücü,1548.8594977282678
2016-11-11,2016-2017,Çetinkaya TSK,1645.424478860531
2016-11-11,2016-2017,Yalova SK,1497.2563213457552
2016-11-12,2016-2017,Lefke TSK,1545.2075497687229
2016-11-12,2016-2017,Gençlik Gücü TSK,1425.2995221222945
2016-11-12,2016-2017,Mağusa Türk Gücü,1562.7809668358896
2016-11-12,2016-2017,Değirmenlik SK,1387.0126061609346
2016-11-12,2016-2017,Dumlupınar TSK,1439.6094970344566
2016-11-12,2016-2017,L. Gençler Birliği SK,1523.160685141244
2016-11-12,2016-2017,Mehmetçik TÇBSK,1467.0443697034013
2016-11-12,2016-2017,Dipkarpaz SK,1349.0794871360708
2016-11-12,2016-2017,Mesarya SK,1420.229585312938
2016-11-12,2016-2017,Akova Vuda TÇBSK,1434.6473057425178
2016-11-13,2016-2017,Küçük Kaymaklı TSK,1489.927412247334
2016-11-13,2016-2017,Türk Ocağı Limasol SK,1556.3343052440848
2016-11-13,2016-2017,Mormenekşe GBSK,1411.8217225079923
2016-11-13,2016-2017,Baf Ülkü Yurdu,1436.6936253668423
2016-11-13,2016-2017,Binatlı YSK,1454.421622108877
2016-11-13,2016-2017,Yenicami AK,1654.780517710006
2016-11-13,2016-2017,Alsancak Yeşilova SK,1428.5454972927814
2016-11-13,2016-2017,Düzkaya KOSK,1372.5329873646763
2016-11-13,2016-2017,Yeniboğaziçi DSK,1301.2015678614664
2016-11-13,2016-2017,Göçmenköy İYSK,1354.689167884466
2016-11-13,2016-2017,Maraş GSK,1405.113671753622
2016-11-13,2016-2017,Hamitköy ŞHSK,1359.6481622114532
2016-11-14,2016-2017,Doğan Türk Birliği,1522.4798486673849
2016-11-14,2016-2017,Cihangir GSK,1503.1728164921262
2016-11-18,2016-2017,Yenicami AK,1672.4336683391332
2016-11-18,2016-2017,Mağusa Türk Gücü,1545.1278162067624
2016-11-19,2016-2017,Gençlik Gücü TSK,1408.2234757598778
2016-11-19,2016-2017,Çetinkaya TSK,1662.5005252229478
2016-11-19,2016-2017,Baf Ülkü Yurdu,1402.3462511032574
2016-11-19,2016-2017,Cihangir GSK,1537.5201907557112
2016-11-19,2016-2017,L. Gençler Birliği SK,1542.5267452726541
2016-11-19,2016-2017,Binatlı YSK,1435.0555619774668
2016-11-19,2016-2017,Düzkaya KOSK,1374.51311400594
2016-11-19,2016-2017,Mehmetçik TÇBSK,1465.0642430621376
2016-11-19,2016-2017,Akova Vuda TÇBSK,1393.0675347041306
2016-11-19,2016-2017,Alsancak Yeşilova SK,1470.1252683311686
2016-11-19,2016-2017,Göçmenköy İYSK,1355.0080729175231
2016-11-19,2016-2017,Mesarya SK,1419.910680279881
2016-11-20,2016-2017,Yalova SK,1515.3839518557925
2016-11-20,2016-2017,Mormenekşe GBSK,1393.694091997955
2016-11-20,2016-2017,Değirmenlik SK,1360.699437585403
2016-11-20,2016-2017,Küçük Kaymaklı TSK,1516.2405808228655
2016-11-20,2016-2017,Dumlupınar TSK,1420.9241220578167
2016-11-20,2016-2017,Doğan Türk Birliği,1541.1652236440248
2016-11-20,2016-2017,Hamitköy ŞHSK,1319.7992959066933
2016-11-20,2016-2017,Yeniboğaziçi DSK,1341.0504341662263
2016-11-20,2016-2017,Dipkarpaz SK,1328.85120636581
2016-11-20,2016-2017,Maraş GSK,1425.3419525238828
2016-11-21,2016-2017,Türk Ocağı Limasol SK,1572.2961757176151
2016-11-21,2016-2017,Lefke TSK,1529.2456792951925
2016-11-25,2016-2017,Doğan Türk Birliği,1550.8250721183979
2016-11-25,2016-2017,Baf Ülkü Yurdu,1392.6864026288843
2016-11-26,2016-2017,Mormenekşe GBSK,1359.790107449526
2016-11-26,2016-2017,Gençlik Gücü TSK,1442.1274603083068
2016-11-26,2016-2017,Cihangir GSK,1532.8782058472402
2016-11-26,2016-2017,Yalova SK,1520.0259367642634
2016-11-26,2016-2017,Küçük Kaymaklı TSK,1494.340640316227
2016-11-26,2016-2017,Yenicami AK,1694.3336088457716
2016-11-26,2016-2017,Mehmetçik TÇBSK,1424.1851797979011
2016-11-26,2016-2017,Akova Vuda TÇBSK,1433.946597968367
2016-11-26,2016-2017,Mesarya SK,1432.3173161643485
2016-11-26,2016-2017,Yeniboğaziçi DSK,1328.6437982817588
2016-11-26,2016-2017,Maraş GSK,1446.084122660964
2016-11-26,2016-2017,Düzkaya KOSK,1353.7709438688587
2016-11-27,2016-2017,Lefke TSK,1541.9385761414803
2016-11-27,2016-2017,Değirmenlik SK,1348.0065407391153
2016-11-27,2016-2017,Mağusa Türk Gücü,1541.562706036336
2016-11-27,2016-2017,L. Gençler Birliği SK,1546.0918554430805
2016-11-27,2016-2017,Binatlı YSK,1410.8518133016787
2016-11-27,2016-2017,Dumlupınar TSK,1445.1278707336048
2016-11-27,2016-2017,Alsancak Yeşilova SK,1480.819690072502
2016-11-27,2016-2017,Göçmenköy İYSK,1344.3136511761898
2016-11-27,2016-2017,Dipkarpaz SK,1324.9277824401615
2016-11-27,2016-2017,Hamitköy ŞHSK,1323.7227198323417
2016-11-28,2016-2017,Çetinkaya TSK,1634.3553105079664
2016-11-28,2016-2017,Türk Ocağı Limasol SK,1600.4413904325966
2016-12-02,2016-2017,Yenicami AK,1717.0807563003457
2016-12-02,2016-2017,Lefke TSK,1519.1914286869062
2016-12-03,2016-2017,L. Gençler Birliği SK,1539.8719684214846
2016-12-03,2016-2017,Küçük Kaymaklı TSK,1500.560527337823
2016-12-03,2016-2017,Binatlı YSK,1435.3758255502798
2016-12-03,2016-2017,Doğan Türk Birliği,1526.3010598697967
2016-12-03,2016-2017,Göçmenköy İYSK,1345.4563026205008
2016-12-03,2016-2017,Mehmetçik TÇBSK,1423.0425283535901
2016-12-03,2016-2017,Hamitköy ŞHSK,1346.5019502281968
2016-12-03,2016-2017,Mesarya SK,1409.5380857684934
2016-12-03,2016-2017,Düzkaya KOSK,1376.2625530632474
2016-12-03,2016-2017,Dipkarpaz SK,1302.4361732457728
2016-12-04,2016-2017,Gençlik Gücü TSK,1423.893007709778
2016-12-04,2016-2017,Cihangir GSK,1551.112658445769
2016-12-04,2016-2017,Yalova SK,1510.1781947772486
2016-12-04,2016-2017,Baf Ülkü Yurdu,1402.534144615899
2016-12-04,2016-2017,Değirmenlik SK,1333.0499285869857
2016-12-04,2016-2017,Çetinkaya TSK,1649.311922660096
2016-12-04,2016-2017,Dumlupınar TSK,1478.2624252052706
2016-12-04,2016-2017,Mağusa Türk Gücü,1508.4281515646703
2016-12-04,2016-2017,Yeniboğaziçi DSK,1366.4212799210302
2016-12-04,2016-2017,Alsancak Yeşilova SK,1443.0422084332306
2016-12-04,2016-2017,Akova Vuda TÇBSK,1411.208710072495
2016-12-04,2016-2017,Maraş GSK,1468.8220105568362
2016-12-05,2016-2017,Türk Ocağı Limasol SK,1609.4713670434596
2016-12-05,2016-2017,Mormenekşe GBSK,1350.760130838663
2016-12-09,2016-2017,Çetinkaya TSK,1649.759058154441
2016-12-09,2016-2017,Yenicami AK,1716.6336208060006
2016-12-10,2016-2017,Cihangir GSK,1580.9709390081287
2016-12-10,2016-2017,Türk Ocağı Limasol SK,1579.6130864811
2016-12-10,2016-2017,Lefke TSK,1536.9376322843584
2016-12-10,2016-2017,L. Gençler Birliği SK,1522.1257648240323
2016-12-10,2016-2017,Mağusa Türk Gücü,1481.1227257620158
2016-12-10,2016-2017,Binatlı YSK,1462.6812513529344
2016-12-10,2016-2017,Maraş GSK,1459.1485344634127
2016-12-10,2016-2017,Göçmenköy İYSK,1355.1297787139242
2016-12-10,2016-2017,Dipkarpaz SK,1285.2254482071903
2016-12-10,2016-2017,Akova Vuda TÇBSK,1428.4194351110775
2016-12-10,2016-2017,Düzkaya KOSK,1391.2074879807735
2016-12-10,2016-2017,Hamitköy ŞHSK,1331.5570153106707
2016-12-11,2016-2017,Baf Ülkü Yurdu,1380.3189082162626
2016-12-11,2016-2017,Gençlik Gücü TSK,1446.1082441094145
2016-12-11,2016-2017,Mormenekşe GBSK,1326.3599056416629
2016-12-11,2016-2017,Değirmenlik SK,1357.4501537839858
2016-12-11,2016-2017,Küçük Kaymaklı TSK,1495.9097277259514
2016-12-11,2016-2017,Dumlupınar TSK,1482.9132248171422
2016-12-11,2016-2017,Mehmetçik TÇBSK,1436.5705291468566
2016-12-11,2016-2017,Yeniboğaziçi DSK,1352.8932791277637
2016-12-11,2016-2017,Alsancak Yeşilova SK,1468.843793549058
2016-12-11,2016-2017,Mesarya SK,1383.7365006526659
2016-12-12,2016-2017,Doğan Türk Birliği,1521.9878730504759
2016-12-12,2016-2017,Yalova SK,1514.4913815965695
2016-12-17,2016-2017,Değirmenlik SK,1337.8055246000868
2016-12-17,2016-2017,Cihangir GSK,1600.6155681920277
2016-12-17,2016-2017,Yenicami AK,1722.5543902139257
2016-12-17,2016-2017,Mormenekşe GBSK,1320.4391362337378
2016-12-17,2016-2017,Dumlupınar TSK,1462.5692759738204
2016-12-17,2016-2017,Lefke TSK,1557.2815811276803
2016-12-17,2016-2017,Binatlı YSK,1441.1432013830859
2016-12-17,2016-2017,Küçük Kaymaklı TSK,1517.4477776958
2016-12-17,2016-2017,Mesarya SK,1383.324052657529
2016-12-17,2016-2017,Mehmetçik TÇBSK,1436.9829771419936
2016-12-17,2016-2017,Hamitköy ŞHSK,1315.9340398870843
2016-12-17,2016-2017,Alsancak Yeşilova SK,1484.4667689726446
2016-12-17,2016-2017,Yeniboğaziçi DSK,1355.5403249390286
2016-12-17,2016-2017,Maraş GSK,1456.5014886521478
2016-12-17,2016-2017,Göçmenköy İYSK,1388.8666107261786
2016-12-17,2016-2017,Dipkarpaz SK,1251.488616194936
2016-12-18,2016-2017,Türk Ocağı Limasol SK,1594.2954235904197
2016-12-18,2016-2017,Baf Ülkü Yurdu,1365.636571106943
2016-12-18,2016-2017,Gençlik Gücü TSK,1476.8319619457131
2016-12-18,2016-2017,Yalova SK,1483.7676637602708
2016-12-18,2016-2017,L. Gençler Birliği SK,1505.9706066931835
2016-12-18,2016-2017,Çetinkaya TSK,1665.9142162852897
2016-12-18,2016-2017,Mağusa Türk Gücü,1480.0223474292495
2016-12-18,2016-2017,Doğan Türk Birliği,1523.088251383242
2016-12-18,2016-2017,Akova Vuda TÇBSK,1442.9650640171685
2016-12-18,2016-2017,Düzkaya KOSK,1376.6618590746825
2016-12-23,2016-2017,Çetinkaya TSK,1676.7178668085196
2016-12-23,2016-2017,Dumlupınar TSK,1451.7656254505905
2016-12-24,2016-2017,Baf Ülkü Yurdu,1393.8535554404182
2016-12-24,2016-2017,Değirmenlik SK,1309.5885402666115
2016-12-24,2016-2017,Cihangir GSK,1604.1437550808855
2016-12-24,2016-2017,Yenicami AK,1719.0262033250679
2016-12-24,2016-2017,Mormenekşe GBSK,1307.3664597820036
2016-12-24,2016-2017,L. Gençler Birliği SK,1519.0432831449177
2016-12-24,2016-2017,Lefke TSK,1547.9300076503428
2016-12-24,2016-2017,Binatlı YSK,1450.4947748604234
2016-12-24,2016-2017,Küçük Kaymaklı TSK,1539.2491613078005
2016-12-24,2016-2017,Mağusa Türk Gücü,1458.220963817249
2016-12-24,2016-2017,Maraş GSK,1475.5339896674532
2016-12-24,2016-2017,Mesarya SK,1364.2915516422236
2016-12-24,2016-2017,Düzkaya KOSK,1353.9277686520663
2016-12-24,2016-2017,Göçmenköy İYSK,1411.6007011487948
2016-12-25,2016-2017,Akova Vuda TÇBSK,1460.7550696633264
2016-12-25,2016-2017,Hamitköy ŞHSK,1298.1440342409264
2016-12-30,2016-2017,Türk Ocağı Limasol SK,1610.1788211008557
2016-12-30,2016-2017,Gençlik Gücü TSK,1460.9485644352771
2016-12-30,2016-2017,Değirmenlik SK,1283.987019245634
2016-12-30,2016-2017,Yalova SK,1509.3691847812484
2016-12-30,2016-2017,Yenicami AK,1725.901161482406
2016-12-30,2016-2017,Baf Ülkü Yurdu,1386.97859728308
2016-12-30,2016-2017,L. Gençler Birliği SK,1520.4856738901344
2016-12-30,2016-2017,Cihangir GSK,1602.7013643356688
2016-12-30,2016-2017,Dumlupınar TSK,1469.4402125635056
2016-12-30,2016-2017,Mormenekşe GBSK,1289.6918726690885
2016-12-30,2016-2017,Binatlı YSK,1493.844300254801
2016-12-30,2016-2017,Çetinkaya TSK,1633.368341414142
2016-12-30,2016-2017,Mağusa Türk Gücü,1430.7800147566847
2016-12-30,2016-2017,Lefke TSK,1575.370956710907
2016-12-30,2016-2017,Küçük Kaymaklı TSK,1493.658020776039
2016-12-30,2016-2017,Doğan Türk Birliği,1568.6793919150036
2017-01-21,2016-2017,Yalova SK,1531.7076318413347
2017-01-21,2016-2017,Türk Ocağı Limasol SK,1587.8403740407693
2017-01-21,2016-2017,Doğan Türk Birliği,1579.7102364851744
2017-01-21,2016-2017,Gençlik Gücü TSK,1449.9177198651064
2017-01-21,2016-2017,Dipkarpaz SK,1218.7179632517095
2017-01-21,2016-2017,Yeniboğaziçi DSK,1388.310977882255
2017-01-21,2016-2017,Mehmetçik TÇBSK,1436.262797798083
2017-01-21,2016-2017,Alsancak Yeşilova SK,1485.1869483165551
2017-01-27,2016-2017,Doğan Türk Birliği,1576.7463547313337
2017-01-27,2016-2017,Türk Ocağı Limasol SK,1590.80425579461
2017-01-28,2016-2017,Mağusa Türk Gücü,1472.4444385231882
2017-01-28,2016-2017,Çetinkaya TSK,1591.7039176476385
2017-01-28,2016-2017,Yenicami AK,1733.4199573883443
2017-01-28,2016-2017,Yalova SK,1524.1888359353964
2017-01-28,2016-2017,Binatlı YSK,1501.0193241214856
2017-01-28,2016-2017,Mormenekşe GBSK,1282.516848802404
2017-01-28,2016-2017,Değirmenlik SK,1289.9026998047088
2017-01-28,2016-2017,Gençlik Gücü TSK,1444.0020393060315
2017-01-28,2016-2017,Hamitköy ŞHSK,1334.7779337259535
2017-01-28,2016-2017,Mehmetçik TÇBSK,1399.628898313056
2017-01-28,2016-2017,Dipkarpaz SK,1223.5467236667005
2017-01-28,2016-2017,Mesarya SK,1359.4627912272326
2017-01-29,2016-2017,Küçük Kaymaklı TSK,1514.9062931772196
2017-01-29,2016-2017,Lefke TSK,1554.1226843097263
2017-01-29,2016-2017,L. Gençler Birliği SK,1537.7855785395495
2017-01-29,2016-2017,Baf Ülkü Yurdu,1369.678692633665
2017-01-29,2016-2017,Dumlupınar TSK,1441.7129308099243
2017-01-29,2016-2017,Cihangir GSK,1630.4286460892502
2017-01-29,2016-2017,Düzkaya KOSK,1381.7198366518157
2017-01-29,2016-2017,Yeniboğaziçi DSK,1360.5189098825056
2017-01-29,2016-2017,Akova Vuda TÇBSK,1454.6705232652741
2017-01-29,2016-2017,Göçmenköy İYSK,1417.685247546847
2017-01-29,2016-2017,Maraş GSK,1501.216853005608
2017-01-29,2016-2017,Alsancak Yeşilova SK,1459.5040849784002
2017-02-04,2016-2017,Baf Ülkü Yurdu,1400.7173969274154
2017-02-04,2016-2017,Dumlupınar TSK,1410.6742265161738
2017-02-04,2016-2017,Mormenekşe GBSK,1263.2404108726257
2017-02-04,2016-2017,Mağusa Türk Gücü,1491.7208764529664
2017-02-04,2016-2017,Lefke TSK,1531.9793915400205
2017-02-04,2016-2017,Doğan Türk Birliği,1598.8896475010395
2017-02-04,2016-2017,Göçmenköy İYSK,1429.893384183576
2017-02-04,2016-2017,Hamitköy ŞHSK,1322.5697970892245
2017-02-04,2016-2017,Alsancak Yeşilova SK,1474.1328378727835
2017-02-04,2016-2017,Dipkarpaz SK,1208.9179707723172
2017-02-05,2016-2017,Gençlik Gücü TSK,1431.3592863217825
2017-02-05,2016-2017,Yenicami AK,1746.0627103725933
2017-02-05,2016-2017,Cihangir GSK,1640.4909090807212
2017-02-05,2016-2017,Binatlı YSK,1490.9570611300146
2017-02-05,2016-2017,Yalova SK,1550.2057122625372
2017-02-05,2016-2017,L. Gençler Birliği SK,1511.7687022124087
2017-02-05,2016-2017,Türk Ocağı Limasol SK,1597.4823395064038
2017-02-05,2016-2017,Değirmenlik SK,1283.224616092915
2017-02-05,2016-2017,Yeniboğaziçi DSK,1398.9482406553038
2017-02-05,2016-2017,Akova Vuda TÇBSK,1416.2411924924759
2017-02-05,2016-2017,Mesarya SK,1386.216562232272
2017-02-05,2016-2017,Düzkaya KOSK,1354.9660656467763
2017-02-05,2016-2017,Mehmetçik TÇBSK,1402.0115248317245
2017-02-05,2016-2017,Maraş GSK,1498.8342264869395
2017-02-06,2016-2017,Çetinkaya TSK,1584.2124006739884
2017-02-06,2016-2017,Küçük Kaymaklı TSK,1522.3978101508696
2017-02-10,2016-2017,Binatlı YSK,1462.8101507835436
2017-02-10,2016-2017,Baf Ülkü Yurdu,1428.8643072738864
2017-02-11,2016-2017,Mağusa Türk Gücü,1516.7225241744225
2017-02-11,2016-2017,Cihangir GSK,1615.4892613592651
2017-02-11,2016-2017,L. Gençler Birliği SK,1530.2643663097356
2017-02-11,2016-2017,Gençlik Gücü TSK,1412.8636222244556
2017-02-11,2016-2017,Doğan Türk Birliği,1563.0163973787508
2017-02-11,2016-2017,Değirmenlik SK,1319.0978662152038
2017-02-11,2016-2017,Yenicami AK,1762.2574454198898
2017-02-11,2016-2017,Türk Ocağı Limasol SK,1581.2876044591073
2017-02-11,2016-2017,Akova Vuda TÇBSK,1369.2362736773869
2017-02-11,2016-2017,Mesarya SK,1433.221481047361
2017-02-11,2016-2017,Dipkarpaz SK,1186.7060648682527
2017-02-11,2016-2017,Mehmetçik TÇBSK,1424.223430735789
2017-02-11,2016-2017,Düzkaya KOSK,1338.3394318193127
2017-02-11,2016-2017,Alsancak Yeşilova SK,1490.759471700247
2017-02-12,2016-2017,Küçük Kaymaklı TSK,1532.014458149686
2017-02-12,2016-2017,Mormenekşe GBSK,1253.6237628738093
2017-02-12,2016-2017,Lefke TSK,1551.5323620712784
2017-02-12,2016-2017,Çetinkaya TSK,1564.6594301427306
2017-02-12,2016-2017,Dumlupınar TSK,1415.174102528876
2017-02-12,2016-2017,Yalova SK,1545.705836249835
2017-02-12,2016-2017,Göçmenköy İYSK,1404.7745427763507
2017-02-12,2016-2017,Yeniboğaziçi DSK,1424.0670820625292
2017-02-12,2016-2017,Hamitköy ŞHSK,1349.023400936192
2017-02-12,2016-2017,Maraş GSK,1472.380622639972
2017-02-18,2016-2017,Çetinkaya TSK,1581.1477428417309
2017-02-18,2016-2017,Doğan Türk Birliği,1546.5280846797505
2017-02-18,2016-2017,Değirmenlik SK,1335.128073646491
2017-02-18,2016-2017,Yenicami AK,1746.2272379886026
2017-02-18,2016-2017,Mormenekşe GBSK,1309.4348535912875
2017-02-18,2016-2017,Lefke TSK,1495.7212713538001
2017-02-18,2016-2017,Yalova SK,1557.9145406751832
2017-02-18,2016-2017,Binatlı YSK,1450.6014463581955
2017-02-18,2016-2017,Yeniboğaziçi DSK,1416.6625277712626
2017-02-18,2016-2017,Hamitköy ŞHSK,1356.4279552274586
2017-02-18,2016-2017,Mehmetçik TÇBSK,1436.2867109186614
2017-02-18,2016-2017,Düzkaya KOSK,1326.2761516364403
2017-02-19,2016-2017,Baf Ülkü Yurdu,1461.2646372080064
2017-02-19,2016-2017,Mağusa Türk Gücü,1484.3221942403025
2017-02-19,2016-2017,Cihangir GSK,1573.7599293171775
2017-02-19,2016-2017,Küçük Kaymaklı TSK,1573.7437901917738
2017-02-19,2016-2017,Gençlik Gücü TSK,1437.927588546787
2017-02-19,2016-2017,Dumlupınar TSK,1390.1101362065444
2017-02-19,2016-2017,Türk Ocağı Limasol SK,1555.1055947709672
2017-02-19,2016-2017,L. Gençler Birliği SK,1556.4463759978757
2017-02-19,2016-2017,Mesarya SK,1455.7451689632023
2017-02-19,2016-2017,Göçmenköy İYSK,1382.2508548605094
2017-02-19,2016-2017,Alsancak Yeşilova SK,1501.1674546745262
2017-02-19,2016-2017,Akova Vuda TÇBSK,1358.8282907031078
2017-02-19,2016-2017,Maraş GSK,1480.799619793431
2017-02-19,2016-2017,Dipkarpaz SK,1178.2870677147937
2017-02-24,2016-2017,Binatlı YSK,1408.3853563199043
2017-02-24,2016-2017,Gençlik Gücü TSK,1480.1436785850783
2017-02-25,2016-2017,Lefke TSK,1467.2774562415032
2017-02-25,2016-2017,Cihangir GSK,1602.2037444294745
2017-02-25,2016-2017,Çetinkaya TSK,1546.3092562261975
2017-02-25,2016-2017,Mormenekşe GBSK,1344.2733402068209
2017-02-25,2016-2017,L. Gençler Birliği SK,1563.0578906161027
2017-02-25,2016-2017,Değirmenlik SK,1328.516559028264
2017-02-25,2016-2017,Düzkaya KOSK,1351.586971802252
2017-02-25,2016-2017,Maraş GSK,1455.4887996276193
2017-02-25,2016-2017,Hamitköy ŞHSK,1373.6389837991326
2017-02-25,2016-2017,Dipkarpaz SK,1161.0760391431197
2017-02-26,2016-2017,Dumlupınar TSK,1368.9099083480269
2017-02-26,2016-2017,Türk Ocağı Limasol SK,1576.3058226294847
2017-02-26,2016-2017,Mağusa Türk Gücü,1485.1042336611804
2017-02-26,2016-2017,Yalova SK,1557.1325012543052
2017-02-26,2016-2017,Küçük Kaymaklı TSK,1584.5576145121668
2017-02-26,2016-2017,Baf Ülkü Yurdu,1450.4508128876134
2017-02-26,2016-2017,Göçmenköy İYSK,1385.6102279506852
2017-02-26,2016-2017,Alsancak Yeşilova SK,1497.8080815843505
2017-02-26,2016-2017,Akova Vuda TÇBSK,1325.5855399776271
2017-02-26,2016-2017,Mehmetçik TÇBSK,1469.529461644142
2017-02-26,2016-2017,Yeniboğaziçi DSK,1444.858556880926
2017-02-26,2016-2017,Mesarya SK,1427.549139853539
2017-02-27,2016-2017,Doğan Türk Birliği,1534.1627411376821
2017-02-27,2016-2017,Yenicami AK,1758.592581530671
2017-03-03,2016-2017,Türk Ocağı Limasol SK,1529.0348073307289
2017-03-03,2016-2017,Binatlı YSK,1455.6563716186602
2017-03-04,2016-2017,Gençlik Gücü TSK,1477.0015938626127
2017-03-04,2016-2017,Mağusa Türk Gücü,1488.246318383646
2017-03-04,2016-2017,Yalova SK,1524.3279724252257
2017-03-04,2016-2017,Küçük Kaymaklı TSK,1617.3621433412463
2017-03-04,2016-2017,Değirmenlik SK,1307.3891060728315
2017-03-04,2016-2017,Dumlupınar TSK,1390.0373613034594
2017-03-05,2016-2017,Mormenekşe GBSK,1331.4204640723226
2017-03-05,2016-2017,Doğan Türk Birliği,1547.0156172721804
2017-03-05,2016-2017,Yenicami AK,1746.0643544697793
2017-03-05,2016-2017,L. Gençler Birliği SK,1575.5861176769943
2017-03-05,2016-2017,Cihangir GSK,1622.5519657589803
2017-03-05,2016-2017,Çetinkaya TSK,1525.9610348966917
2017-03-05,2016-2017,Alsancak Yeşilova SK,1511.5259529230257
2017-03-05,2016-2017,Yeniboğaziçi DSK,1431.1406855422508
2017-03-05,2016-2017,Mesarya SK,1401.2172120792864
2017-03-05,2016-2017,Hamitköy ŞHSK,1399.9709115733851
2017-03-05,2016-2017,Dipkarpaz SK,1138.638087122309
2017-03-05,2016-2017,Düzkaya KOSK,1374.0249238230629
2017-03-05,2016-2017,Mehmetçik TÇBSK,1441.6882451015983
2017-03-05,2016-2017,Göçmenköy İYSK,1413.4514444932288
2017-03-05,2016-2017,Maraş GSK,1395.570529379741
2017-03-05,2016-2017,Akova Vuda TÇBSK,1385.5038102255055
2017-03-06,2016-2017,Baf Ülkü Yurdu,1476.7419956038516
2017-03-06,2016-2017,Lefke TSK,1440.986273525265
2017-03-11,2016-2017,Çetinkaya TSK,1546.8291482971938
2017-03-11,2016-2017,Baf Ülkü Yurdu,1455.8738822033495
2017-03-11,2016-2017,Doğan Türk Birliği,1525.2113088661422
2017-03-11,2016-2017,L. Gençler Birliği SK,1597.3904260830325
2017-03-11,2016-2017,Mağusa Türk Gücü,1507.141540653435
2017-03-11,2016-2017,Türk Ocağı Limasol SK,1510.13958506094
2017-03-11,2016-2017,Mormenekşe GBSK,1343.0573963954457
2017-03-11,2016-2017,Cihangir GSK,1610.9150334358571
2017-03-11,2016-2017,Küçük Kaymaklı TSK,1631.7546094595507
2017-03-11,2016-2017,Gençlik Gücü TSK,1462.6091277443084
2017-03-11,2016-2017,Lefke TSK,1422.327911822471
2017-03-11,2016-2017,Yalova SK,1542.9863341280197
2017-03-11,2016-2017,Hamitköy ŞHSK,1422.6974976725207
2017-03-11,2016-2017,Düzkaya KOSK,1351.2983377239273
2017-03-11,2016-2017,Mesarya SK,1371.2500930380495
2017-03-11,2016-2017,Alsancak Yeşilova SK,1541.4930719642625
2017-03-11,2016-2017,Yeniboğaziçi DSK,1408.3130439498602
2017-03-11,2016-2017,Mehmetçik TÇBSK,1464.515886693989
2017-03-11,2016-2017,Göçmenköy İYSK,1429.041868962074
2017-03-11,2016-2017,Maraş GSK,1379.9801049108958
2017-03-11,2016-2017,Akova Vuda TÇBSK,1397.9123633648667
2017-03-11,2016-2017,Dipkarpaz SK,1126.2295339829477
2017-03-12,2016-2017,Dumlupınar TSK,1378.4922617054858
2017-03-12,2016-2017,Yenicami AK,1757.609454067753
2017-03-12,2016-2017,Binatlı YSK,1473.0319237368578
2017-03-12,2016-2017,Değirmenlik SK,1290.0135539546338
2017-03-18,2016-2017,Değirmenlik SK,1332.725973706185
2017-03-18,2016-2017,Mağusa Türk Gücü,1464.4291209018838
2017-03-18,2016-2017,Yenicami AK,1766.6800408844836
2017-03-18,2016-2017,Binatlı YSK,1463.9613369201272
2017-03-18,2016-2017,Baf Ülkü Yurdu,1466.6723915222938
2017-03-18,2016-2017,Mormenekşe GBSK,1332.2588870765014
2017-03-18,2016-2017,Gençlik Gücü TSK,1487.7784775934228
2017-03-18,2016-2017,Lefke TSK,1397.1585619733564
2017-03-19,2016-2017,Cihangir GSK,1602.9870586196212
2017-03-19,2016-2017,Doğan Türk Birliği,1533.1392836823782
2017-03-19,2016-2017,Türk Ocağı Limasol SK,1493.6497097554347
2017-03-19,2016-2017,Küçük Kaymaklı TSK,1648.2444847650559
2017-03-19,2016-2017,L. Gençler Birliği SK,1609.0957510382916
2017-03-19,2016-2017,Dumlupınar TSK,1366.7869367502267
2017-03-19,2016-2017,Yalova SK,1559.781527065425
2017-03-19,2016-2017,Çetinkaya TSK,1530.0339553597885
2017-03-19,2016-2017,Maraş GSK,1358.1622335115796
2017-03-19,2016-2017,Yeniboğaziçi DSK,1430.1309153491763
2017-03-19,2016-2017,Alsancak Yeşilova SK,1532.0224079759923
2017-03-19,2016-2017,Hamitköy ŞHSK,1432.168161660791
2017-03-19,2016-2017,Dipkarpaz SK,1111.3664120392293
2017-03-19,2016-2017,Göçmenköy İYSK,1443.9049909057924
2017-03-19,2016-2017,Düzkaya KOSK,1380.1430713557
2017-03-19,2016-2017,Akova Vuda TÇBSK,1369.067629733094
2017-03-19,2016-2017,Mehmetçik TÇBSK,1436.2242003915956
2017-03-19,2016-2017,Mesarya SK,1399.5417793404429
2017-03-24,2016-2017,Çetinkaya TSK,1504.3119270699453
2017-03-24,2016-2017,Gençlik Gücü TSK,1513.500505883266
2017-03-24,2016-2017,Doğan Türk Birliği,1541.6857808112286
2017-03-24,2016-2017,Dumlupınar TSK,1358.2404396213763
2017-03-25,2016-2017,Lefke TSK,1435.8211529763653
2017-03-25,2016-2017,Türk Ocağı Limasol SK,1454.9871187524259
2017-03-25,2016-2017,Mormenekşe GBSK,1308.7979920778992
2017-03-25,2016-2017,Yalova SK,1583.2424220640273
2017-03-25,2016-2017,Cihangir GSK,1572.7529264026732
2017-03-25,2016-2017,Baf Ülkü Yurdu,1496.9065237392417
2017-03-25,2016-2017,Binatlı YSK,1501.1687558284812
2017-03-25,2016-2017,L. Gençler Birliği SK,1571.8883321299377
2017-03-25,2016-2017,Küçük Kaymaklı TSK,1612.3743572537448
2017-03-25,2016-2017,Değirmenlik SK,1368.596101217496
2017-03-25,2016-2017,Göçmenköy İYSK,1457.0674680166526
2017-03-25,2016-2017,Düzkaya KOSK,1366.9805942448397
2017-03-25,2016-2017,Alsancak Yeşilova SK,1549.404345447305
2017-03-25,2016-2017,Mehmetçik TÇBSK,1418.8422629202828
2017-03-25,2016-2017,Hamitköy ŞHSK,1405.3642832681828
2017-03-25,2016-2017,Akova Vuda TÇBSK,1395.8715081257021
2017-03-25,2016-2017,Mesarya SK,1373.866079764601
2017-03-25,2016-2017,Maraş GSK,1383.8379330874216
2017-03-25,2016-2017,Yeniboğaziçi DSK,1439.2685763329396
2017-03-25,2016-2017,Dipkarpaz SK,1102.228751055466
2017-03-26,2016-2017,Mağusa Türk Gücü,1449.5274464343772
2017-03-26,2016-2017,Yenicami AK,1781.5817153519902
2017-04-01,2016-2017,Dumlupınar TSK,1362.9255410360897
2017-04-01,2016-2017,Binatlı YSK,1496.4836544137677
2017-04-01,2016-2017,Değirmenlik SK,1369.0119486870685
2017-04-01,2016-2017,Lefke TSK,1435.4053055067927
2017-04-02,2016-2017,L. Gençler Birliği SK,1582.259228571976
2017-04-02,2016-2017,Mağusa Türk Gücü,1439.1565499923388
2017-04-02,2016-2017,Baf Ülkü Yurdu,1460.3741952120024
2017-04-02,2016-2017,Doğan Türk Birliği,1578.218109338468
2017-04-02,2016-2017,Yenicami AK,1790.0182835488445
2017-04-02,2016-2017,Küçük Kaymaklı TSK,1603.9377890568906
2017-04-02,2016-2017,Yalova SK,1579.239493705077
2017-04-02,2016-2017,Cihangir GSK,1576.7558547616236
2017-04-02,2016-2017,Gençlik Gücü TSK,1520.6569040254863
2017-04-02,2016-2017,Mormenekşe GBSK,1301.6415939356789
2017-04-03,2016-2017,Türk Ocağı Limasol SK,1484.0656385675863
2017-04-03,2016-2017,Çetinkaya TSK,1475.2334072547849
2017-04-07,2016-2017,Baf Ülkü Yurdu,1443.730698407963
2017-04-07,2016-2017,Yalova SK,1595.8829905091163
2017-04-08,2016-2017,Lefke TSK,1449.2053951883431
2017-04-08,2016-2017,Yenicami AK,1776.218193867294
2017-04-08,2016-2017,Mormenekşe GBSK,1308.4110146099772
2017-04-08,2016-2017,Türk Ocağı Limasol SK,1477.296217893288
2017-04-08,2016-2017,Küçük Kaymaklı TSK,1619.3207385796761
2017-04-08,2016-2017,L. Gençler Birliği SK,1566.8762790491905
2017-04-09,2016-2017,Doğan Türk Birliği,1602.7490680853446
2017-04-09,2016-2017,Binatlı YSK,1471.952695666891
2017-04-09,2016-2017,Cihangir GSK,1600.4769846067043
2017-04-09,2016-2017,Gençlik Gücü TSK,1496.9357741804056
2017-04-09,2016-2017,Mağusa Türk Gücü,1451.693090747435
2017-04-09,2016-2017,Dumlupınar TSK,1350.3890002809935
2017-04-09,2016-2017,Çetinkaya TSK,1486.33379906566
2017-04-09,2016-2017,Değirmenlik SK,1357.9115568761933
2017-04-16,2016-2017,Binatlı YSK,1447.4130463321349
2017-04-16,2016-2017,Mağusa Türk Gücü,1476.2327400821912
2017-04-16,2016-2017,Yalova SK,1561.3304752081028
2017-04-16,2016-2017,Doğan Türk Birliği,1637.301583386358
2017-04-16,2016-2017,Dumlupınar TSK,1331.9094906477055
2017-04-16,2016-2017,Küçük Kaymaklı TSK,1637.800248212964
2017-04-16,2016-2017,Türk Ocağı Limasol SK,1521.5413619687722
2017-04-16,2016-2017,Cihangir GSK,1556.23184053122
2017-04-16,2016-2017,Değirmenlik SK,1378.7576210067002
2017-04-16,2016-2017,Mormenekşe GBSK,1287.5649504794703
2017-04-16,2016-2017,Gençlik Gücü TSK,1520.9188506080238
2017-04-16,2016-2017,Baf Ülkü Yurdu,1419.7476219803448
2017-04-16,2016-2017,L. Gençler Birliği SK,1582.7457359058078
2017-04-16,2016-2017,Lefke TSK,1433.3359383317259
2017-04-16,2016-2017,Yenicami AK,1760.9274262130882
2017-04-16,2016-2017,Çetinkaya TSK,1501.624566719866
2017-04-22,2016-2017,Baf Ülkü Yurdu,1422.141925506561
2017-04-22,2016-2017,Türk Ocağı Limasol SK,1519.147058442556
2017-04-22,2016-2017,Çetinkaya TSK,1473.446071758272
2017-04-22,2016-2017,L. Gençler Birliği SK,1610.9242308674018
2017-04-22,2016-2017,Mormenekşe GBSK,1280.361293976415
2017-04-22,2016-2017,Yenicami AK,1768.1310827161435
2017-04-22,2016-2017,Doğan Türk Birliği,1646.0542573387959
2017-04-22,2016-2017,Mağusa Türk Gücü,1467.4800661297534
2017-04-22,2016-2017,Küçük Kaymaklı TSK,1625.453736871894
2017-04-22,2016-2017,Binatlı YSK,1459.7595576732049
2017-04-22,2016-2017,Yalova SK,1555.7060468686857
2017-04-22,2016-2017,Gençlik Gücü TSK,1526.543278947441
2017-04-22,2016-2017,Lefke TSK,1454.5667767623265
2017-04-22,2016-2017,Dumlupınar TSK,1310.6786522171049
2017-04-22,2016-2017,Cihangir GSK,1570.4490584808302
2017-04-22,2016-2017,Değirmenlik SK,1364.54040305709
2017-04-29,2016-2017,Gençlik Gücü TSK,1497.4803523245853
2017-04-29,2016-2017,Doğan Türk Birliği,1675.1171839616516
2017-04-29,2016-2017,Yenicami AK,1735.5280394678143
2017-04-29,2016-2017,Cihangir GSK,1603.0521017291594
2017-04-29,2016-2017,Değirmenlik SK,1326.7815306700063
2017-04-29,2016-2017,Baf Ülkü Yurdu,1459.9007978936447
2017-04-29,2016-2017,Binatlı YSK,1456.0501917192432
2017-04-29,2016-2017,Lefke TSK,1458.2761427162882
2017-04-29,2016-2017,Dumlupınar TSK,1283.9581666975125
2017-04-29,2016-2017,Çetinkaya TSK,1500.1665572778643
2017-04-30,2016-2017,Mağusa Türk Gücü,1472.9750000035494
2017-04-30,2016-2017,Küçük Kaymaklı TSK,1619.958802998098
2017-04-30,2016-2017,Türk Ocağı Limasol SK,1551.789232064226
2017-04-30,2016-2017,Yalova SK,1523.0638732470156
2017-04-30,2016-2017,L. Gençler Birliği SK,1618.5641967747354
2017-04-30,2016-2017,Mormenekşe GBSK,1272.7213280690814
2017-05-06,2016-2017,Baf Ülkü Yurdu,1444.2055064820172
2017-05-06,2016-2017,Yenicami AK,1751.2233308794418
2017-05-06,2016-2017,Lefke TSK,1484.3865447883345
2017-05-06,2016-2017,Mağusa Türk Gücü,1446.864597931503
2017-05-06,2016-2017,Gençlik Gücü TSK,1459.3661437260553
2017-05-06,2016-2017,Türk Ocağı Limasol SK,1589.903440662756
2017-05-06,2016-2017,Doğan Türk Birliği,1668.72067843787
2017-05-06,2016-2017,Küçük Kaymaklı TSK,1626.3553085218796
2017-05-06,2016-2017,Çetinkaya TSK,1474.346327406722
2017-05-06,2016-2017,Binatlı YSK,1481.8704215903856
2017-05-06,2016-2017,Cihangir GSK,1620.5050771232532
2017-05-06,2016-2017,L. Gençler Birliği SK,1601.1112213806416
2017-05-06,2016-2017,Mormenekşe GBSK,1298.5382094261147
2017-05-06,2016-2017,Dumlupınar TSK,1258.1412853404793
2017-05-06,2016-2017,Yalova SK,1537.9551887234854
2017-05-06,2016-2017,Değirmenlik SK,1311.8902151935365
2017-09-22,2017-2018,Baf Ülkü Yurdu,1412.5276480691084
2017-09-22,2017-2018,Binatlı YSK,1484.4216968007183
2017-09-23,2017-2018,Küçük Kaymaklı TSK,1581.206685997396
2017-09-23,2017-2018,Gençlik Gücü TSK,1435.4768020040797
2017-09-23,2017-2018,Lefke TSK,1459.2119579014018
2017-09-23,2017-2018,Yeniboğaziçi DSK,1435.9217817550784
2017-09-23,2017-2018,Mağusa Türk Gücü,1445.338537606644
2017-09-23,2017-2018,Yenicami AK,1655.6198078170894
2017-09-23,2017-2018,Esentepe KSKK,1365.323888826487
2017-09-23,2017-2018,Akova Vuda TÇBSK,1362.228945421143
2017-09-23,2017-2018,Mehmetçik TÇBSK,1362.460229185134
2017-09-23,2017-2018,Lapta Türk Birliği SK,1332.4461030020368
2017-09-23,2017-2018,Değirmenlik SK,1331.0781008175022
2017-09-23,2017-2018,Gönyeli SK,1328.0657767689906
2017-09-23,2017-2018,Girne Halk Evi SK,1393.0176218461943
2017-09-23,2017-2018,Göçmenköy İYSK,1423.3264508731038
2017-09-24,2017-2018,Alsancak Yeşilova SK,1514.9428171713528
2017-09-24,2017-2018,Doğan Türk Birliği,1601.043349558053
2017-09-24,2017-2018,Çetinkaya TSK,1477.6785749159444
2017-09-24,2017-2018,Ozanköy SK,1345.752255212264
2017-09-24,2017-2018,L. Gençler Birliği SK,1566.0385796591504
2017-09-24,2017-2018,Yalova SK,1490.6536267344695
2017-09-24,2017-2018,Doğancı SK,1357.1946301998978
2017-09-24,2017-2018,Mormenekşe GBSK,1373.5316461839661
2017-09-24,2017-2018,Bostancı Bağcıl SK,1323.5635262174221
2017-09-24,2017-2018,Çanakkale TSK,1338.4375366739253
2017-09-24,2017-2018,Hamitköy ŞHSK,1397.420227262917
2017-09-24,2017-2018,Görneç KSK,1329.961316045717
2017-09-24,2017-2018,Maraş GSK,1346.5652221962184
2017-09-24,2017-2018,Dumlupınar TSK,1337.3115904402318
2017-09-25,2017-2018,Türk Ocağı Limasol SK,1561.4991281615396
2017-09-25,2017-2018,Cihangir GSK,1548.699658993492
2017-09-29,2017-2018,Binatlı YSK,1479.612665302764
2017-09-29,2017-2018,Lefke TSK,1464.020989399356
2017-09-30,2017-2018,Ozanköy SK,1351.8386921792385
2017-09-30,2017-2018,Alsancak Yeşilova SK,1508.8563802043782
2017-09-30,2017-2018,Yeniboğaziçi DSK,1399.08568293079
2017-09-30,2017-2018,Çetinkaya TSK,1514.5146737402329
2017-09-30,2017-2018,Yenicami AK,1647.5045352851203
2017-09-30,2017-2018,L. Gençler Birliği SK,1574.1538521911195
2017-09-30,2017-2018,Çanakkale TSK,1336.3738871511916
2017-09-30,2017-2018,Mehmetçik TÇBSK,1364.5238787078677
2017-09-30,2017-2018,Gönyeli SK,1344.3948076969164
2017-09-30,2017-2018,Bostancı Bağcıl SK,1307.2344952894964
2017-09-30,2017-2018,Göçmenköy İYSK,1395.0833253426565
2017-09-30,2017-2018,Değirmenlik SK,1359.3212263479495
2017-09-30,2017-2018,Görneç KSK,1300.225211895336
2017-09-30,2017-2018,Girne Halk Evi SK,1422.7537259965752
2017-10-01,2017-2018,Yalova SK,1483.0964666255124
2017-10-01,2017-2018,Baf Ülkü Yurdu,1420.0848081780655
2017-10-01,2017-2018,Cihangir GSK,1559.9325847925224
2017-10-01,2017-2018,Mağusa Türk Gücü,1434.1056118076135
2017-10-01,2017-2018,Gençlik Gücü TSK,1459.2322573111605
2017-10-01,2017-2018,Türk Ocağı Limasol SK,1537.7436728544587
2017-10-01,2017-2018,Mormenekşe GBSK,1369.6549677804524
2017-10-01,2017-2018,Esentepe KSKK,1369.2005672300008
2017-10-01,2017-2018,Lapta Türk Birliği SK,1330.423799893535
2017-10-01,2017-2018,Doğancı SK,1359.2169333083996
2017-10-01,2017-2018,Dumlupınar TSK,1357.3178440782397
2017-10-01,2017-2018,Hamitköy ŞHSK,1377.4139736249092
2017-10-01,2017-2018,Akova Vuda TÇBSK,1325.7969775718946
2017-10-01,2017-2018,Maraş GSK,1382.9971900454668
2017-10-02,2017-2018,Doğan Türk Birliği,1624.2685232723504
2017-10-02,2017-2018,Küçük Kaymaklı TSK,1557.9815122830987
2017-10-06,2017-2018,Baf Ülkü Yurdu,1409.0396511194297
2017-10-06,2017-2018,Yenicami AK,1658.549692343756
2017-10-07,2017-2018,L. Gençler Birliği SK,1569.9451613419528
2017-10-07,2017-2018,Cihangir GSK,1564.1412756416892
2017-10-07,2017-2018,Mağusa Türk Gücü,1436.6044939813607
2017-10-07,2017-2018,Türk Ocağı Limasol SK,1535.2447906807115
2017-10-07,2017-2018,Doğan Türk Birliği,1637.1648053240024
2017-10-07,2017-2018,Gençlik Gücü TSK,1446.3359752595086
2017-10-07,2017-2018,Doğancı SK,1387.9410671190788
2017-10-07,2017-2018,Çanakkale TSK,1307.6497533405125
2017-10-07,2017-2018,Hamitköy ŞHSK,1402.753299144393
2017-10-07,2017-2018,Maraş GSK,1357.657864525983
2017-10-08,2017-2018,Küçük Kaymaklı TSK,1568.6432258683885
2017-10-08,2017-2018,Ozanköy SK,1341.1769785939487
2017-10-08,2017-2018,Alsancak Yeşilova SK,1499.793663574503
2017-10-08,2017-2018,Yeniboğaziçi DSK,1408.1483995606652
2017-10-08,2017-2018,Lefke TSK,1490.5035347099615
2017-10-08,2017-2018,Yalova SK,1456.613921314907
2017-10-08,2017-2018,Mehmetçik TÇBSK,1359.991356980314
2017-10-08,2017-2018,Gönyeli SK,1348.92732942447
2017-10-08,2017-2018,Bostancı Bağcıl SK,1328.8341783532383
2017-10-08,2017-2018,Göçmenköy İYSK,1373.4836422789147
2017-10-08,2017-2018,Değirmenlik SK,1379.422359041622
2017-10-08,2017-2018,Görneç KSK,1280.1240792016636
2017-10-08,2017-2018,Girne Halk Evi SK,1395.8312452938471
2017-10-08,2017-2018,Dumlupınar TSK,1384.2403247809677
2017-10-08,2017-2018,Mormenekşe GBSK,1390.945047935673
2017-10-08,2017-2018,Akova Vuda TÇBSK,1304.5068974166738
2017-10-09,2017-2018,Çetinkaya TSK,1476.5180712370714
2017-10-09,2017-2018,Binatlı YSK,1517.6092678059256
2017-10-10,2017-2018,Esentepe KSKK,1363.6629203048828
2017-10-10,2017-2018,Lapta Türk Birliği SK,1335.961446818653
2017-10-13,2017-2018,Yenicami AK,1673.3917109021638
2017-10-13,2017-2018,Lefke TSK,1475.6615161515538
2017-10-14,2017-2018,Binatlı YSK,1513.2032692622256
2017-10-14,2017-2018,Alsancak Yeşilova SK,1504.199662118203
2017-10-14,2017-2018,Gençlik Gücü TSK,1442.3749519990213
2017-10-14,2017-2018,Mağusa Türk Gücü,1440.565517241848
2017-10-14,2017-2018,Ozanköy SK,1352.9973186388083
2017-10-14,2017-2018,Doğan Türk Birliği,1625.3444652791427
2017-10-14,2017-2018,Gönyeli SK,1381.8157806931094
2017-10-14,2017-2018,Doğancı SK,1355.0526158504392
2017-10-14,2017-2018,Dumlupınar TSK,1412.7854009872697
2017-10-14,2017-2018,Değirmenlik SK,1350.87728283532
2017-10-14,2017-2018,Maraş GSK,1390.4619804299064
2017-10-14,2017-2018,Girne Halk Evi SK,1363.0271293899239
2017-10-14,2017-2018,Akova Vuda TÇBSK,1286.6996869850184
2017-10-14,2017-2018,Hamitköy ŞHSK,1420.5605095760484
2017-10-15,2017-2018,Yeniboğaziçi DSK,1446.5916576701086
2017-10-15,2017-2018,Küçük Kaymaklı TSK,1530.1999677589451
2017-10-15,2017-2018,Yalova SK,1489.8053395782065
2017-10-15,2017-2018,Çetinkaya TSK,1443.3266529737718
2017-10-15,2017-2018,Cihangir GSK,1579.8734390098266
2017-10-15,2017-2018,Baf Ülkü Yurdu,1393.3074877512922
2017-10-15,2017-2018,Çanakkale TSK,1287.4202628553383
2017-10-15,2017-2018,Esentepe KSKK,1383.892410790057
2017-10-15,2017-2018,Göçmenköy İYSK,1389.3150744086427
2017-10-15,2017-2018,Mehmetçik TÇBSK,1344.159924850586
2017-10-15,2017-2018,Görneç KSK,1299.4744089176481
2017-10-15,2017-2018,Bostancı Bağcıl SK,1309.4838486372537
2017-10-15,2017-2018,Lapta Türk Birliği SK,1355.6726997508251
2017-10-15,2017-2018,Mormenekşe GBSK,1371.233795003501
2017-10-16,2017-2018,Türk Ocağı Limasol SK,1503.064098083044
2017-10-16,2017-2018,L. Gençler Birliği SK,1602.1258539396204
2017-10-20,2017-2018,Doğan Türk Birliği,1593.421043698751
2017-10-20,2017-2018,Yeniboğaziçi DSK,1478.5150792505003
2017-10-21,2017-2018,Küçük Kaymaklı TSK,1545.8388446356257
2017-10-21,2017-2018,Binatlı YSK,1497.564392385545
2017-10-21,2017-2018,Baf Ülkü Yurdu,1433.285885820567
2017-10-21,2017-2018,Türk Ocağı Limasol SK,1463.0857000137692
2017-10-21,2017-2018,Ozanköy SK,1385.527959217566
2017-10-21,2017-2018,Gençlik Gücü TSK,1409.8443114202637
2017-10-21,2017-2018,Esentepe KSKK,1348.588602267747
2017-10-21,2017-2018,Gönyeli SK,1417.1195892154194
2017-10-21,2017-2018,Mehmetçik TÇBSK,1358.3097209830237
2017-10-21,2017-2018,Görneç KSK,1285.3246127852105
2017-10-21,2017-2018,Değirmenlik SK,1319.1165099500536
2017-10-21,2017-2018,Maraş GSK,1422.222753315173
2017-10-21,2017-2018,Mormenekşe GBSK,1383.397728460211
2017-10-21,2017-2018,Çanakkale TSK,1275.2563293986282
2017-10-21,2017-2018,Lapta Türk Birliği SK,1348.5716341801772
2017-10-21,2017-2018,Akova Vuda TÇBSK,1293.8007525556663
2017-10-22,2017-2018,Alsancak Yeşilova SK,1499.981451550711
2017-10-22,2017-2018,Yalova SK,1494.0235501456984
2017-10-22,2017-2018,Çetinkaya TSK,1486.940918349757
2017-10-22,2017-2018,Yenicami AK,1629.7774455261786
2017-10-22,2017-2018,Lefke TSK,1517.9078796747474
2017-10-22,2017-2018,Cihangir GSK,1537.627075486633
2017-10-22,2017-2018,L. Gençler Birliği SK,1590.8591983596095
2017-10-22,2017-2018,Mağusa Türk Gücü,1451.8321728218589
2017-10-22,2017-2018,Doğancı SK,1353.5737480440748
2017-10-22,2017-2018,Göçmenköy İYSK,1390.793942215007
2017-10-22,2017-2018,Bostancı Bağcıl SK,1311.963659912615
2017-10-22,2017-2018,Dumlupınar TSK,1410.3055897119084
2017-10-22,2017-2018,Girne Halk Evi SK,1327.7786509764992
2017-10-22,2017-2018,Hamitköy ŞHSK,1455.808987989473
2017-10-27,2017-2018,Binatlı YSK,1530.649558928659
2017-10-27,2017-2018,Doğan Türk Birliği,1560.335877155637
2017-10-28,2017-2018,Yalova SK,1463.3169565663245
2017-10-28,2017-2018,Küçük Kaymaklı TSK,1576.5454382149996
2017-10-28,2017-2018,Mağusa Türk Gücü,1402.9401726162346
2017-10-28,2017-2018,Baf Ülkü Yurdu,1482.1778860261913
2017-10-28,2017-2018,Yeniboğaziçi DSK,1470.2366818501996
2017-10-28,2017-2018,Ozanköy SK,1393.8063566178666
2017-10-28,2017-2018,Göçmenköy İYSK,1405.0745639552333
2017-10-28,2017-2018,Esentepe KSKK,1334.3079805275208
2017-10-28,2017-2018,Görneç KSK,1305.7993819722087
2017-10-28,2017-2018,Doğancı SK,1333.0989788570766
2017-10-28,2017-2018,Dumlupınar TSK,1384.072984194661
2017-10-28,2017-2018,Mehmetçik TÇBSK,1384.542326500271
2017-10-28,2017-2018,Gönyeli SK,1431.8516857748402
2017-10-28,2017-2018,Mormenekşe GBSK,1368.6656319007902
2017-10-29,2017-2018,Cihangir GSK,1491.8392802880417
2017-10-29,2017-2018,Çetinkaya TSK,1532.7287135483484
2017-10-29,2017-2018,Türk Ocağı Limasol SK,1492.6386441628138
2017-10-29,2017-2018,Lefke TSK,1488.3549355257028
2017-10-29,2017-2018,Gençlik Gücü TSK,1416.5418091665858
2017-10-29,2017-2018,L. Gençler Birliği SK,1584.1617006132874
2017-10-29,2017-2018,Maraş GSK,1413.1377093571284
2017-10-29,2017-2018,Bostancı Bağcıl SK,1321.0487038706594
2017-10-29,2017-2018,Hamitköy ŞHSK,1465.5588108796583
2017-10-29,2017-2018,Değirmenlik SK,1309.3666870598684
2017-10-29,2017-2018,Akova Vuda TÇBSK,1312.3055947042085
2017-10-29,2017-2018,Girne Halk Evi SK,1309.273808827957
2017-10-29,2017-2018,Çanakkale TSK,1256.0224449104674
2017-10-29,2017-2018,Lapta Türk Birliği SK,1367.805518668338
2017-10-30,2017-2018,Yenicami AK,1644.845709344193
2017-10-30,2017-2018,Alsancak Yeşilova SK,1484.9131877326965
2017-11-03,2017-2018,Doğan Türk Birliği,1571.8660823378768
2017-11-03,2017-2018,Yalova SK,1451.7867513840847
2017-11-04,2017-2018,Küçük Kaymaklı TSK,1607.2620049178681
2017-11-04,2017-2018,Yenicami AK,1614.1291426413245
2017-11-04,2017-2018,Lefke TSK,1500.4409855719107
2017-11-04,2017-2018,Mağusa Türk Gücü,1390.8541225700267
2017-11-04,2017-2018,Yeniboğaziçi DSK,1443.915906807819
2017-11-04,2017-2018,Gençlik Gücü TSK,1442.8625842089664
2017-11-04,2017-2018,Doğancı SK,1352.5795176948575
2017-11-04,2017-2018,Dumlupınar TSK,1364.5924453568803
2017-11-04,2017-2018,Değirmenlik SK,1285.9415499817526
2017-11-04,2017-2018,Girne Halk Evi SK,1332.6989459060728
2017-11-04,2017-2018,Lapta Türk Birliği SK,1348.0384242407576
2017-11-04,2017-2018,Gönyeli SK,1451.6187802024206
2017-11-04,2017-2018,Çanakkale TSK,1275.8084939754194
2017-11-04,2017-2018,Akova Vuda TÇBSK,1292.5195456392564
2017-11-05,2017-2018,Alsancak Yeşilova SK,1514.6078266072477
2017-11-05,2017-2018,Cihangir GSK,1462.1446414134905
2017-11-05,2017-2018,Çetinkaya TSK,1547.121335959375
2017-11-05,2017-2018,Türk Ocağı Limasol SK,1478.246021751787
2017-11-05,2017-2018,Ozanköy SK,1370.3354163654512
2017-11-05,2017-2018,Binatlı YSK,1554.1204991810744
2017-11-05,2017-2018,Esentepe KSKK,1349.3204436089923
2017-11-05,2017-2018,Görneç KSK,1290.7869188907373
2017-11-05,2017-2018,Mehmetçik TÇBSK,1351.8379949421453
2017-11-05,2017-2018,Maraş GSK,1445.842040915254
2017-11-05,2017-2018,Mormenekşe GBSK,1396.6317401311915
2017-11-05,2017-2018,Göçmenköy İYSK,1377.108455724832
2017-11-06,2017-2018,Baf Ülkü Yurdu,1455.7855173972193
2017-11-06,2017-2018,L. Gençler Birliği SK,1610.5540692422594
2017-11-08,2017-2018,Bostancı Bağcıl SK,1305.8197715119534
2017-11-08,2017-2018,Hamitköy ŞHSK,1480.7877432383643
2017-11-10,2017-2018,Yenicami AK,1588.4067135961895
2017-11-10,2017-2018,Doğan Türk Birliği,1597.5885113830118
2017-11-11,2017-2018,Mağusa Türk Gücü,1416.2581179616661
2017-11-11,2017-2018,Çetinkaya TSK,1521.7173405677356
2017-11-11,2017-2018,Gençlik Gücü TSK,1403.148942124884
2017-11-11,2017-2018,Baf Ülkü Yurdu,1495.4991594813018
2017-11-11,2017-2018,Görneç KSK,1313.4107484653834
2017-11-11,2017-2018,Mormenekşe GBSK,1374.0079105565453
2017-11-11,2017-2018,Gönyeli SK,1465.9448264488258
2017-11-11,2017-2018,Çanakkale TSK,1261.4824477290142
2017-11-12,2017-2018,Cihangir GSK,1435.5516782815155
2017-11-12,2017-2018,Küçük Kaymaklı TSK,1633.8549680498431
2017-11-12,2017-2018,L. Gençler Birliği SK,1621.4756972239506
2017-11-12,2017-2018,Lefke TSK,1489.5193575902194
2017-11-12,2017-2018,Binatlı YSK,1545.0379453590474
2017-11-12,2017-2018,Yeniboğaziçi DSK,1452.998460629846
2017-11-12,2017-2018,Dumlupınar TSK,1360.3259847624518
2017-11-12,2017-2018,Esentepe KSKK,1353.5869042034208
2017-11-12,2017-2018,Maraş GSK,1463.4047453170829
2017-11-12,2017-2018,Doğancı SK,1335.0168132930287
2017-11-12,2017-2018,Hamitköy ŞHSK,1490.869942814669
2017-11-12,2017-2018,Mehmetçik TÇBSK,1341.7557953658406
2017-11-12,2017-2018,Girne Halk Evi SK,1347.799475397841
2017-11-12,2017-2018,Bostancı Bağcıl SK,1290.7192420201852
2017-11-12,2017-2018,Akova Vuda TÇBSK,1288.7332405293541
2017-11-12,2017-2018,Değirmenlik SK,1289.7278550916549
2017-11-12,2017-2018,Göçmenköy İYSK,1392.0906222242966
2017-11-12,2017-2018,Lapta Türk Birliği SK,1333.0562577412932
2017-11-13,2017-2018,Türk Ocağı Limasol SK,1456.8873935398456
2017-11-13,2017-2018,Alsancak Yeşilova SK,1535.9664548191893
2017-11-13,2017-2018,Yalova SK,1424.0660953813078
2017-11-13,2017-2018,Ozanköy SK,1398.0560723682281
2017-11-17,2017-2018,Çetinkaya TSK,1543.9960774748401
2017-11-17,2017-2018,L. Gençler Birliği SK,1599.1969603168461
2017-11-18,2017-2018,Küçük Kaymaklı TSK,1586.069501748709
2017-11-18,2017-2018,Türk Ocağı Limasol SK,1504.6728598409798
2017-11-18,2017-2018,Lefke TSK,1437.578480913224
2017-11-18,2017-2018,Baf Ülkü Yurdu,1547.4400361582973
2017-11-18,2017-2018,Binatlı YSK,1561.7171141249416
2017-11-18,2017-2018,Gençlik Gücü TSK,1386.4697733589896
2017-11-18,2017-2018,Doğancı SK,1320.3987052528717
2017-11-18,2017-2018,Hamitköy ŞHSK,1505.488050854826
2017-11-18,2017-2018,Mormenekşe GBSK,1397.739397021661
2017-11-18,2017-2018,Dumlupınar TSK,1336.594498297336
2017-11-18,2017-2018,Lapta Türk Birliği SK,1360.170570483851
2017-11-18,2017-2018,Görneç KSK,1286.2964357228257
2017-11-18,2017-2018,Çanakkale TSK,1245.4919336738592
2017-11-18,2017-2018,Göçmenköy İYSK,1408.0811362794516
2017-11-18,2017-2018,Gönyeli SK,1478.1457015397314
2017-11-18,2017-2018,Akova Vuda TÇBSK,1276.5323654384486
2017-11-19,2017-2018,Alsancak Yeşilova SK,1551.6993935009098
2017-11-19,2017-2018,Mağusa Türk Gücü,1400.5251792799456
2017-11-19,2017-2018,Ozanköy SK,1374.000334852657
2017-11-19,2017-2018,Yenicami AK,1612.4624511117606
2017-11-19,2017-2018,Yeniboğaziçi DSK,1427.9880537392326
2017-11-19,2017-2018,Yalova SK,1449.0765022719213
2017-11-19,2017-2018,Esentepe KSKK,1376.4351564276963
2017-11-19,2017-2018,Maraş GSK,1440.5564930928074
2017-11-19,2017-2018,Mehmetçik TÇBSK,1318.6745510297426
2017-11-19,2017-2018,Girne Halk Evi SK,1370.880719733939
2017-11-19,2017-2018,Bostancı Bağcıl SK,1287.2439219204553
2017-11-19,2017-2018,Değirmenlik SK,1293.2031751913848
2017-11-20,2017-2018,Doğan Türk Birliği,1606.3031454631607
2017-11-20,2017-2018,Cihangir GSK,1426.8370442013666
2017-11-24,2017-2018,Baf Ülkü Yurdu,1563.8279676088705
2017-11-24,2017-2018,Çetinkaya TSK,1527.608146024267
2017-11-25,2017-2018,Mağusa Türk Gücü,1427.4531538850042
2017-11-25,2017-2018,Küçük Kaymaklı TSK,1559.1415271436504
2017-11-25,2017-2018,Cihangir GSK,1420.560769577049
2017-11-25,2017-2018,Ozanköy SK,1380.2766094769745
2017-11-25,2017-2018,Yenicami AK,1620.3288127509852
2017-11-25,2017-2018,Yeniboğaziçi DSK,1420.121692100008
2017-11-25,2017-2018,Hamitköy ŞHSK,1495.565773610912
2017-11-25,2017-2018,Esentepe KSKK,1386.3574336716104
2017-11-25,2017-2018,Girne Halk Evi SK,1391.649993520859
2017-11-25,2017-2018,Doğancı SK,1299.6294314659517
2017-11-25,2017-2018,Akova Vuda TÇBSK,1253.7139761809892
2017-11-25,2017-2018,Bostancı Bağcıl SK,1310.0623111779146
2017-11-26,2017-2018,L. Gençler Birliği SK,1593.1990849791405
2017-11-26,2017-2018,Alsancak Yeşilova SK,1557.6972688386154
2017-11-26,2017-2018,Gençlik Gücü TSK,1405.9580611264118
2017-11-26,2017-2018,Lefke TSK,1418.0901931458018
2017-11-26,2017-2018,Yalova SK,1423.5873936803732
2017-11-26,2017-2018,Binatlı YSK,1587.2062227164897
2017-11-26,2017-2018,Değirmenlik SK,1320.2315110514537
2017-11-26,2017-2018,Mehmetçik TÇBSK,1291.6462151696737
2017-11-26,2017-2018,Maraş GSK,1454.8047954887788
2017-11-26,2017-2018,Mormenekşe GBSK,1383.4910946256896
2017-11-26,2017-2018,Dumlupınar TSK,1370.1774696443888
2017-11-26,2017-2018,Lapta Türk Birliği SK,1326.5875991367982
2017-11-26,2017-2018,Görneç KSK,1280.6511867543695
2017-11-26,2017-2018,Çanakkale TSK,1251.1371826423153
2017-11-26,2017-2018,Göçmenköy İYSK,1374.094737932522
2017-11-26,2017-2018,Gönyeli SK,1512.1320998866609
2017-11-27,2017-2018,Türk Ocağı Limasol SK,1478.2504028381143
2017-11-27,2017-2018,Doğan Türk Birliği,1632.7256024660262
2017-12-01,2017-2018,Çetinkaya TSK,1538.5569949371227
2017-12-01,2017-2018,Lefke TSK,1407.141344232946
2017-12-02,2017-2018,Alsancak Yeşilova SK,1554.6209149981337
2017-12-02,2017-2018,Baf Ülkü Yurdu,1566.9043214493522
2017-12-02,2017-2018,Ozanköy SK,1344.6311780299093
2017-12-02,2017-2018,Türk Ocağı Limasol SK,1513.8958342851795
2017-12-02,2017-2018,Yeniboğaziçi DSK,1416.7262865217342
2017-12-02,2017-2018,Cihangir GSK,1423.9561751553229
2017-12-02,2017-2018,Doğancı SK,1277.3711760030988
2017-12-02,2017-2018,Değirmenlik SK,1342.4897665143067
2017-12-02,2017-2018,Mehmetçik TÇBSK,1258.072620193803
2017-12-02,2017-2018,Bostancı Bağcıl SK,1343.6359061537853
2017-12-02,2017-2018,Mormenekşe GBSK,1417.9542126301585
2017-12-02,2017-2018,Hamitköy ŞHSK,1461.102655606443
2017-12-02,2017-2018,Gönyeli SK,1498.4270548696927
2017-12-02,2017-2018,Görneç KSK,1294.3562317713377
2017-12-02,2017-2018,Göçmenköy İYSK,1392.397462711507
2017-12-02,2017-2018,Akova Vuda TÇBSK,1235.4112514020044
2017-12-03,2017-2018,Küçük Kaymaklı TSK,1557.650929307251
2017-12-03,2017-2018,L. Gençler Birliği SK,1594.6896828155398
2017-12-03,2017-2018,Doğan Türk Birliği,1643.4313128586416
2017-12-03,2017-2018,Mağusa Türk Gücü,1416.7474434923888
2017-12-03,2017-2018,Yalova SK,1446.9937010714852
2017-12-03,2017-2018,Gençlik Gücü TSK,1382.5517537352998
2017-12-03,2017-2018,Esentepe KSKK,1403.2339917624947
2017-12-03,2017-2018,Girne Halk Evi SK,1374.7734354299746
2017-12-03,2017-2018,Lapta Türk Birliği SK,1310.4648004751534
2017-12-03,2017-2018,Maraş GSK,1470.9275941504236
2017-12-03,2017-2018,Çanakkale TSK,1226.186620346753
2017-12-03,2017-2018,Dumlupınar TSK,1395.1280319399511
2017-12-04,2017-2018,Binatlı YSK,1585.662113628836
2017-12-04,2017-2018,Yenicami AK,1621.8729218386388
2017-12-09,2017-2018,Gençlik Gücü TSK,1407.9417669331372
2017-12-09,2017-2018,Çetinkaya TSK,1513.1669817392853
2017-12-09,2017-2018,L. Gençler Birliği SK,1628.5559328382635
2017-12-09,2017-2018,Doğan Türk Birliği,1609.5650628359178
2017-12-09,2017-2018,Mağusa Türk Gücü,1439.044744201587
2017-12-09,2017-2018,Ozanköy SK,1322.333877320711
2017-12-09,2017-2018,Cihangir GSK,1462.4956309234965
2017-12-09,2017-2018,Binatlı YSK,1547.1226578606625
2017-12-09,2017-2018,Değirmenlik SK,1307.5647382354912
2017-12-09,2017-2018,Esentepe KSKK,1438.1590200413102
2017-12-09,2017-2018,Bostancı Bağcıl SK,1356.6714638659928
2017-12-09,2017-2018,Doğancı SK,1264.3356182908913
2017-12-09,2017-2018,Girne Halk Evi SK,1403.3222804038412
2017-12-09,2017-2018,Mormenekşe GBSK,1389.405367656292
2017-12-10,2017-2018,Baf Ülkü Yurdu,1542.9697469113005
2017-12-10,2017-2018,Küçük Kaymaklı TSK,1581.5855038453028
2017-12-10,2017-2018,Lefke TSK,1453.8887396280588
2017-12-10,2017-2018,Alsancak Yeşilova SK,1507.873519603021
2017-12-10,2017-2018,Türk Ocağı Limasol SK,1531.180470400255
2017-12-10,2017-2018,Yeniboğaziçi DSK,1399.4416504066587
2017-12-10,2017-2018,Yenicami AK,1636.2601331226276
2017-12-10,2017-2018,Yalova SK,1432.6064897874965
2017-12-10,2017-2018,Akova Vuda TÇBSK,1253.2701038279577
2017-12-10,2017-2018,Mehmetçik TÇBSK,1240.2137677678497
2017-12-10,2017-2018,Hamitköy ŞHSK,1430.272811045577
2017-12-10,2017-2018,Lapta Türk Birliği SK,1341.2946450360193
2017-12-10,2017-2018,Maraş GSK,1436.8281724674348
2017-12-10,2017-2018,Çanakkale TSK,1260.2860420297418
2017-12-10,2017-2018,Görneç KSK,1296.5373519783784
2017-12-10,2017-2018,Göçmenköy İYSK,1390.2163425044662
2017-12-11,2017-2018,Dumlupınar TSK,1417.6076998485314
2017-12-11,2017-2018,Gönyeli SK,1475.9473869611124
2017-12-15,2017-2018,Yenicami AK,1647.4463492455188
2017-12-15,2017-2018,Gençlik Gücü TSK,1396.755550810246
2017-12-16,2017-2018,Küçük Kaymaklı TSK,1591.7221915256453
2017-12-16,2017-2018,Lefke TSK,1443.7520519477164
2017-12-16,2017-2018,Alsancak Yeşilova SK,1484.750128366944
2017-12-16,2017-2018,Çetinkaya TSK,1536.2903729753623
2017-12-16,2017-2018,Ozanköy SK,1310.6294063487555
2017-12-16,2017-2018,L. Gençler Birliği SK,1640.260403810219
2017-12-16,2017-2018,Yalova SK,1430.8774960757273
2017-12-16,2017-2018,Cihangir GSK,1464.2246246352656
2017-12-16,2017-2018,Esentepe KSKK,1456.5753746351984
2017-12-16,2017-2018,Bostancı Bağcıl SK,1338.2551092721046
2017-12-16,2017-2018,Doğancı SK,1287.210642188885
2017-12-16,2017-2018,Mehmetçik TÇBSK,1217.338743869856
2017-12-16,2017-2018,Mormenekşe GBSK,1347.795790910364
2017-12-16,2017-2018,Değirmenlik SK,1349.174314981419
2017-12-16,2017-2018,Çanakkale TSK,1286.4140385929786
2017-12-16,2017-2018,Hamitköy ŞHSK,1404.1448144823403
2017-12-16,2017-2018,Görneç KSK,1270.7618935272194
2017-12-16,2017-2018,Akova Vuda TÇBSK,1279.0455622791167
2017-12-17,2017-2018,Doğan Türk Birliği,1602.5839036028115
2017-12-17,2017-2018,Baf Ülkü Yurdu,1549.9509061444069
2017-12-17,2017-2018,Yeniboğaziçi DSK,1359.7426630358623
2017-12-17,2017-2018,Mağusa Türk Gücü,1478.7437315723835
2017-12-17,2017-2018,Lapta Türk Birliği SK,1341.411363785216
2017-12-17,2017-2018,Girne Halk Evi SK,1403.2055616546445
2017-12-17,2017-2018,Gönyeli SK,1470.3915434269998
2017-12-17,2017-2018,Maraş GSK,1442.3840160015475
2017-12-17,2017-2018,Göçmenköy İYSK,1417.4089244543914
2017-12-17,2017-2018,Dumlupınar TSK,1390.4151178986062
2017-12-18,2017-2018,Binatlı YSK,1562.8193890704265
2017-12-18,2017-2018,Türk Ocağı Limasol SK,1515.483739190491
2017-12-22,2017-2018,Çetinkaya TSK,1565.895947210136
2017-12-22,2017-2018,Küçük Kaymaklı TSK,1562.1166172908715
2017-12-22,2017-2018,Lefke TSK,1429.292626558578
2017-12-22,2017-2018,Doğan Türk Birliği,1617.04332899195
2017-12-23,2017-2018,L. Gençler Birliği SK,1605.1983165826828
2017-12-23,2017-2018,Yeniboğaziçi DSK,1394.8047502633985
2017-12-23,2017-2018,Türk Ocağı Limasol SK,1487.6090800807065
2017-12-23,2017-2018,Yalova SK,1458.7521551855118
2017-12-23,2017-2018,Cihangir GSK,1451.0346713138686
2017-12-23,2017-2018,Yenicami AK,1660.636302566916
2017-12-23,2017-2018,Mehmetçik TÇBSK,1198.9468533437237
2017-12-23,2017-2018,Esentepe KSKK,1474.9672651613307
2017-12-23,2017-2018,Hamitköy ŞHSK,1424.5043663635356
2017-12-23,2017-2018,Gönyeli SK,1450.0319915458044
2017-12-23,2017-2018,Maraş GSK,1437.5877129999906
2017-12-23,2017-2018,Göçmenköy İYSK,1422.2052274559483
2017-12-23,2017-2018,Dumlupınar TSK,1411.3972798699044
2017-12-23,2017-2018,Görneç KSK,1249.7797315559212
2017-12-24,2017-2018,Gençlik Gücü TSK,1418.3635698204337
2017-12-24,2017-2018,Alsancak Yeşilova SK,1463.1421093567562
2017-12-24,2017-2018,Baf Ülkü Yurdu,1536.0101421019067
2017-12-24,2017-2018,Ozanköy SK,1324.5701703912557
2017-12-24,2017-2018,Mağusa Türk Gücü,1480.127423776179
2017-12-24,2017-2018,Binatlı YSK,1561.435696866631
2017-12-24,2017-2018,Akova Vuda TÇBSK,1296.0836478238925
2017-12-24,2017-2018,Doğancı SK,1270.1725566441091
2017-12-24,2017-2018,Bostancı Bağcıl SK,1368.20737400147
2017-12-24,2017-2018,Mormenekşe GBSK,1317.8435261809987
2017-12-24,2017-2018,Değirmenlik SK,1373.3962711461243
2017-12-24,2017-2018,Lapta Türk Birliği SK,1317.1894076205108
2017-12-24,2017-2018,Girne Halk Evi SK,1419.1341733136576
2017-12-24,2017-2018,Çanakkale TSK,1270.4854269339655
2017-12-28,2017-2018,Yenicami AK,1676.182142503357
2017-12-28,2017-2018,Türk Ocağı Limasol SK,1472.0632401442654
2017-12-29,2017-2018,Doğan Türk Birliği,1610.8548565139347
2017-12-29,2017-2018,Çetinkaya TSK,1572.0844196881512
2017-12-29,2017-2018,Yeniboğaziçi DSK,1399.3960064499415
2017-12-29,2017-2018,Baf Ülkü Yurdu,1531.4188859153637
2017-12-29,2017-2018,Binatlı YSK,1590.0346686216196
2017-12-29,2017-2018,L. Gençler Birliği SK,1576.599344827694
2017-12-30,2017-2018,Küçük Kaymaklı TSK,1533.5546596563552
2017-12-30,2017-2018,Alsancak Yeşilova SK,1491.7040669912726
2017-12-30,2017-2018,Ozanköy SK,1307.130476728832
2017-12-30,2017-2018,Lefke TSK,1446.7323202210016
2017-12-30,2017-2018,Yalova SK,1436.5378515812824
2017-12-30,2017-2018,Mağusa Türk Gücü,1502.3417273804084
2017-12-30,2017-2018,Cihangir GSK,1480.6115342169371
2017-12-30,2017-2018,Gençlik Gücü TSK,1388.786706917365
2017-12-30,2017-2018,Esentepe KSKK,1462.1205453260318
2017-12-30,2017-2018,Doğancı SK,1283.019276479408
2017-12-30,2017-2018,Mormenekşe GBSK,1328.3683480875952
2017-12-30,2017-2018,Mehmetçik TÇBSK,1188.422031437127
2017-12-30,2017-2018,Lapta Türk Birliği SK,1296.672475360525
2017-12-30,2017-2018,Bostancı Bağcıl SK,1388.724306261456
2017-12-30,2017-2018,Çanakkale TSK,1309.7863371780816
2017-12-30,2017-2018,Değirmenlik SK,1334.0953609020082
2017-12-30,2017-2018,Gönyeli SK,1464.9156960338448
2017-12-30,2017-2018,Girne Halk Evi SK,1404.2504688256172
2017-12-30,2017-2018,Görneç KSK,1236.8221172423664
2017-12-30,2017-2018,Maraş GSK,1450.5453273135454
2017-12-30,2017-2018,Dumlupınar TSK,1402.0828441041247
2017-12-30,2017-2018,Akova Vuda TÇBSK,1305.3980835896723
2018-01-06,2017-2018,Göçmenköy İYSK,1438.9139031516775
2018-01-06,2017-2018,Hamitköy ŞHSK,1407.7956906678064
2018-01-26,2017-2018,Yenicami AK,1684.4425324428548
2018-01-26,2017-2018,Mağusa Türk Gücü,1494.0813374409106
2018-01-27,2017-2018,Cihangir GSK,1496.7159930449407
2018-01-27,2017-2018,Türk Ocağı Limasol SK,1455.9587813162618
2018-01-27,2017-2018,Ozanköy SK,1289.4989961138162
2018-01-27,2017-2018,Çetinkaya TSK,1589.715900303167
2018-01-27,2017-2018,Doğan Türk Birliği,1566.6250779446416
2018-01-27,2017-2018,Alsancak Yeşilova SK,1535.9338455605657
2018-01-27,2017-2018,Akova Vuda TÇBSK,1283.5405031715934
2018-01-27,2017-2018,Esentepe KSKK,1483.9781257441107
2018-01-27,2017-2018,Göçmenköy İYSK,1433.5955948094331
2018-01-27,2017-2018,Girne Halk Evi SK,1409.5687771678615
2018-01-27,2017-2018,Çanakkale TSK,1310.8754159346017
2018-01-27,2017-2018,Bostancı Bağcıl SK,1387.6352275049358
2018-01-27,2017-2018,Lapta Türk Birliği SK,1287.6794400758336
2018-01-27,2017-2018,Mehmetçik TÇBSK,1197.4150667218184
2018-01-27,2017-2018,Mormenekşe GBSK,1342.4832346782657
2018-01-27,2017-2018,Doğancı SK,1268.9043898887376
2018-01-28,2017-2018,Gençlik Gücü TSK,1413.571770202186
2018-01-28,2017-2018,Küçük Kaymaklı TSK,1508.7695963715344
2018-01-28,2017-2018,Yeniboğaziçi DSK,1368.303019861767
2018-01-28,2017-2018,Lefke TSK,1477.825306809176
2018-01-28,2017-2018,Yalova SK,1461.066682849939
2018-01-28,2017-2018,L. Gençler Birliği SK,1552.0705135590374
2018-01-28,2017-2018,Görneç KSK,1209.1809648298956
2018-01-28,2017-2018,Hamitköy ŞHSK,1435.4368430802772
2018-01-28,2017-2018,Gönyeli SK,1474.9169121397476
2018-01-28,2017-2018,Değirmenlik SK,1324.0941447961054
2018-01-28,2017-2018,Dumlupınar TSK,1401.418935273157
2018-01-28,2017-2018,Maraş GSK,1451.209236144513
2018-01-29,2017-2018,Binatlı YSK,1583.46006955487
2018-01-29,2017-2018,Baf Ülkü Yurdu,1537.9934849821134
2018-02-03,2017-2018,Küçük Kaymaklı TSK,1478.5844261170616
2018-02-03,2017-2018,Doğan Türk Birliği,1596.8102481991143
2018-02-03,2017-2018,Lefke TSK,1460.4372516204571
2018-02-03,2017-2018,Binatlı YSK,1600.8481247435889
2018-02-03,2017-2018,Alsancak Yeşilova SK,1541.7855445429702
2018-02-03,2017-2018,Ozanköy SK,1283.6472971314117
2018-02-03,2017-2018,Türk Ocağı Limasol SK,1470.2298018829808
2018-02-03,2017-2018,Gençlik Gücü TSK,1399.300749635467
2018-02-03,2017-2018,Bostancı Bağcıl SK,1369.2024677082964
2018-02-03,2017-2018,Gönyeli SK,1493.349671936387
2018-02-03,2017-2018,Esentepe KSKK,1493.5255597543119
2018-02-03,2017-2018,Mormenekşe GBSK,1332.9358006680645
2018-02-03,2017-2018,Değirmenlik SK,1306.924551158106
2018-02-03,2017-2018,Göçmenköy İYSK,1450.7651884474326
2018-02-03,2017-2018,Maraş GSK,1467.1386399531143
2018-02-03,2017-2018,Akova Vuda TÇBSK,1267.611099362992
2018-02-03,2017-2018,Mehmetçik TÇBSK,1200.4684322216956
2018-02-03,2017-2018,Çanakkale TSK,1307.8220504347246
2018-02-04,2017-2018,L. Gençler Birliği SK,1536.1773539413398
2018-02-04,2017-2018,Yenicami AK,1700.3356920605524
2018-02-04,2017-2018,Çetinkaya TSK,1596.3244108878237
2018-02-04,2017-2018,Yeniboğaziçi DSK,1361.6945092771105
2018-02-04,2017-2018,Mağusa Türk Gücü,1470.8088069514931
2018-02-04,2017-2018,Cihangir GSK,1519.9885235343581
2018-02-04,2017-2018,Baf Ülkü Yurdu,1530.4955761673018
2018-02-04,2017-2018,Yalova SK,1468.5645916647507
2018-02-04,2017-2018,Doğancı SK,1246.5423656023954
2018-02-04,2017-2018,Lapta Türk Birliği SK,1310.0414643621757
2018-02-04,2017-2018,Hamitköy ŞHSK,1450.1530836758782
2018-02-04,2017-2018,Dumlupınar TSK,1386.702694677556
2018-02-04,2017-2018,Girne Halk Evi SK,1396.8722868124162
2018-02-04,2017-2018,Görneç KSK,1221.877455185341
2018-02-10,2017-2018,Gençlik Gücü TSK,1380.5908282310206
2018-02-10,2017-2018,Doğan Türk Birliği,1615.5201696035606
2018-02-10,2017-2018,Yeniboğaziçi DSK,1348.3447476758613
2018-02-10,2017-2018,Alsancak Yeşilova SK,1555.1353061442194
2018-02-10,2017-2018,Cihangir GSK,1517.479832605907
2018-02-10,2017-2018,L. Gençler Birliği SK,1538.686044869791
2018-02-10,2017-2018,Yalova SK,1464.692368727592
2018-02-10,2017-2018,Lefke TSK,1464.3094745576157
2018-02-10,2017-2018,Lapta Türk Birliği SK,1316.8648597804595
2018-02-10,2017-2018,Esentepe KSKK,1486.702164336028
2018-02-10,2017-2018,Dumlupınar TSK,1352.429253253377
2018-02-10,2017-2018,Girne Halk Evi SK,1431.1457282365952
2018-02-10,2017-2018,Göçmenköy İYSK,1469.1760208998035
2018-02-10,2017-2018,Bostancı Bağcıl SK,1350.7916352559255
2018-02-10,2017-2018,Görneç KSK,1223.3167893104085
2018-02-10,2017-2018,Değirmenlik SK,1305.4852170330385
2018-02-11,2017-2018,Türk Ocağı Limasol SK,1495.1484284008004
2018-02-11,2017-2018,Mağusa Türk Gücü,1445.8901804336735
2018-02-11,2017-2018,Ozanköy SK,1271.04655791596
2018-02-11,2017-2018,Küçük Kaymaklı TSK,1491.1851653325134
2018-02-11,2017-2018,Yenicami AK,1688.748037381409
2018-02-11,2017-2018,Baf Ülkü Yurdu,1542.0832308464453
2018-02-11,2017-2018,Maraş GSK,1482.7781277342879
2018-02-11,2017-2018,Hamitköy ŞHSK,1434.5135958947046
2018-02-11,2017-2018,Akova Vuda TÇBSK,1267.9175898136798
2018-02-11,2017-2018,Mormenekşe GBSK,1332.6293102173768
2018-02-11,2017-2018,Gönyeli SK,1477.9877000353438
2018-02-11,2017-2018,Mehmetçik TÇBSK,1215.8304041227389
2018-02-11,2017-2018,Çanakkale TSK,1321.1110225194977
2018-02-11,2017-2018,Doğancı SK,1233.2533935176223
2018-02-12,2017-2018,Binatlı YSK,1577.1759617828975
2018-02-12,2017-2018,Çetinkaya TSK,1619.996573848515
2018-02-16,2017-2018,Lefke TSK,1453.12658522114
2018-02-16,2017-2018,Yenicami AK,1699.9309267178846
2018-02-17,2017-2018,Küçük Kaymaklı TSK,1505.4220392606267
2018-02-17,2017-2018,Yeniboğaziçi DSK,1334.107873747748
2018-02-17,2017-2018,Baf Ülkü Yurdu,1498.7249998785244
2018-02-17,2017-2018,Cihangir GSK,1560.8380635738279
2018-02-17,2017-2018,Mağusa Türk Gücü,1470.4235016154726
2018-02-17,2017-2018,Gençlik Gücü TSK,1356.0575070492216
2018-02-17,2017-2018,Doğan Türk Birliği,1622.6244187607922
2018-02-17,2017-2018,Ozanköy SK,1263.9423087587284
2018-02-17,2017-2018,Doğancı SK,1222.9871069075416
2018-02-17,2017-2018,Gönyeli SK,1488.2539866454244
2018-02-17,2017-2018,Değirmenlik SK,1274.3584048442658
2018-02-17,2017-2018,Dumlupınar TSK,1383.5560654421497
2018-02-17,2017-2018,Esentepe KSKK,1499.5661373248229
2018-02-17,2017-2018,Çanakkale TSK,1308.247049530703
2018-02-18,2017-2018,L. Gençler Birliği SK,1493.5540330411839
2018-02-18,2017-2018,Türk Ocağı Limasol SK,1540.2804402294075
2018-02-18,2017-2018,Alsancak Yeşilova SK,1552.9588437653308
2018-02-18,2017-2018,Binatlı YSK,1579.352424161786
2018-02-18,2017-2018,Çetinkaya TSK,1628.978256756554
2018-02-18,2017-2018,Yalova SK,1455.7106858195532
2018-02-18,2017-2018,Hamitköy ŞHSK,1403.050670632162
2018-02-18,2017-2018,Akova Vuda TÇBSK,1299.3805150762223
2018-02-18,2017-2018,Girne Halk Evi SK,1430.6641435402717
2018-02-18,2017-2018,Maraş GSK,1483.2597124306114
2018-02-18,2017-2018,Mormenekşe GBSK,1356.1890451939669
2018-02-18,2017-2018,Lapta Türk Birliği SK,1293.3051248038694
2018-02-18,2017-2018,Mehmetçik TÇBSK,1260.9915359727954
2018-02-18,2017-2018,Göçmenköy İYSK,1424.014889049747
2018-02-18,2017-2018,Bostancı Bağcıl SK,1320.9379936733233
2018-02-18,2017-2018,Görneç KSK,1253.1704308930107
2018-02-23,2017-2018,Yeniboğaziçi DSK,1316.1238461267912
2018-02-23,2017-2018,Doğan Türk Birliği,1640.608446381749
2018-02-24,2017-2018,Binatlı YSK,1531.4913476888491
2018-02-24,2017-2018,Küçük Kaymaklı TSK,1553.2831157335636
2018-02-24,2017-2018,Gençlik Gücü TSK,1373.7023644388803
2018-02-24,2017-2018,Ozanköy SK,1246.2974513690697
2018-02-24,2017-2018,Yalova SK,1457.8466848815933
2018-02-24,2017-2018,Alsancak Yeşilova SK,1550.8228447032907
2018-02-24,2017-2018,Akova Vuda TÇBSK,1323.7429118706827
2018-02-24,2017-2018,Lapta Türk Birliği SK,1268.942728009409
2018-02-24,2017-2018,Dumlupınar TSK,1406.6922758426826
2018-02-24,2017-2018,Bostancı Bağcıl SK,1297.8017832727903
2018-02-24,2017-2018,Görneç KSK,1282.9531941915511
2018-02-24,2017-2018,Mehmetçik TÇBSK,1231.208772674255
2018-02-24,2017-2018,Maraş GSK,1450.2751858856616
2018-02-24,2017-2018,Değirmenlik SK,1307.3429313892157
2018-02-25,2017-2018,Türk Ocağı Limasol SK,1514.5954321193651
2018-02-25,2017-2018,Baf Ülkü Yurdu,1524.4100079885668
2018-02-25,2017-2018,Mağusa Türk Gücü,1501.7232209495658
2018-02-25,2017-2018,L. Gençler Birliği SK,1462.2543137070907
2018-02-25,2017-2018,Cihangir GSK,1517.3856651909382
2018-02-25,2017-2018,Lefke TSK,1496.5789836040296
2018-02-25,2017-2018,Gönyeli SK,1448.3811210712943
2018-02-25,2017-2018,Esentepe KSKK,1539.439002898953
2018-02-25,2017-2018,Hamitköy ŞHSK,1434.797530447522
2018-02-25,2017-2018,Girne Halk Evi SK,1398.9172837249118
2018-02-25,2017-2018,Göçmenköy İYSK,1411.2964312312486
2018-02-25,2017-2018,Doğancı SK,1235.70556472604
2018-02-26,2017-2018,Yenicami AK,1723.9300721784998
2018-02-26,2017-2018,Çetinkaya TSK,1604.9791112959388
2018-02-28,2017-2018,Çanakkale TSK,1272.0328365726098
2018-02-28,2017-2018,Mormenekşe GBSK,1392.40325815206
2018-03-02,2017-2018,Baf Ülkü Yurdu,1551.2340802588988
2018-03-02,2017-2018,Mağusa Türk Gücü,1474.8991486792338
2018-03-03,2017-2018,Lefke TSK,1529.5694723771987
2018-03-03,2017-2018,Türk Ocağı Limasol SK,1481.604943346196
2018-03-03,2017-2018,L. Gençler Birliği SK,1474.1885954805668
2018-03-03,2017-2018,Gençlik Gücü TSK,1361.768082665404
2018-03-03,2017-2018,Küçük Kaymaklı TSK,1573.592053325756
2018-03-03,2017-2018,Yalova SK,1437.5377472894008
2018-03-03,2017-2018,Esentepe KSKK,1554.6149209906682
2018-03-03,2017-2018,Göçmenköy İYSK,1396.1205131395334
2018-03-03,2017-2018,Mehmetçik TÇBSK,1257.6220743259737
2018-03-03,2017-2018,Dumlupınar TSK,1380.278974190964
2018-03-03,2017-2018,Lapta Türk Birliği SK,1294.0722145084865
2018-03-03,2017-2018,Çanakkale TSK,1246.9033500735322
2018-03-03,2017-2018,Bostancı Bağcıl SK,1335.6032221631513
2018-03-03,2017-2018,Maraş GSK,1412.4737469953006
2018-03-04,2017-2018,Alsancak Yeşilova SK,1537.113154627543
2018-03-04,2017-2018,Yenicami AK,1737.6397622542474
2018-03-04,2017-2018,Ozanköy SK,1226.8629533461772
2018-03-04,2017-2018,Yeniboğaziçi DSK,1335.5583441496838
2018-03-04,2017-2018,Çetinkaya TSK,1596.9596465116715
2018-03-04,2017-2018,Cihangir GSK,1525.4051299752055
2018-03-04,2017-2018,Mormenekşe GBSK,1422.0559744329273
2018-03-04,2017-2018,Gönyeli SK,1418.728404790427
2018-03-04,2017-2018,Değirmenlik SK,1331.1778659677552
2018-03-04,2017-2018,Hamitköy ŞHSK,1410.9625958689824
2018-03-04,2017-2018,Girne Halk Evi SK,1422.521573673219
2018-03-04,2017-2018,Akova Vuda TÇBSK,1300.1386219223755
2018-03-04,2017-2018,Doğancı SK,1271.8297722622794
2018-03-04,2017-2018,Görneç KSK,1246.8289866553116
2018-03-05,2017-2018,Doğan Türk Birliği,1597.0592577147909
2018-03-05,2017-2018,Binatlı YSK,1575.0405363558073
2018-03-10,2017-2018,Gençlik Gücü TSK,1390.1495259776443
2018-03-10,2017-2018,Yeniboğaziçi DSK,1307.1769008374436
2018-03-10,2017-2018,Cihangir GSK,1491.261913287377
2018-03-10,2017-2018,Alsancak Yeşilova SK,1571.2563713153716
2018-03-10,2017-2018,Mağusa Türk Gücü,1494.5923719120174
2018-03-10,2017-2018,Lefke TSK,1509.8762491444152
2018-03-10,2017-2018,Görneç KSK,1233.272448351833
2018-03-10,2017-2018,Esentepe KSKK,1568.1714592941469
2018-03-10,2017-2018,Gönyeli SK,1428.99812339883
2018-03-10,2017-2018,Lapta Türk Birliği SK,1283.8024959000834
2018-03-10,2017-2018,Akova Vuda TÇBSK,1313.841671063691
2018-03-10,2017-2018,Çanakkale TSK,1233.2003009322168
2018-03-10,2017-2018,Girne Halk Evi SK,1440.2217987022086
2018-03-10,2017-2018,Değirmenlik SK,1313.4776409387657
2018-03-11,2017-2018,Yenicami AK,1754.9117478847568
2018-03-11,2017-2018,Küçük Kaymaklı TSK,1556.3200676952467
2018-03-11,2017-2018,Yalova SK,1423.114954888316
2018-03-11,2017-2018,Doğan Türk Birliği,1611.4820501158756
2018-03-11,2017-2018,Binatlı YSK,1520.2661089870955
2018-03-11,2017-2018,Ozanköy SK,1281.6373807148889
2018-03-11,2017-2018,L. Gençler Birliği SK,1445.6592412062541
2018-03-11,2017-2018,Baf Ülkü Yurdu,1579.7634345332115
2018-03-11,2017-2018,Hamitköy ŞHSK,1423.5423650393193
2018-03-11,2017-2018,Bostancı Bağcıl SK,1323.0234529928143
2018-03-11,2017-2018,Göçmenköy İYSK,1374.1658599776517
2018-03-11,2017-2018,Mormenekşe GBSK,1444.010627594809
2018-03-11,2017-2018,Maraş GSK,1401.4735864347176
2018-03-11,2017-2018,Mehmetçik TÇBSK,1268.6222348865567
2018-03-11,2017-2018,Dumlupınar TSK,1351.276813129397
2018-03-11,2017-2018,Doğancı SK,1300.8319333238464
2018-03-12,2017-2018,Türk Ocağı Limasol SK,1504.764725346767
2018-03-12,2017-2018,Çetinkaya TSK,1573.7998645111006
2018-03-17,2017-2018,Küçük Kaymaklı TSK,1515.9650656409533
2018-03-17,2017-2018,Cihangir GSK,1531.6169153416704
2018-03-17,2017-2018,Baf Ülkü Yurdu,1547.4445113859106
2018-03-17,2017-2018,Gençlik Gücü TSK,1422.4684491249452
2018-03-17,2017-2018,Çetinkaya TSK,1566.1893991658085
2018-03-17,2017-2018,Mağusa Türk Gücü,1502.2028372573095
2018-03-17,2017-2018,Doğan Türk Birliği,1616.1944203298813
2018-03-17,2017-2018,Yenicami AK,1750.1993776707511
2018-03-17,2017-2018,Esentepe KSKK,1574.9247061283686
2018-03-17,2017-2018,Dumlupınar TSK,1344.5235662951752
2018-03-17,2017-2018,Değirmenlik SK,1310.0780399544642
2018-03-17,2017-2018,Akova Vuda TÇBSK,1317.2412720479924
2018-03-17,2017-2018,Doğancı SK,1303.160842150157
2018-03-17,2017-2018,Maraş GSK,1399.1446776084072
2018-03-18,2017-2018,Yeniboğaziçi DSK,1286.6726174319576
2018-03-18,2017-2018,Binatlı YSK,1540.7703923925815
2018-03-18,2017-2018,Ozanköy SK,1324.698048533288
2018-03-18,2017-2018,Yalova SK,1380.0542870699169
2018-03-18,2017-2018,Lefke TSK,1534.5125348423658
2018-03-18,2017-2018,L. Gençler Birliği SK,1421.0229555083035
2018-03-18,2017-2018,Çanakkale TSK,1260.6422865476952
2018-03-18,2017-2018,Gönyeli SK,1401.5561377833517
2018-03-18,2017-2018,Mehmetçik TÇBSK,1293.954272260343
2018-03-18,2017-2018,Hamitköy ŞHSK,1398.210327665533
2018-03-18,2017-2018,Bostancı Bağcıl SK,1297.9182138696772
2018-03-18,2017-2018,Girne Halk Evi SK,1465.3270378253458
2018-03-18,2017-2018,Lapta Türk Birliği SK,1321.8534800961518
2018-03-18,2017-2018,Göçmenköy İYSK,1336.1148757815834
2018-03-18,2017-2018,Mormenekşe GBSK,1454.4423968006172
2018-03-18,2017-2018,Görneç KSK,1222.8406791460247
2018-03-19,2017-2018,Alsancak Yeşilova SK,1584.280453234368
2018-03-19,2017-2018,Türk Ocağı Limasol SK,1491.7406434277705
2018-03-24,2017-2018,Yalova SK,1371.757077675807
2018-03-24,2017-2018,Yeniboğaziçi DSK,1294.9698268260674
2018-03-24,2017-2018,Gençlik Gücü TSK,1397.4559171642115
2018-03-24,2017-2018,Binatlı YSK,1565.7829243533151
2018-03-24,2017-2018,L. Gençler Birliği SK,1398.2329803816192
2018-03-24,2017-2018,Çetinkaya TSK,1588.9793742924928
2018-03-24,2017-2018,Maraş GSK,1445.3947480003653
2018-03-24,2017-2018,Esentepe KSKK,1528.6746357364104
2018-03-24,2017-2018,Görneç KSK,1245.0770452621396
2018-03-24,2017-2018,Lapta Türk Birliği SK,1299.6171139800372
2018-03-24,2017-2018,Dumlupınar TSK,1387.3747178597566
2018-03-24,2017-2018,Mormenekşe GBSK,1411.5912452360358
2018-03-24,2017-2018,Girne Halk Evi SK,1453.6809227581582
2018-03-24,2017-2018,Mehmetçik TÇBSK,1305.6003873275306
2018-03-24,2017-2018,Göçmenköy İYSK,1308.6890255128885
2018-03-24,2017-2018,Çanakkale TSK,1288.06813681639
2018-03-25,2017-2018,Cihangir GSK,1513.0293550405222
2018-03-25,2017-2018,Doğan Türk Birliği,1634.7819806310295
2018-03-25,2017-2018,Türk Ocağı Limasol SK,1489.6884834533405
2018-03-25,2017-2018,Küçük Kaymaklı TSK,1518.0172256153833
2018-03-25,2017-2018,Yenicami AK,1732.5036750196116
2018-03-25,2017-2018,Ozanköy SK,1342.3937511844276
2018-03-25,2017-2018,Mağusa Türk Gücü,1483.4720191756119
2018-03-25,2017-2018,Alsancak Yeşilova SK,1603.0112713160656
2018-03-25,2017-2018,Akova Vuda TÇBSK,1298.6386676199932
2018-03-25,2017-2018,Gönyeli SK,1420.158742211351
2018-03-25,2017-2018,Değirmenlik SK,1305.9829007963328
2018-03-25,2017-2018,Bostancı Bağcıl SK,1302.0133530278085
2018-03-25,2017-2018,Hamitköy ŞHSK,1369.8337933783878
2018-03-25,2017-2018,Doğancı SK,1331.537376437302
2018-03-26,2017-2018,Baf Ülkü Yurdu,1523.3068066381595
2018-03-26,2017-2018,Lefke TSK,1558.6502395901168
2018-03-30,2017-2018,Doğan Türk Birliği,1581.227919367741
2018-03-30,2017-2018,Türk Ocağı Limasol SK,1543.242544716629
2018-03-31,2017-2018,Yeniboğaziçi DSK,1310.882721824766
2018-03-31,2017-2018,Yenicami AK,1716.5907800209131
2018-03-31,2017-2018,Küçük Kaymaklı TSK,1480.0492507149213
2018-03-31,2017-2018,Mağusa Türk Gücü,1521.4399940760738
2018-03-31,2017-2018,Ozanköy SK,1318.176937342271
2018-03-31,2017-2018,Cihangir GSK,1537.2461688826788
2018-03-31,2017-2018,Alsancak Yeşilova SK,1615.5304831279766
2018-03-31,2017-2018,L. Gençler Birliği SK,1385.7137685697082
2018-03-31,2017-2018,Esentepe KSKK,1470.2509165182632
2018-03-31,2017-2018,Hamitköy ŞHSK,1428.257512596535
2018-03-31,2017-2018,Doğancı SK,1372.7316831403475
2018-03-31,2017-2018,Girne Halk Evi SK,1412.4866160551128
2018-03-31,2017-2018,Gönyeli SK,1431.0184768007125
2018-03-31,2017-2018,Göçmenköy İYSK,1297.829290923527
2018-03-31,2017-2018,Lapta Türk Birliği SK,1281.2115791292897
2018-03-31,2017-2018,Dumlupınar TSK,1405.780252710504
2018-03-31,2017-2018,Bostancı Bağcıl SK,1298.4051422386638
2018-03-31,2017-2018,Akova Vuda TÇBSK,1302.246878409138
2018-04-01,2017-2018,Lefke TSK,1576.1457119160414
2018-04-01,2017-2018,Gençlik Gücü TSK,1379.960444838287
2018-04-01,2017-2018,Çetinkaya TSK,1602.044903959867
2018-04-01,2017-2018,Baf Ülkü Yurdu,1510.2412769707853
2018-04-01,2017-2018,Mehmetçik TÇBSK,1302.201819597372
2018-04-01,2017-2018,Değirmenlik SK,1309.3814685264915
2018-04-01,2017-2018,Çanakkale TSK,1282.307252923704
2018-04-01,2017-2018,Görneç KSK,1250.8379291548256
2018-04-01,2017-2018,Mormenekşe GBSK,1430.0861048445386
2018-04-01,2017-2018,Maraş GSK,1426.8998883918625
2018-04-02,2017-2018,Binatlı YSK,1578.95113372484
2018-04-02,2017-2018,Yalova SK,1358.5888683042822
2018-04-06,2017-2018,Hamitköy ŞHSK,1393.281005058483
2018-04-06,2017-2018,Mormenekşe GBSK,1465.0626123825905
2018-04-07,2017-2018,Türk Ocağı Limasol SK,1554.6058672871627
2018-04-07,2017-2018,Ozanköy SK,1306.8136147717373
2018-04-07,2017-2018,Gençlik Gücü TSK,1395.3601274257378
2018-04-07,2017-2018,Yalova SK,1343.1891857168314
2018-04-07,2017-2018,Baf Ülkü Yurdu,1532.8336666802297
2018-04-07,2017-2018,Alsancak Yeşilova SK,1592.9380934185322
2018-04-07,2017-2018,Lefke TSK,1574.1889908916582
2018-04-07,2017-2018,Çetinkaya TSK,1604.0016249842502
2018-04-07,2017-2018,Dumlupınar TSK,1416.1020459744154
2018-04-07,2017-2018,Çanakkale TSK,1271.9854596597927
2018-04-07,2017-2018,Görneç KSK,1225.8157186116778
2018-04-07,2017-2018,Gönyeli SK,1456.0406873438603
2018-04-08,2017-2018,Mağusa Türk Gücü,1491.4216820760228
2018-04-08,2017-2018,Doğan Türk Birliği,1611.246231367792
2018-04-08,2017-2018,Cihangir GSK,1548.5385570096053
2018-04-08,2017-2018,Yeniboğaziçi DSK,1299.5903336978395
2018-04-08,2017-2018,L. Gençler Birliği SK,1351.907705628001
2018-04-08,2017-2018,Küçük Kaymaklı TSK,1513.8553136566286
2018-04-08,2017-2018,Maraş GSK,1440.9595140232584
2018-04-08,2017-2018,Lapta Türk Birliği SK,1267.1519534978938
2018-04-08,2017-2018,Akova Vuda TÇBSK,1260.830924362256
2018-04-08,2017-2018,Göçmenköy İYSK,1339.245244970409
2018-04-08,2017-2018,Bostancı Bağcıl SK,1295.1977475769838
2018-04-08,2017-2018,Mehmetçik TÇBSK,1305.4092142590519
2018-04-08,2017-2018,Değirmenlik SK,1289.5743164051369
2018-04-08,2017-2018,Doğancı SK,1392.5388352617022
2018-04-09,2017-2018,Yenicami AK,1726.3004571174426
2018-04-09,2017-2018,Binatlı YSK,1569.2414566283105
2018-04-14,2017-2018,Ozanköy SK,1313.6941169931815
2018-04-14,2017-2018,Mağusa Türk Gücü,1484.5411798545786
2018-04-14,2017-2018,Yeniboğaziçi DSK,1329.7691579629764
2018-04-14,2017-2018,Türk Ocağı Limasol SK,1524.4270430220258
2018-04-14,2017-2018,Çetinkaya TSK,1614.5378195382284
2018-04-14,2017-2018,Gençlik Gücü TSK,1384.8239328717596
2018-04-14,2017-2018,Doğan Türk Birliği,1616.7365182122167
2018-04-14,2017-2018,L. Gençler Birliği SK,1346.4174187835763
2018-04-14,2017-2018,Yalova SK,1335.1068486876227
2018-04-14,2017-2018,Yenicami AK,1734.3827941466513
2018-04-14,2017-2018,Binatlı YSK,1598.1842459603656
2018-04-14,2017-2018,Cihangir GSK,1519.5957676775502
2018-04-14,2017-2018,Küçük Kaymaklı TSK,1491.5048299855646
2018-04-14,2017-2018,Baf Ülkü Yurdu,1555.1841503512937
2018-04-14,2017-2018,Alsancak Yeşilova SK,1588.4809967037104
2018-04-14,2017-2018,Lefke TSK,1578.64608760648
2018-04-14,2017-2018,Mormenekşe GBSK,1438.7998708317305
2018-04-14,2017-2018,Girne Halk Evi SK,1438.7493576059728
2018-04-14,2017-2018,Esentepe KSKK,1458.2563481852585
2018-04-14,2017-2018,Değirmenlik SK,1301.5688847381416
2018-04-15,2017-2018,Gönyeli SK,1470.4413424266556
2018-04-15,2017-2018,Dumlupınar TSK,1401.7013908916201
2018-04-15,2017-2018,Lapta Türk Birliği SK,1270.9133354559065
2018-04-15,2017-2018,Hamitköy ŞHSK,1389.5196231004704
2018-04-15,2017-2018,Doğancı SK,1404.0538269969181
2018-04-15,2017-2018,Bostancı Bağcıl SK,1283.6827558417679
2018-04-15,2017-2018,Mehmetçik TÇBSK,1279.564655201206
2018-04-15,2017-2018,Akova Vuda TÇBSK,1286.6754834201017
2018-04-15,2017-2018,Göçmenköy İYSK,1355.4013131657634
2018-04-15,2017-2018,Görneç KSK,1209.6596504163233
2018-04-15,2017-2018,Çanakkale TSK,1298.060585541421
2018-04-15,2017-2018,Maraş GSK,1414.88438814163
2018-04-18,2017-2018,Girne Halk Evi SK,1469.688538935858
2018-04-18,2017-2018,Esentepe KSKK,1427.3171668553732
2018-04-21,2017-2018,Gençlik Gücü TSK,1378.470067296146
2018-04-21,2017-2018,Yenicami AK,1740.736659722265
2018-04-21,2017-2018,Baf Ülkü Yurdu,1575.2735112340222
2018-04-21,2017-2018,Doğan Türk Birliği,1596.6471573294882
2018-04-21,2017-2018,Mağusa Türk Gücü,1501.4218758920165
2018-04-21,2017-2018,Yeniboğaziçi DSK,1312.8884619255384
2018-04-21,2017-2018,Lefke TSK,1590.6484791762812
2018-04-21,2017-2018,Küçük Kaymaklı TSK,1479.5024384157634
2018-04-21,2017-2018,Türk Ocağı Limasol SK,1545.2185576598545
2018-04-21,2017-2018,Binatlı YSK,1577.392731322537
2018-04-21,2017-2018,L. Gençler Birliği SK,1361.2030494895719
2018-04-21,2017-2018,Ozanköy SK,1298.908486287186
2018-04-21,2017-2018,Cihangir GSK,1533.3609761214905
2018-04-21,2017-2018,Yalova SK,1321.3416402436824
2018-04-22,2017-2018,Maraş GSK,1384.5007656472574
2018-04-22,2017-2018,Gönyeli SK,1500.8249649210284
2018-04-22,2017-2018,Bostancı Bağcıl SK,1320.7680038834696
2018-04-22,2017-2018,Esentepe KSKK,1390.2319188136714
2018-04-22,2017-2018,Girne Halk Evi SK,1483.4868361864317
2018-04-22,2017-2018,Lapta Türk Birliği SK,1257.115038205333
2018-04-22,2017-2018,Değirmenlik SK,1338.1298346979647
2018-04-22,2017-2018,Mormenekşe GBSK,1402.2389208719073
2018-04-22,2017-2018,Dumlupınar TSK,1428.0731210639478
2018-04-22,2017-2018,Göçmenköy İYSK,1329.0295829934357
2018-04-22,2017-2018,Hamitköy ŞHSK,1411.6345502492068
2018-04-22,2017-2018,Çanakkale TSK,1275.9456583926844
2018-04-22,2017-2018,Akova Vuda TÇBSK,1310.108646329102
2018-04-22,2017-2018,Görneç KSK,1186.226487507323
2018-04-22,2017-2018,Mehmetçik TÇBSK,1303.2348967588887
2018-04-22,2017-2018,Doğancı SK,1380.3835854392355
2018-04-23,2017-2018,Çetinkaya TSK,1609.6828722528553
2018-04-23,2017-2018,Alsancak Yeşilova SK,1593.3359439890835
2018-04-28,2017-2018,Binatlı YSK,1569.9421658401466
2018-04-28,2017-2018,Mağusa Türk Gücü,1508.872441374407
2018-04-28,2017-2018,Yalova SK,1364.5282074886918
2018-04-28,2017-2018,Türk Ocağı Limasol SK,1502.031990414845
2018-04-28,2017-2018,Yenicami AK,1691.3362954906602
2018-04-28,2017-2018,Cihangir GSK,1582.7613403530952
2018-04-28,2017-2018,Alsancak Yeşilova SK,1580.154997238658
2018-04-28,2017-2018,Gençlik Gücü TSK,1391.6510140465714
2018-04-28,2017-2018,Ozanköy SK,1279.9126380298069
2018-04-28,2017-2018,Baf Ülkü Yurdu,1594.2693594914012
2018-04-28,2017-2018,Yeniboğaziçi DSK,1276.711739374007
2018-04-28,2017-2018,L. Gençler Birliği SK,1397.3797720411033
2018-04-28,2017-2018,Doğan Türk Birliği,1612.893015330598
2018-04-28,2017-2018,Lefke TSK,1574.4026211751714
2018-04-28,2017-2018,Gönyeli SK,1512.7284939911478
2018-04-28,2017-2018,Hamitköy ŞHSK,1399.7310211790873
2018-04-29,2017-2018,Küçük Kaymaklı TSK,1483.4882853928082
2018-04-29,2017-2018,Çetinkaya TSK,1605.6970252758106
2018-04-29,2017-2018,Çanakkale TSK,1303.9625979732032
2018-04-29,2017-2018,Girne Halk Evi SK,1455.469896605913
2018-04-29,2017-2018,Mormenekşe GBSK,1374.5173056423334
2018-04-29,2017-2018,Bostancı Bağcıl SK,1348.4896191130435
2018-04-29,2017-2018,Görneç KSK,1170.6360072741168
2018-04-29,2017-2018,Dumlupınar TSK,1443.6636012971542
2018-04-29,2017-2018,Esentepe KSKK,1402.2412867433113
2018-04-29,2017-2018,Mehmetçik TÇBSK,1291.2255288292488
2018-04-29,2017-2018,Doğancı SK,1353.217110062666
2018-04-29,2017-2018,Akova Vuda TÇBSK,1337.2751217056714
2018-04-29,2017-2018,Lapta Türk Birliği SK,1238.3232740537055
2018-04-29,2017-2018,Değirmenlik SK,1356.921598849592
2018-04-29,2017-2018,Göçmenköy İYSK,1328.7688980749087
2018-04-29,2017-2018,Maraş GSK,1384.7614505657843
2018-05-04,2017-2018,Çetinkaya TSK,1602.6805716968602
2018-05-04,2017-2018,Doğan Türk Birliği,1615.9094689095484
2018-05-05,2017-2018,Türk Ocağı Limasol SK,1542.7085802166719
2018-05-05,2017-2018,Yenicami AK,1650.6597056888334
2018-05-05,2017-2018,Baf Ülkü Yurdu,1578.3559623783858
2018-05-05,2017-2018,Yeniboğaziçi DSK,1292.6251364870225
2018-05-05,2017-2018,Alsancak Yeşilova SK,1600.3619863822432
2018-05-05,2017-2018,Küçük Kaymaklı TSK,1463.281296249223
2018-05-05,2017-2018,Lefke TSK,1584.1780289816115
2018-05-05,2017-2018,Ozanköy SK,1270.1372302233667
2018-05-05,2017-2018,Gençlik Gücü TSK,1398.8593676144003
2018-05-05,2017-2018,Cihangir GSK,1575.5529867852663
2018-05-05,2017-2018,Mağusa Türk Gücü,1526.551300680644
2018-05-05,2017-2018,Yalova SK,1346.8493481824546
2018-05-05,2017-2018,L. Gençler Birliği SK,1446.6210882230787
2018-05-05,2017-2018,Binatlı YSK,1520.7008496581711
2018-05-06,2017-2018,Girne Halk Evi SK,1475.3120920609124
2018-05-06,2017-2018,Gönyeli SK,1492.8862985361484
2018-05-06,2017-2018,Doğancı SK,1391.953891902597
2018-05-06,2017-2018,Esentepe KSKK,1363.5045049033804
2018-05-06,2017-2018,Bostancı Bağcıl SK,1304.8684099606103
2018-05-06,2017-2018,Lapta Türk Birliği SK,1281.9444832061386
2018-05-06,2017-2018,Mehmetçik TÇBSK,1272.5643062843835
2018-05-06,2017-2018,Mormenekşe GBSK,1393.1785281871987
2018-05-06,2017-2018,Hamitköy ŞHSK,1412.530091795669
2018-05-06,2017-2018,Göçmenköy İYSK,1315.969827458327
2018-05-06,2017-2018,Akova Vuda TÇBSK,1359.9297017998938
2018-05-06,2017-2018,Dumlupınar TSK,1421.0090212029318
2018-05-06,2017-2018,Değirmenlik SK,1317.4976683551236
2018-05-06,2017-2018,Çanakkale TSK,1343.3865284676717
2018-05-06,2017-2018,Maraş GSK,1396.7370452745563
2018-05-06,2017-2018,Görneç KSK,1158.6604125653448
2018-09-20,2018-2019,Türk Ocağı Limasol SK,1537.7922474899638
2018-09-20,2018-2019,Doğan Türk Birliği,1533.5734744757547
2018-09-21,2018-2019,Çetinkaya TSK,1568.7820952774516
2018-09-21,2018-2019,Baf Ülkü Yurdu,1519.397490400036
2018-09-22,2018-2019,L. Gençler Birliği SK,1430.7867168970124
2018-09-22,2018-2019,Gençlik Gücü TSK,1405.72581010215
2018-09-22,2018-2019,Küçük Kaymaklı TSK,1450.0530960926123
2018-09-22,2018-2019,Cihangir GSK,1531.4748013043077
2018-09-22,2018-2019,Değirmenlik SK,1319.085011182922
2018-09-22,2018-2019,Doğancı SK,1415.4058441314214
2018-09-22,2018-2019,Mormenekşe GBSK,1410.7622165187747
2018-09-22,2018-2019,Yalova SK,1346.6608758795185
2018-09-22,2018-2019,Düzkaya KOSK,1357.6398553777155
2018-09-22,2018-2019,Göçmenköy İYSK,1364.063434155627
2018-09-22,2018-2019,Çanakkale TSK,1324.6570240085994
2018-09-22,2018-2019,Akova Vuda TÇBSK,1405.2323338131282
2018-09-23,2018-2019,Esentepe KSKK,1379.7227898480503
2018-09-23,2018-2019,Lefke TSK,1533.4412956867468
2018-09-23,2018-2019,Gönyeli SK,1486.71441137823
2018-09-23,2018-2019,Girne Halk Evi SK,1441.8365666906188
2018-09-23,2018-2019,Alsancak Yeşilova SK,1498.65894241314
2018-09-23,2018-2019,Mağusa Türk Gücü,1548.9282080050787
2018-09-23,2018-2019,Maraş GSK,1359.563619146737
2018-09-23,2018-2019,Dumlupınar TSK,1456.1481158324323
2018-09-23,2018-2019,Hamitköy ŞHSK,1402.9097701009214
2018-09-23,2018-2019,M. Karşıyaka ASK,1337.4841923967006
2018-09-23,2018-2019,Bostancı Bağcıl SK,1286.3570422283665
2018-09-23,2018-2019,Ozanköy SK,1347.2993730306696
2018-09-23,2018-2019,Yeniboğaziçi DSK,1321.0571894391496
2018-09-23,2018-2019,Mesarya SK,1387.0106674705803
2018-09-24,2018-2019,Binatlı YSK,1473.8753037792194
2018-09-24,2018-2019,Yenicami AK,1607.0472978520872
2018-09-28,2018-2019,Mağusa Türk Gücü,1546.6274426373395
2018-09-28,2018-2019,Çetinkaya TSK,1571.0828606451907
2018-09-29,2018-2019,Gençlik Gücü TSK,1434.1282490663425
2018-09-29,2018-2019,Esentepe KSKK,1351.3203508838578
2018-09-29,2018-2019,Girne Halk Evi SK,1473.7688011629737
2018-09-29,2018-2019,L. Gençler Birliği SK,1398.8544824246576
2018-09-29,2018-2019,Baf Ülkü Yurdu,1545.8220790320677
2018-09-29,2018-2019,Türk Ocağı Limasol SK,1511.3676588579322
2018-09-29,2018-2019,Dumlupınar TSK,1474.3995542125606
2018-09-29,2018-2019,Değirmenlik SK,1300.8335728027937
2018-09-29,2018-2019,Yalova SK,1381.2830113005436
2018-09-29,2018-2019,Hamitköy ŞHSK,1368.2876346798962
2018-09-29,2018-2019,Mesarya SK,1358.3699299340033
2018-09-29,2018-2019,Bostancı Bağcıl SK,1314.9977797649435
2018-09-29,2018-2019,Göçmenköy İYSK,1338.3017503599622
2018-09-29,2018-2019,Yeniboğaziçi DSK,1346.8188732348144
2018-09-29,2018-2019,Doğancı SK,1362.5845782552633
2018-09-29,2018-2019,Çanakkale TSK,1377.4782898847575
2018-09-30,2018-2019,Yenicami AK,1622.738540921493
2018-09-30,2018-2019,Gönyeli SK,1471.023168308824
2018-09-30,2018-2019,Cihangir GSK,1487.3409654097381
2018-09-30,2018-2019,Alsancak Yeşilova SK,1542.7927783077096
2018-09-30,2018-2019,Lefke TSK,1554.7644663493663
2018-09-30,2018-2019,Küçük Kaymaklı TSK,1428.7299254299928
2018-09-30,2018-2019,M. Karşıyaka ASK,1370.9074606377742
2018-09-30,2018-2019,Maraş GSK,1326.1403509056634
2018-09-30,2018-2019,Ozanköy SK,1347.4987037251933
2018-09-30,2018-2019,Mormenekşe GBSK,1410.562885824251
2018-09-30,2018-2019,Akova Vuda TÇBSK,1379.229486702347
2018-09-30,2018-2019,Düzkaya KOSK,1383.6427024884968
2018-10-01,2018-2019,Doğan Türk Birliği,1506.9433583165062
2018-10-01,2018-2019,Binatlı YSK,1500.5054199384679
2018-10-05,2018-2019,Türk Ocağı Limasol SK,1489.945899771182
2018-10-05,2018-2019,Mağusa Türk Gücü,1568.0492017240897
2018-10-06,2018-2019,Esentepe KSKK,1374.8769539986895
2018-10-06,2018-2019,Girne Halk Evi SK,1450.212198048142
2018-10-06,2018-2019,L. Gençler Birliği SK,1387.6458589033484
2018-10-06,2018-2019,Yenicami AK,1633.9471644428022
2018-10-06,2018-2019,Çetinkaya TSK,1529.3339973266352
2018-10-06,2018-2019,Cihangir GSK,1529.0898287282937
2018-10-06,2018-2019,Hamitköy ŞHSK,1403.008419886818
2018-10-06,2018-2019,Ozanköy SK,1312.7779185182715
2018-10-06,2018-2019,Mormenekşe GBSK,1431.1986150563046
2018-10-06,2018-2019,Mesarya SK,1337.7342007019497
2018-10-06,2018-2019,Düzkaya KOSK,1407.997684285768
2018-10-06,2018-2019,Çanakkale TSK,1353.1233080874863
2018-10-06,2018-2019,Dumlupınar TSK,1496.0875903490028
2018-10-06,2018-2019,Doğancı SK,1340.8965421188211
2018-10-07,2018-2019,Gönyeli SK,1503.6012906404176
2018-10-07,2018-2019,Doğan Türk Birliği,1474.3652359849127
2018-10-07,2018-2019,Alsancak Yeşilova SK,1533.5348209204762
2018-10-07,2018-2019,Küçük Kaymaklı TSK,1437.9878828172261
2018-10-07,2018-2019,Gençlik Gücü TSK,1437.5837377773555
2018-10-07,2018-2019,Lefke TSK,1551.3089776383533
2018-10-07,2018-2019,Değirmenlik SK,1281.4133099474466
2018-10-07,2018-2019,M. Karşıyaka ASK,1390.3277234931213
2018-10-07,2018-2019,Maraş GSK,1295.720961813065
2018-10-07,2018-2019,Yalova SK,1411.702400393142
2018-10-07,2018-2019,Bostancı Bağcıl SK,1292.893206558732
2018-10-07,2018-2019,Göçmenköy İYSK,1360.4063235661738
2018-10-07,2018-2019,Yeniboğaziçi DSK,1309.0453980631742
2018-10-07,2018-2019,Akova Vuda TÇBSK,1417.0029618739873
2018-10-08,2018-2019,Binatlı YSK,1464.0271281175028
2018-10-08,2018-2019,Baf Ülkü Yurdu,1582.3003708530327
2018-10-12,2018-2019,Lefke TSK,1546.9052492718206
2018-10-12,2018-2019,Alsancak Yeşilova SK,1537.938549287009
2018-10-13,2018-2019,Doğan Türk Birliği,1495.4051421564195
2018-10-13,2018-2019,L. Gençler Birliği SK,1366.6059527318416
2018-10-13,2018-2019,Mağusa Türk Gücü,1587.653077887093
2018-10-13,2018-2019,Binatlı YSK,1444.4232519544994
2018-10-13,2018-2019,Küçük Kaymaklı TSK,1439.7874301554841
2018-10-13,2018-2019,Çetinkaya TSK,1527.5344499883772
2018-10-13,2018-2019,Yalova SK,1429.2446999436072
2018-10-13,2018-2019,Değirmenlik SK,1263.8710103969813
2018-10-13,2018-2019,Göçmenköy İYSK,1381.027378066445
2018-10-13,2018-2019,Mormenekşe GBSK,1410.5775605560334
2018-10-13,2018-2019,Akova Vuda TÇBSK,1437.5904557777405
2018-10-13,2018-2019,Bostancı Bağcıl SK,1272.3057126549786
2018-10-13,2018-2019,M. Karşıyaka ASK,1412.946746715307
2018-10-13,2018-2019,Dumlupınar TSK,1473.468567126817
2018-10-14,2018-2019,Yenicami AK,1642.1935749558415
2018-10-14,2018-2019,Esentepe KSKK,1366.6305434856502
2018-10-14,2018-2019,Baf Ülkü Yurdu,1600.9222369702545
2018-10-14,2018-2019,Gönyeli SK,1484.9794245231958
2018-10-14,2018-2019,Cihangir GSK,1543.5326723272344
2018-10-14,2018-2019,Türk Ocağı Limasol SK,1475.5030561722413
2018-10-14,2018-2019,Girne Halk Evi SK,1414.0307314275221
2018-10-14,2018-2019,Gençlik Gücü TSK,1473.7652043979754
2018-10-14,2018-2019,Ozanköy SK,1308.4134917120145
2018-10-14,2018-2019,Maraş GSK,1300.085388619322
2018-10-14,2018-2019,Mesarya SK,1300.8034228436634
2018-10-14,2018-2019,Hamitköy ŞHSK,1439.9391977451044
2018-10-14,2018-2019,Çanakkale TSK,1307.9414517897612
2018-10-14,2018-2019,Yeniboğaziçi DSK,1354.2272543608992
2018-10-14,2018-2019,Doğancı SK,1361.305259810021
2018-10-14,2018-2019,Düzkaya KOSK,1387.588966594568
2018-10-19,2018-2019,Çetinkaya TSK,1544.6987157054405
2018-10-19,2018-2019,Alsancak Yeşilova SK,1520.7742835699457
2018-10-20,2018-2019,L. Gençler Birliği SK,1375.8753689481673
2018-10-20,2018-2019,Baf Ülkü Yurdu,1591.6528207539288
2018-10-20,2018-2019,Gönyeli SK,1527.0623262303197
2018-10-20,2018-2019,Mağusa Türk Gücü,1545.5701761799692
2018-10-20,2018-2019,Girne Halk Evi SK,1456.266174013576
2018-10-20,2018-2019,Lefke TSK,1504.6698066857668
2018-10-20,2018-2019,Hamitköy ŞHSK,1460.054505951815
2018-10-20,2018-2019,Göçmenköy İYSK,1360.9120698597344
2018-10-20,2018-2019,Mormenekşe GBSK,1369.527801054862
2018-10-20,2018-2019,Akova Vuda TÇBSK,1478.640215278912
2018-10-20,2018-2019,Bostancı Bağcıl SK,1307.1802906390028
2018-10-20,2018-2019,Çanakkale TSK,1273.066873805737
2018-10-20,2018-2019,Dumlupınar TSK,1467.64267354694
2018-10-20,2018-2019,Yalova SK,1435.0705935234844
2018-10-21,2018-2019,Esentepe KSKK,1334.4466884761832
2018-10-21,2018-2019,Doğan Türk Birliği,1527.5889971658864
2018-10-21,2018-2019,Binatlı YSK,1417.7860393511608
2018-10-21,2018-2019,Cihangir GSK,1570.169884930573
2018-10-21,2018-2019,Türk Ocağı Limasol SK,1506.5821395368662
2018-10-21,2018-2019,Küçük Kaymaklı TSK,1408.7083467908592
2018-10-21,2018-2019,Değirmenlik SK,1227.31487596355
2018-10-21,2018-2019,Ozanköy SK,1344.9696261454458
2018-10-21,2018-2019,Maraş GSK,1276.705580380929
2018-10-21,2018-2019,Mesarya SK,1324.1832310820564
2018-10-21,2018-2019,Yeniboğaziçi DSK,1332.6968289297954
2018-10-21,2018-2019,Düzkaya KOSK,1409.119392025672
2018-10-21,2018-2019,M. Karşıyaka ASK,1426.7325658056143
2018-10-21,2018-2019,Doğancı SK,1347.5194407197137
2018-10-23,2018-2019,Gençlik Gücü TSK,1447.6025766548541
2018-10-23,2018-2019,Yenicami AK,1668.3562026989628
2018-10-26,2018-2019,Lefke TSK,1537.6601698378706
2018-10-26,2018-2019,Çetinkaya TSK,1511.7083525533367
2018-10-27,2018-2019,Cihangir GSK,1544.4028535032828
2018-10-27,2018-2019,Gönyeli SK,1552.82935765761
2018-10-27,2018-2019,Doğan Türk Birliği,1549.2036343723437
2018-10-27,2018-2019,Gençlik Gücü TSK,1425.987939448397
2018-10-27,2018-2019,Yenicami AK,1678.7210772909616
2018-10-27,2018-2019,Girne Halk Evi SK,1445.901299421577
2018-10-27,2018-2019,Mesarya SK,1341.4892100590707
2018-10-27,2018-2019,Değirmenlik SK,1210.0088969865358
2018-10-27,2018-2019,Göçmenköy İYSK,1382.1654592978864
2018-10-27,2018-2019,Maraş GSK,1255.452190942777
2018-10-27,2018-2019,Akova Vuda TÇBSK,1454.192058043244
2018-10-27,2018-2019,Hamitköy ŞHSK,1484.5026631874828
2018-10-27,2018-2019,Ozanköy SK,1368.5387478127786
2018-10-27,2018-2019,Dumlupınar TSK,1444.073551879607
2018-10-27,2018-2019,Yalova SK,1451.1866984280723
2018-10-27,2018-2019,M. Karşıyaka ASK,1410.6164609010264
2018-10-28,2018-2019,Baf Ülkü Yurdu,1597.2015101805814
2018-10-28,2018-2019,Esentepe KSKK,1328.8979990495307
2018-10-28,2018-2019,Küçük Kaymaklı TSK,1405.797834221851
2018-10-28,2018-2019,Binatlı YSK,1420.696551920169
2018-10-28,2018-2019,Alsancak Yeşilova SK,1484.463650693812
2018-10-28,2018-2019,Türk Ocağı Limasol SK,1542.8927724129999
2018-10-28,2018-2019,Çanakkale TSK,1306.2036566237775
2018-10-28,2018-2019,Mormenekşe GBSK,1336.3910182368215
2018-10-28,2018-2019,Düzkaya KOSK,1426.068151506428
2018-10-28,2018-2019,Bostancı Bağcıl SK,1290.231531158247
2018-10-28,2018-2019,Doğancı SK,1363.2776786802092
2018-10-28,2018-2019,Yeniboğaziçi DSK,1316.9385909692999
2018-10-29,2018-2019,Mağusa Türk Gücü,1560.3015071787756
2018-10-29,2018-2019,L. Gençler Birliği SK,1361.1440379493608
2018-11-03,2018-2019,Gönyeli SK,1542.1470639104275
2018-11-03,2018-2019,Küçük Kaymaklı TSK,1416.4801279690334
2018-11-03,2018-2019,Binatlı YSK,1451.0218166295588
2018-11-03,2018-2019,Alsancak Yeşilova SK,1454.1383859844223
2018-11-03,2018-2019,Türk Ocağı Limasol SK,1537.761061698113
2018-11-03,2018-2019,Çetinkaya TSK,1516.8400632682235
2018-11-03,2018-2019,Maraş GSK,1232.1786271543906
2018-11-03,2018-2019,Akova Vuda TÇBSK,1477.4656218316304
2018-11-03,2018-2019,Mormenekşe GBSK,1358.0952286285938
2018-11-03,2018-2019,Düzkaya KOSK,1404.3639411146557
2018-11-03,2018-2019,Bostancı Bağcıl SK,1268.320880001162
2018-11-03,2018-2019,Yeniboğaziçi DSK,1338.8492421263848
2018-11-03,2018-2019,M. Karşıyaka ASK,1404.903829334636
2018-11-03,2018-2019,Ozanköy SK,1374.251379379169
2018-11-03,2018-2019,Yalova SK,1443.1519940208123
2018-11-03,2018-2019,Doğancı SK,1371.3123830874692
2018-11-04,2018-2019,Esentepe KSKK,1318.0352489524657
2018-11-04,2018-2019,Mağusa Türk Gücü,1571.1642572758406
2018-11-04,2018-2019,L. Gençler Birliği SK,1367.9559721352175
2018-11-04,2018-2019,Cihangir GSK,1537.5909193174261
2018-11-04,2018-2019,Gençlik Gücü TSK,1432.1798570711785
2018-11-04,2018-2019,Baf Ülkü Yurdu,1591.0095925577998
2018-11-04,2018-2019,Yenicami AK,1697.8522859849245
2018-11-04,2018-2019,Lefke TSK,1518.5289611439077
2018-11-04,2018-2019,Değirmenlik SK,1196.2498532406908
2018-11-04,2018-2019,Göçmenköy İYSK,1395.9245030437314
2018-11-04,2018-2019,Hamitköy ŞHSK,1498.666165380035
2018-11-04,2018-2019,Çanakkale TSK,1292.0401544312253
2018-11-04,2018-2019,Dumlupınar TSK,1415.34263591147
2018-11-04,2018-2019,Mesarya SK,1370.2201260272077
2018-11-05,2018-2019,Girne Halk Evi SK,1419.6210828709034
2018-11-05,2018-2019,Doğan Türk Birliği,1575.4838509230174
2018-11-10,2018-2019,Cihangir GSK,1544.258620016702
2018-11-10,2018-2019,Esentepe KSKK,1311.3675482531899
2018-11-10,2018-2019,Çetinkaya TSK,1469.6918308781824
2018-11-10,2018-2019,Binatlı YSK,1498.1700490196
2018-11-10,2018-2019,Lefke TSK,1485.0248451874052
2018-11-10,2018-2019,Türk Ocağı Limasol SK,1571.2651776546156
2018-11-10,2018-2019,Mağusa Türk Gücü,1580.8171300955303
2018-11-10,2018-2019,Gençlik Gücü TSK,1422.5269842514888
2018-11-10,2018-2019,Düzkaya KOSK,1442.8082978446544
2018-11-10,2018-2019,Hamitköy ŞHSK,1460.2218086500363
2018-11-10,2018-2019,Yeniboğaziçi DSK,1296.9705755012567
2018-11-10,2018-2019,Mormenekşe GBSK,1399.9738952537218
2018-11-10,2018-2019,Mesarya SK,1368.7653765849564
2018-11-10,2018-2019,M. Karşıyaka ASK,1406.3585787768873
2018-11-11,2018-2019,Küçük Kaymaklı TSK,1430.42851998996
2018-11-11,2018-2019,L. Gençler Birliği SK,1354.007580114291
2018-11-11,2018-2019,Alsancak Yeşilova SK,1491.9538305098308
2018-11-11,2018-2019,Gönyeli SK,1504.331619385019
2018-11-11,2018-2019,Baf Ülkü Yurdu,1607.7161644654664
2018-11-11,2018-2019,Girne Halk Evi SK,1402.9145109632368
2018-11-11,2018-2019,Akova Vuda TÇBSK,1486.0765791997076
2018-11-11,2018-2019,Değirmenlik SK,1187.6388958726136
2018-11-11,2018-2019,Çanakkale TSK,1305.4016694310014
2018-11-11,2018-2019,Maraş GSK,1218.8171121546145
2018-11-11,2018-2019,Doğancı SK,1362.562505390629
2018-11-11,2018-2019,Bostancı Bağcıl SK,1277.0707576980024
2018-11-11,2018-2019,Göçmenköy İYSK,1426.8548537770428
2018-11-11,2018-2019,Dumlupınar TSK,1384.4122851781588
2018-11-11,2018-2019,Ozanköy SK,1410.147814271059
2018-11-11,2018-2019,Yalova SK,1407.2555591289224
2018-11-12,2018-2019,Doğan Türk Birliği,1559.0359934686844
2018-11-12,2018-2019,Yenicami AK,1714.3001434392575
2018-11-16,2018-2019,Binatlı YSK,1464.4886030500688
2018-11-16,2018-2019,Türk Ocağı Limasol SK,1604.9466236241467
2018-11-17,2018-2019,Esentepe KSKK,1294.7349970210469
2018-11-17,2018-2019,Küçük Kaymaklı TSK,1447.061071222103
2018-11-17,2018-2019,Gençlik Gücü TSK,1406.0436144851685
2018-11-17,2018-2019,Cihangir GSK,1560.7419897830223
2018-11-17,2018-2019,Girne Halk Evi SK,1382.721447549232
2018-11-17,2018-2019,Mağusa Türk Gücü,1601.0101935095352
2018-11-17,2018-2019,Yenicami AK,1705.383806762749
2018-11-17,2018-2019,Baf Ülkü Yurdu,1616.632501141975
2018-11-17,2018-2019,Maraş GSK,1247.6134631543327
2018-11-17,2018-2019,Düzkaya KOSK,1414.0119468449361
2018-11-17,2018-2019,Mormenekşe GBSK,1370.320830692467
2018-11-17,2018-2019,Bostancı Bağcıl SK,1306.723822259257
2018-11-17,2018-2019,M. Karşıyaka ASK,1384.0943105703172
2018-11-17,2018-2019,Göçmenköy İYSK,1449.1191219836128
2018-11-17,2018-2019,Yalova SK,1401.7331480923103
2018-11-17,2018-2019,Mesarya SK,1374.2877876215684
2018-11-17,2018-2019,Ozanköy SK,1384.1453426959563
2018-11-17,2018-2019,Doğancı SK,1388.5649769657316
2018-11-18,2018-2019,L. Gençler Birliği SK,1338.4207336726001
2018-11-18,2018-2019,Alsancak Yeşilova SK,1507.5406769515216
2018-11-18,2018-2019,Gönyeli SK,1479.0145759792435
2018-11-18,2018-2019,Çetinkaya TSK,1495.0088742839578
2018-11-18,2018-2019,Doğan Türk Birliği,1571.682785895295
2018-11-18,2018-2019,Lefke TSK,1472.3780527607946
2018-11-18,2018-2019,Değirmenlik SK,1162.5810833492055
2018-11-18,2018-2019,Çanakkale TSK,1330.4594819544095
2018-11-18,2018-2019,Hamitköy ŞHSK,1448.8888883642103
2018-11-18,2018-2019,Yeniboğaziçi DSK,1308.3034957870827
2018-11-18,2018-2019,Dumlupınar TSK,1386.7992436612262
2018-11-18,2018-2019,Akova Vuda TÇBSK,1483.68962071664
2018-11-23,2018-2019,Mağusa Türk Gücü,1640.456159297441
2018-11-23,2018-2019,Yenicami AK,1665.937840974843
2018-11-24,2018-2019,Alsancak Yeşilova SK,1514.4270763375084
2018-11-24,2018-2019,Esentepe KSKK,1287.84859763506
2018-11-24,2018-2019,Küçük Kaymaklı TSK,1441.4045422221855
2018-11-24,2018-2019,Gençlik Gücü TSK,1411.700143485086
2018-11-24,2018-2019,Baf Ülkü Yurdu,1590.768393110714
2018-11-24,2018-2019,Doğan Türk Birliği,1597.5468939265559
2018-11-24,2018-2019,Düzkaya KOSK,1422.5761728685259
2018-11-24,2018-2019,Değirmenlik SK,1154.0168573256158
2018-11-24,2018-2019,Yeniboğaziçi DSK,1261.6119391844072
2018-11-24,2018-2019,Maraş GSK,1294.3050197570083
2018-11-24,2018-2019,Doğancı SK,1415.8134153369126
2018-11-24,2018-2019,Mormenekşe GBSK,1343.072392321286
2018-11-24,2018-2019,Akova Vuda TÇBSK,1475.0984984774902
2018-11-24,2018-2019,M. Karşıyaka ASK,1392.685432809467
2018-11-24,2018-2019,Göçmenköy İYSK,1410.1310789295574
2018-11-24,2018-2019,Yalova SK,1440.7211911463658
2018-11-24,2018-2019,Mesarya SK,1334.2713137295045
2018-11-24,2018-2019,Ozanköy SK,1424.1618165880202
2018-11-25,2018-2019,Çetinkaya TSK,1510.6369177238273
2018-11-25,2018-2019,L. Gençler Birliği SK,1322.7926902327306
2018-11-25,2018-2019,Türk Ocağı Limasol SK,1552.82070106964
2018-11-25,2018-2019,Gönyeli SK,1531.1404985337501
2018-11-25,2018-2019,Cihangir GSK,1568.8457730595605
2018-11-25,2018-2019,Girne Halk Evi SK,1374.6176642726937
2018-11-25,2018-2019,Bostancı Bağcıl SK,1291.367377171356
2018-11-25,2018-2019,Hamitköy ŞHSK,1464.2453334521113
2018-11-25,2018-2019,Çanakkale TSK,1350.248789495757
2018-11-25,2018-2019,Dumlupınar TSK,1367.0099361198788
2018-11-26,2018-2019,Lefke TSK,1488.5190123115888
2018-11-26,2018-2019,Binatlı YSK,1448.3476434992747
2018-11-30,2018-2019,Doğan Türk Birliği,1576.563864928171
2018-11-30,2018-2019,Mağusa Türk Gücü,1661.439188295826
2018-12-01,2018-2019,Esentepe KSKK,1316.5890154134327
2018-12-01,2018-2019,Çetinkaya TSK,1481.8964999454547
2018-12-01,2018-2019,Gönyeli SK,1549.4610876357156
2018-12-01,2018-2019,Binatlı YSK,1430.0270543973093
2018-12-01,2018-2019,Baf Ülkü Yurdu,1547.695439974
2018-12-01,2018-2019,Lefke TSK,1531.5919654483027
2018-12-01,2018-2019,Değirmenlik SK,1121.62207424683
2018-12-01,2018-2019,Yeniboğaziçi DSK,1294.0067222631928
2018-12-01,2018-2019,Maraş GSK,1250.0852711600817
2018-12-01,2018-2019,Bostancı Bağcıl SK,1335.5871257682827
2018-12-01,2018-2019,M. Karşıyaka ASK,1414.08802987739
2018-12-01,2018-2019,Çanakkale TSK,1328.846192427834
2018-12-01,2018-2019,Yalova SK,1459.2488985795824
2018-12-01,2018-2019,Akova Vuda TÇBSK,1456.5707910442736
2018-12-01,2018-2019,Mesarya SK,1374.093456970049
2018-12-01,2018-2019,Doğancı SK,1375.9912720963682
2018-12-02,2018-2019,L. Gençler Birliği SK,1331.867173659422
2018-12-02,2018-2019,Türk Ocağı Limasol SK,1543.7462176429487
2018-12-02,2018-2019,Gençlik Gücü TSK,1385.370996575785
2018-12-02,2018-2019,Alsancak Yeşilova SK,1540.7562232468094
2018-12-02,2018-2019,Girne Halk Evi SK,1375.0082986870536
2018-12-02,2018-2019,Küçük Kaymaklı TSK,1441.0139078078255
2018-12-02,2018-2019,Hamitköy ŞHSK,1482.4864850350077
2018-12-02,2018-2019,Mormenekşe GBSK,1324.8312407383896
2018-12-02,2018-2019,Dumlupınar TSK,1336.6271150070565
2018-12-02,2018-2019,Düzkaya KOSK,1452.9589939813482
2018-12-02,2018-2019,Ozanköy SK,1387.8645052636998
2018-12-02,2018-2019,Göçmenköy İYSK,1446.4283902538778
2018-12-03,2018-2019,Yenicami AK,1657.464590928313
2018-12-03,2018-2019,Cihangir GSK,1577.3190231060905
2018-12-08,2018-2019,Akova Vuda TÇBSK,1479.1674150086517
2018-12-08,2018-2019,Ozanköy SK,1365.2678812993217
2018-12-09,2018-2019,Binatlı YSK,1401.5034347783994
2018-12-09,2018-2019,L. Gençler Birliği SK,1360.3907932783318
2018-12-09,2018-2019,Lefke TSK,1557.9718198892542
2018-12-09,2018-2019,Gönyeli SK,1523.081233194764
2018-12-09,2018-2019,Çetinkaya TSK,1502.1151750116455
2018-12-09,2018-2019,Gençlik Gücü TSK,1365.1523215095942
2018-12-09,2018-2019,Alsancak Yeşilova SK,1549.3261263031811
2018-12-09,2018-2019,Girne Halk Evi SK,1366.438395630682
2018-12-09,2018-2019,Küçük Kaymaklı TSK,1420.789039251579
2018-12-09,2018-2019,Yenicami AK,1677.6894594845596
2018-12-09,2018-2019,Cihangir GSK,1542.1258270220883
2018-12-09,2018-2019,Doğan Türk Birliği,1611.7570610121732
2018-12-09,2018-2019,Mağusa Türk Gücü,1672.1956701422005
2018-12-09,2018-2019,Baf Ülkü Yurdu,1536.9389581276255
2018-12-09,2018-2019,Bostancı Bağcıl SK,1347.5718885783917
2018-12-09,2018-2019,Değirmenlik SK,1109.637311436721
2018-12-09,2018-2019,Mormenekşe GBSK,1348.4754388987737
2018-12-09,2018-2019,Maraş GSK,1226.4410729996976
2018-12-09,2018-2019,Doğancı SK,1349.9821956064015
2018-12-09,2018-2019,Hamitköy ŞHSK,1508.4955615249744
2018-12-09,2018-2019,Yeniboğaziçi DSK,1273.0071052744515
2018-12-09,2018-2019,Dumlupınar TSK,1357.6267319957979
2018-12-09,2018-2019,Düzkaya KOSK,1467.4163407324645
2018-12-09,2018-2019,M. Karşıyaka ASK,1399.6306831262737
2018-12-09,2018-2019,Çanakkale TSK,1312.8443246742586
2018-12-09,2018-2019,Yalova SK,1475.2507663331578
2018-12-09,2018-2019,Göçmenköy İYSK,1439.1587779564084
2018-12-09,2018-2019,Mesarya SK,1381.3630692675183
2018-12-10,2018-2019,Türk Ocağı Limasol SK,1550.1743212568597
2018-12-10,2018-2019,Esentepe KSKK,1310.1609117995217
2018-12-14,2018-2019,Mağusa Türk Gücü,1662.930432405981
2018-12-14,2018-2019,Lefke TSK,1567.2370576254737
2018-12-15,2018-2019,L. Gençler Birliği SK,1366.135802262624
2018-12-15,2018-2019,Gönyeli SK,1517.3362242104718
2018-12-15,2018-2019,Girne Halk Evi SK,1350.727091216357
2018-12-15,2018-2019,Çetinkaya TSK,1517.8264794259705
2018-12-15,2018-2019,Yenicami AK,1696.6413531489065
2018-12-15,2018-2019,Alsancak Yeşilova SK,1530.3742326388342
2018-12-15,2018-2019,Değirmenlik SK,1153.846157679948
2018-12-15,2018-2019,Mormenekşe GBSK,1304.2665926555467
2018-12-15,2018-2019,Maraş GSK,1273.3701609452808
2018-12-15,2018-2019,Hamitköy ŞHSK,1461.5664735793912
2018-12-15,2018-2019,M. Karşıyaka ASK,1389.8141944915476
2018-12-15,2018-2019,Yeniboğaziçi DSK,1282.8235939091776
2018-12-15,2018-2019,Ozanköy SK,1389.3219361957254
2018-12-15,2018-2019,Çanakkale TSK,1288.790269777855
2018-12-16,2018-2019,Esentepe KSKK,1291.9602540662656
2018-12-16,2018-2019,Binatlı YSK,1419.7040925116555
2018-12-16,2018-2019,Gençlik Gücü TSK,1405.5045735575454
2018-12-16,2018-2019,Türk Ocağı Limasol SK,1509.8220692089085
2018-12-16,2018-2019,Doğan Türk Birliği,1623.2062864856289
2018-12-16,2018-2019,Küçük Kaymaklı TSK,1409.3398137781232
2018-12-16,2018-2019,Dumlupınar TSK,1385.6636499059891
2018-12-16,2018-2019,Bostancı Bağcıl SK,1319.5349706682005
2018-12-16,2018-2019,Yalova SK,1471.394775494095
2018-12-16,2018-2019,Düzkaya KOSK,1471.2723315715273
2018-12-16,2018-2019,Mesarya SK,1363.5307144448368
2018-12-16,2018-2019,Akova Vuda TÇBSK,1496.9997698313332
2018-12-16,2018-2019,Göçmenköy İYSK,1451.0629727981814
2018-12-16,2018-2019,Doğancı SK,1338.0780007646285
2018-12-17,2018-2019,Baf Ülkü Yurdu,1566.4625478546786
2018-12-17,2018-2019,Cihangir GSK,1512.6022372950351
2018-12-21,2018-2019,Çetinkaya TSK,1544.4112986953614
2018-12-21,2018-2019,Yenicami AK,1670.0565338795157
2018-12-22,2018-2019,Binatlı YSK,1383.3928510142055
2018-12-22,2018-2019,Gençlik Gücü TSK,1441.8158150549955
2018-12-22,2018-2019,Türk Ocağı Limasol SK,1526.3794675120207
2018-12-22,2018-2019,Girne Halk Evi SK,1334.1696929132447
2018-12-22,2018-2019,Küçük Kaymaklı TSK,1394.7894309791645
2018-12-22,2018-2019,Baf Ülkü Yurdu,1581.0129306536373
2018-12-22,2018-2019,Doğancı SK,1311.1924354222606
2018-12-22,2018-2019,Maraş GSK,1300.2557262876487
2018-12-22,2018-2019,Yeniboğaziçi DSK,1309.9044359144168
2018-12-22,2018-2019,Yalova SK,1444.3139334888558
2018-12-22,2018-2019,Çanakkale TSK,1260.062298957584
2018-12-22,2018-2019,Mesarya SK,1392.2586852651077
2018-12-22,2018-2019,Akova Vuda TÇBSK,1521.6467684448385
2018-12-22,2018-2019,Göçmenköy İYSK,1426.415974184676
2018-12-23,2018-2019,Gönyeli SK,1523.8198395455129
2018-12-23,2018-2019,Esentepe KSKK,1285.4766387312245
2018-12-23,2018-2019,Lefke TSK,1578.1555927944064
2018-12-23,2018-2019,L. Gençler Birliği SK,1355.2172670936914
2018-12-23,2018-2019,Alsancak Yeşilova SK,1503.2007714720717
2018-12-23,2018-2019,Doğan Türk Birliği,1650.3797476523914
2018-12-23,2018-2019,Cihangir GSK,1537.6878756601236
2018-12-23,2018-2019,Mağusa Türk Gücü,1637.8447940408926
2018-12-23,2018-2019,Hamitköy ŞHSK,1445.865580891389
2018-12-23,2018-2019,Değirmenlik SK,1169.54705036795
2018-12-23,2018-2019,Mormenekşe GBSK,1285.4967514279745
2018-12-23,2018-2019,Dumlupınar TSK,1404.4334911335613
2018-12-23,2018-2019,Bostancı Bağcıl SK,1355.5701780913048
2018-12-23,2018-2019,M. Karşıyaka ASK,1353.7789870684433
2018-12-23,2018-2019,Düzkaya KOSK,1443.5272420283877
2018-12-23,2018-2019,Ozanköy SK,1417.067025738865
2018-12-27,2018-2019,Yenicami AK,1659.5129625322786
2018-12-27,2018-2019,Türk Ocağı Limasol SK,1536.9230388592578
2018-12-28,2018-2019,Doğan Türk Birliği,1661.4918237892239
2018-12-28,2018-2019,Çetinkaya TSK,1533.299222558529
2018-12-28,2018-2019,Baf Ülkü Yurdu,1553.4712614825914
2018-12-28,2018-2019,Alsancak Yeşilova SK,1530.7424406431176
2018-12-29,2018-2019,Esentepe KSKK,1266.0372075105465
2018-12-29,2018-2019,L. Gençler Birliği SK,1374.6566983143694
2018-12-29,2018-2019,Gençlik Gücü TSK,1423.0807777098369
2018-12-29,2018-2019,Gönyeli SK,1542.5548768906715
2018-12-29,2018-2019,Girne Halk Evi SK,1333.5495269065782
2018-12-29,2018-2019,Binatlı YSK,1384.013017020872
2018-12-29,2018-2019,Mağusa Türk Gücü,1649.7439017247084
2018-12-29,2018-2019,Küçük Kaymaklı TSK,1382.8903232953487
2018-12-29,2018-2019,Cihangir GSK,1566.0030973308924
2018-12-29,2018-2019,Lefke TSK,1549.8403711236376
2018-12-29,2018-2019,Değirmenlik SK,1193.5620888057217
2018-12-29,2018-2019,Maraş GSK,1276.240687849877
2018-12-29,2018-2019,Dumlupınar TSK,1383.36565273398
2018-12-29,2018-2019,Hamitköy ŞHSK,1466.9334192909705
2018-12-29,2018-2019,M. Karşıyaka ASK,1366.7126975252284
2018-12-29,2018-2019,Mormenekşe GBSK,1272.5630409711894
2018-12-29,2018-2019,Yalova SK,1456.2389718162704
2018-12-29,2018-2019,Bostancı Bağcıl SK,1343.6451397638903
2018-12-29,2018-2019,Ozanköy SK,1428.1240213259985
2018-12-29,2018-2019,Yeniboğaziçi DSK,1298.8474403272833
2018-12-29,2018-2019,Mesarya SK,1421.504910532425
2018-12-29,2018-2019,Düzkaya KOSK,1414.2810167610705
2018-12-29,2018-2019,Göçmenköy İYSK,1447.78208854132
2018-12-29,2018-2019,Çanakkale TSK,1238.6961846009401
2018-12-29,2018-2019,Akova Vuda TÇBSK,1508.6106739192455
2018-12-29,2018-2019,Doğancı SK,1324.2285299478535
2019-02-01,2018-2019,Baf Ülkü Yurdu,1548.9363934228425
2019-02-01,2018-2019,Çetinkaya TSK,1537.834090618278
2019-02-02,2018-2019,Lefke TSK,1558.9465611731757
2019-02-02,2018-2019,Esentepe KSKK,1256.9310174610084
2019-02-02,2018-2019,Cihangir GSK,1580.8456189059004
2019-02-02,2018-2019,Küçük Kaymaklı TSK,1368.0478017203407
2019-02-02,2018-2019,Yenicami AK,1664.5772641738547
2019-02-02,2018-2019,Binatlı YSK,1378.948715379296
2019-02-02,2018-2019,Mesarya SK,1431.862697043008
2019-02-02,2018-2019,Yeniboğaziçi DSK,1288.4896538167002
2019-02-02,2018-2019,M. Karşıyaka ASK,1408.5345786515475
2019-02-02,2018-2019,Hamitköy ŞHSK,1425.1115381646514
2019-02-02,2018-2019,Ozanköy SK,1440.2555580568846
2019-02-02,2018-2019,Bostancı Bağcıl SK,1331.513603033004
2019-02-02,2018-2019,Dumlupınar TSK,1394.4243812203165
2019-02-02,2018-2019,Maraş GSK,1265.1819593635405
2019-02-03,2018-2019,Girne Halk Evi SK,1321.6370886019117
2019-02-03,2018-2019,Gönyeli SK,1554.467315195338
2019-02-03,2018-2019,Mağusa Türk Gücü,1660.2640460924963
2019-02-03,2018-2019,Alsancak Yeşilova SK,1520.2222962753297
2019-02-03,2018-2019,Gençlik Gücü TSK,1449.2438262809856
2019-02-03,2018-2019,L. Gençler Birliği SK,1348.4936497432207
2019-02-03,2018-2019,Göçmenköy İYSK,1462.526014957761
2019-02-03,2018-2019,Düzkaya KOSK,1399.5370903446296
2019-02-03,2018-2019,Yalova SK,1464.1344199515636
2019-02-03,2018-2019,Mormenekşe GBSK,1264.6675928358961
2019-02-03,2018-2019,Akova Vuda TÇBSK,1493.8189054374286
2019-02-03,2018-2019,Çanakkale TSK,1253.487953082757
2019-02-03,2018-2019,Doğancı SK,1339.240323328067
2019-02-03,2018-2019,Değirmenlik SK,1178.5502954255082
2019-02-04,2018-2019,Doğan Türk Birliği,1679.4705531060604
2019-02-04,2018-2019,Türk Ocağı Limasol SK,1518.9443095424213
2019-02-09,2018-2019,Gönyeli SK,1537.3320394912835
2019-02-09,2018-2019,Yenicami AK,1681.7125398779092
2019-02-09,2018-2019,L. Gençler Birliği SK,1363.595402858902
2019-02-09,2018-2019,Girne Halk Evi SK,1306.5353354862305
2019-02-09,2018-2019,Alsancak Yeşilova SK,1550.2761182199824
2019-02-09,2018-2019,Cihangir GSK,1550.7917969612477
2019-02-09,2018-2019,Esentepe KSKK,1304.6509046222375
2019-02-09,2018-2019,Gençlik Gücü TSK,1401.5239391197565
2019-02-09,2018-2019,Küçük Kaymaklı TSK,1355.2455562290354
2019-02-09,2018-2019,Lefke TSK,1571.748806664481
2019-02-09,2018-2019,Düzkaya KOSK,1401.5041307150825
2019-02-09,2018-2019,Akova Vuda TÇBSK,1491.8518650669757
2019-02-09,2018-2019,Maraş GSK,1302.2442283518044
2019-02-09,2018-2019,M. Karşıyaka ASK,1371.4723096632836
2019-02-09,2018-2019,Çanakkale TSK,1274.9676698337455
2019-02-09,2018-2019,Doğancı SK,1317.7606065770785
2019-02-09,2018-2019,Bostancı Bağcıl SK,1333.8258975355222
2019-02-09,2018-2019,Mesarya SK,1429.5504025404898
2019-02-10,2018-2019,Çetinkaya TSK,1561.3896627447182
2019-02-10,2018-2019,Mağusa Türk Gücü,1636.708473966056
2019-02-10,2018-2019,Binatlı YSK,1364.9292243155367
2019-02-10,2018-2019,Doğan Türk Birliği,1693.4900441698196
2019-02-10,2018-2019,Türk Ocağı Limasol SK,1550.9288635638218
2019-02-10,2018-2019,Baf Ülkü Yurdu,1516.951839401442
2019-02-10,2018-2019,Mormenekşe GBSK,1240.9003110536994
2019-02-10,2018-2019,Ozanköy SK,1464.0228398390814
2019-02-10,2018-2019,Hamitköy ŞHSK,1423.9054633508324
2019-02-10,2018-2019,Yalova SK,1465.3404947653826
2019-02-10,2018-2019,Yeniboğaziçi DSK,1267.9973494889332
2019-02-10,2018-2019,Göçmenköy İYSK,1483.018319285528
2019-02-10,2018-2019,Değirmenlik SK,1186.96593197356
2019-02-10,2018-2019,Dumlupınar TSK,1386.0087446722648
2019-02-16,2018-2019,Girne Halk Evi SK,1337.4256731685402
2019-02-16,2018-2019,Esentepe KSKK,1273.7605669399277
2019-02-16,2018-2019,Lefke TSK,1586.444679186794
2019-02-16,2018-2019,Gençlik Gücü TSK,1386.8280665974435
2019-02-16,2018-2019,Küçük Kaymaklı TSK,1336.3514101259436
2019-02-16,2018-2019,Alsancak Yeşilova SK,1569.1702643230742
2019-02-16,2018-2019,Akova Vuda TÇBSK,1501.6488702241782
2019-02-16,2018-2019,Yeniboğaziçi DSK,1258.2003443317308
2019-02-16,2018-2019,Göçmenköy İYSK,1496.861964203759
2019-02-16,2018-2019,Bostancı Bağcıl SK,1319.9822526172911
2019-02-16,2018-2019,M. Karşıyaka ASK,1359.3375080124135
2019-02-16,2018-2019,Değirmenlik SK,1199.10073362443
2019-02-16,2018-2019,Yalova SK,1474.0136323168358
2019-02-16,2018-2019,Maraş GSK,1293.5710908003512
2019-02-17,2018-2019,Mağusa Türk Gücü,1648.776817534747
2019-02-17,2018-2019,Türk Ocağı Limasol SK,1538.860519995131
2019-02-17,2018-2019,Doğan Türk Birliği,1702.4375417978656
2019-02-17,2018-2019,Gönyeli SK,1528.3845418632375
2019-02-17,2018-2019,Cihangir GSK,1567.966993400964
2019-02-17,2018-2019,Çetinkaya TSK,1544.214466305002
2019-02-17,2018-2019,Yenicami AK,1690.3714908547277
2019-02-17,2018-2019,L. Gençler Birliği SK,1354.9364518820835
2019-02-17,2018-2019,Ozanköy SK,1485.6096009642743
2019-02-17,2018-2019,Hamitköy ŞHSK,1402.3187022256395
2019-02-17,2018-2019,Çanakkale TSK,1258.7516696492817
2019-02-17,2018-2019,Düzkaya KOSK,1417.7201308995463
2019-02-17,2018-2019,Mesarya SK,1417.265970799693
2019-02-17,2018-2019,Mormenekşe GBSK,1253.1847427944963
2019-02-17,2018-2019,Doğancı SK,1318.2353183950638
2019-02-17,2018-2019,Dumlupınar TSK,1385.5340328542795
2019-02-18,2018-2019,Baf Ülkü Yurdu,1506.065776288819
2019-02-18,2018-2019,Binatlı YSK,1375.8152874281595
2019-02-23,2018-2019,Esentepe KSKK,1269.209846993321
2019-02-23,2018-2019,Yenicami AK,1694.9222108013344
2019-02-23,2018-2019,Binatlı YSK,1355.3943836837761
2019-02-23,2018-2019,Mağusa Türk Gücü,1669.1977212791303
2019-02-23,2018-2019,L. Gençler Birliği SK,1348.519021091722
2019-02-23,2018-2019,Doğan Türk Birliği,1708.8549725882272
2019-02-23,2018-2019,Çetinkaya TSK,1556.5521689956652
2019-02-23,2018-2019,Küçük Kaymaklı TSK,1324.0137074352804
2019-02-23,2018-2019,Maraş GSK,1300.8258894174676
2019-02-23,2018-2019,Ozanköy SK,1478.3548023471578
2019-02-23,2018-2019,Mormenekşe GBSK,1237.7155536498856
2019-02-23,2018-2019,Göçmenköy İYSK,1512.3311533483698
2019-02-23,2018-2019,Dumlupınar TSK,1380.671518292867
2019-02-23,2018-2019,M. Karşıyaka ASK,1364.2000225738261
2019-02-23,2018-2019,Düzkaya KOSK,1434.841229221843
2019-02-23,2018-2019,Doğancı SK,1301.1142200727672
2019-02-24,2018-2019,Gençlik Gücü TSK,1407.68181719069
2019-02-24,2018-2019,Girne Halk Evi SK,1316.5719225752937
2019-02-24,2018-2019,Gönyeli SK,1555.243673535835
2019-02-24,2018-2019,Baf Ülkü Yurdu,1479.2066446162216
2019-02-24,2018-2019,Alsancak Yeşilova SK,1586.723105348518
2019-02-24,2018-2019,Lefke TSK,1568.8918381613503
2019-02-24,2018-2019,Değirmenlik SK,1230.1033522217288
2019-02-24,2018-2019,Yalova SK,1443.011013719537
2019-02-24,2018-2019,Yeniboğaziçi DSK,1223.1166493882233
2019-02-24,2018-2019,Çanakkale TSK,1293.8353645927891
2019-02-24,2018-2019,Bostancı Bağcıl SK,1360.0784320216621
2019-02-24,2018-2019,Akova Vuda TÇBSK,1461.5526908198071
2019-02-24,2018-2019,Hamitköy ŞHSK,1419.7396975669453
2019-02-24,2018-2019,Mesarya SK,1399.8449754583871
2019-02-27,2018-2019,Türk Ocağı Limasol SK,1557.0868178026
2019-02-27,2018-2019,Cihangir GSK,1549.7406955934948
2019-03-01,2018-2019,Yenicami AK,1703.274676942377
2019-03-01,2018-2019,Gençlik Gücü TSK,1399.3293510496474
2019-03-02,2018-2019,Mağusa Türk Gücü,1688.004909298078
2019-03-02,2018-2019,Gönyeli SK,1536.4364855168872
2019-03-02,2018-2019,Doğan Türk Birliği,1670.98870375037
2019-03-02,2018-2019,Esentepe KSKK,1307.0761158311782
2019-03-02,2018-2019,Cihangir GSK,1517.2541232846472
2019-03-02,2018-2019,Binatlı YSK,1387.8809559926237
2019-03-02,2018-2019,Baf Ülkü Yurdu,1469.2135919014522
2019-03-02,2018-2019,L. Gençler Birliği SK,1358.5120738064913
2019-03-02,2018-2019,Çanakkale TSK,1257.0091292968227
2019-03-02,2018-2019,Bostancı Bağcıl SK,1396.9046673176285
2019-03-02,2018-2019,Ozanköy SK,1484.154453944614
2019-03-02,2018-2019,Değirmenlik SK,1224.3037006242726
2019-03-02,2018-2019,Mesarya SK,1356.9988954274563
2019-03-02,2018-2019,Maraş GSK,1343.6719694483984
2019-03-02,2018-2019,Yalova SK,1436.2459028622789
2019-03-02,2018-2019,Dumlupınar TSK,1387.436629150125
2019-03-03,2018-2019,Küçük Kaymaklı TSK,1353.226839781801
2019-03-03,2018-2019,Türk Ocağı Limasol SK,1527.8736854560796
2019-03-03,2018-2019,Alsancak Yeşilova SK,1581.6459351683377
2019-03-03,2018-2019,Çetinkaya TSK,1561.6293391758454
2019-03-03,2018-2019,Lefke TSK,1577.4185590467773
2019-03-03,2018-2019,Girne Halk Evi SK,1308.0452016898666
2019-03-03,2018-2019,Düzkaya KOSK,1448.6851290072977
2019-03-03,2018-2019,Yeniboğaziçi DSK,1209.2727496027685
2019-03-03,2018-2019,Göçmenköy İYSK,1459.3445636757845
2019-03-03,2018-2019,Hamitköy ŞHSK,1472.7262872395306
2019-03-03,2018-2019,Akova Vuda TÇBSK,1448.0845743060004
2019-03-03,2018-2019,Mormenekşe GBSK,1251.1836701636923
2019-03-03,2018-2019,Doğancı SK,1331.3806626732626
2019-03-03,2018-2019,M. Karşıyaka ASK,1333.9335799733308
2019-03-08,2018-2019,Çetinkaya TSK,1579.098010023816
2019-03-08,2018-2019,Lefke TSK,1559.9498881988068
2019-03-09,2018-2019,Gönyeli SK,1531.955693614497
2019-03-09,2018-2019,Cihangir GSK,1521.7349151870374
2019-03-09,2018-2019,Türk Ocağı Limasol SK,1527.5152257221791
2019-03-09,2018-2019,Alsancak Yeşilova SK,1582.0043949022381
2019-03-09,2018-2019,Maraş GSK,1326.8495913854485
2019-03-09,2018-2019,Göçmenköy İYSK,1476.1669417387343
2019-03-09,2018-2019,Hamitköy ŞHSK,1467.9480755222266
2019-03-09,2018-2019,Akova Vuda TÇBSK,1452.8627860233044
2019-03-09,2018-2019,Yeniboğaziçi DSK,1244.579174844168
2019-03-09,2018-2019,Doğancı SK,1296.0742374318631
2019-03-09,2018-2019,Değirmenlik SK,1248.4283566768813
2019-03-09,2018-2019,Mesarya SK,1332.8742393748475
2019-03-10,2018-2019,L. Gençler Birliği SK,1348.0183790627225
2019-03-10,2018-2019,Mağusa Türk Gücü,1698.4986040418469
2019-03-10,2018-2019,Gençlik Gücü TSK,1445.6363594151317
2019-03-10,2018-2019,Doğan Türk Birliği,1624.6816953848856
2019-03-10,2018-2019,Binatlı YSK,1349.9042411819125
2019-03-10,2018-2019,Küçük Kaymaklı TSK,1391.203554592512
2019-03-10,2018-2019,Esentepe KSKK,1345.6498022892908
2019-03-10,2018-2019,Baf Ülkü Yurdu,1430.6399054433396
2019-03-10,2018-2019,Bostancı Bağcıl SK,1376.4316009113013
2019-03-10,2018-2019,Düzkaya KOSK,1469.158195413625
2019-03-10,2018-2019,Dumlupınar TSK,1389.5424430988628
2019-03-10,2018-2019,Ozanköy SK,1482.0486399958763
2019-03-10,2018-2019,M. Karşıyaka ASK,1336.3573024212665
2019-03-10,2018-2019,Yalova SK,1433.8221804143432
2019-03-10,2018-2019,Mormenekşe GBSK,1248.090163367594
2019-03-10,2018-2019,Çanakkale TSK,1260.102636092921
2019-03-11,2018-2019,Girne Halk Evi SK,1297.9028172180745
2019-03-11,2018-2019,Yenicami AK,1713.4170614141692
2019-03-16,2018-2019,Çetinkaya TSK,1604.952145429464
2019-03-16,2018-2019,Türk Ocağı Limasol SK,1501.661090316531
2019-03-16,2018-2019,Mağusa Türk Gücü,1704.4471019675077
2019-03-16,2018-2019,Esentepe KSKK,1339.70130436363
2019-03-16,2018-2019,Baf Ülkü Yurdu,1396.7755749201979
2019-03-16,2018-2019,Gençlik Gücü TSK,1479.5006899382734
2019-03-16,2018-2019,Cihangir GSK,1529.9999801781757
2019-03-16,2018-2019,L. Gençler Birliği SK,1339.753314071584
2019-03-16,2018-2019,Çanakkale TSK,1239.1579971545832
2019-03-16,2018-2019,Hamitköy ŞHSK,1488.8927144605645
2019-03-16,2018-2019,Yeniboğaziçi DSK,1248.6573574529452
2019-03-16,2018-2019,Bostancı Bağcıl SK,1372.353418302524
2019-03-16,2018-2019,Doğancı SK,1300.4765299492826
2019-03-16,2018-2019,Yalova SK,1429.4198878969237
2019-03-16,2018-2019,Düzkaya KOSK,1480.7422663455493
2019-03-16,2018-2019,Mormenekşe GBSK,1236.5060924356696
2019-03-17,2018-2019,Lefke TSK,1534.1448378627022
2019-03-17,2018-2019,Yenicami AK,1739.2221117502738
2019-03-17,2018-2019,Küçük Kaymaklı TSK,1415.7700870485007
2019-03-17,2018-2019,Gönyeli SK,1507.3891611585084
2019-03-17,2018-2019,Doğan Türk Birliği,1630.52556393234
2019-03-17,2018-2019,Girne Halk Evi SK,1292.05894867062
2019-03-17,2018-2019,Alsancak Yeşilova SK,1591.4185001953626
2019-03-17,2018-2019,Binatlı YSK,1340.490135888788
2019-03-17,2018-2019,Göçmenköy İYSK,1485.7820442094876
2019-03-17,2018-2019,Değirmenlik SK,1238.813254206128
2019-03-17,2018-2019,Akova Vuda TÇBSK,1443.072992180517
2019-03-17,2018-2019,Maraş GSK,1336.6393852282358
2019-03-17,2018-2019,Ozanköy SK,1471.4215986435793
2019-03-17,2018-2019,M. Karşıyaka ASK,1346.9843437735635
2019-03-17,2018-2019,Mesarya SK,1352.6824516429215
2019-03-17,2018-2019,Dumlupınar TSK,1369.7342308307889
2019-03-22,2018-2019,Gönyeli SK,1479.4607191135226
2019-03-22,2018-2019,Alsancak Yeşilova SK,1619.3469422403484
2019-03-23,2018-2019,Binatlı YSK,1371.0662956483293
2019-03-23,2018-2019,Çetinkaya TSK,1574.3759856699228
2019-03-23,2018-2019,L. Gençler Birliği SK,1340.6746610467453
2019-03-23,2018-2019,Küçük Kaymaklı TSK,1414.8487400733395
2019-03-23,2018-2019,Esentepe KSKK,1380.4528038173312
2019-03-23,2018-2019,Cihangir GSK,1489.2484807244746
2019-03-23,2018-2019,Girne Halk Evi SK,1265.8989130299647
2019-03-23,2018-2019,Baf Ülkü Yurdu,1422.9356105608533
2019-03-23,2018-2019,Mormenekşe GBSK,1253.768980678081
2019-03-23,2018-2019,Yeniboğaziçi DSK,1231.3944692105338
2019-03-23,2018-2019,Yalova SK,1428.3847488759432
2019-03-23,2018-2019,Ozanköy SK,1472.4567376645598
2019-03-23,2018-2019,Dumlupınar TSK,1372.932903261496
2019-03-23,2018-2019,Göçmenköy İYSK,1482.5833717787805
2019-03-23,2018-2019,Değirmenlik SK,1216.0466259524962
2019-03-23,2018-2019,Akova Vuda TÇBSK,1465.8396204341489
2019-03-23,2018-2019,M. Karşıyaka ASK,1306.5581853966742
2019-03-23,2018-2019,Mesarya SK,1393.1086100198108
2019-03-24,2018-2019,Gençlik Gücü TSK,1462.7616617390966
2019-03-24,2018-2019,Mağusa Türk Gücü,1721.1861301666845
2019-03-24,2018-2019,Yenicami AK,1759.8217783608557
2019-03-24,2018-2019,Doğan Türk Birliği,1609.9258973217582
2019-03-24,2018-2019,Türk Ocağı Limasol SK,1469.2901012389605
2019-03-24,2018-2019,Lefke TSK,1566.5158269402727
2019-03-24,2018-2019,Hamitköy ŞHSK,1465.0192111956105
2019-03-24,2018-2019,Düzkaya KOSK,1504.6157696105033
2019-03-24,2018-2019,Maraş GSK,1356.7790330396033
2019-03-24,2018-2019,Çanakkale TSK,1219.0183493432157
2019-03-24,2018-2019,Bostancı Bağcıl SK,1385.106700564552
2019-03-24,2018-2019,Doğancı SK,1287.7232476872546
2019-03-30,2018-2019,Çetinkaya TSK,1591.8207422182672
2019-03-30,2018-2019,Gönyeli SK,1462.0159625651781
2019-03-30,2018-2019,Küçük Kaymaklı TSK,1389.544744246947
2019-03-30,2018-2019,Esentepe KSKK,1405.7567996437238
2019-03-30,2018-2019,Alsancak Yeşilova SK,1628.0690793181402
2019-03-30,2018-2019,L. Gençler Birliği SK,1331.9525239689535
2019-03-30,2018-2019,Yeniboğaziçi DSK,1215.251664314152
2019-03-30,2018-2019,Hamitköy ŞHSK,1481.1620160919922
2019-03-30,2018-2019,Mesarya SK,1425.622170876764
2019-03-30,2018-2019,Yalova SK,1395.87118801899
2019-03-30,2018-2019,Bostancı Bağcıl SK,1395.0855941994262
2019-03-30,2018-2019,Mormenekşe GBSK,1243.790087043207
2019-03-30,2018-2019,Çanakkale TSK,1177.743261051035
2019-03-30,2018-2019,Değirmenlik SK,1257.321714244677
2019-03-31,2018-2019,Lefke TSK,1545.5615589673052
2019-03-31,2018-2019,Doğan Türk Birliği,1630.8801652947257
2019-03-31,2018-2019,Mağusa Türk Gücü,1724.8592507111148
2019-03-31,2018-2019,Girne Halk Evi SK,1262.2257924855344
2019-03-31,2018-2019,Türk Ocağı Limasol SK,1486.5001549965225
2019-03-31,2018-2019,Binatlı YSK,1353.8562418907673
2019-03-31,2018-2019,Cihangir GSK,1464.370246455782
2019-03-31,2018-2019,Gençlik Gücü TSK,1487.639896007789
2019-03-31,2018-2019,Doğancı SK,1274.6101145274802
2019-03-31,2018-2019,Ozanköy SK,1485.5698708243342
2019-03-31,2018-2019,Düzkaya KOSK,1520.8638522410733
2019-03-31,2018-2019,Maraş GSK,1340.5309504090333
2019-03-31,2018-2019,Göçmenköy İYSK,1490.7616324334065
2019-03-31,2018-2019,M. Karşıyaka ASK,1298.3799247420482
2019-03-31,2018-2019,Akova Vuda TÇBSK,1457.5650587864313
2019-03-31,2018-2019,Dumlupınar TSK,1381.2074649092135
2019-04-01,2018-2019,Baf Ülkü Yurdu,1412.8053293794303
2019-04-01,2018-2019,Yenicami AK,1769.9520595422787
2019-04-05,2018-2019,L. Gençler Birliği SK,1342.3368612305128
2019-04-05,2018-2019,Çetinkaya TSK,1581.436404956708
2019-04-06,2018-2019,Yenicami AK,1764.0804234327477
2019-04-06,2018-2019,Mağusa Türk Gücü,1730.7308868206458
2019-04-06,2018-2019,Doğan Türk Birliği,1643.471163125275
2019-04-06,2018-2019,Baf Ülkü Yurdu,1400.2143315488809
2019-04-06,2018-2019,Değirmenlik SK,1243.128656808243
2019-04-06,2018-2019,Düzkaya KOSK,1535.0569096775073
2019-04-06,2018-2019,Dumlupınar TSK,1396.504022821342
2019-04-06,2018-2019,Çanakkale TSK,1162.4467031389065
2019-04-06,2018-2019,Ozanköy SK,1478.9269722062988
2019-04-06,2018-2019,Mesarya SK,1432.2650694947993
2019-04-07,2018-2019,Gönyeli SK,1439.9785998617554
2019-04-07,2018-2019,Türk Ocağı Limasol SK,1508.5375176999453
2019-04-07,2018-2019,Gençlik Gücü TSK,1479.1193259581264
2019-04-07,2018-2019,Küçük Kaymaklı TSK,1398.0653142966096
2019-04-07,2018-2019,Girne Halk Evi SK,1269.9803756277715
2019-04-07,2018-2019,Cihangir GSK,1456.615663313545
2019-04-07,2018-2019,Esentepe KSKK,1383.1932697663772
2019-04-07,2018-2019,Alsancak Yeşilova SK,1650.6326091954868
2019-04-07,2018-2019,Maraş GSK,1350.7733145117224
2019-04-07,2018-2019,Yeniboğaziçi DSK,1205.009300211463
2019-04-07,2018-2019,Hamitköy ŞHSK,1473.2159659239878
2019-04-07,2018-2019,Bostancı Bağcıl SK,1403.0316443674305
2019-04-07,2018-2019,Yalova SK,1368.873784482094
2019-04-07,2018-2019,Göçmenköy İYSK,1517.7590359703026
2019-04-07,2018-2019,M. Karşıyaka ASK,1323.9392698997146
2019-04-07,2018-2019,Akova Vuda TÇBSK,1432.0057136287649
2019-04-07,2018-2019,Mormenekşe GBSK,1262.1142911733311
2019-04-07,2018-2019,Doğancı SK,1256.285910397356
2019-04-08,2018-2019,Binatlı YSK,1394.7134465166591
2019-04-08,2018-2019,Lefke TSK,1504.7043543414134
2019-04-12,2018-2019,Türk Ocağı Limasol SK,1521.3660680206497
2019-04-12,2018-2019,L. Gençler Birliği SK,1329.5083109098084
2019-04-13,2018-2019,Çetinkaya TSK,1592.5026587732573
2019-04-13,2018-2019,Esentepe KSKK,1372.1270159498279
2019-04-13,2018-2019,Küçük Kaymaklı TSK,1413.2449940318572
2019-04-13,2018-2019,Girne Halk Evi SK,1254.800695892524
2019-04-13,2018-2019,Alsancak Yeşilova SK,1666.2861219031042
2019-04-13,2018-2019,Gençlik Gücü TSK,1463.465813250509
2019-04-13,2018-2019,Akova Vuda TÇBSK,1455.0961296795588
2019-04-13,2018-2019,Yalova SK,1345.7833684313
2019-04-13,2018-2019,Bostancı Bağcıl SK,1396.7854008223942
2019-04-13,2018-2019,Maraş GSK,1357.0195580567588
2019-04-13,2018-2019,Doğancı SK,1229.1636870342795
2019-04-13,2018-2019,Mesarya SK,1459.3872928578758
2019-04-14,2018-2019,Cihangir GSK,1442.0691352857923
2019-04-14,2018-2019,Yenicami AK,1778.6269514605003
2019-04-14,2018-2019,Binatlı YSK,1358.2299753932518
2019-04-14,2018-2019,Gönyeli SK,1476.4620709851627
2019-04-14,2018-2019,Mağusa Türk Gücü,1756.2237964526269
2019-04-14,2018-2019,Doğan Türk Birliği,1617.978253493294
2019-04-14,2018-2019,Göçmenköy İYSK,1492.218450086526
2019-04-14,2018-2019,Ozanköy SK,1504.4675580900755
2019-04-14,2018-2019,Yeniboğaziçi DSK,1223.7514116896602
2019-04-14,2018-2019,Değirmenlik SK,1224.3865453300457
2019-04-14,2018-2019,Çanakkale TSK,1188.1283842159041
2019-04-14,2018-2019,M. Karşıyaka ASK,1298.257588822717
2019-04-14,2018-2019,Düzkaya KOSK,1544.7279854999078
2019-04-14,2018-2019,Dumlupınar TSK,1386.8329469989415
2019-04-15,2018-2019,Lefke TSK,1525.667797367035
2019-04-15,2018-2019,Baf Ülkü Yurdu,1379.2508885232592
2019-04-17,2018-2019,Mormenekşe GBSK,1304.3966753354914
2019-04-17,2018-2019,Hamitköy ŞHSK,1430.9335817618276
2019-04-19,2018-2019,Yenicami AK,1783.398991791447
2019-04-19,2018-2019,Küçük Kaymaklı TSK,1408.4729537009105
2019-04-19,2018-2019,Doğan Türk Birliği,1606.1608620471789
2019-04-19,2018-2019,Cihangir GSK,1453.8865267319075
2019-04-20,2018-2019,Baf Ülkü Yurdu,1373.6957799633005
2019-04-20,2018-2019,Mağusa Türk Gücü,1761.7789050125855
2019-04-20,2018-2019,Esentepe KSKK,1377.153965498079
2019-04-20,2018-2019,Türk Ocağı Limasol SK,1516.3391184723985
2019-04-20,2018-2019,Gençlik Gücü TSK,1447.3884033344816
2019-04-20,2018-2019,Çetinkaya TSK,1608.5800686892846
2019-04-20,2018-2019,L. Gençler Birliği SK,1327.7126337242448
2019-04-20,2018-2019,Binatlı YSK,1360.0256525788154
2019-04-20,2018-2019,Girne Halk Evi SK,1250.1296207284993
2019-04-20,2018-2019,Alsancak Yeşilova SK,1670.9571970671288
2019-04-20,2018-2019,Gönyeli SK,1505.5303182491327
2019-04-20,2018-2019,Lefke TSK,1496.599550103065
2019-04-20,2018-2019,Dumlupınar TSK,1402.0119457420456
2019-04-20,2018-2019,Yeniboğaziçi DSK,1208.5724129465561
2019-04-21,2018-2019,M. Karşıyaka ASK,1288.0673824800579
2019-04-21,2018-2019,Düzkaya KOSK,1554.918191842567
2019-04-21,2018-2019,Değirmenlik SK,1263.766859689829
2019-04-21,2018-2019,Bostancı Bağcıl SK,1357.4050864626108
2019-04-21,2018-2019,Maraş GSK,1381.0555004137636
2019-04-21,2018-2019,Mormenekşe GBSK,1280.3607329784866
2019-04-21,2018-2019,Mesarya SK,1437.8265086308902
2019-04-21,2018-2019,Göçmenköy İYSK,1513.7792343135116
2019-04-21,2018-2019,Yalova SK,1334.6711523255372
2019-04-21,2018-2019,Çanakkale TSK,1199.240600321667
2019-04-21,2018-2019,Ozanköy SK,1518.3716753390454
2019-04-21,2018-2019,Akova Vuda TÇBSK,1441.1920124305889
2019-04-21,2018-2019,Hamitköy ŞHSK,1418.1897147118157
2019-04-21,2018-2019,Doğancı SK,1241.9075540842914
2019-04-27,2018-2019,Çetinkaya TSK,1553.5303406372798
2019-04-27,2018-2019,Girne Halk Evi SK,1305.1793487805041
2019-04-27,2018-2019,Çanakkale TSK,1211.8938024827169
2019-04-27,2018-2019,Ozanköy SK,1505.7184731779955
2019-04-27,2018-2019,Düzkaya KOSK,1561.5638088953333
2019-04-27,2018-2019,Yalova SK,1328.0255352727709
2019-04-27,2018-2019,Doğancı SK,1228.227474985055
2019-04-27,2018-2019,Göçmenköy İYSK,1527.4593134127479
2019-04-27,2018-2019,Mormenekşe GBSK,1296.021701336119
2019-04-27,2018-2019,Değirmenlik SK,1248.1058913321967
2019-04-27,2018-2019,Hamitköy ŞHSK,1443.6518139889258
2019-04-27,2018-2019,Maraş GSK,1355.5934011366535
2019-04-27,2018-2019,Yeniboğaziçi DSK,1180.2539795257449
2019-04-27,2018-2019,M. Karşıyaka ASK,1316.3858159008691
2019-04-27,2018-2019,Akova Vuda TÇBSK,1465.7804632501548
2019-04-27,2018-2019,Mesarya SK,1413.2380578113243
2019-04-28,2018-2019,Alsancak Yeşilova SK,1653.9532709675962
2019-04-28,2018-2019,Yenicami AK,1800.4029178909798
2019-04-28,2018-2019,Lefke TSK,1480.1598290876234
2019-04-28,2018-2019,Mağusa Türk Gücü,1778.218626028027
2019-04-28,2018-2019,Binatlı YSK,1337.570209641595
2019-04-28,2018-2019,Esentepe KSKK,1399.6094084352994
2019-04-28,2018-2019,Küçük Kaymaklı TSK,1436.0084866128268
2019-04-28,2018-2019,Doğan Türk Birliği,1578.6253291352625
2019-04-28,2018-2019,Türk Ocağı Limasol SK,1529.239174673419
2019-04-28,2018-2019,Gençlik Gücü TSK,1434.488347133461
2019-04-28,2018-2019,Cihangir GSK,1426.2277085865844
2019-04-28,2018-2019,Baf Ülkü Yurdu,1401.3545981086236
2019-04-28,2018-2019,Gönyeli SK,1513.6416501014294
2019-04-28,2018-2019,L. Gençler Birliği SK,1319.6013018719482
2019-04-28,2018-2019,Bostancı Bağcıl SK,1336.5195653845885
2019-04-28,2018-2019,Dumlupınar TSK,1422.897466820068
2019-05-03,2018-2019,Doğan Türk Birliği,1579.507104390061
2019-05-03,2018-2019,Alsancak Yeşilova SK,1653.0714957127977
2019-05-04,2018-2019,Girne Halk Evi SK,1288.3786552452946
2019-05-04,2018-2019,Türk Ocağı Limasol SK,1546.0398682086286
2019-05-04,2018-2019,Esentepe KSKK,1382.6949192996792
2019-05-04,2018-2019,Gönyeli SK,1530.5561392370496
2019-05-04,2018-2019,Yenicami AK,1786.2420402575638
2019-05-04,2018-2019,Çetinkaya TSK,1567.6912182706958
2019-05-04,2018-2019,Baf Ülkü Yurdu,1379.8981414793766
2019-05-04,2018-2019,Küçük Kaymaklı TSK,1457.4649432420738
2019-05-04,2018-2019,Gençlik Gücü TSK,1426.0233139728566
2019-05-04,2018-2019,Binatlı YSK,1346.0352428021995
2019-05-04,2018-2019,Mağusa Türk Gücü,1785.4745085776174
2019-05-04,2018-2019,Cihangir GSK,1418.9718260369941
2019-05-04,2018-2019,L. Gençler Birliği SK,1292.6617050519606
2019-05-04,2018-2019,Lefke TSK,1507.099425907611
2019-05-05,2018-2019,Yalova SK,1337.3128292600445
2019-05-05,2018-2019,Yeniboğaziçi DSK,1170.9666855384712
2019-05-05,2018-2019,Değirmenlik SK,1235.535380770946
2019-05-05,2018-2019,Hamitköy ŞHSK,1456.2223245501766
2019-05-05,2018-2019,Ozanköy SK,1535.3597477249398
2019-05-05,2018-2019,Düzkaya KOSK,1531.922534348389
2019-05-05,2018-2019,M. Karşıyaka ASK,1314.1009489680685
2019-05-05,2018-2019,Bostancı Bağcıl SK,1338.8044323173892
2019-05-05,2018-2019,Dumlupınar TSK,1393.0699623162589
2019-05-05,2018-2019,Mormenekşe GBSK,1325.8492058399281
2019-05-05,2018-2019,Mesarya SK,1400.5087558005926
2019-05-05,2018-2019,Çanakkale TSK,1224.6231044934486
2019-05-05,2018-2019,Göçmenköy İYSK,1480.6793447364762
2019-05-05,2018-2019,Akova Vuda TÇBSK,1512.5604319264264
2019-05-05,2018-2019,Maraş GSK,1373.357838637387
2019-05-05,2018-2019,Doğancı SK,1210.4630374843216
2019-05-11,2018-2019,Türk Ocağı Limasol SK,1527.723243776988
2019-05-11,2018-2019,Yenicami AK,1804.5586646892043
2019-05-11,2018-2019,Küçük Kaymaklı TSK,1446.8971143632584
2019-05-11,2018-2019,Mağusa Türk Gücü,1796.0423374564327
2019-05-11,2018-2019,L. Gençler Birliği SK,1274.3862624983428
2019-05-11,2018-2019,Esentepe KSKK,1400.970361853297
2019-05-11,2018-2019,Çetinkaya TSK,1527.8681244347151
2019-05-11,2018-2019,Doğan Türk Birliği,1619.3301982260416
2019-05-11,2018-2019,Binatlı YSK,1366.247284491127
2019-05-11,2018-2019,Girne Halk Evi SK,1268.166613556367
2019-05-11,2018-2019,Lefke TSK,1519.0541723865529
2019-05-11,2018-2019,Cihangir GSK,1407.0170795580523
2019-05-11,2018-2019,Gönyeli SK,1487.3239166498586
2019-05-11,2018-2019,Gençlik Gücü TSK,1469.2555365600476
2019-05-11,2018-2019,Alsancak Yeşilova SK,1618.1953327919198
2019-05-11,2018-2019,Baf Ülkü Yurdu,1414.7743044002546
2019-05-12,2018-2019,Yeniboğaziçi DSK,1162.1006962439426
2019-05-12,2018-2019,Ozanköy SK,1544.2257370194684
2019-05-12,2018-2019,Bostancı Bağcıl SK,1335.3011939132587
2019-05-12,2018-2019,Yalova SK,1340.816067664175
2019-05-12,2018-2019,Çanakkale TSK,1254.846251536275
2019-05-12,2018-2019,Göçmenköy İYSK,1450.4561976936498
2019-05-12,2018-2019,Doğancı SK,1222.5098480472845
2019-05-12,2018-2019,Akova Vuda TÇBSK,1500.5136213634635
2019-05-12,2018-2019,Maraş GSK,1383.0597801967485
2019-05-12,2018-2019,Değirmenlik SK,1225.8334392115844
2019-05-12,2018-2019,Mormenekşe GBSK,1349.7405531552606
2019-05-12,2018-2019,M. Karşıyaka ASK,1290.209601652736
2019-05-12,2018-2019,Düzkaya KOSK,1541.898149251947
2019-05-12,2018-2019,Mesarya SK,1390.5331408970346
2019-05-12,2018-2019,Hamitköy ŞHSK,1469.4158079960232
2019-05-12,2018-2019,Dumlupınar TSK,1379.8764788704123
2019-09-12,2019-2020,Doğan Türk Birliği,1584.790209694968
2019-09-12,2019-2020,Göçmenköy İYSK,1419.9517723658535
2019-09-13,2019-2020,Çetinkaya TSK,1468.936145609989
2019-09-13,2019-2020,Cihangir GSK,1434.6299425056397
2019-09-14,2019-2020,Küçük Kaymaklı TSK,1433.8981056477567
2019-09-14,2019-2020,Gençlik Gücü TSK,1455.6185676657763
2019-09-14,2019-2020,Baf Ülkü Yurdu,1453.583404360951
2019-09-14,2019-2020,Düzkaya KOSK,1466.3231209992534
2019-09-14,2019-2020,Mağusa Türk Gücü,1665.5071379285775
2019-09-14,2019-2020,Türk Ocağı Limasol SK,1529.7192331175413
2019-09-14,2019-2020,Doğancı SK,1235.9710718320612
2019-09-14,2019-2020,Yalova SK,1388.9255500725867
2019-09-14,2019-2020,Mesarya SK,1416.450991862727
2019-09-14,2019-2020,Mormenekşe GBSK,1341.1564637975475
2019-09-14,2019-2020,Lapta Türk Birliği SK,1311.3432960239184
2019-09-14,2019-2020,M. Karşıyaka ASK,1343.2106815605348
2019-09-14,2019-2020,Esentepe KSKK,1418.3469792306444
2019-09-14,2019-2020,Çanakkale TSK,1275.9176659325879
2019-09-15,2019-2020,Hamitköy ŞHSK,1451.9540050762769
2019-09-15,2019-2020,Lefke TSK,1491.8006653317084
2019-09-15,2019-2020,Gönyeli SK,1445.5576068613095
2019-09-15,2019-2020,Yenicami AK,1725.756514264041
2019-09-15,2019-2020,Alsancak Yeşilova SK,1576.4042339274122
2019-09-15,2019-2020,Binatlı YSK,1364.329914155926
2019-09-15,2019-2020,Dörtyol SK,1395.468444575919
2019-09-15,2019-2020,Görneç KSK,1276.716752799075
2019-09-15,2019-2020,Maraş GSK,1391.9647202321673
2019-09-15,2019-2020,Ozanköy SK,1505.9016028010485
2019-09-15,2019-2020,Bostancı Bağcıl SK,1313.8227361182576
2019-09-15,2019-2020,L. Gençler Birliği SK,1345.8450413114967
2019-09-16,2019-2020,Girne Halk Evi SK,1303.6929434400565
2019-09-16,2019-2020,Dumlupınar TSK,1384.7415610010812
2019-09-20,2019-2020,Göçmenköy İYSK,1429.7215131302391
2019-09-20,2019-2020,Mağusa Türk Gücü,1655.7373971641919
2019-09-21,2019-2020,Binatlı YSK,1336.1605830948329
2019-09-21,2019-2020,Gönyeli SK,1473.7269379224026
2019-09-21,2019-2020,Gençlik Gücü TSK,1459.0824019233546
2019-09-21,2019-2020,Alsancak Yeşilova SK,1572.9403996698338
2019-09-21,2019-2020,Cihangir GSK,1469.9261490665403
2019-09-21,2019-2020,Baf Ülkü Yurdu,1418.2871978000503
2019-09-21,2019-2020,Yalova SK,1418.5824795979208
2019-09-21,2019-2020,Dörtyol SK,1365.8115150505848
2019-09-21,2019-2020,M. Karşıyaka ASK,1322.563537980054
2019-09-21,2019-2020,Maraş GSK,1412.6118638126482
2019-09-21,2019-2020,Görneç KSK,1304.7427806973817
2019-09-21,2019-2020,Bostancı Bağcıl SK,1285.796708219951
2019-09-22,2019-2020,Lefke TSK,1460.114017756315
2019-09-22,2019-2020,Doğan Türk Birliği,1616.4768572703615
2019-09-22,2019-2020,Yenicami AK,1733.418032621021
2019-09-22,2019-2020,Hamitköy ŞHSK,1444.292486719297
2019-09-22,2019-2020,Düzkaya KOSK,1419.0761919985935
2019-09-22,2019-2020,Küçük Kaymaklı TSK,1481.1450346484166
2019-09-22,2019-2020,Ozanköy SK,1456.71086926804
2019-09-22,2019-2020,Mesarya SK,1465.6417253957356
2019-09-22,2019-2020,Dumlupınar TSK,1403.7575463968092
2019-09-22,2019-2020,Lapta Türk Birliği SK,1292.3273106281904
2019-09-22,2019-2020,Çanakkale TSK,1274.0679628380594
2019-09-22,2019-2020,Girne Halk Evi SK,1305.542646534585
2019-09-23,2019-2020,Türk Ocağı Limasol SK,1549.6907611132774
2019-09-23,2019-2020,Çetinkaya TSK,1448.9646176142528
2019-09-23,2019-2020,L. Gençler Birliği SK,1366.5644002577044
2019-09-23,2019-2020,Esentepe KSKK,1397.6276202844367
2019-09-27,2019-2020,Doğan Türk Birliği,1599.725619626059
2019-09-27,2019-2020,Yenicami AK,1750.1692702653236
2019-09-28,2019-2020,Hamitköy ŞHSK,1460.8111011364315
2019-09-28,2019-2020,Binatlı YSK,1319.6419686776983
2019-09-28,2019-2020,Alsancak Yeşilova SK,1526.4997230727324
2019-09-28,2019-2020,Düzkaya KOSK,1465.5168685956949
2019-09-28,2019-2020,Çetinkaya TSK,1427.9292349823952
2019-09-28,2019-2020,Mağusa Türk Gücü,1676.7727797960495
2019-09-28,2019-2020,Dörtyol SK,1361.0325793501027
2019-09-28,2019-2020,Mormenekşe GBSK,1345.9353994980297
2019-09-28,2019-2020,Mesarya SK,1483.419246382359
2019-09-28,2019-2020,M. Karşıyaka ASK,1304.7860169934306
2019-09-28,2019-2020,Maraş GSK,1388.6993777545656
2019-09-28,2019-2020,Dumlupınar TSK,1427.6700324548917
2019-09-28,2019-2020,Esentepe KSKK,1388.4709132713097
2019-09-28,2019-2020,Bostancı Bağcıl SK,1294.953415233078
2019-09-29,2019-2020,Gönyeli SK,1449.4949667149351
2019-09-29,2019-2020,Gençlik Gücü TSK,1483.314373130822
2019-09-29,2019-2020,Küçük Kaymaklı TSK,1497.10181816021
2019-09-29,2019-2020,Cihangir GSK,1453.969365554747
2019-09-29,2019-2020,Lefke TSK,1422.4803665718098
2019-09-29,2019-2020,Göçmenköy İYSK,1467.3551643147443
2019-09-29,2019-2020,Lapta Türk Birliği SK,1315.6818667377022
2019-09-29,2019-2020,Çanakkale TSK,1250.7134067285476
2019-09-29,2019-2020,Girne Halk Evi SK,1285.6014632373142
2019-09-29,2019-2020,L. Gençler Birliği SK,1386.5055835549751
2019-09-29,2019-2020,Yalova SK,1429.3346184652646
2019-09-29,2019-2020,Görneç KSK,1293.990641830038
2019-09-30,2019-2020,Baf Ülkü Yurdu,1402.3406096220747
2019-09-30,2019-2020,Türk Ocağı Limasol SK,1565.637349291253
2019-10-04,2019-2020,Binatlı YSK,1304.2568219115221
2019-10-04,2019-2020,Doğan Türk Birliği,1615.110766392235
2019-10-04,2019-2020,Dumlupınar TSK,1407.4253497474372
2019-10-04,2019-2020,Mesarya SK,1503.6639290898136
2019-10-05,2019-2020,Gençlik Gücü TSK,1446.3214182044455
2019-10-05,2019-2020,Hamitköy ŞHSK,1497.804056062808
2019-10-05,2019-2020,Düzkaya KOSK,1441.2092237273664
2019-10-05,2019-2020,Gönyeli SK,1473.8026115832636
2019-10-05,2019-2020,Cihangir GSK,1490.2311029347584
2019-10-05,2019-2020,Alsancak Yeşilova SK,1490.237985692721
2019-10-05,2019-2020,Bostancı Bağcıl SK,1259.043372909772
2019-10-05,2019-2020,Girne Halk Evi SK,1321.5115055606202
2019-10-05,2019-2020,Görneç KSK,1326.9581717696285
2019-10-05,2019-2020,Esentepe KSKK,1355.503383331719
2019-10-05,2019-2020,Mormenekşe GBSK,1310.9571516514332
2019-10-05,2019-2020,Yalova SK,1464.3128663118612
2019-10-06,2019-2020,Türk Ocağı Limasol SK,1585.0187788358774
2019-10-06,2019-2020,Küçük Kaymaklı TSK,1477.7203886155858
2019-10-06,2019-2020,Mağusa Türk Gücü,1688.8652141405134
2019-10-06,2019-2020,Baf Ülkü Yurdu,1390.2481752776107
2019-10-06,2019-2020,Göçmenköy İYSK,1492.6039316008328
2019-10-06,2019-2020,Çetinkaya TSK,1402.6804676963068
2019-10-06,2019-2020,Ozanköy SK,1428.304510237068
2019-10-06,2019-2020,Dörtyol SK,1389.4389383810746
2019-10-06,2019-2020,Çanakkale TSK,1235.128735405854
2019-10-06,2019-2020,Maraş GSK,1404.2840490772592
2019-10-06,2019-2020,L. Gençler Birliği SK,1408.9160942086412
2019-10-06,2019-2020,Lapta Türk Birliği SK,1293.2713560840361
2019-10-07,2019-2020,Yenicami AK,1734.046800372074
2019-10-07,2019-2020,Lefke TSK,1438.6028364650595
2019-10-11,2019-2020,Baf Ülkü Yurdu,1407.5269395208259
2019-10-11,2019-2020,Çetinkaya TSK,1385.4017034530916
2019-10-12,2019-2020,Gönyeli SK,1451.3075007568832
2019-10-12,2019-2020,Cihangir GSK,1512.7262137611388
2019-10-12,2019-2020,Alsancak Yeşilova SK,1472.2334676660278
2019-10-12,2019-2020,Türk Ocağı Limasol SK,1603.0232968625705
2019-10-12,2019-2020,Küçük Kaymaklı TSK,1520.0058740200793
2019-10-12,2019-2020,Mağusa Türk Gücü,1646.5797287360197
2019-10-12,2019-2020,Mesarya SK,1513.4970019798693
2019-10-12,2019-2020,Çanakkale TSK,1225.2956625157983
2019-10-12,2019-2020,Maraş GSK,1429.543260400064
2019-10-12,2019-2020,L. Gençler Birliği SK,1383.6568828858365
2019-10-12,2019-2020,Girne Halk Evi SK,1340.0171479303062
2019-10-12,2019-2020,Esentepe KSKK,1336.997740962033
2019-10-12,2019-2020,Yalova SK,1458.9226868310636
2019-10-12,2019-2020,Ozanköy SK,1433.6946897178655
2019-10-13,2019-2020,Doğan Türk Birliği,1623.563364618528
2019-10-13,2019-2020,Gençlik Gücü TSK,1437.8688199781525
2019-10-13,2019-2020,Hamitköy ŞHSK,1491.3334182863507
2019-10-13,2019-2020,Düzkaya KOSK,1447.6798615038238
2019-10-13,2019-2020,Lefke TSK,1382.0711393041804
2019-10-13,2019-2020,Binatlı YSK,1360.7885190724012
2019-10-13,2019-2020,Dörtyol SK,1381.5620089306087
2019-10-13,2019-2020,M. Karşıyaka ASK,1312.6629464438965
2019-10-13,2019-2020,Lapta Türk Birliği SK,1307.9763495954965
2019-10-13,2019-2020,Bostancı Bağcıl SK,1244.3383793983116
2019-10-13,2019-2020,Mormenekşe GBSK,1308.4378203182043
2019-10-13,2019-2020,Görneç KSK,1329.4775031028573
2019-10-14,2019-2020,Yenicami AK,1700.0435188295685
2019-10-14,2019-2020,Göçmenköy İYSK,1526.6072131433382
2019-10-18,2019-2020,Çetinkaya TSK,1369.6314550226434
2019-10-18,2019-2020,Küçük Kaymaklı TSK,1535.7761224505275
2019-10-18,2019-2020,L. Gençler Birliği SK,1359.6074298163667
2019-10-18,2019-2020,Mesarya SK,1537.546455049339
2019-10-19,2019-2020,Türk Ocağı Limasol SK,1592.1496690191077
2019-10-19,2019-2020,Gönyeli SK,1462.181128600346
2019-10-19,2019-2020,Mağusa Türk Gücü,1654.8210489335586
2019-10-19,2019-2020,Alsancak Yeşilova SK,1463.9921474684888
2019-10-19,2019-2020,Gençlik Gücü TSK,1398.2245357898485
2019-10-19,2019-2020,Lefke TSK,1421.7154234924844
2019-10-19,2019-2020,Binatlı YSK,1350.7725345847373
2019-10-19,2019-2020,Yenicami AK,1710.0595033172324
2019-10-19,2019-2020,Dumlupınar TSK,1422.5808852938658
2019-10-19,2019-2020,Dörtyol SK,1366.4064733841801
2019-10-19,2019-2020,M. Karşıyaka ASK,1286.178338449166
2019-10-19,2019-2020,Yalova SK,1485.4072948257942
2019-10-19,2019-2020,Ozanköy SK,1403.938037105975
2019-10-19,2019-2020,Mormenekşe GBSK,1338.194472930095
2019-10-20,2019-2020,Düzkaya KOSK,1423.9392778689669
2019-10-20,2019-2020,Doğan Türk Birliği,1647.303948253385
2019-10-20,2019-2020,Cihangir GSK,1535.824002412326
2019-10-20,2019-2020,Hamitköy ŞHSK,1468.2356296351634
2019-10-20,2019-2020,Göçmenköy İYSK,1482.3821539639914
2019-10-20,2019-2020,Baf Ülkü Yurdu,1451.7519987001726
2019-10-20,2019-2020,Bostancı Bağcıl SK,1284.7045397855738
2019-10-20,2019-2020,Maraş GSK,1389.1771000128017
2019-10-20,2019-2020,Esentepe KSKK,1351.9825312564394
2019-10-20,2019-2020,Lapta Türk Birliği SK,1292.99155930109
2019-10-20,2019-2020,Görneç KSK,1295.2353709642073
2019-10-20,2019-2020,Girne Halk Evi SK,1374.2592800689563
2019-10-25,2019-2020,Doğan Türk Birliği,1603.5928513693304
2019-10-25,2019-2020,Cihangir GSK,1579.5350992963806
2019-10-26,2019-2020,Hamitköy ŞHSK,1437.5573287461814
2019-10-26,2019-2020,Türk Ocağı Limasol SK,1622.8279699080897
2019-10-26,2019-2020,Alsancak Yeşilova SK,1481.4764290165763
2019-10-26,2019-2020,Çetinkaya TSK,1352.147173474556
2019-10-26,2019-2020,Küçük Kaymaklı TSK,1507.9297966604393
2019-10-26,2019-2020,Baf Ülkü Yurdu,1479.598324490261
2019-10-26,2019-2020,Lefke TSK,1446.7721127219381
2019-10-26,2019-2020,Düzkaya KOSK,1398.8825886395132
2019-10-26,2019-2020,Dörtyol SK,1335.969987133191
2019-10-26,2019-2020,Çanakkale TSK,1255.7321487667875
2019-10-26,2019-2020,Maraş GSK,1383.7236549074985
2019-10-26,2019-2020,Esentepe KSKK,1357.4359763617426
2019-10-26,2019-2020,Lapta Türk Birliği SK,1324.825671646223
2019-10-26,2019-2020,Girne Halk Evi SK,1342.4251677238233
2019-10-26,2019-2020,Ozanköy SK,1353.1639014503314
2019-10-26,2019-2020,Görneç KSK,1346.0095066198508
2019-10-27,2019-2020,Gönyeli SK,1435.16142288947
2019-10-27,2019-2020,Mağusa Türk Gücü,1681.8407546444346
2019-10-27,2019-2020,Yenicami AK,1717.4253669557097
2019-10-27,2019-2020,Gençlik Gücü TSK,1390.8586721513711
2019-10-27,2019-2020,Binatlı YSK,1354.837319361903
2019-10-27,2019-2020,Göçmenköy İYSK,1478.3173691868258
2019-10-27,2019-2020,Mesarya SK,1546.0512190134402
2019-10-27,2019-2020,Bostancı Bağcıl SK,1276.1997758214727
2019-10-27,2019-2020,Mormenekşe GBSK,1311.9608141331305
2019-10-27,2019-2020,M. Karşıyaka ASK,1312.4119972461303
2019-10-29,2019-2020,Yalova SK,1478.6173737091929
2019-10-29,2019-2020,Dumlupınar TSK,1429.3708064104671
2019-11-01,2019-2020,Türk Ocağı Limasol SK,1618.344293639947
2019-11-01,2019-2020,Doğan Türk Birliği,1608.0765276374732
2019-11-02,2019-2020,Mağusa Türk Gücü,1693.668433322955
2019-11-02,2019-2020,Hamitköy ŞHSK,1425.729650067661
2019-11-02,2019-2020,Göçmenköy İYSK,1476.5725666935643
2019-11-02,2019-2020,Küçük Kaymaklı TSK,1509.6745991537007
2019-11-02,2019-2020,Cihangir GSK,1526.8908520221507
2019-11-02,2019-2020,Lefke TSK,1499.416359996168
2019-11-02,2019-2020,Düzkaya KOSK,1387.8318938137763
2019-11-02,2019-2020,Yenicami AK,1728.4760617814466
2019-11-02,2019-2020,L. Gençler Birliği SK,1382.5219346012457
2019-11-02,2019-2020,Dörtyol SK,1313.055482348312
2019-11-02,2019-2020,Esentepe KSKK,1338.060566875581
2019-11-02,2019-2020,Mesarya SK,1565.426628499602
2019-11-02,2019-2020,Görneç KSK,1309.1243856420308
2019-11-02,2019-2020,Lapta Türk Birliği SK,1361.710792624043
2019-11-02,2019-2020,Dumlupınar TSK,1454.5252110549611
2019-11-02,2019-2020,Mormenekşe GBSK,1286.8064094886365
2019-11-03,2019-2020,Çetinkaya TSK,1324.1314821213887
2019-11-03,2019-2020,Gönyeli SK,1463.1771142426373
2019-11-03,2019-2020,Baf Ülkü Yurdu,1476.283424590806
2019-11-03,2019-2020,Alsancak Yeşilova SK,1484.7913289160313
2019-11-03,2019-2020,Girne Halk Evi SK,1321.3496606237686
2019-11-03,2019-2020,Maraş GSK,1404.7991620075532
2019-11-03,2019-2020,Çanakkale TSK,1284.4770789041618
2019-11-03,2019-2020,Yalova SK,1449.8724435718186
2019-11-03,2019-2020,M. Karşıyaka ASK,1291.3051199671208
2019-11-03,2019-2020,Ozanköy SK,1374.270778729341
2019-11-04,2019-2020,Gençlik Gücü TSK,1405.4677988685476
2019-11-04,2019-2020,Binatlı YSK,1340.2281926447265
2019-11-08,2019-2020,Doğan Türk Birliği,1589.5470575555141
2019-11-08,2019-2020,Mağusa Türk Gücü,1712.197903404914
2019-11-09,2019-2020,Gönyeli SK,1429.1523975696794
2019-11-09,2019-2020,Baf Ülkü Yurdu,1510.308141263764
2019-11-09,2019-2020,Lefke TSK,1502.7763671033078
2019-11-09,2019-2020,Türk Ocağı Limasol SK,1614.9842865328071
2019-11-09,2019-2020,Gençlik Gücü TSK,1376.4263352171645
2019-11-09,2019-2020,Göçmenköy İYSK,1505.6140303449474
2019-11-09,2019-2020,Mesarya SK,1551.3464596322194
2019-11-09,2019-2020,Girne Halk Evi SK,1335.4298294911512
2019-11-09,2019-2020,Yalova SK,1469.3434847290328
2019-11-09,2019-2020,L. Gençler Birliği SK,1363.0508934440315
2019-11-09,2019-2020,Mormenekşe GBSK,1303.2564470139157
2019-11-09,2019-2020,Çanakkale TSK,1268.0270413788826
2019-11-09,2019-2020,M. Karşıyaka ASK,1288.888861463274
2019-11-09,2019-2020,Görneç KSK,1311.5406441458776
2019-11-10,2019-2020,Hamitköy ŞHSK,1437.0447411712298
2019-11-10,2019-2020,Çetinkaya TSK,1312.8163910178198
2019-11-10,2019-2020,Alsancak Yeşilova SK,1516.2657339780474
2019-11-10,2019-2020,Küçük Kaymaklı TSK,1478.2001940916846
2019-11-10,2019-2020,Binatlı YSK,1369.1582641363084
2019-11-10,2019-2020,Düzkaya KOSK,1358.9018223221942
2019-11-10,2019-2020,Dörtyol SK,1334.9024061389036
2019-11-10,2019-2020,Bostancı Bağcıl SK,1254.352852030881
2019-11-10,2019-2020,Maraş GSK,1419.0331433763417
2019-11-10,2019-2020,Lapta Türk Birliği SK,1347.4768112552545
2019-11-10,2019-2020,Ozanköy SK,1341.308863404146
2019-11-10,2019-2020,Dumlupınar TSK,1487.487126380156
2019-11-11,2019-2020,Yenicami AK,1739.3697366772362
2019-11-11,2019-2020,Cihangir GSK,1515.997177126361
2019-11-16,2019-2020,Baf Ülkü Yurdu,1529.3342121812539
2019-11-16,2019-2020,Hamitköy ŞHSK,1418.0186702537399
2019-11-16,2019-2020,Küçük Kaymaklı TSK,1502.5619810142239
2019-11-16,2019-2020,Gönyeli SK,1404.79061064714
2019-11-16,2019-2020,Göçmenköy İYSK,1465.6759395606045
2019-11-16,2019-2020,Alsancak Yeşilova SK,1556.2038247623902
2019-11-16,2019-2020,Düzkaya KOSK,1376.4688458530964
2019-11-16,2019-2020,Gençlik Gücü TSK,1358.8593116862623
2019-11-16,2019-2020,Esentepe KSKK,1334.464415919722
2019-11-16,2019-2020,Dörtyol SK,1338.4985570947626
2019-11-16,2019-2020,Görneç KSK,1334.2576305851483
2019-11-16,2019-2020,Maraş GSK,1396.3161569370711
2019-11-16,2019-2020,Çanakkale TSK,1288.791232289405
2019-11-16,2019-2020,Ozanköy SK,1320.5446724936237
2019-11-17,2019-2020,Çetinkaya TSK,1367.1983046690398
2019-11-17,2019-2020,Doğan Türk Birliği,1535.1651439042942
2019-11-17,2019-2020,Mağusa Türk Gücü,1719.1960693350704
2019-11-17,2019-2020,Lefke TSK,1495.7782011731515
2019-11-17,2019-2020,Türk Ocağı Limasol SK,1618.6487581496638
2019-11-17,2019-2020,Yenicami AK,1735.7052650603796
2019-11-17,2019-2020,Cihangir GSK,1525.3228102348394
2019-11-17,2019-2020,Binatlı YSK,1359.83263102783
2019-11-17,2019-2020,Lapta Türk Birliği SK,1375.3156120509252
2019-11-17,2019-2020,Mesarya SK,1523.5076588365487
2019-11-17,2019-2020,Bostancı Bağcıl SK,1242.7265925601632
2019-11-17,2019-2020,Yalova SK,1480.9697441997505
2019-11-17,2019-2020,L. Gençler Birliği SK,1336.4158447139205
2019-11-17,2019-2020,Mormenekşe GBSK,1329.8914957440268
2019-11-17,2019-2020,Dumlupınar TSK,1502.2175470992172
2019-11-17,2019-2020,M. Karşıyaka ASK,1274.1584407442128
2019-11-22,2019-2020,Yenicami AK,1711.3708786661887
2019-11-22,2019-2020,Mağusa Türk Gücü,1743.5304557292613
2019-11-23,2019-2020,Doğan Türk Birliği,1551.4203187815224
2019-11-23,2019-2020,Baf Ülkü Yurdu,1513.0790373040256
2019-11-23,2019-2020,Hamitköy ŞHSK,1439.4291513782248
2019-11-23,2019-2020,Küçük Kaymaklı TSK,1481.151499889739
2019-11-23,2019-2020,Binatlı YSK,1390.1726625394817
2019-11-23,2019-2020,Türk Ocağı Limasol SK,1588.308726638012
2019-11-23,2019-2020,Dörtyol SK,1354.907388109652
2019-11-23,2019-2020,Girne Halk Evi SK,1319.0209984762619
2019-11-23,2019-2020,Mormenekşe GBSK,1350.8936799302166
2019-11-23,2019-2020,Bostancı Bağcıl SK,1221.7244083739733
2019-11-23,2019-2020,Ozanköy SK,1286.7546419517175
2019-11-23,2019-2020,L. Gençler Birliği SK,1370.2058752558266
2019-11-23,2019-2020,Dumlupınar TSK,1470.7020187218461
2019-11-23,2019-2020,Görneç KSK,1365.7731589625193
2019-11-24,2019-2020,Gönyeli SK,1389.934622645838
2019-11-24,2019-2020,Alsancak Yeşilova SK,1571.0598127636922
2019-11-24,2019-2020,Gençlik Gücü TSK,1332.5036645716486
2019-11-24,2019-2020,Cihangir GSK,1551.678457349453
2019-11-24,2019-2020,Düzkaya KOSK,1378.1461919732144
2019-11-24,2019-2020,Göçmenköy İYSK,1463.9985934404865
2019-11-24,2019-2020,Mesarya SK,1538.7457310536563
2019-11-24,2019-2020,Maraş GSK,1381.0780847199635
2019-11-24,2019-2020,Yalova SK,1470.3091170398409
2019-11-24,2019-2020,Esentepe KSKK,1345.1250430796315
2019-11-24,2019-2020,M. Karşıyaka ASK,1300.2632342735915
2019-11-24,2019-2020,Çanakkale TSK,1262.6864387600262
2019-11-25,2019-2020,Lefke TSK,1485.8764641518185
2019-11-25,2019-2020,Çetinkaya TSK,1377.1000416903728
2019-11-29,2019-2020,Göçmenköy İYSK,1476.642756330977
2019-11-29,2019-2020,Gönyeli SK,1377.2904597553477
2019-11-30,2019-2020,Küçük Kaymaklı TSK,1452.0379228892755
2019-11-30,2019-2020,Doğan Türk Birliği,1580.5338957819858
2019-11-30,2019-2020,Mağusa Türk Gücü,1726.9204953635171
2019-11-30,2019-2020,Binatlı YSK,1406.782622905226
2019-11-30,2019-2020,Cihangir GSK,1568.2225029054832
2019-11-30,2019-2020,Düzkaya KOSK,1361.6021464171843
2019-11-30,2019-2020,Lapta Türk Birliği SK,1338.493967592402
2019-11-30,2019-2020,Dörtyol SK,1391.7290325681752
2019-11-30,2019-2020,Görneç KSK,1345.1981456424355
2019-11-30,2019-2020,Mesarya SK,1559.3207443737401
2019-11-30,2019-2020,Bostancı Bağcıl SK,1262.3034949548155
2019-11-30,2019-2020,Ozanköy SK,1246.1755553708754
2019-11-30,2019-2020,L. Gençler Birliği SK,1363.0560781713584
2019-11-30,2019-2020,M. Karşıyaka ASK,1307.4130313580597
2019-12-01,2019-2020,Alsancak Yeşilova SK,1588.5007843618594
2019-12-01,2019-2020,Hamitköy ŞHSK,1421.9881797800576
2019-12-01,2019-2020,Baf Ülkü Yurdu,1475.7035888452667
2019-12-01,2019-2020,Lefke TSK,1523.2519126105774
2019-12-01,2019-2020,Çetinkaya TSK,1410.2615909941096
2019-12-01,2019-2020,Yenicami AK,1678.2093293624519
2019-12-01,2019-2020,Girne Halk Evi SK,1344.1582851404673
2019-12-01,2019-2020,Yalova SK,1445.1718303756354
2019-12-01,2019-2020,Esentepe KSKK,1342.028343666605
2019-12-01,2019-2020,Mormenekşe GBSK,1353.9903793432431
2019-12-01,2019-2020,Çanakkale TSK,1241.756172554983
2019-12-01,2019-2020,Dumlupınar TSK,1491.6322849268893
2019-12-02,2019-2020,Türk Ocağı Limasol SK,1573.8960720468758
2019-12-02,2019-2020,Gençlik Gücü TSK,1346.916319162785
2019-12-07,2019-2020,Doğan Türk Birliği,1597.5608236824594
2019-12-07,2019-2020,Alsancak Yeşilova SK,1571.4738564613858
2019-12-07,2019-2020,Yenicami AK,1665.4403358489503
2019-12-07,2019-2020,Baf Ülkü Yurdu,1488.4725823587682
2019-12-07,2019-2020,Binatlı YSK,1403.557412405481
2019-12-07,2019-2020,Çetinkaya TSK,1413.4868014938545
2019-12-07,2019-2020,Cihangir GSK,1585.9057773842899
2019-12-07,2019-2020,Göçmenköy İYSK,1458.9594818521703
2019-12-07,2019-2020,Yalova SK,1436.2511639704603
2019-12-07,2019-2020,Lapta Türk Birliği SK,1347.414633997577
2019-12-07,2019-2020,M. Karşıyaka ASK,1301.5405153385493
2019-12-07,2019-2020,Bostancı Bağcıl SK,1268.176010974326
2019-12-07,2019-2020,Dumlupınar TSK,1506.7799199026629
2019-12-07,2019-2020,L. Gençler Birliği SK,1347.9084431955848
2019-12-07,2019-2020,Çanakkale TSK,1244.2439424291013
2019-12-07,2019-2020,Görneç KSK,1342.7103757683174
2019-12-08,2019-2020,Hamitköy ŞHSK,1443.2119103668851
2019-12-08,2019-2020,Gönyeli SK,1356.0667291685202
2019-12-08,2019-2020,Lefke TSK,1496.0383674189668
2019-12-08,2019-2020,Küçük Kaymaklı TSK,1479.251468080886
2019-12-08,2019-2020,Gençlik Gücü TSK,1337.3400356831519
2019-12-08,2019-2020,Mağusa Türk Gücü,1736.4967788431502
2019-12-08,2019-2020,Düzkaya KOSK,1343.970101345278
2019-12-08,2019-2020,Türk Ocağı Limasol SK,1591.5281171187821
2019-12-08,2019-2020,Dörtyol SK,1355.7112588256891
2019-12-08,2019-2020,Maraş GSK,1417.0958584624495
2019-12-08,2019-2020,Mormenekşe GBSK,1330.0237918334783
2019-12-08,2019-2020,Girne Halk Evi SK,1368.1248726502322
2019-12-08,2019-2020,Ozanköy SK,1248.232113044654
2019-12-08,2019-2020,Esentepe KSKK,1339.9717859928264
2019-12-13,2019-2020,Baf Ülkü Yurdu,1500.5829021144104
2019-12-13,2019-2020,Binatlı YSK,1391.4470926498389
2019-12-14,2019-2020,Göçmenköy İYSK,1482.5206071218763
2019-12-14,2019-2020,Hamitköy ŞHSK,1419.650785097179
2019-12-14,2019-2020,Alsancak Yeşilova SK,1596.6258385515505
2019-12-14,2019-2020,Lefke TSK,1470.8863853288021
2019-12-14,2019-2020,Küçük Kaymaklı TSK,1526.4325260285395
2019-12-14,2019-2020,Yenicami AK,1618.2592779012969
2019-12-14,2019-2020,Mağusa Türk Gücü,1741.3142023681737
2019-12-14,2019-2020,Düzkaya KOSK,1339.1526778202544
2019-12-14,2019-2020,Mesarya SK,1546.5141891898013
2019-12-14,2019-2020,Dörtyol SK,1368.517814009628
2019-12-14,2019-2020,Lapta Türk Birliği SK,1323.031906309488
2019-12-14,2019-2020,Mormenekşe GBSK,1354.4065195215674
2019-12-14,2019-2020,Girne Halk Evi SK,1378.6052853106341
2019-12-14,2019-2020,Ozanköy SK,1237.751700384252
2019-12-14,2019-2020,Bostancı Bağcıl SK,1277.6381135846518
2019-12-14,2019-2020,Dumlupınar TSK,1497.317817292337
2019-12-15,2019-2020,Gönyeli SK,1340.4528196628237
2019-12-15,2019-2020,Doğan Türk Birliği,1613.1747331881559
2019-12-15,2019-2020,Çetinkaya TSK,1426.0275167303146
2019-12-15,2019-2020,Gençlik Gücü TSK,1324.7993204466918
2019-12-15,2019-2020,Türk Ocağı Limasol SK,1607.7948798422465
2019-12-15,2019-2020,Cihangir GSK,1569.6390146608255
2019-12-15,2019-2020,Maraş GSK,1443.5852021255057
2019-12-15,2019-2020,Yalova SK,1409.7618203074042
2019-12-15,2019-2020,Esentepe KSKK,1361.6928686840065
2019-12-15,2019-2020,M. Karşıyaka ASK,1279.8194326473692
2019-12-15,2019-2020,L. Gençler Birliği SK,1339.1272662371946
2019-12-15,2019-2020,Çanakkale TSK,1253.0251193874915
2019-12-21,2019-2020,Doğan Türk Birliği,1620.7170905271246
2019-12-21,2019-2020,Hamitköy ŞHSK,1412.1084277582104
2019-12-21,2019-2020,Lefke TSK,1485.913272726691
2019-12-21,2019-2020,Gönyeli SK,1325.4259322649348
2019-12-21,2019-2020,Yenicami AK,1593.6446864571706
2019-12-21,2019-2020,Alsancak Yeşilova SK,1621.2404299956768
2019-12-21,2019-2020,Cihangir GSK,1555.8549482064864
2019-12-21,2019-2020,Mağusa Türk Gücü,1755.0982688225129
2019-12-21,2019-2020,Yalova SK,1414.109545392477
2019-12-21,2019-2020,Mesarya SK,1542.1664641047284
2019-12-21,2019-2020,Ozanköy SK,1259.2043832511097
2019-12-21,2019-2020,Lapta Türk Birliği SK,1301.5792234426303
2019-12-21,2019-2020,Dumlupınar TSK,1467.113022145743
2019-12-21,2019-2020,Esentepe KSKK,1391.8976638306005
2019-12-21,2019-2020,L. Gençler Birliği SK,1364.2982093614146
2019-12-21,2019-2020,Görneç KSK,1317.5394326440974
2019-12-22,2019-2020,Binatlı YSK,1433.8858391986978
2019-12-22,2019-2020,Küçük Kaymaklı TSK,1483.9937794796806
2019-12-22,2019-2020,Gençlik Gücü TSK,1331.228115502129
2019-12-22,2019-2020,Baf Ülkü Yurdu,1494.1541070589733
2019-12-22,2019-2020,Düzkaya KOSK,1311.468620772124
2019-12-22,2019-2020,Çetinkaya TSK,1453.711573778445
2019-12-22,2019-2020,Türk Ocağı Limasol SK,1618.0374638461099
2019-12-22,2019-2020,Göçmenköy İYSK,1472.278023118013
2019-12-22,2019-2020,Mormenekşe GBSK,1320.0484985300807
2019-12-22,2019-2020,Maraş GSK,1477.9432231169924
2019-12-22,2019-2020,M. Karşıyaka ASK,1282.042896975376
2019-12-22,2019-2020,Girne Halk Evi SK,1376.3818209826275
2019-12-22,2019-2020,Çanakkale TSK,1250.9950944461266
2019-12-22,2019-2020,Bostancı Bağcıl SK,1279.6681385260167
2020-01-24,2019-2020,Türk Ocağı Limasol SK,1590.6755799627456
2020-01-24,2019-2020,Mağusa Türk Gücü,1782.4601527058771
2020-01-24,2019-2020,Göçmenköy İYSK,1449.753697782387
2020-01-24,2019-2020,Doğan Türk Birliği,1643.2414158627505
2020-01-25,2019-2020,Cihangir GSK,1547.1445902322728
2020-01-25,2019-2020,Çetinkaya TSK,1462.4219317526586
2020-01-25,2019-2020,Lefke TSK,1504.8988704423489
2020-01-25,2019-2020,Hamitköy ŞHSK,1393.1228300425526
2020-01-25,2019-2020,Gençlik Gücü TSK,1309.0530785412159
2020-01-25,2019-2020,Küçük Kaymaklı TSK,1506.1688164405937
2020-01-25,2019-2020,Çanakkale TSK,1224.0008888641369
2020-01-25,2019-2020,Esentepe KSKK,1418.8918694125903
2020-01-25,2019-2020,L. Gençler Birliği SK,1382.4844822505218
2020-01-25,2019-2020,Bostancı Bağcıl SK,1261.4818656369096
2020-01-25,2019-2020,Ozanköy SK,1287.7552577618783
2020-01-25,2019-2020,Maraş GSK,1449.3923486062238
2020-01-25,2019-2020,Mormenekşe GBSK,1328.7576712449595
2020-01-25,2019-2020,Mesarya SK,1533.4572913898496
2020-01-26,2019-2020,Yenicami AK,1603.4933331052157
2020-01-26,2019-2020,Gönyeli SK,1315.5772856168896
2020-01-26,2019-2020,Düzkaya KOSK,1351.6427351614934
2020-01-26,2019-2020,Baf Ülkü Yurdu,1453.979992669604
2020-01-26,2019-2020,Binatlı YSK,1414.41510707943
2020-01-26,2019-2020,Alsancak Yeşilova SK,1640.7111621149445
2020-01-26,2019-2020,Dumlupınar TSK,1424.8572768609783
2020-01-26,2019-2020,Girne Halk Evi SK,1418.637566267392
2020-01-26,2019-2020,M. Karşıyaka ASK,1308.5646942481383
2020-01-26,2019-2020,Lapta Türk Birliği SK,1275.057426169868
2020-01-26,2019-2020,Görneç KSK,1297.0202232164438
2020-01-26,2019-2020,Dörtyol SK,1389.0370234372815
2020-01-31,2019-2020,Çetinkaya TSK,1446.3011525284112
2020-01-31,2019-2020,Türk Ocağı Limasol SK,1606.796359186993
2020-01-31,2019-2020,Doğan Türk Birliği,1660.1813412402691
2020-01-31,2019-2020,Lefke TSK,1487.9589450648302
2020-02-01,2019-2020,Hamitköy ŞHSK,1435.3526170476637
2020-02-01,2019-2020,Yenicami AK,1561.2635461001046
2020-02-01,2019-2020,Baf Ülkü Yurdu,1422.3108207469854
2020-02-01,2019-2020,Cihangir GSK,1578.8137621548913
2020-02-01,2019-2020,Mağusa Türk Gücü,1788.1264949900358
2020-02-01,2019-2020,Göçmenköy İYSK,1444.0873554982284
2020-02-01,2019-2020,Esentepe KSKK,1380.7746576291288
2020-02-01,2019-2020,L. Gençler Birliği SK,1420.6016940339832
2020-02-01,2019-2020,Maraş GSK,1418.967728752898
2020-02-01,2019-2020,M. Karşıyaka ASK,1338.989314101464
2020-02-01,2019-2020,Lapta Türk Birliği SK,1252.6431961360445
2020-02-01,2019-2020,Dumlupınar TSK,1447.2715068948019
2020-02-02,2019-2020,Küçük Kaymaklı TSK,1515.181735378762
2020-02-02,2019-2020,Düzkaya KOSK,1342.6298162233252
2020-02-02,2019-2020,Gönyeli SK,1354.4735186380274
2020-02-02,2019-2020,Binatlı YSK,1375.5188740582923
2020-02-02,2019-2020,Alsancak Yeşilova SK,1646.408546725887
2020-02-02,2019-2020,Gençlik Gücü TSK,1303.3556939302734
2020-02-02,2019-2020,Mesarya SK,1543.7346987084816
2020-02-02,2019-2020,Ozanköy SK,1277.4778504432463
2020-02-02,2019-2020,Dörtyol SK,1387.0331820124588
2020-02-02,2019-2020,Yalova SK,1416.1133868172997
2020-02-02,2019-2020,Girne Halk Evi SK,1432.7061289349458
2020-02-02,2019-2020,Çanakkale TSK,1209.932326196583
2020-02-02,2019-2020,Bostancı Bağcıl SK,1260.0760624153177
2020-02-02,2019-2020,Görneç KSK,1298.4260264380357
2020-02-08,2019-2020,Gençlik Gücü TSK,1264.8972168985651
2020-02-08,2019-2020,Gönyeli SK,1392.9319956697354
2020-02-08,2019-2020,Mağusa Türk Gücü,1794.8798269334568
2020-02-08,2019-2020,Çetinkaya TSK,1439.5478205849902
2020-02-08,2019-2020,Düzkaya KOSK,1328.8193433038916
2020-02-08,2019-2020,Alsancak Yeşilova SK,1660.2190196453205
2020-02-08,2019-2020,Bostancı Bağcıl SK,1243.53503459271
2020-02-08,2019-2020,Esentepe KSKK,1397.3156854517365
2020-02-08,2019-2020,L. Gençler Birliği SK,1386.4920585686375
2020-02-08,2019-2020,Girne Halk Evi SK,1466.8157644002915
2020-02-08,2019-2020,Çanakkale TSK,1173.1920883161977
2020-02-08,2019-2020,Lapta Türk Birliği SK,1289.3834340164299
2020-02-08,2019-2020,Görneç KSK,1301.7165946211235
2020-02-08,2019-2020,Yalova SK,1412.822818634212
2020-02-09,2019-2020,Binatlı YSK,1395.5093035361658
2020-02-09,2019-2020,Hamitköy ŞHSK,1415.3621875697902
2020-02-09,2019-2020,Cihangir GSK,1591.9828434053804
2020-02-09,2019-2020,Küçük Kaymaklı TSK,1502.0126541282727
2020-02-09,2019-2020,Türk Ocağı Limasol SK,1618.5952937360491
2020-02-09,2019-2020,Baf Ülkü Yurdu,1410.5118861979292
2020-02-09,2019-2020,Göçmenköy İYSK,1412.6957160823986
2020-02-09,2019-2020,Lefke TSK,1519.35058448066
2020-02-09,2019-2020,Mormenekşe GBSK,1308.6584024801627
2020-02-09,2019-2020,Dörtyol SK,1407.1324507772556
2020-02-09,2019-2020,Dumlupınar TSK,1469.8067897224698
2020-02-09,2019-2020,Maraş GSK,1396.43244592523
2020-02-09,2019-2020,M. Karşıyaka ASK,1326.8707400742849
2020-02-09,2019-2020,Mesarya SK,1555.8532727356608
2020-02-10,2019-2020,Yenicami AK,1602.94660614537
2020-02-10,2019-2020,Doğan Türk Birliği,1618.4982811950038
2020-02-14,2019-2020,Çetinkaya TSK,1414.6498148580945
2020-02-14,2019-2020,Göçmenköy İYSK,1437.5937218092943
2020-02-15,2019-2020,Baf Ülkü Yurdu,1402.4800071120799
2020-02-15,2019-2020,Mağusa Türk Gücü,1802.9117060193062
2020-02-15,2019-2020,Küçük Kaymaklı TSK,1505.2413187287043
2020-02-15,2019-2020,Türk Ocağı Limasol SK,1615.3666291356176
2020-02-15,2019-2020,Gönyeli SK,1419.2213021388834
2020-02-15,2019-2020,Düzkaya KOSK,1302.5300368347437
2020-02-15,2019-2020,Alsancak Yeşilova SK,1673.155050626748
2020-02-15,2019-2020,Cihangir GSK,1579.0468124239528
2020-02-15,2019-2020,Dörtyol SK,1429.748625893092
2020-02-15,2019-2020,Ozanköy SK,1254.86167532741
2020-02-15,2019-2020,Girne Halk Evi SK,1453.365171615009
2020-02-15,2019-2020,Bostancı Bağcıl SK,1256.9856273779924
2020-02-15,2019-2020,Mesarya SK,1547.9086739970976
2020-02-15,2019-2020,Dumlupınar TSK,1477.751388461033
2020-02-16,2019-2020,Lefke TSK,1486.723954945914
2020-02-16,2019-2020,Yenicami AK,1635.5732356801159
2020-02-16,2019-2020,Doğan Türk Birliği,1628.3361975149335
2020-02-16,2019-2020,Binatlı YSK,1385.671387216236
2020-02-16,2019-2020,Hamitköy ŞHSK,1424.5393788609288
2020-02-16,2019-2020,Gençlik Gücü TSK,1255.7200256074266
2020-02-16,2019-2020,Yalova SK,1424.0184264196657
2020-02-16,2019-2020,Mormenekşe GBSK,1297.462794694709
2020-02-16,2019-2020,Lapta Türk Birliği SK,1258.1075357807636
2020-02-16,2019-2020,L. Gençler Birliği SK,1417.7679568043038
2020-02-16,2019-2020,Maraş GSK,1382.983126109035
2020-02-16,2019-2020,Çanakkale TSK,1186.6414081323926
2020-02-16,2019-2020,Esentepe KSKK,1388.9130804090003
2020-02-16,2019-2020,Görneç KSK,1310.1191996638597
2020-02-21,2019-2020,Gençlik Gücü TSK,1290.0438565209092
2020-02-21,2019-2020,Doğan Türk Birliği,1594.0123666014508
2020-02-22,2019-2020,Göçmenköy İYSK,1415.8061020114255
2020-02-22,2019-2020,Yenicami AK,1657.3608554779846
2020-02-22,2019-2020,Cihangir GSK,1524.4498038094077
2020-02-22,2019-2020,Gönyeli SK,1473.8183107534285
2020-02-22,2019-2020,Düzkaya KOSK,1326.0621567091193
2020-02-22,2019-2020,Hamitköy ŞHSK,1401.007258986553
2020-02-22,2019-2020,Mağusa Türk Gücü,1811.9640691345314
2020-02-22,2019-2020,Küçük Kaymaklı TSK,1496.188955613479
2020-02-22,2019-2020,Bostancı Bağcıl SK,1253.6284084979497
2020-02-22,2019-2020,Lapta Türk Birliği SK,1261.4647546608062
2020-02-22,2019-2020,Ozanköy SK,1233.9886816113662
2020-02-22,2019-2020,Yalova SK,1444.8914201357095
2020-02-22,2019-2020,Görneç KSK,1273.93542258641
2020-02-22,2019-2020,Mormenekşe GBSK,1333.6465717721587
2020-02-22,2019-2020,M. Karşıyaka ASK,1329.326534460313
2020-02-22,2019-2020,Dörtyol SK,1427.2928315070637
2020-02-23,2019-2020,Çetinkaya TSK,1438.5062803747642
2020-02-23,2019-2020,Baf Ülkü Yurdu,1378.6235415954102
2020-02-23,2019-2020,Türk Ocağı Limasol SK,1645.1756686757767
2020-02-23,2019-2020,Alsancak Yeşilova SK,1643.346011086589
2020-02-23,2019-2020,Binatlı YSK,1359.1997457310904
2020-02-23,2019-2020,Lefke TSK,1513.1955964310598
2020-02-23,2019-2020,Esentepe KSKK,1389.1693493535852
2020-02-23,2019-2020,Girne Halk Evi SK,1453.1089026704242
2020-02-23,2019-2020,L. Gençler Birliği SK,1412.4431550670915
2020-02-23,2019-2020,Maraş GSK,1388.3079278462474
2020-02-23,2019-2020,Çanakkale TSK,1200.6395348303197
2020-02-23,2019-2020,Mesarya SK,1533.9105472991705
2020-02-29,2019-2020,Doğan Türk Birliği,1599.2720357399567
2020-02-29,2019-2020,Düzkaya KOSK,1320.8024875706135
2020-02-29,2019-2020,Yenicami AK,1621.8757105041675
2020-02-29,2019-2020,Binatlı YSK,1394.6848907049075
2020-02-29,2019-2020,Lefke TSK,1523.025809038197
2020-02-29,2019-2020,Gençlik Gücü TSK,1280.213643913772
2020-02-29,2019-2020,Maraş GSK,1378.1434430435252
2020-02-29,2019-2020,Bostancı Bağcıl SK,1263.792893300672
2020-02-29,2019-2020,Mesarya SK,1544.3210039879061
2020-02-29,2019-2020,L. Gençler Birliği SK,1402.032698378356
2020-02-29,2019-2020,Dörtyol SK,1406.7437199314625
2020-02-29,2019-2020,Dumlupınar TSK,1498.3005000366343
2020-03-01,2019-2020,Alsancak Yeşilova SK,1629.4025292149038
2020-03-01,2019-2020,Mağusa Türk Gücü,1825.9075510062166
2020-03-01,2019-2020,Gönyeli SK,1500.0177111204684
2020-03-01,2019-2020,Türk Ocağı Limasol SK,1618.9762683087367
2020-03-01,2019-2020,Küçük Kaymaklı TSK,1516.3989845463818
2020-03-01,2019-2020,Çetinkaya TSK,1418.2962514418614
2020-03-01,2019-2020,Hamitköy ŞHSK,1404.619248802256
2020-03-01,2019-2020,Cihangir GSK,1520.837813993705
2020-03-01,2019-2020,Baf Ülkü Yurdu,1377.3119493048189
2020-03-01,2019-2020,Göçmenköy İYSK,1417.1176943020168
2020-03-01,2019-2020,Lapta Türk Birliği SK,1245.3135491225692
2020-03-01,2019-2020,Esentepe KSKK,1405.3205548918222
2020-03-01,2019-2020,Mormenekşe GBSK,1355.03270983717
2020-03-01,2019-2020,Ozanköy SK,1212.602543546355
2020-03-01,2019-2020,Girne Halk Evi SK,1468.2232413515296
2020-03-01,2019-2020,Görneç KSK,1258.8210839053045
2020-03-01,2019-2020,Yalova SK,1455.5656619116314
2020-03-01,2019-2020,M. Karşıyaka ASK,1318.652292684391
2020-03-06,2019-2020,Türk Ocağı Limasol SK,1605.811906867287
2020-03-06,2019-2020,Hamitköy ŞHSK,1417.7836102437057
2020-03-06,2019-2020,Çetinkaya TSK,1426.4847281058621
2020-03-06,2019-2020,Alsancak Yeşilova SK,1621.214052550903
2020-03-07,2019-2020,Mağusa Türk Gücü,1832.7569560150446
2020-03-07,2019-2020,Gönyeli SK,1493.1683061116405
2020-03-07,2019-2020,Cihangir GSK,1521.8979784457536
2020-03-07,2019-2020,Doğan Türk Birliği,1598.211871287908
2020-03-07,2019-2020,Göçmenköy İYSK,1380.1304937648756
2020-03-07,2019-2020,Binatlı YSK,1431.6720912420487
2020-03-07,2019-2020,M. Karşıyaka ASK,1317.294730942078
2020-03-07,2019-2020,Mormenekşe GBSK,1356.390271579483
2020-03-07,2019-2020,Çanakkale TSK,1182.5606288793053
2020-03-07,2019-2020,Dörtyol SK,1424.8226258824768
2020-03-07,2019-2020,Esentepe KSKK,1367.9471720952683
2020-03-07,2019-2020,Maraş GSK,1415.516825840079
2020-03-08,2019-2020,Gençlik Gücü TSK,1293.613042854063
2020-03-08,2019-2020,Yenicami AK,1608.4763115638766
2020-03-08,2019-2020,Baf Ülkü Yurdu,1401.787528860519
2020-03-08,2019-2020,Küçük Kaymaklı TSK,1491.9234049906818
2020-03-08,2019-2020,Düzkaya KOSK,1348.5609278387858
2020-03-08,2019-2020,Lefke TSK,1495.2673687700246
2020-03-08,2019-2020,Girne Halk Evi SK,1478.0649120938301
2020-03-08,2019-2020,Lapta Türk Birliği SK,1235.4718783802687
2020-03-08,2019-2020,Görneç KSK,1290.4767915259124
2020-03-08,2019-2020,Ozanköy SK,1180.946835925747
2020-03-08,2019-2020,Dumlupınar TSK,1512.5531462555841
2020-03-08,2019-2020,Yalova SK,1441.3130156926816
2020-03-08,2019-2020,Bostancı Bağcıl SK,1250.6319300025268
2020-03-08,2019-2020,Mesarya SK,1557.4819672860513
2020-06-18,2019-2020,Doğan Türk Birliği,1623.7212913640385
2020-06-18,2019-2020,Türk Ocağı Limasol SK,1580.3024867911565
2020-06-18,2019-2020,Binatlı YSK,1421.364027868424
2020-06-18,2019-2020,Gençlik Gücü TSK,1303.9211062276877
2020-06-19,2019-2020,Hamitköy ŞHSK,1409.7530768299662
2020-06-19,2019-2020,Mağusa Türk Gücü,1840.787489428784
2020-06-19,2019-2020,Yenicami AK,1618.7411430384568
2020-06-19,2019-2020,Düzkaya KOSK,1338.2960963642056
2020-06-20,2019-2020,Gönyeli SK,1466.182685549328
2020-06-20,2019-2020,Çetinkaya TSK,1453.4703486681747
2020-06-20,2019-2020,Alsancak Yeşilova SK,1627.8858849419094
2020-06-20,2019-2020,Baf Ülkü Yurdu,1395.1156964695126
2020-06-20,2019-2020,Küçük Kaymaklı TSK,1482.7684270384925
2020-06-20,2019-2020,Göçmenköy İYSK,1389.2854717170649
2020-06-20,2019-2020,Mesarya SK,1570.928798568702
2020-06-20,2019-2020,Esentepe KSKK,1354.5003408126177
2020-06-20,2019-2020,Maraş GSK,1415.6635028458911
2020-06-20,2019-2020,Girne Halk Evi SK,1477.918235088018
2020-06-20,2019-2020,Dörtyol SK,1381.6368756309698
2020-06-20,2019-2020,L. Gençler Birliği SK,1445.218448629863
2020-06-20,2019-2020,Yalova SK,1446.8193041629884
2020-06-20,2019-2020,Çanakkale TSK,1177.0543404089985
2020-06-20,2019-2020,Lapta Türk Birliği SK,1215.184357876796
2020-06-20,2019-2020,Görneç KSK,1310.764312029385
2020-06-20,2019-2020,Ozanköy SK,1165.2723723160868
2020-06-20,2019-2020,M. Karşıyaka ASK,1332.9691945517384
2020-06-20,2019-2020,Mormenekşe GBSK,1334.4879124130523
2020-06-20,2019-2020,Dumlupınar TSK,1534.4555054220148
2020-06-21,2019-2020,Lefke TSK,1526.91609825142
2020-06-21,2019-2020,Cihangir GSK,1490.2492489643582
2020-06-23,2019-2020,Dumlupınar TSK,1539.1323119933722
2020-06-23,2019-2020,Ozanköy SK,1160.5955657447294
2020-06-24,2019-2020,L. Gençler Birliği SK,1461.8880294876606
2020-06-24,2019-2020,Yalova SK,1430.1497233051907
2020-06-24,2019-2020,Çanakkale TSK,1215.2536073017163
2020-06-24,2019-2020,Mormenekşe GBSK,1296.2886455203345
2020-06-24,2019-2020,Bostancı Bağcıl SK,1226.6790344461356
2020-06-24,2019-2020,Dörtyol SK,1405.589771187361
2020-06-24,2019-2020,Lapta Türk Birliği SK,1222.8573385408072
2020-06-24,2019-2020,Maraş GSK,1407.99052218188
2020-06-24,2019-2020,Görneç KSK,1288.5971918350185
2020-06-24,2019-2020,M. Karşıyaka ASK,1355.136314746105
2020-06-24,2019-2020,Girne Halk Evi SK,1479.812778437946
2020-06-24,2019-2020,Mesarya SK,1569.034255218774
2020-06-26,2019-2020,Baf Ülkü Yurdu,1375.7525481951236
2020-06-26,2019-2020,Gönyeli SK,1485.545833823717
2020-06-26,2019-2020,Çetinkaya TSK,1427.6711539127032
2020-06-26,2019-2020,Hamitköy ŞHSK,1435.5522715854377
2020-06-27,2019-2020,Düzkaya KOSK,1339.622045433912
2020-06-27,2019-2020,Binatlı YSK,1420.0380787987176
2020-06-27,2019-2020,Göçmenköy İYSK,1407.4182172918763
2020-06-27,2019-2020,Gençlik Gücü TSK,1285.7883606528762
2020-06-27,2019-2020,Küçük Kaymaklı TSK,1456.1754728674266
2020-06-27,2019-2020,Alsancak Yeşilova SK,1654.4788391129753
2020-06-28,2019-2020,Cihangir GSK,1494.1416665642673
2020-06-28,2019-2020,Yenicami AK,1614.8487254385477
2020-06-28,2019-2020,Mağusa Türk Gücü,1827.535194970732
2020-06-28,2019-2020,Doğan Türk Birliği,1636.9735858220906
2020-06-28,2019-2020,Türk Ocağı Limasol SK,1573.9977003505733
2020-06-28,2019-2020,Lefke TSK,1533.2208846920032
2020-06-28,2019-2020,Dörtyol SK,1419.4043154222638
2020-06-28,2019-2020,Esentepe KSKK,1340.6857965777149
2020-06-28,2019-2020,Mesarya SK,1575.1951591567602
2020-06-28,2019-2020,Lapta Türk Birliği SK,1216.696434602821
2020-06-28,2019-2020,Yalova SK,1440.9469630577305
2020-06-28,2019-2020,Bostancı Bağcıl SK,1215.8817946935958
2020-06-28,2019-2020,Mormenekşe GBSK,1335.1360536999478
2020-06-28,2019-2020,L. Gençler Birliği SK,1423.0406213080473
2020-06-28,2019-2020,Ozanköy SK,1140.2880821273754
2020-06-28,2019-2020,Çanakkale TSK,1235.5610909190702
2020-06-28,2019-2020,Maraş GSK,1418.4931861378573
2020-06-28,2019-2020,Görneç KSK,1278.0945278790412
2020-06-28,2019-2020,M. Karşıyaka ASK,1361.9857345873438
2020-06-28,2019-2020,Dumlupınar TSK,1532.2828921521334
2020-07-01,2019-2020,Lefke TSK,1517.7661526866925
2020-07-01,2019-2020,Mağusa Türk Gücü,1842.9899269760426
2020-07-01,2019-2020,Doğan Türk Birliği,1623.9757112725576
2020-07-01,2019-2020,Çetinkaya TSK,1440.6690284622362
2020-07-01,2019-2020,Gönyeli SK,1480.511803729389
2020-07-01,2019-2020,Küçük Kaymaklı TSK,1461.2095029617547
2020-07-01,2019-2020,Gençlik Gücü TSK,1265.4334362809443
2020-07-01,2019-2020,Düzkaya KOSK,1359.976969805844
2020-07-01,2019-2020,Binatlı YSK,1451.2552119925426
2020-07-01,2019-2020,Cihangir GSK,1462.9245333704423
2020-07-01,2019-2020,Hamitköy ŞHSK,1408.9169525228574
2020-07-01,2019-2020,Baf Ülkü Yurdu,1402.3878672577039
2020-07-01,2019-2020,Alsancak Yeşilova SK,1664.6878603694702
2020-07-01,2019-2020,Göçmenköy İYSK,1397.2091960353814
2020-07-02,2019-2020,Yenicami AK,1629.2010118501987
2020-07-02,2019-2020,Türk Ocağı Limasol SK,1559.6454139389223
2020-07-04,2019-2020,Alsancak Yeşilova SK,1678.4729955444873
2020-07-04,2019-2020,Gönyeli SK,1466.7266685543718
2020-07-04,2019-2020,Küçük Kaymaklı TSK,1434.961481717685
2020-07-04,2019-2020,Hamitköy ŞHSK,1435.164973766927
2020-07-04,2019-2020,Göçmenköy İYSK,1411.7537444226723
2020-07-04,2019-2020,Düzkaya KOSK,1345.432421418553
2020-07-04,2019-2020,Cihangir GSK,1477.731704170465
2020-07-04,2019-2020,Gençlik Gücü TSK,1250.6262654809216
2020-07-04,2019-2020,L. Gençler Birliği SK,1435.2468710904636
2020-07-04,2019-2020,Ozanköy SK,1128.0818323449591
2020-07-04,2019-2020,Esentepe KSKK,1374.1467473233572
2020-07-04,2019-2020,Yalova SK,1407.4860123120882
2020-07-04,2019-2020,Bostancı Bağcıl SK,1239.260053528885
2020-07-04,2019-2020,Mormenekşe GBSK,1311.7577948646585
2020-07-04,2019-2020,Girne Halk Evi SK,1493.1462926655317
2020-07-04,2019-2020,Dörtyol SK,1406.070801194678
2020-07-04,2019-2020,Çanakkale TSK,1239.338884053479
2020-07-04,2019-2020,M. Karşıyaka ASK,1358.207941452935
2020-07-04,2019-2020,Maraş GSK,1396.6339668800051
2020-07-04,2019-2020,Mesarya SK,1597.0543784146123
2020-07-04,2019-2020,Görneç KSK,1260.8456516680537
2020-07-04,2019-2020,Dumlupınar TSK,1549.5317683631208
2020-07-05,2019-2020,Mağusa Türk Gücü,1829.8441197186153
2020-07-05,2019-2020,Yenicami AK,1642.346819107626
2020-07-05,2019-2020,Baf Ülkü Yurdu,1411.0722939199977
2020-07-05,2019-2020,Doğan Türk Birliği,1615.2912846102638
2020-07-05,2019-2020,Türk Ocağı Limasol SK,1550.6459613128409
2020-07-05,2019-2020,Binatlı YSK,1460.254664618624
2020-07-05,2019-2020,Çetinkaya TSK,1421.6524243863735
2020-07-05,2019-2020,Lefke TSK,1536.7827567625552
2020-07-08,2019-2020,Mormenekşe GBSK,1276.9984495985166
2020-07-08,2019-2020,Esentepe KSKK,1408.9060925894992
2020-07-08,2019-2020,Yalova SK,1388.9604568573288
2020-07-08,2019-2020,Girne Halk Evi SK,1511.671848120291
2020-07-08,2019-2020,Dörtyol SK,1349.5276679960448
2020-07-08,2019-2020,Lapta Türk Birliği SK,1273.2395678014543
2020-07-08,2019-2020,Ozanköy SK,1091.7973099106202
2020-07-08,2019-2020,Bostancı Bağcıl SK,1275.544575963224
2020-07-08,2019-2020,M. Karşıyaka ASK,1359.1879954989408
2020-07-08,2019-2020,L. Gençler Birliği SK,1434.2668170444579
2020-07-08,2019-2020,Dumlupınar TSK,1558.021364313398
2020-07-08,2019-2020,Çanakkale TSK,1230.8492881032018
2020-07-08,2019-2020,Mesarya SK,1606.3272713656565
2020-07-08,2019-2020,Görneç KSK,1251.5727587170095
2020-07-10,2019-2020,Yenicami AK,1652.293857472643
2020-07-10,2019-2020,Çetinkaya TSK,1411.7053860213566
2020-07-10,2019-2020,Doğan Türk Birliği,1623.3095069161438
2020-07-10,2019-2020,Küçük Kaymaklı TSK,1426.943259411805
2020-07-10,2019-2020,Lefke TSK,1507.0062197871273
2020-07-10,2019-2020,Baf Ülkü Yurdu,1440.8488308954256
2020-07-10,2019-2020,Gönyeli SK,1487.146288346541
2020-07-10,2019-2020,Göçmenköy İYSK,1391.334124630503
2020-07-11,2019-2020,Binatlı YSK,1448.7315391201842
2020-07-11,2019-2020,Mağusa Türk Gücü,1841.3672452170551
2020-07-11,2019-2020,Gençlik Gücü TSK,1238.5817564391361
2020-07-11,2019-2020,Türk Ocağı Limasol SK,1562.6904703546263
2020-07-11,2019-2020,Düzkaya KOSK,1387.612373444505
2020-07-11,2019-2020,Cihangir GSK,1435.551752144513
2020-07-11,2019-2020,Hamitköy ŞHSK,1444.8359058154003
2020-07-11,2019-2020,Alsancak Yeşilova SK,1668.802063496014
2020-07-12,2019-2020,Esentepe KSKK,1416.0742545256778
2020-07-12,2019-2020,Ozanköy SK,1084.6291479744416
2020-07-12,2019-2020,Lapta Türk Birliği SK,1296.4198995744766
2020-07-12,2019-2020,Yalova SK,1365.7801250843065
2020-07-12,2019-2020,Girne Halk Evi SK,1522.5185028049675
2020-07-12,2019-2020,Mormenekşe GBSK,1266.1517949138401
2020-07-12,2019-2020,Görneç KSK,1274.7253064549038
2020-07-12,2019-2020,Çanakkale TSK,1207.6967403653075
2020-07-12,2019-2020,Maraş GSK,1370.6565959992834
2020-07-12,2019-2020,Dörtyol SK,1375.5050388767665
2020-07-12,2019-2020,Bostancı Bağcıl SK,1276.9035035271722
2020-07-12,2019-2020,M. Karşıyaka ASK,1357.8290679349925
2020-07-12,2019-2020,L. Gençler Birliği SK,1403.571869860244
2020-07-12,2019-2020,Dumlupınar TSK,1588.7163114976117
2020-07-15,2019-2020,Baf Ülkü Yurdu,1483.1558829892183
2020-07-15,2019-2020,Yenicami AK,1609.9868053788502
2020-07-15,2019-2020,Alsancak Yeşilova SK,1689.963078030543
2020-07-15,2019-2020,Doğan Türk Birliği,1602.1484923816147
2020-07-15,2019-2020,Gönyeli SK,1481.4213583211415
2020-07-15,2019-2020,Hamitköy ŞHSK,1450.5608358407999
2020-07-15,2019-2020,Türk Ocağı Limasol SK,1550.904259014916
2020-07-15,2019-2020,Düzkaya KOSK,1399.3985847842152
2020-07-15,2019-2020,Çetinkaya TSK,1410.3848291884503
2020-07-15,2019-2020,Binatlı YSK,1450.0520959530904
2020-07-15,2019-2020,Mağusa Türk Gücü,1843.415084029445
2020-07-15,2019-2020,Gençlik Gücü TSK,1236.5339176267462
2020-07-15,2019-2020,Küçük Kaymaklı TSK,1448.0968942370773
2020-07-15,2019-2020,Lefke TSK,1485.852584961855
2020-07-16,2019-2020,Göçmenköy İYSK,1424.745331100683
2020-07-16,2019-2020,Cihangir GSK,1402.1405456743332
2020-07-16,2019-2020,M. Karşıyaka ASK,1322.6522928732963
2020-07-16,2019-2020,Esentepe KSKK,1451.251029587374
2020-07-16,2019-2020,Ozanköy SK,1073.9201936781558
2020-07-16,2019-2020,Girne Halk Evi SK,1533.2274571012533
2020-07-16,2019-2020,Mormenekşe GBSK,1284.444455094732
2020-07-16,2019-2020,Lapta Türk Birliği SK,1278.127239393585
2020-07-16,2019-2020,Dumlupınar TSK,1592.9258568718506
2020-07-16,2019-2020,Bostancı Bağcıl SK,1272.6939581529334
2020-07-16,2019-2020,Çanakkale TSK,1235.1425596552397
2020-07-16,2019-2020,L. Gençler Birliği SK,1376.126050570312
2020-07-16,2019-2020,Yalova SK,1362.6333197343931
2020-07-16,2019-2020,Maraş GSK,1373.8034013491967
2020-07-16,2019-2020,Dörtyol SK,1359.171168126282
2020-07-16,2019-2020,Mesarya SK,1622.661142116141
2020-07-19,2019-2020,Düzkaya KOSK,1393.4703019708732
2020-07-19,2019-2020,Mağusa Türk Gücü,1849.3433668427872
2020-07-19,2019-2020,Cihangir GSK,1379.6425057287497
2020-07-19,2019-2020,Türk Ocağı Limasol SK,1573.4022989604996
2020-07-19,2019-2020,Doğan Türk Birliği,1612.5917986790166
2020-07-19,2019-2020,Gönyeli SK,1470.9780520237396
2020-07-19,2019-2020,Gençlik Gücü TSK,1276.0272062103536
2020-07-19,2019-2020,Çetinkaya TSK,1370.891540604843
2020-07-19,2019-2020,Yenicami AK,1626.3375555737243
2020-07-19,2019-2020,Küçük Kaymaklı TSK,1431.7461440422032
2020-07-19,2019-2020,Binatlı YSK,1417.7343184246172
2020-07-19,2019-2020,Baf Ülkü Yurdu,1515.4736605176915
2020-07-19,2019-2020,Lefke TSK,1493.7031169365184
2020-07-19,2019-2020,Alsancak Yeşilova SK,1682.1125460558796
2020-07-19,2019-2020,Hamitköy ŞHSK,1413.2980274439847
2020-07-19,2019-2020,Göçmenköy İYSK,1462.0081394974982
2020-07-19,2019-2020,Lapta Türk Birliği SK,1295.1635248497255
2020-07-19,2019-2020,Ozanköy SK,1056.8839082220152
2020-07-19,2019-2020,Mesarya SK,1630.8684207039396
2020-07-19,2019-2020,Yalova SK,1354.4260411465946
2020-07-19,2019-2020,Maraş GSK,1345.6988204500565
2020-07-19,2019-2020,Mormenekşe GBSK,1312.5490359938722
2020-07-19,2019-2020,Görneç KSK,1313.8763100888725
2020-07-19,2019-2020,L. Gençler Birliği SK,1336.9750469363432
2020-07-19,2019-2020,Bostancı Bağcıl SK,1299.933108146156
2020-07-19,2019-2020,Çanakkale TSK,1207.903409662017
2020-07-19,2019-2020,Girne Halk Evi SK,1543.667315893972
2020-07-19,2019-2020,M. Karşıyaka ASK,1312.2124340805776
2020-07-19,2019-2020,Esentepe KSKK,1475.8678766164492
2020-07-19,2019-2020,Dumlupınar TSK,1568.3090098427754
2020-07-22,2019-2020,Alsancak Yeşilova SK,1707.559386802138
2020-07-22,2019-2020,Yenicami AK,1600.890714827466
2020-07-22,2019-2020,Göçmenköy İYSK,1484.9452335538988
2020-07-22,2019-2020,Türk Ocağı Limasol SK,1550.465204904099
2020-07-22,2019-2020,Hamitköy ŞHSK,1420.912739832214
2020-07-22,2019-2020,Doğan Türk Birliği,1604.9770862907874
2020-07-22,2019-2020,Çetinkaya TSK,1368.7456923863003
2020-07-22,2019-2020,Düzkaya KOSK,1395.6161501894157
2020-07-22,2019-2020,Küçük Kaymaklı TSK,1395.4503937788886
2020-07-22,2019-2020,Binatlı YSK,1454.0300686879318
2020-07-22,2019-2020,Mağusa Türk Gücü,1851.1534421713443
2020-07-22,2019-2020,Cihangir GSK,1377.8324304001926
2020-07-22,2019-2020,Baf Ülkü Yurdu,1526.8277956033205
2020-07-22,2019-2020,Gençlik Gücü TSK,1264.6730711247246
2020-07-22,2019-2020,Gönyeli SK,1502.237386976888
2020-07-22,2019-2020,Lefke TSK,1462.44378198337
2021-09-16,2021-2022,Doğan Türk Birliği,1523.3323125720763
2021-09-16,2021-2022,Cihangir GSK,1416.188742261348
2021-09-17,2021-2022,Yenicami AK,1553.0251036237157
2021-09-17,2021-2022,Alsancak Yeşilova SK,1630.7263899136763
2021-09-17,2021-2022,Esentepe KSKK,1448.4730924323078
2021-09-17,2021-2022,Mormenekşe GBSK,1345.2535093406225
2021-09-18,2021-2022,Gönyeli SK,1496.515430338833
2021-09-18,2021-2022,Türk Ocağı Limasol SK,1495.4254308870964
2021-09-18,2021-2022,Binatlı YSK,1404.5462136491315
2021-09-18,2021-2022,Hamitköy ŞHSK,1454.074810056167
2021-09-18,2021-2022,Mağusa Türk Gücü,1706.4805321418696
2021-09-18,2021-2022,Dumlupınar TSK,1560.5302241839095
2021-09-18,2021-2022,İncirli SK,1471.5512679187527
2021-09-18,2021-2022,Gençlik Gücü TSK,1291.041476699115
2021-09-18,2021-2022,L. Gençler Birliği SK,1369.5591764141416
2021-09-18,2021-2022,Görneç KSK,1320.9932586699595
2021-09-18,2021-2022,Yalova SK,1394.5190166794043
2021-09-18,2021-2022,Düzkaya KOSK,1370.4265441377927
2021-09-19,2021-2022,Girne Halk Evi SK,1483.141157337225
2021-09-19,2021-2022,Göçmenköy İYSK,1490.7321720638674
2021-09-19,2021-2022,Küçük Kaymaklı TSK,1400.0038446075646
2021-09-19,2021-2022,Baf Ülkü Yurdu,1494.1187147442815
2021-09-19,2021-2022,Mesarya SK,1544.5551231415711
2021-09-19,2021-2022,Lefke TSK,1477.8429461891
2021-09-19,2021-2022,Yeniboğaziçi DSK,1303.0745853290316
2021-09-19,2021-2022,Bostancı Bağcıl SK,1291.3716241533873
2021-09-19,2021-2022,Değirmenlik SK,1322.4865680214232
2021-09-19,2021-2022,M. Karşıyaka ASK,1317.0188038311105
2021-09-19,2021-2022,Çetinkaya TSK,1342.0365942437033
2021-09-19,2021-2022,Dörtyol SK,1406.3149684559226
2021-09-19,2021-2022,Maraş GSK,1377.3314785755292
2021-09-19,2021-2022,Çanakkale TSK,1240.2841113237153
2021-09-25,2021-2022,Cihangir GSK,1437.3575072968802
2021-09-25,2021-2022,Gönyeli SK,1475.3466653033008
2021-09-25,2021-2022,Göçmenköy İYSK,1502.7808124394744
2021-09-25,2021-2022,Binatlı YSK,1392.4975732735245
2021-09-25,2021-2022,Dumlupınar TSK,1582.3688809939667
2021-09-25,2021-2022,Girne Halk Evi SK,1461.3025005271677
2021-09-25,2021-2022,Türk Ocağı Limasol SK,1474.79988977204
2021-09-25,2021-2022,Mesarya SK,1565.1806642566276
2021-09-25,2021-2022,M. Karşıyaka ASK,1340.7286343692977
2021-09-25,2021-2022,Yeniboğaziçi DSK,1279.3647547908445
2021-09-25,2021-2022,Dörtyol SK,1418.4781774245569
2021-09-25,2021-2022,Değirmenlik SK,1310.3233590527889
2021-09-25,2021-2022,Görneç KSK,1306.091268729081
2021-09-25,2021-2022,İncirli SK,1486.453257859631
2021-09-25,2021-2022,Bostancı Bağcıl SK,1276.8201080664057
2021-09-25,2021-2022,Esentepe KSKK,1463.0246085192894
2021-09-26,2021-2022,Hamitköy ŞHSK,1454.6075886590795
2021-09-26,2021-2022,Doğan Türk Birliği,1522.7995339691638
2021-09-26,2021-2022,Alsancak Yeşilova SK,1631.632650209116
2021-09-26,2021-2022,Mağusa Türk Gücü,1705.5742718464298
2021-09-26,2021-2022,Lefke TSK,1436.5284468915056
2021-09-26,2021-2022,Küçük Kaymaklı TSK,1441.318343905159
2021-09-26,2021-2022,Çanakkale TSK,1207.2690411654792
2021-09-26,2021-2022,Çetinkaya TSK,1375.0516644019394
2021-09-26,2021-2022,Gençlik Gücü TSK,1272.5519690571152
2021-09-26,2021-2022,Maraş GSK,1395.820986217529
2021-09-26,2021-2022,Düzkaya KOSK,1346.9581480235245
2021-09-26,2021-2022,L. Gençler Birliği SK,1393.0275725284098
2021-09-26,2021-2022,Mormenekşe GBSK,1344.635778817244
2021-09-26,2021-2022,Yalova SK,1395.1367472027828
2021-09-27,2021-2022,Baf Ülkü Yurdu,1494.0557616355966
2021-09-27,2021-2022,Yenicami AK,1553.0880567324007
2021-10-01,2021-2022,Girne Halk Evi SK,1440.5213535449482
2021-10-01,2021-2022,Alsancak Yeşilova SK,1652.4137971913356
2021-10-01,2021-2022,Çetinkaya TSK,1346.3246929056438
2021-10-01,2021-2022,Gençlik Gücü TSK,1301.2789405534108
2021-10-02,2021-2022,Binatlı YSK,1373.2168962632961
2021-10-02,2021-2022,Dumlupınar TSK,1601.6495580041951
2021-10-02,2021-2022,Mağusa Türk Gücü,1721.163942821475
2021-10-02,2021-2022,Baf Ülkü Yurdu,1478.4660906605513
2021-10-02,2021-2022,Küçük Kaymaklı TSK,1416.7713850782818
2021-10-02,2021-2022,Mesarya SK,1589.7276230835048
2021-10-02,2021-2022,Değirmenlik SK,1327.1941571213451
2021-10-02,2021-2022,Çanakkale TSK,1190.398243096923
2021-10-02,2021-2022,İncirli SK,1503.308136461746
2021-10-02,2021-2022,Düzkaya KOSK,1330.1032694214095
2021-10-02,2021-2022,L. Gençler Birliği SK,1409.7256101101739
2021-10-02,2021-2022,Yalova SK,1378.4387096210187
2021-10-03,2021-2022,Gönyeli SK,1490.780845583889
2021-10-03,2021-2022,Hamitköy ŞHSK,1439.1734083784913
2021-10-03,2021-2022,Doğan Türk Birliği,1538.2730386554997
2021-10-03,2021-2022,Göçmenköy İYSK,1487.3073077531385
2021-10-03,2021-2022,Cihangir GSK,1436.060807970437
2021-10-03,2021-2022,Türk Ocağı Limasol SK,1476.096589098483
2021-10-03,2021-2022,Esentepe KSKK,1418.5852592692113
2021-10-03,2021-2022,M. Karşıyaka ASK,1385.1679836193757
2021-10-03,2021-2022,Yeniboğaziçi DSK,1283.8417772363857
2021-10-03,2021-2022,Dörtyol SK,1414.0011549790156
2021-10-03,2021-2022,Maraş GSK,1407.6985745250597
2021-10-03,2021-2022,Görneç KSK,1294.2136804215504
2021-10-03,2021-2022,Bostancı Bağcıl SK,1257.2699383658191
2021-10-03,2021-2022,Mormenekşe GBSK,1364.1859485178306
2021-10-04,2021-2022,Yenicami AK,1543.717547371038
2021-10-04,2021-2022,Lefke TSK,1445.8989562528682
2021-10-09,2021-2022,Göçmenköy İYSK,1452.4690353118585
2021-10-09,2021-2022,Gönyeli SK,1525.619118025169
2021-10-09,2021-2022,Dumlupınar TSK,1554.7181926465607
2021-10-09,2021-2022,Doğan Türk Birliği,1585.204404013134
2021-10-09,2021-2022,Alsancak Yeşilova SK,1662.3556312784556
2021-10-09,2021-2022,Binatlı YSK,1363.275062176176
2021-10-09,2021-2022,Baf Ülkü Yurdu,1452.9726966498704
2021-10-09,2021-2022,Girne Halk Evi SK,1466.0147475556291
2021-10-09,2021-2022,Çanakkale TSK,1172.3174836661258
2021-10-09,2021-2022,Yeniboğaziçi DSK,1301.9225366671828
2021-10-09,2021-2022,Görneç KSK,1258.4190953775094
2021-10-09,2021-2022,Çetinkaya TSK,1382.1192779496848
2021-10-09,2021-2022,Düzkaya KOSK,1351.1152715728192
2021-10-09,2021-2022,Maraş GSK,1386.68657237365
2021-10-09,2021-2022,M. Karşıyaka ASK,1402.8918463116695
2021-10-09,2021-2022,Bostancı Bağcıl SK,1239.5460756735254
2021-10-10,2021-2022,Lefke TSK,1476.9157008463974
2021-10-10,2021-2022,Mağusa Türk Gücü,1690.1471982279459
2021-10-10,2021-2022,Mesarya SK,1603.807773359423
2021-10-10,2021-2022,Yenicami AK,1529.63739709512
2021-10-10,2021-2022,Türk Ocağı Limasol SK,1449.4855899877675
2021-10-10,2021-2022,Küçük Kaymaklı TSK,1443.3823841889973
2021-10-10,2021-2022,Hamitköy ŞHSK,1397.8845855840796
2021-10-10,2021-2022,Cihangir GSK,1477.3496307648488
2021-10-10,2021-2022,Gençlik Gücü TSK,1299.3231331493562
2021-10-10,2021-2022,Değirmenlik SK,1329.1499645253998
2021-10-10,2021-2022,Yalova SK,1402.1300990057455
2021-10-10,2021-2022,İncirli SK,1479.6167470770192
2021-10-10,2021-2022,Mormenekşe GBSK,1343.3540248350455
2021-10-10,2021-2022,L. Gençler Birliği SK,1430.557533792959
2021-10-10,2021-2022,Dörtyol SK,1430.8379384722462
2021-10-10,2021-2022,Esentepe KSKK,1401.7484757759808
2021-10-15,2021-2022,Binatlı YSK,1401.259480608318
2021-10-15,2021-2022,Baf Ülkü Yurdu,1414.9882782177285
2021-10-16,2021-2022,Girne Halk Evi SK,1443.2070451685925
2021-10-16,2021-2022,Lefke TSK,1499.723403233434
2021-10-16,2021-2022,Mağusa Türk Gücü,1702.1884020132595
2021-10-16,2021-2022,Mesarya SK,1591.7665695741093
2021-10-16,2021-2022,Hamitköy ŞHSK,1377.401194692664
2021-10-16,2021-2022,Türk Ocağı Limasol SK,1469.9689808791832
2021-10-16,2021-2022,Yeniboğaziçi DSK,1266.5750108131074
2021-10-16,2021-2022,Gençlik Gücü TSK,1334.6706590034316
2021-10-16,2021-2022,Değirmenlik SK,1341.960624278575
2021-10-16,2021-2022,Görneç KSK,1245.608435624334
2021-10-16,2021-2022,Çetinkaya TSK,1404.436266362229
2021-10-16,2021-2022,Düzkaya KOSK,1328.798283160275
2021-10-16,2021-2022,Bostancı Bağcıl SK,1220.3722423644733
2021-10-16,2021-2022,Dörtyol SK,1450.0117717812982
2021-10-17,2021-2022,Gönyeli SK,1543.8449932749563
2021-10-17,2021-2022,Dumlupınar TSK,1536.4923173967734
2021-10-17,2021-2022,Yenicami AK,1487.7053378684725
2021-10-17,2021-2022,Küçük Kaymaklı TSK,1485.3144434156447
2021-10-17,2021-2022,Cihangir GSK,1500.1628669520671
2021-10-17,2021-2022,Göçmenköy İYSK,1429.6557991246402
2021-10-17,2021-2022,Esentepe KSKK,1388.1062763429727
2021-10-17,2021-2022,Çanakkale TSK,1185.9596830991338
2021-10-17,2021-2022,Maraş GSK,1364.1356647658588
2021-10-17,2021-2022,Yalova SK,1424.6810066135367
2021-10-17,2021-2022,İncirli SK,1440.497384004691
2021-10-17,2021-2022,L. Gençler Birliği SK,1469.6768968652873
2021-10-17,2021-2022,M. Karşıyaka ASK,1396.2699474624465
2021-10-17,2021-2022,Mormenekşe GBSK,1349.9759236842685
2021-10-18,2021-2022,Doğan Türk Birliği,1566.1909068052025
2021-10-18,2021-2022,Alsancak Yeşilova SK,1681.3691284863871
2021-10-22,2021-2022,Lefke TSK,1516.9164970876184
2021-10-22,2021-2022,Binatlı YSK,1384.0663867541336
2021-10-23,2021-2022,Alsancak Yeşilova SK,1671.0836955095035
2021-10-23,2021-2022,Gönyeli SK,1554.13042625184
2021-10-23,2021-2022,Baf Ülkü Yurdu,1388.9704854942836
2021-10-23,2021-2022,Doğan Türk Birliği,1592.2086995286475
2021-10-23,2021-2022,Küçük Kaymaklı TSK,1473.777388905703
2021-10-23,2021-2022,Mağusa Türk Gücü,1713.7254565232013
2021-10-23,2021-2022,L. Gençler Birliği SK,1480.8087196230517
2021-10-23,2021-2022,Maraş GSK,1353.0038420080944
2021-10-23,2021-2022,Mormenekşe GBSK,1351.7283744627234
2021-10-23,2021-2022,İncirli SK,1438.744933226236
2021-10-23,2021-2022,Dörtyol SK,1443.6885640417852
2021-10-23,2021-2022,M. Karşıyaka ASK,1402.5931552019595
2021-10-23,2021-2022,Gençlik Gücü TSK,1364.1039120780017
2021-10-23,2021-2022,Esentepe KSKK,1358.6730232684026
2021-10-24,2021-2022,Mesarya SK,1605.6490514731602
2021-10-24,2021-2022,Girne Halk Evi SK,1429.3245632695416
2021-10-24,2021-2022,Türk Ocağı Limasol SK,1467.548019563265
2021-10-24,2021-2022,Yenicami AK,1490.1262991843907
2021-10-24,2021-2022,Dumlupınar TSK,1531.0850010750303
2021-10-24,2021-2022,Cihangir GSK,1505.5701832738102
2021-10-24,2021-2022,Göçmenköy İYSK,1443.409749115408
2021-10-24,2021-2022,Hamitköy ŞHSK,1363.6472447018962
2021-10-24,2021-2022,Görneç KSK,1243.3708971551428
2021-10-24,2021-2022,Yeniboğaziçi DSK,1268.8125492822987
2021-10-24,2021-2022,Düzkaya KOSK,1294.7783175990303
2021-10-24,2021-2022,Değirmenlik SK,1375.98058983982
2021-10-24,2021-2022,Yalova SK,1400.1421688802675
2021-10-24,2021-2022,Çetinkaya TSK,1428.9751040954982
2021-10-24,2021-2022,Çanakkale TSK,1218.3867031020038
2021-10-24,2021-2022,Bostancı Bağcıl SK,1187.9452223616033
2021-10-30,2021-2022,Doğan Türk Birliği,1584.7918033789317
2021-10-30,2021-2022,Lefke TSK,1524.3333932373341
2021-10-30,2021-2022,Binatlı YSK,1392.7505714851761
2021-10-30,2021-2022,Mesarya SK,1596.9648667421177
2021-10-30,2021-2022,Mağusa Türk Gücü,1725.1693608496564
2021-10-30,2021-2022,Yenicami AK,1478.6823948579356
2021-10-30,2021-2022,Cihangir GSK,1491.4639418182269
2021-10-30,2021-2022,Alsancak Yeşilova SK,1685.1899369650869
2021-10-30,2021-2022,Yeniboğaziçi DSK,1266.8596240836807
2021-10-30,2021-2022,Düzkaya KOSK,1296.7312427976483
2021-10-30,2021-2022,Çetinkaya TSK,1448.5050957691972
2021-10-30,2021-2022,L. Gençler Birliği SK,1461.2787279493527
2021-10-30,2021-2022,Bostancı Bağcıl SK,1194.393372587492
2021-10-30,2021-2022,Gençlik Gücü TSK,1357.655761852113
2021-10-30,2021-2022,M. Karşıyaka ASK,1414.4073251582963
2021-10-30,2021-2022,Çanakkale TSK,1206.572533145667
2021-10-30,2021-2022,Dörtyol SK,1470.1725247441302
2021-10-30,2021-2022,Mormenekşe GBSK,1325.2444137603784
2021-10-31,2021-2022,Gönyeli SK,1562.7231433656589
2021-10-31,2021-2022,Baf Ülkü Yurdu,1380.3777683804647
2021-10-31,2021-2022,Girne Halk Evi SK,1428.4301928589111
2021-10-31,2021-2022,Küçük Kaymaklı TSK,1474.6717593163335
2021-10-31,2021-2022,Hamitköy ŞHSK,1349.6419865595242
2021-10-31,2021-2022,Dumlupınar TSK,1545.0902592174023
2021-10-31,2021-2022,Esentepe KSKK,1377.3736683760885
2021-10-31,2021-2022,Görneç KSK,1224.6702520474569
2021-10-31,2021-2022,Değirmenlik SK,1393.9248504749953
2021-10-31,2021-2022,Yalova SK,1382.197908245092
2021-10-31,2021-2022,Maraş GSK,1354.4829130385947
2021-10-31,2021-2022,İncirli SK,1437.2658621957357
2021-11-01,2021-2022,Göçmenköy İYSK,1441.3526821851033
2021-11-01,2021-2022,Türk Ocağı Limasol SK,1469.6050864935696
2021-11-06,2021-2022,Lefke TSK,1523.0910090031632
2021-11-06,2021-2022,Gönyeli SK,1563.9655275998298
2021-11-06,2021-2022,Küçük Kaymaklı TSK,1496.1203537628242
2021-11-06,2021-2022,Binatlı YSK,1371.3019770386854
2021-11-06,2021-2022,Alsancak Yeşilova SK,1668.911914359297
2021-11-06,2021-2022,Hamitköy ŞHSK,1365.920009165314
2021-11-06,2021-2022,Dumlupınar TSK,1536.3056868836736
2021-11-06,2021-2022,Göçmenköy İYSK,1450.137254518832
2021-11-06,2021-2022,Yalova SK,1372.8823612222218
2021-11-06,2021-2022,Yeniboğaziçi DSK,1276.175171106551
2021-11-06,2021-2022,İncirli SK,1403.0829463284533
2021-11-06,2021-2022,Çetinkaya TSK,1482.6880116364796
2021-11-06,2021-2022,Mormenekşe GBSK,1323.4782520672152
2021-11-06,2021-2022,Maraş GSK,1356.249074731758
2021-11-06,2021-2022,Gençlik Gücü TSK,1327.3752774536797
2021-11-06,2021-2022,M. Karşıyaka ASK,1444.6878095567297
2021-11-06,2021-2022,Düzkaya KOSK,1317.9181201086656
2021-11-06,2021-2022,Esentepe KSKK,1356.1867910650712
2021-11-07,2021-2022,Mesarya SK,1572.868997537806
2021-11-07,2021-2022,Doğan Türk Birliği,1608.8876725832433
2021-11-07,2021-2022,Yenicami AK,1506.3987180301751
2021-11-07,2021-2022,Girne Halk Evi SK,1400.7138696866716
2021-11-07,2021-2022,Türk Ocağı Limasol SK,1499.8072980224597
2021-11-07,2021-2022,Mağusa Türk Gücü,1694.9671493207666
2021-11-07,2021-2022,Baf Ülkü Yurdu,1383.2975134333228
2021-11-07,2021-2022,Cihangir GSK,1488.5441967653687
2021-11-07,2021-2022,L. Gençler Birliği SK,1480.749514074594
2021-11-07,2021-2022,Değirmenlik SK,1374.4540643497542
2021-11-07,2021-2022,Görneç KSK,1199.5873767510686
2021-11-07,2021-2022,Bostancı Bağcıl SK,1219.4762478838802
2021-11-07,2021-2022,Çanakkale TSK,1217.112900395645
2021-11-07,2021-2022,Dörtyol SK,1459.6321574941521
2021-11-13,2021-2022,Doğan Türk Birliği,1599.6884132455662
2021-11-13,2021-2022,Küçük Kaymaklı TSK,1505.3196131005013
2021-11-13,2021-2022,Binatlı YSK,1375.5588068865125
2021-11-13,2021-2022,Yenicami AK,1502.141888182348
2021-11-13,2021-2022,Cihangir GSK,1467.0816091562197
2021-11-13,2021-2022,Lefke TSK,1544.5535966123123
2021-11-13,2021-2022,Göçmenköy İYSK,1438.6898140050046
2021-11-13,2021-2022,Alsancak Yeşilova SK,1680.3593548731244
2021-11-13,2021-2022,Esentepe KSKK,1373.7068166945955
2021-11-13,2021-2022,Yalova SK,1355.3623355926975
2021-11-13,2021-2022,Değirmenlik SK,1401.7526018583892
2021-11-13,2021-2022,İncirli SK,1375.7844088198183
2021-11-13,2021-2022,Dörtyol SK,1414.5411356186596
2021-11-13,2021-2022,Gençlik Gücü TSK,1372.4662993291722
2021-11-13,2021-2022,Çanakkale TSK,1199.7661725826024
2021-11-13,2021-2022,Mormenekşe GBSK,1340.8249798802578
2021-11-14,2021-2022,Gönyeli SK,1589.5850348203055
2021-11-14,2021-2022,Mesarya SK,1547.2494903173304
2021-11-14,2021-2022,Girne Halk Evi SK,1386.2854293821067
2021-11-14,2021-2022,Mağusa Türk Gücü,1709.3955896253315
2021-11-14,2021-2022,Hamitköy ŞHSK,1392.2580392084346
2021-11-14,2021-2022,Baf Ülkü Yurdu,1356.9594833902022
2021-11-14,2021-2022,Dumlupınar TSK,1510.8893577364058
2021-11-14,2021-2022,Türk Ocağı Limasol SK,1525.2236271697275
2021-11-14,2021-2022,Yeniboğaziçi DSK,1304.0482785168795
2021-11-14,2021-2022,L. Gençler Birliği SK,1452.8764066642655
2021-11-14,2021-2022,Çetinkaya TSK,1501.797227305983
2021-11-14,2021-2022,Maraş GSK,1337.1398590622546
2021-11-14,2021-2022,Bostancı Bağcıl SK,1241.6801536912199
2021-11-14,2021-2022,Düzkaya KOSK,1295.714214301326
2021-11-14,2021-2022,M. Karşıyaka ASK,1455.7318922611203
2021-11-14,2021-2022,Görneç KSK,1188.543294046678
2021-11-19,2021-2022,Türk Ocağı Limasol SK,1534.878447879508
2021-11-19,2021-2022,Girne Halk Evi SK,1376.6306086723262
2021-11-19,2021-2022,L. Gençler Birliği SK,1465.2678073196357
2021-11-19,2021-2022,Esentepe KSKK,1361.3154160392253
2021-11-20,2021-2022,Yenicami AK,1484.2948651685092
2021-11-20,2021-2022,Doğan Türk Birliği,1617.535436259405
2021-11-20,2021-2022,Mesarya SK,1559.5917954306424
2021-11-20,2021-2022,Cihangir GSK,1454.7393040429076
2021-11-20,2021-2022,Baf Ülkü Yurdu,1328.8333881138055
2021-11-20,2021-2022,Göçmenköy İYSK,1466.8159092814012
2021-11-20,2021-2022,Maraş GSK,1300.1377000992015
2021-11-20,2021-2022,Değirmenlik SK,1438.7547608214422
2021-11-20,2021-2022,Mormenekşe GBSK,1379.3061818211975
2021-11-20,2021-2022,Çetinkaya TSK,1463.3160253650433
2021-11-20,2021-2022,Görneç KSK,1162.1553379472343
2021-11-20,2021-2022,Dörtyol SK,1440.9290917181033
2021-11-21,2021-2022,Küçük Kaymaklı TSK,1506.7141763126972
2021-11-21,2021-2022,Gönyeli SK,1588.1904716081096
2021-11-21,2021-2022,Mağusa Türk Gücü,1715.9674731565206
2021-11-21,2021-2022,Binatlı YSK,1368.9869233553234
2021-11-21,2021-2022,Lefke TSK,1558.2079236180382
2021-11-21,2021-2022,Hamitköy ŞHSK,1378.6037122027087
2021-11-21,2021-2022,Alsancak Yeşilova SK,1688.7858626718041
2021-11-21,2021-2022,Dumlupınar TSK,1502.462849937726
2021-11-21,2021-2022,İncirli SK,1368.5447310200382
2021-11-21,2021-2022,Yeniboğaziçi DSK,1311.2879563166596
2021-11-21,2021-2022,Yalova SK,1346.1216046834124
2021-11-21,2021-2022,Bostancı Bağcıl SK,1250.920884600505
2021-11-21,2021-2022,Düzkaya KOSK,1321.3177520493286
2021-11-21,2021-2022,M. Karşıyaka ASK,1430.1283545131175
2021-11-21,2021-2022,Gençlik Gücü TSK,1380.7697963325165
2021-11-21,2021-2022,Çanakkale TSK,1191.462675579258
2021-11-27,2021-2022,Gönyeli SK,1537.8046242434618
2021-11-27,2021-2022,Yenicami AK,1534.680712533157
2021-11-27,2021-2022,Cihangir GSK,1418.931011683741
2021-11-27,2021-2022,Küçük Kaymaklı TSK,1542.5224686718639
2021-11-27,2021-2022,Hamitköy ŞHSK,1405.2998399957453
2021-11-27,2021-2022,Mesarya SK,1532.8956676376058
2021-11-27,2021-2022,Esentepe KSKK,1386.7935477608944
2021-11-27,2021-2022,İncirli SK,1343.066599298369
2021-11-27,2021-2022,Yeniboğaziçi DSK,1335.2288155598749
2021-11-27,2021-2022,Maraş GSK,1276.1968408559862
2021-11-27,2021-2022,Bostancı Bağcıl SK,1259.2640422007814
2021-11-27,2021-2022,L. Gençler Birliği SK,1456.9246497193592
2021-11-27,2021-2022,Çanakkale TSK,1217.6590698126522
2021-11-27,2021-2022,Görneç KSK,1135.9589437138402
2021-11-27,2021-2022,Gençlik Gücü TSK,1397.268119667816
2021-11-27,2021-2022,Mormenekşe GBSK,1362.807858485898
2021-11-28,2021-2022,Binatlı YSK,1385.995659834267
2021-11-28,2021-2022,Girne Halk Evi SK,1359.6218721933826
2021-11-28,2021-2022,Göçmenköy İYSK,1488.61807740383
2021-11-28,2021-2022,Lefke TSK,1536.4057554956094
2021-11-28,2021-2022,Dumlupınar TSK,1520.033098461577
2021-11-28,2021-2022,Baf Ülkü Yurdu,1311.2631395899546
2021-11-28,2021-2022,Alsancak Yeşilova SK,1657.823671501986
2021-11-28,2021-2022,Türk Ocağı Limasol SK,1565.8406390493262
2021-11-28,2021-2022,Değirmenlik SK,1400.1970597929899
2021-11-28,2021-2022,Çetinkaya TSK,1501.8737263934956
2021-11-28,2021-2022,M. Karşıyaka ASK,1451.3987652459057
2021-11-28,2021-2022,Yalova SK,1324.8511939506243
2021-11-28,2021-2022,Dörtyol SK,1431.4220388667472
2021-11-28,2021-2022,Düzkaya KOSK,1330.8248049006847
2021-11-29,2021-2022,Doğan Türk Birliği,1590.8404560297897
2021-11-29,2021-2022,Mağusa Türk Gücü,1742.662453386136
2021-12-04,2021-2022,Türk Ocağı Limasol SK,1579.9038653578739
2021-12-04,2021-2022,Binatlı YSK,1371.9324335257193
2021-12-04,2021-2022,Yenicami AK,1554.6793090890642
2021-12-04,2021-2022,Cihangir GSK,1398.9324151278338
2021-12-04,2021-2022,Mesarya SK,1507.0669440484915
2021-12-04,2021-2022,Göçmenköy İYSK,1514.4468009929444
2021-12-04,2021-2022,Lefke TSK,1552.0788603846877
2021-12-04,2021-2022,Dumlupınar TSK,1504.3599935724988
2021-12-04,2021-2022,Mormenekşe GBSK,1381.5081107042365
2021-12-04,2021-2022,Değirmenlik SK,1381.4968075746513
2021-12-04,2021-2022,L. Gençler Birliği SK,1473.1967716708361
2021-12-04,2021-2022,M. Karşıyaka ASK,1435.1266432944287
2021-12-04,2021-2022,Yalova SK,1294.5147553484287
2021-12-04,2021-2022,Dörtyol SK,1461.7584774689428
2021-12-04,2021-2022,Maraş GSK,1250.5350867568357
2021-12-04,2021-2022,Esentepe KSKK,1412.455301860045
2021-12-05,2021-2022,Mağusa Türk Gücü,1753.3891724920895
2021-12-05,2021-2022,Gönyeli SK,1527.0779051375082
2021-12-05,2021-2022,Girne Halk Evi SK,1343.3151091494597
2021-12-05,2021-2022,Doğan Türk Birliği,1607.1472190737127
2021-12-05,2021-2022,Küçük Kaymaklı TSK,1552.2498072396463
2021-12-05,2021-2022,Hamitköy ŞHSK,1395.5725014279628
2021-12-05,2021-2022,Baf Ülkü Yurdu,1304.8164837993647
2021-12-05,2021-2022,Alsancak Yeşilova SK,1664.2703272925758
2021-12-05,2021-2022,Çetinkaya TSK,1514.6765031203129
2021-12-05,2021-2022,Yeniboğaziçi DSK,1322.4260388330576
2021-12-05,2021-2022,İncirli SK,1315.2310675527572
2021-12-05,2021-2022,Bostancı Bağcıl SK,1287.0995739463933
2021-12-05,2021-2022,Düzkaya KOSK,1341.6074726173974
2021-12-05,2021-2022,Çanakkale TSK,1206.8764020959395
2021-12-05,2021-2022,Görneç KSK,1115.6541293442413
2021-12-05,2021-2022,Gençlik Gücü TSK,1417.572934037415
2021-12-11,2021-2022,Doğan Türk Birliği,1613.3290019144433
2021-12-11,2021-2022,Binatlı YSK,1365.7506506849886
2021-12-11,2021-2022,Cihangir GSK,1412.7277920830988
2021-12-11,2021-2022,Mağusa Türk Gücü,1739.5937955368245
2021-12-11,2021-2022,Hamitköy ŞHSK,1401.1276858741728
2021-12-11,2021-2022,Yenicami AK,1549.1241246428542
2021-12-11,2021-2022,Baf Ülkü Yurdu,1295.8261047334577
2021-12-11,2021-2022,Türk Ocağı Limasol SK,1588.894244423781
2021-12-11,2021-2022,M. Karşıyaka ASK,1453.4671460310556
2021-12-11,2021-2022,İncirli SK,1296.8905648161303
2021-12-11,2021-2022,Dörtyol SK,1458.9811038680314
2021-12-11,2021-2022,L. Gençler Birliği SK,1475.9741452717476
2021-12-11,2021-2022,Çanakkale TSK,1188.4640460710173
2021-12-11,2021-2022,Yalova SK,1312.927111373351
2021-12-11,2021-2022,Gençlik Gücü TSK,1430.1226359698358
2021-12-11,2021-2022,Düzkaya KOSK,1329.0577706849767
2021-12-12,2021-2022,Gönyeli SK,1538.9163249711612
2021-12-12,2021-2022,Girne Halk Evi SK,1331.4766893158067
2021-12-12,2021-2022,Göçmenköy İYSK,1547.2137554363846
2021-12-12,2021-2022,Küçük Kaymaklı TSK,1519.482852796206
2021-12-12,2021-2022,Dumlupınar TSK,1481.0915134263787
2021-12-12,2021-2022,Mesarya SK,1530.3354241946115
2021-12-12,2021-2022,Alsancak Yeşilova SK,1635.0972234358164
2021-12-12,2021-2022,Lefke TSK,1581.251964241447
2021-12-12,2021-2022,Esentepe KSKK,1414.873855795319
2021-12-12,2021-2022,Çetinkaya TSK,1512.2579491850388
2021-12-12,2021-2022,Yeniboğaziçi DSK,1342.3725481095116
2021-12-12,2021-2022,Değirmenlik SK,1361.5502982981973
2021-12-12,2021-2022,Bostancı Bağcıl SK,1242.6148279902955
2021-12-12,2021-2022,Maraş GSK,1295.0198327129335
2021-12-12,2021-2022,Görneç KSK,1106.2878881842526
2021-12-12,2021-2022,Mormenekşe GBSK,1390.8743518642252
2021-12-17,2021-2022,Türk Ocağı Limasol SK,1555.8339761693003
2021-12-17,2021-2022,Doğan Türk Birliği,1646.389270168924
2021-12-18,2021-2022,Binatlı YSK,1352.043992104457
2021-12-18,2021-2022,Gönyeli SK,1552.6229835516929
2021-12-18,2021-2022,Girne Halk Evi SK,1296.2675428042767
2021-12-18,2021-2022,Cihangir GSK,1447.9369385946288
2021-12-18,2021-2022,Küçük Kaymaklı TSK,1513.965698232568
2021-12-18,2021-2022,Dumlupınar TSK,1486.6086679900168
2021-12-18,2021-2022,Mesarya SK,1532.8979581544095
2021-12-18,2021-2022,Alsancak Yeşilova SK,1632.5346894760185
2021-12-18,2021-2022,Mormenekşe GBSK,1384.8239127943186
2021-12-18,2021-2022,Yeniboğaziçi DSK,1348.4229871794182
2021-12-18,2021-2022,Çetinkaya TSK,1497.4732613378355
2021-12-18,2021-2022,Bostancı Bağcıl SK,1257.3995158374987
2021-12-18,2021-2022,İncirli SK,1271.8888566944925
2021-12-18,2021-2022,Dörtyol SK,1483.9828119896692
2021-12-18,2021-2022,Değirmenlik SK,1361.166018673217
2021-12-18,2021-2022,Esentepe KSKK,1415.2581354202994
2021-12-19,2021-2022,Mağusa Türk Gücü,1685.0922834799817
2021-12-19,2021-2022,Hamitköy ŞHSK,1455.6291979310156
2021-12-19,2021-2022,Yenicami AK,1565.5975246815224
2021-12-19,2021-2022,Göçmenköy İYSK,1530.7403553977165
2021-12-19,2021-2022,Lefke TSK,1566.0688820317764
2021-12-19,2021-2022,Baf Ülkü Yurdu,1311.009186943128
2021-12-19,2021-2022,Maraş GSK,1333.3000297463307
2021-12-19,2021-2022,M. Karşıyaka ASK,1415.1869489976584
2021-12-19,2021-2022,L. Gençler Birliği SK,1480.7404610290214
2021-12-19,2021-2022,Çanakkale TSK,1183.6977303137435
2021-12-19,2021-2022,Yalova SK,1316.19012721785
2021-12-19,2021-2022,Gençlik Gücü TSK,1426.8596201253367
2021-12-19,2021-2022,Düzkaya KOSK,1338.9060646773783
2021-12-19,2021-2022,Görneç KSK,1096.439594191851
2021-12-25,2021-2022,Gönyeli SK,1554.5606305110716
2021-12-25,2021-2022,Doğan Türk Birliği,1644.4516232095452
2021-12-25,2021-2022,Hamitköy ŞHSK,1444.4492515640607
2021-12-25,2021-2022,Girne Halk Evi SK,1307.4474891712316
2021-12-25,2021-2022,Dumlupınar TSK,1528.792666736563
2021-12-25,2021-2022,Yenicami AK,1523.4135259349762
2021-12-25,2021-2022,Baf Ülkü Yurdu,1339.707664904199
2021-12-25,2021-2022,Mesarya SK,1504.1994801933386
2021-12-25,2021-2022,M. Karşıyaka ASK,1416.4680956076522
2021-12-25,2021-2022,Çetinkaya TSK,1496.1921147278417
2021-12-25,2021-2022,Gençlik Gücü TSK,1456.3313040818368
2021-12-25,2021-2022,L. Gençler Birliği SK,1451.2687770725213
2021-12-25,2021-2022,Görneç KSK,1105.038001643171
2021-12-25,2021-2022,Yalova SK,1307.59171976653
2021-12-25,2021-2022,Düzkaya KOSK,1338.0958744687332
2021-12-25,2021-2022,Mormenekşe GBSK,1385.6341030029637
2021-12-26,2021-2022,Cihangir GSK,1465.312143588921
2021-12-26,2021-2022,Binatlı YSK,1334.6687871101649
2021-12-26,2021-2022,Göçmenköy İYSK,1497.6690467556023
2021-12-26,2021-2022,Mağusa Türk Gücü,1718.163592122096
2021-12-26,2021-2022,Alsancak Yeşilova SK,1643.074147062911
2021-12-26,2021-2022,Küçük Kaymaklı TSK,1503.4262406456755
2021-12-26,2021-2022,Lefke TSK,1530.0855950253006
2021-12-26,2021-2022,Türk Ocağı Limasol SK,1591.8172631757761
2021-12-26,2021-2022,Esentepe KSKK,1388.26485537764
2021-12-26,2021-2022,Yeniboğaziçi DSK,1375.4162672220775
2021-12-26,2021-2022,Bostancı Bağcıl SK,1239.9056759551231
2021-12-26,2021-2022,Değirmenlik SK,1378.6598585555926
2021-12-26,2021-2022,Dörtyol SK,1500.0273854085522
2021-12-26,2021-2022,Maraş GSK,1317.2554563274477
2021-12-26,2021-2022,Çanakkale TSK,1165.3169899323584
2021-12-26,2021-2022,İncirli SK,1290.2695970758775
2022-01-29,2021-2022,Cihangir GSK,1451.9136180123842
2022-01-29,2021-2022,Doğan Türk Birliği,1657.850148786082
2022-01-29,2021-2022,Baf Ülkü Yurdu,1345.5069284076167
2022-01-29,2021-2022,Küçük Kaymaklı TSK,1497.6269771422578
2022-01-29,2021-2022,Göçmenköy İYSK,1485.3284386062749
2022-01-29,2021-2022,Girne Halk Evi SK,1319.788097320559
2022-01-29,2021-2022,Alsancak Yeşilova SK,1633.564898510049
2022-01-29,2021-2022,Yenicami AK,1532.922774487838
2022-01-29,2021-2022,Mormenekşe GBSK,1382.3613538417192
2022-01-29,2021-2022,Esentepe KSKK,1391.5376045388846
2022-01-29,2021-2022,M. Karşıyaka ASK,1410.981967153381
2022-01-29,2021-2022,Değirmenlik SK,1384.1459870098638
2022-01-29,2021-2022,Görneç KSK,1118.5810742399324
2022-01-29,2021-2022,L. Gençler Birliği SK,1437.7257044757598
2022-01-29,2021-2022,Çanakkale TSK,1143.0753451038172
2022-01-29,2021-2022,Maraş GSK,1339.497101155989
2022-01-30,2021-2022,Dumlupınar TSK,1515.9137422969934
2022-01-30,2021-2022,Mağusa Türk Gücü,1731.0425165616655
2022-01-30,2021-2022,Türk Ocağı Limasol SK,1547.2679471754354
2022-01-30,2021-2022,Gönyeli SK,1599.1099465114123
2022-01-30,2021-2022,Hamitköy ŞHSK,1455.386088142533
2022-01-30,2021-2022,Binatlı YSK,1323.7319505316925
2022-01-30,2021-2022,Lefke TSK,1525.2398965314312
2022-01-30,2021-2022,Mesarya SK,1509.045178687208
2022-01-30,2021-2022,Dörtyol SK,1455.713907091004
2022-01-30,2021-2022,Çetinkaya TSK,1540.5055930453898
2022-01-30,2021-2022,Bostancı Bağcıl SK,1212.39491992948
2022-01-30,2021-2022,Yeniboğaziçi DSK,1402.9270232477206
2022-01-30,2021-2022,Düzkaya KOSK,1360.453207585442
2022-01-30,2021-2022,Yalova SK,1285.2343866498213
2022-01-30,2021-2022,Gençlik Gücü TSK,1471.3073599086165
2022-01-30,2021-2022,İncirli SK,1275.2935412490979
2022-02-05,2021-2022,Mesarya SK,1544.1977553900929
2022-02-05,2021-2022,Türk Ocağı Limasol SK,1512.1153704725505
2022-02-05,2021-2022,Binatlı YSK,1329.419130547666
2022-02-05,2021-2022,Göçmenköy İYSK,1479.6412585903013
2022-02-05,2021-2022,Küçük Kaymaklı TSK,1495.7680083060548
2022-02-05,2021-2022,Lefke TSK,1527.0988653676343
2022-02-05,2021-2022,Girne Halk Evi SK,1307.246335369821
2022-02-05,2021-2022,Dumlupınar TSK,1528.4555042477314
2022-02-05,2021-2022,L. Gençler Birliği SK,1450.210699101622
2022-02-05,2021-2022,Düzkaya KOSK,1347.96821295958
2022-02-05,2021-2022,Çetinkaya TSK,1545.1979232707824
2022-02-05,2021-2022,Çanakkale TSK,1138.3830148784245
2022-02-05,2021-2022,Değirmenlik SK,1404.811644061279
2022-02-05,2021-2022,Dörtyol SK,1435.048250039589
2022-02-05,2021-2022,Maraş GSK,1323.5729572879045
2022-02-05,2021-2022,Gençlik Gücü TSK,1487.231503776701
2022-02-06,2021-2022,Doğan Türk Birliği,1665.0825766755404
2022-02-06,2021-2022,Hamitköy ŞHSK,1448.1536602530746
2022-02-06,2021-2022,Gönyeli SK,1615.4040695477163
2022-02-06,2021-2022,Cihangir GSK,1435.6194949760802
2022-02-06,2021-2022,Yenicami AK,1540.682683709909
2022-02-06,2021-2022,Baf Ülkü Yurdu,1337.7470191855457
2022-02-06,2021-2022,Mağusa Türk Gücü,1748.3053386765632
2022-02-06,2021-2022,Alsancak Yeşilova SK,1616.3020763951513
2022-02-06,2021-2022,Esentepe KSKK,1406.654082739809
2022-02-06,2021-2022,Bostancı Bağcıl SK,1197.2784417285557
2022-02-06,2021-2022,Yalova SK,1287.3634887279115
2022-02-06,2021-2022,Mormenekşe GBSK,1380.232251763629
2022-02-06,2021-2022,İncirli SK,1264.2188884178454
2022-02-06,2021-2022,Görneç KSK,1129.6557270711849
2022-02-06,2021-2022,Yeniboğaziçi DSK,1399.9589081954614
2022-02-06,2021-2022,M. Karşıyaka ASK,1413.9500822056402
2022-02-12,2021-2022,Hamitköy ŞHSK,1474.1385848705422
2022-02-12,2021-2022,Gönyeli SK,1589.4191449302486
2022-02-12,2021-2022,Mesarya SK,1538.1510848566936
2022-02-12,2021-2022,Küçük Kaymaklı TSK,1501.814678839454
2022-02-12,2021-2022,Alsancak Yeşilova SK,1623.774050605721
2022-02-12,2021-2022,Girne Halk Evi SK,1299.7743611592514
2022-02-12,2021-2022,Baf Ülkü Yurdu,1333.0538812170598
2022-02-12,2021-2022,Mağusa Türk Gücü,1752.998476645049
2022-02-12,2021-2022,Gençlik Gücü TSK,1457.0559123259522
2022-02-12,2021-2022,Çetinkaya TSK,1575.3735147215311
2022-02-12,2021-2022,Yalova SK,1265.9934202962515
2022-02-12,2021-2022,L. Gençler Birliği SK,1471.580767533282
2022-02-12,2021-2022,Düzkaya KOSK,1360.1352753440053
2022-02-12,2021-2022,İncirli SK,1252.05182603342
2022-02-12,2021-2022,Çanakkale TSK,1124.3692139948164
2022-02-12,2021-2022,Değirmenlik SK,1418.825444944887
2022-02-13,2021-2022,Lefke TSK,1524.442718723966
2022-02-13,2021-2022,Yenicami AK,1543.3388303535774
2022-02-13,2021-2022,Göçmenköy İYSK,1520.025392803985
2022-02-13,2021-2022,Doğan Türk Birliği,1624.6984424618568
2022-02-13,2021-2022,Dumlupınar TSK,1541.3181230018413
2022-02-13,2021-2022,Binatlı YSK,1316.5565117935562
2022-02-13,2021-2022,Türk Ocağı Limasol SK,1504.6387912787632
2022-02-13,2021-2022,Cihangir GSK,1443.0960741698675
2022-02-13,2021-2022,M. Karşıyaka ASK,1438.2108725749308
2022-02-13,2021-2022,Esentepe KSKK,1382.3932923705183
2022-02-13,2021-2022,Dörtyol SK,1457.036623323417
2022-02-13,2021-2022,Yeniboğaziçi DSK,1377.9705349116334
2022-02-13,2021-2022,Mormenekşe GBSK,1392.1149866963667
2022-02-13,2021-2022,Bostancı Bağcıl SK,1185.395706795818
2022-02-13,2021-2022,Görneç KSK,1137.0042586214963
2022-02-13,2021-2022,Maraş GSK,1316.224425737593
2022-02-19,2021-2022,Cihangir GSK,1441.432996228448
2022-02-19,2021-2022,Hamitköy ŞHSK,1475.8016628119617
2022-02-19,2021-2022,Mağusa Türk Gücü,1762.575658240843
2022-02-19,2021-2022,Lefke TSK,1514.865537128172
2022-02-19,2021-2022,Yenicami AK,1519.6297442912924
2022-02-19,2021-2022,Mesarya SK,1561.8601709189786
2022-02-19,2021-2022,Doğan Türk Birliği,1616.883495765683
2022-02-19,2021-2022,Dumlupınar TSK,1549.133069698015
2022-02-19,2021-2022,İncirli SK,1269.4159141330113
2022-02-19,2021-2022,Yalova SK,1248.6293321966602
2022-02-19,2021-2022,Yeniboğaziçi DSK,1363.619138458602
2022-02-19,2021-2022,Çanakkale TSK,1138.7206104478478
2022-02-19,2021-2022,Esentepe KSKK,1413.6569510548795
2022-02-19,2021-2022,Dörtyol SK,1425.7729646390558
2022-02-19,2021-2022,Bostancı Bağcıl SK,1175.4803739671725
2022-02-19,2021-2022,M. Karşıyaka ASK,1448.1262054035763
2022-02-20,2021-2022,Küçük Kaymaklı TSK,1478.5527633145916
2022-02-20,2021-2022,Türk Ocağı Limasol SK,1527.9007068036256
2022-02-20,2021-2022,Girne Halk Evi SK,1278.239232155923
2022-02-20,2021-2022,Baf Ülkü Yurdu,1354.5890102203882
2022-02-20,2021-2022,Binatlı YSK,1328.7894602578044
2022-02-20,2021-2022,Alsancak Yeşilova SK,1611.5411021414727
2022-02-20,2021-2022,Gönyeli SK,1548.735810485202
2022-02-20,2021-2022,Göçmenköy İYSK,1560.7087272490317
2022-02-20,2021-2022,Maraş GSK,1276.989104851978
2022-02-20,2021-2022,Düzkaya KOSK,1399.3705962296203
2022-02-20,2021-2022,L. Gençler Birliği SK,1463.9575904147239
2022-02-20,2021-2022,Mormenekşe GBSK,1399.7381638149247
2022-02-20,2021-2022,Çetinkaya TSK,1579.9393219108579
2022-02-20,2021-2022,Görneç KSK,1132.4384514321696
2022-02-20,2021-2022,Değirmenlik SK,1437.5739273009838
2022-02-20,2021-2022,Gençlik Gücü TSK,1438.3074299698555
2022-02-26,2021-2022,Türk Ocağı Limasol SK,1481.9842637032464
2022-02-26,2021-2022,Hamitköy ŞHSK,1521.718105912341
2022-02-26,2021-2022,Baf Ülkü Yurdu,1369.7480025676753
2022-02-26,2021-2022,Binatlı YSK,1313.6304679105174
2022-02-26,2021-2022,Gençlik Gücü TSK,1457.2270891655885
2022-02-26,2021-2022,Yeniboğaziçi DSK,1344.699479262869
2022-02-26,2021-2022,Düzkaya KOSK,1426.045281205861
2022-02-26,2021-2022,Çetinkaya TSK,1553.264636934617
2022-02-26,2021-2022,Dörtyol SK,1411.514594825433
2022-02-26,2021-2022,Bostancı Bağcıl SK,1189.7387437807952
2022-02-26,2021-2022,Yalova SK,1246.812992713735
2022-02-26,2021-2022,Maraş GSK,1278.8054443349033
2022-02-26,2021-2022,Mormenekşe GBSK,1399.0699745323366
2022-02-26,2021-2022,M. Karşıyaka ASK,1448.7943946861644
2022-02-27,2021-2022,Küçük Kaymaklı TSK,1497.464542602856
2022-02-27,2021-2022,Yenicami AK,1500.717965003028
2022-02-27,2021-2022,Mesarya SK,1549.544751046009
2022-02-27,2021-2022,Mağusa Türk Gücü,1774.8910781138127
2022-02-27,2021-2022,Dumlupınar TSK,1565.6909274866528
2022-02-27,2021-2022,Gönyeli SK,1532.1779526965643
2022-02-27,2021-2022,Alsancak Yeşilova SK,1628.4204589918254
2022-02-27,2021-2022,Doğan Türk Birliği,1600.0041389153303
2022-02-27,2021-2022,Lefke TSK,1524.074690208894
2022-02-27,2021-2022,Girne Halk Evi SK,1269.030079075201
2022-02-27,2021-2022,Göçmenköy İYSK,1531.2166350832558
2022-02-27,2021-2022,Cihangir GSK,1470.9250883942236
2022-02-27,2021-2022,Çanakkale TSK,1129.7241700398388
2022-02-27,2021-2022,Esentepe KSKK,1422.6533914628885
2022-02-27,2021-2022,L. Gençler Birliği SK,1431.464158003605
2022-02-27,2021-2022,İncirli SK,1301.9093465441301
2022-02-27,2021-2022,Görneç KSK,1124.5961102342374
2022-02-27,2021-2022,Değirmenlik SK,1445.416268498916
2022-03-05,2021-2022,Yenicami AK,1524.0335837461437
2022-03-05,2021-2022,Türk Ocağı Limasol SK,1458.6686449601307
2022-03-05,2021-2022,Mağusa Türk Gücü,1782.4142538418323
2022-03-05,2021-2022,Küçük Kaymaklı TSK,1489.9413668748364
2022-03-05,2021-2022,Gönyeli SK,1534.2567045652697
2022-03-05,2021-2022,Alsancak Yeşilova SK,1626.34170712312
2022-03-05,2021-2022,Girne Halk Evi SK,1251.481068254639
2022-03-05,2021-2022,Mesarya SK,1567.093761866571
2022-03-05,2021-2022,İncirli SK,1275.105873199874
2022-03-05,2021-2022,Mormenekşe GBSK,1425.8734478765928
2022-03-05,2021-2022,Bostancı Bağcıl SK,1216.4460972226873
2022-03-05,2021-2022,Çanakkale TSK,1103.0168165979467
2022-03-05,2021-2022,Yeniboğaziçi DSK,1351.3496805984555
2022-03-05,2021-2022,Görneç KSK,1117.945908898651
2022-03-05,2021-2022,Esentepe KSKK,1441.1923432375188
2022-03-05,2021-2022,Gençlik Gücü TSK,1438.6881373909582
2022-03-06,2021-2022,Doğan Türk Birliği,1586.3365815952072
2022-03-06,2021-2022,Baf Ülkü Yurdu,1383.4155598877983
2022-03-06,2021-2022,Hamitköy ŞHSK,1538.8313097784887
2022-03-06,2021-2022,Göçmenköy İYSK,1514.103431217108
2022-03-06,2021-2022,Binatlı YSK,1288.4635179265852
2022-03-06,2021-2022,Lefke TSK,1549.2416401928263
2022-03-06,2021-2022,Cihangir GSK,1492.9197181089091
2022-03-06,2021-2022,Dumlupınar TSK,1543.6962977719672
2022-03-06,2021-2022,Değirmenlik SK,1474.4954489334932
2022-03-06,2021-2022,Düzkaya KOSK,1396.966100771284
2022-03-06,2021-2022,Çetinkaya TSK,1560.8372543505375
2022-03-06,2021-2022,Yalova SK,1239.2403752978146
2022-03-06,2021-2022,Maraş GSK,1304.016348197001
2022-03-06,2021-2022,L. Gençler Birliği SK,1406.2532541415073
2022-03-06,2021-2022,M. Karşıyaka ASK,1463.3364083719
2022-03-06,2021-2022,Dörtyol SK,1396.9725811396975
2022-03-12,2021-2022,Yenicami AK,1554.3552365901478
2022-03-12,2021-2022,Mağusa Türk Gücü,1752.0926009978282
2022-03-12,2021-2022,Lefke TSK,1547.9250259211399
2022-03-12,2021-2022,Doğan Türk Birliği,1587.6531958668936
2022-03-12,2021-2022,Dumlupınar TSK,1560.0051552038742
2022-03-12,2021-2022,Hamitköy ŞHSK,1522.5224523465818
2022-03-12,2021-2022,Küçük Kaymaklı TSK,1500.589711323555
2022-03-12,2021-2022,Girne Halk Evi SK,1240.8327238059203
2022-03-12,2021-2022,Mesarya SK,1572.0788960897446
2022-03-12,2021-2022,Binatlı YSK,1283.4783837034115
2022-03-12,2021-2022,Alsancak Yeşilova SK,1616.231012738723
2022-03-12,2021-2022,Cihangir GSK,1503.0304124933061
2022-03-12,2021-2022,Görneç KSK,1150.74012588648
2022-03-12,2021-2022,Esentepe KSKK,1408.3981262496898
2022-03-12,2021-2022,Düzkaya KOSK,1391.0669332756115
2022-03-12,2021-2022,Yeniboğaziçi DSK,1357.2488480941279
2022-03-13,2021-2022,Baf Ülkü Yurdu,1357.363741241012
2022-03-13,2021-2022,Gönyeli SK,1560.3085232120561
2022-03-13,2021-2022,Türk Ocağı Limasol SK,1458.4058652553988
2022-03-13,2021-2022,Göçmenköy İYSK,1514.3662109218399
2022-03-13,2021-2022,L. Gençler Birliği SK,1411.567312962958
2022-03-13,2021-2022,Çetinkaya TSK,1555.5231955290867
2022-03-13,2021-2022,Gençlik Gücü TSK,1445.270358674713
2022-03-13,2021-2022,Bostancı Bağcıl SK,1209.8638759389326
2022-03-13,2021-2022,Mormenekşe GBSK,1440.864740427416
2022-03-13,2021-2022,Dörtyol SK,1381.9812885888741
2022-03-13,2021-2022,İncirli SK,1273.3209777311788
2022-03-13,2021-2022,Maraş GSK,1305.8012436656961
2022-03-13,2021-2022,Çanakkale TSK,1116.9870612047741
2022-03-13,2021-2022,M. Karşıyaka ASK,1449.3661637650725
2022-03-13,2021-2022,Yalova SK,1223.2080689998834
2022-03-13,2021-2022,Değirmenlik SK,1490.5277552314244
2022-03-19,2021-2022,Girne Halk Evi SK,1224.8051070061226
2022-03-19,2021-2022,Yenicami AK,1570.3828533899455
2022-03-19,2021-2022,Hamitköy ŞHSK,1490.9075737855585
2022-03-19,2021-2022,Alsancak Yeşilova SK,1647.8458912997462
2022-03-19,2021-2022,Gönyeli SK,1556.2010499445817
2022-03-19,2021-2022,Lefke TSK,1552.0324991886143
2022-03-19,2021-2022,Yeniboğaziçi DSK,1347.1116605162933
2022-03-19,2021-2022,Yalova SK,1233.345256577718
2022-03-19,2021-2022,Maraş GSK,1342.1837478837451
2022-03-19,2021-2022,Mormenekşe GBSK,1404.482236209367
2022-03-19,2021-2022,Değirmenlik SK,1442.2307303725834
2022-03-19,2021-2022,L. Gençler Birliği SK,1459.8643378217992
2022-03-19,2021-2022,Bostancı Bağcıl SK,1229.9628745478346
2022-03-19,2021-2022,Görneç KSK,1130.6411272775779
2022-03-19,2021-2022,Çetinkaya TSK,1562.8673387735134
2022-03-19,2021-2022,İncirli SK,1265.976834486752
2022-03-19,2021-2022,M. Karşıyaka ASK,1425.7178081780692
2022-03-19,2021-2022,Gençlik Gücü TSK,1468.9187142617163
2022-03-20,2021-2022,Mağusa Türk Gücü,1759.021175815078
2022-03-20,2021-2022,Türk Ocağı Limasol SK,1451.4772904381489
2022-03-20,2021-2022,Binatlı YSK,1271.9525434098368
2022-03-20,2021-2022,Küçük Kaymaklı TSK,1512.1155516171298
2022-03-20,2021-2022,Cihangir GSK,1517.0913790495167
2022-03-20,2021-2022,Baf Ülkü Yurdu,1343.3027746848013
2022-03-20,2021-2022,Doğan Türk Birliği,1611.2285949344564
2022-03-20,2021-2022,Mesarya SK,1548.5034970221818
2022-03-20,2021-2022,Göçmenköy İYSK,1483.1268834227537
2022-03-20,2021-2022,Dumlupınar TSK,1591.2444827029603
2022-03-20,2021-2022,Esentepe KSKK,1404.0186674798776
2022-03-20,2021-2022,Düzkaya KOSK,1395.4463920454236
2022-03-20,2021-2022,Dörtyol SK,1389.9881205187667
2022-03-20,2021-2022,Çanakkale TSK,1108.9802292748816
2022-03-26,2021-2022,Küçük Kaymaklı TSK,1514.3576158143483
2022-03-26,2021-2022,Doğan Türk Birliği,1608.986530737238
2022-03-26,2021-2022,Baf Ülkü Yurdu,1368.2414886522479
2022-03-26,2021-2022,Hamitköy ŞHSK,1465.968859818112
2022-03-26,2021-2022,Mağusa Türk Gücü,1761.5538447402032
2022-03-26,2021-2022,Girne Halk Evi SK,1222.2724380809975
2022-03-26,2021-2022,Alsancak Yeşilova SK,1660.760672974851
2022-03-26,2021-2022,Göçmenköy İYSK,1470.2121017476488
2022-03-26,2021-2022,L. Gençler Birliği SK,1470.6657430155299
2022-03-26,2021-2022,Yeniboğaziçi DSK,1336.3102553225626
2022-03-26,2021-2022,Düzkaya KOSK,1384.026548769315
2022-03-26,2021-2022,Bostancı Bağcıl SK,1241.3827178239433
2022-03-26,2021-2022,Gençlik Gücü TSK,1492.1746586642623
2022-03-26,2021-2022,Dörtyol SK,1366.7321761162207
2022-03-26,2021-2022,İncirli SK,1242.2696905707885
2022-03-26,2021-2022,Değirmenlik SK,1465.937874288547
2022-03-27,2021-2022,Mesarya SK,1525.5152650762534
2022-03-27,2021-2022,Gönyeli SK,1579.18928189051
2022-03-27,2021-2022,Yenicami AK,1581.0909019791482
2022-03-27,2021-2022,Binatlı YSK,1261.2444948206341
2022-03-27,2021-2022,Lefke TSK,1546.6993394326005
2022-03-27,2021-2022,Cihangir GSK,1522.4245388055306
2022-03-27,2021-2022,Türk Ocağı Limasol SK,1424.3746126373883
2022-03-27,2021-2022,Dumlupınar TSK,1618.347160503721
2022-03-27,2021-2022,Yalova SK,1219.5090469426307
2022-03-27,2021-2022,Esentepe KSKK,1417.854877114965
2022-03-27,2021-2022,Maraş GSK,1322.3074937088431
2022-03-27,2021-2022,Çetinkaya TSK,1582.7435929484154
2022-03-27,2021-2022,Mormenekşe GBSK,1369.0587640674644
2022-03-27,2021-2022,Çanakkale TSK,1144.4037014167843
2022-03-27,2021-2022,Görneç KSK,1118.3203644809664
2022-03-27,2021-2022,M. Karşıyaka ASK,1438.0385709746806
2022-04-02,2021-2022,Doğan Türk Birliği,1565.3162758480146
2022-04-02,2021-2022,Yenicami AK,1624.7611568683715
2022-04-02,2021-2022,Binatlı YSK,1256.836519854075
2022-04-02,2021-2022,Mağusa Türk Gücü,1765.9618197067623
2022-04-02,2021-2022,Gönyeli SK,1572.297434172596
2022-04-02,2021-2022,Küçük Kaymaklı TSK,1521.2494635322623
2022-04-02,2021-2022,Göçmenköy İYSK,1441.5098041448773
2022-04-02,2021-2022,Baf Ülkü Yurdu,1396.9437862550194
2022-04-02,2021-2022,Dumlupınar TSK,1646.8299166987995
2022-04-02,2021-2022,Alsancak Yeşilova SK,1632.2779167797726
2022-04-02,2021-2022,M. Karşıyaka ASK,1431.70136755986
2022-04-02,2021-2022,Düzkaya KOSK,1390.3637521841356
2022-04-02,2021-2022,Çetinkaya TSK,1595.601586398734
2022-04-02,2021-2022,Mormenekşe GBSK,1356.2007706171457
2022-04-02,2021-2022,Değirmenlik SK,1480.1254283158235
2022-04-02,2021-2022,Maraş GSK,1308.1199396815666
2022-04-03,2021-2022,Girne Halk Evi SK,1200.8393395557316
2022-04-03,2021-2022,Türk Ocağı Limasol SK,1445.8077111626542
2022-04-03,2021-2022,Hamitköy ŞHSK,1447.1607880000686
2022-04-03,2021-2022,Lefke TSK,1565.5074112506438
2022-04-03,2021-2022,Cihangir GSK,1481.7423336410022
2022-04-03,2021-2022,Mesarya SK,1566.1974702407817
2022-04-03,2021-2022,Bostancı Bağcıl SK,1216.7550358256574
2022-04-03,2021-2022,Yalova SK,1244.1367289409166
2022-04-03,2021-2022,Esentepe KSKK,1454.5790381668598
2022-04-03,2021-2022,L. Gençler Birliği SK,1433.941581963635
2022-04-03,2021-2022,Dörtyol SK,1376.873558413056
2022-04-03,2021-2022,Görneç KSK,1108.1789821841312
2022-04-03,2021-2022,Yeniboğaziçi DSK,1307.9816695392776
2022-04-03,2021-2022,İncirli SK,1270.5982763540735
2022-04-03,2021-2022,Çanakkale TSK,1131.5855708402794
2022-04-03,2021-2022,Gençlik Gücü TSK,1504.9927892407673
2022-04-09,2021-2022,Mesarya SK,1585.919793613681
2022-04-09,2021-2022,Hamitköy ŞHSK,1427.4384646271694
2022-04-09,2021-2022,Türk Ocağı Limasol SK,1426.2699621679965
2022-04-09,2021-2022,Alsancak Yeşilova SK,1651.8156657744303
2022-04-09,2021-2022,Lefke TSK,1513.5301064619212
2022-04-09,2021-2022,Göçmenköy İYSK,1493.4871089336
2022-04-09,2021-2022,Baf Ülkü Yurdu,1406.9021798228787
2022-04-09,2021-2022,Dumlupınar TSK,1636.8715231309402
2022-04-09,2021-2022,Maraş GSK,1304.6922663273238
2022-04-09,2021-2022,Yeniboğaziçi DSK,1311.4093428935205
2022-04-09,2021-2022,L. Gençler Birliği SK,1440.6854023098651
2022-04-09,2021-2022,Bostancı Bağcıl SK,1210.0112154794272
2022-04-09,2021-2022,Düzkaya KOSK,1386.195299481633
2022-04-09,2021-2022,Dörtyol SK,1381.0420111155586
2022-04-09,2021-2022,Mormenekşe GBSK,1333.7050218649686
2022-04-09,2021-2022,Gençlik Gücü TSK,1527.4885379929444
2022-04-10,2021-2022,Yenicami AK,1650.529447433251
2022-04-10,2021-2022,Gönyeli SK,1546.5291436077164
2022-04-10,2021-2022,Mağusa Türk Gücü,1773.256476331464
2022-04-10,2021-2022,Doğan Türk Birliği,1558.0216192233129
2022-04-10,2021-2022,Girne Halk Evi SK,1170.4937236107419
2022-04-10,2021-2022,Binatlı YSK,1287.1821357990648
2022-04-10,2021-2022,Küçük Kaymaklı TSK,1476.4906862643302
2022-04-10,2021-2022,Cihangir GSK,1526.5011109089344
2022-04-10,2021-2022,İncirli SK,1277.446922024327
2022-04-10,2021-2022,Esentepe KSKK,1447.7303924966063
2022-04-10,2021-2022,Görneç KSK,1126.0802509192465
2022-04-10,2021-2022,Çanakkale TSK,1113.684302105164
2022-04-10,2021-2022,Yalova SK,1271.1668404794489
2022-04-10,2021-2022,M. Karşıyaka ASK,1404.6712560213277
2022-04-10,2021-2022,Çetinkaya TSK,1615.6232851088432
2022-04-10,2021-2022,Değirmenlik SK,1460.1037296057143
2022-04-16,2021-2022,Cihangir GSK,1561.968012243282
2022-04-16,2021-2022,Yenicami AK,1615.0625460989036
2022-04-16,2021-2022,Gönyeli SK,1535.4520910452468
2022-04-16,2021-2022,Mağusa Türk Gücü,1784.3335288939336
2022-04-16,2021-2022,Hamitköy ŞHSK,1446.8084683386337
2022-04-16,2021-2022,Küçük Kaymaklı TSK,1457.120682552866
2022-04-16,2021-2022,Doğan Türk Birliği,1562.9697380557268
2022-04-16,2021-2022,Girne Halk Evi SK,1165.545604778328
2022-04-16,2021-2022,Dörtyol SK,1351.9745160277646
2022-04-16,2021-2022,Yalova SK,1300.2343355672429
2022-04-16,2021-2022,Gençlik Gücü TSK,1531.4254549935931
2022-04-16,2021-2022,Görneç KSK,1122.1433339185978
2022-04-16,2021-2022,Esentepe KSKK,1461.9549117801212
2022-04-16,2021-2022,Maraş GSK,1290.467747043809
2022-04-16,2021-2022,Bostancı Bağcıl SK,1190.439183816502
2022-04-16,2021-2022,İncirli SK,1297.0189536872522
2022-04-17,2021-2022,Binatlı YSK,1311.6577586151393
2022-04-17,2021-2022,Türk Ocağı Limasol SK,1401.794339351922
2022-04-17,2021-2022,Alsancak Yeşilova SK,1662.1329392062592
2022-04-17,2021-2022,Baf Ülkü Yurdu,1396.5849063910498
2022-04-17,2021-2022,Dumlupınar TSK,1652.3629158373515
2022-04-17,2021-2022,Lefke TSK,1498.03871375551
2022-04-17,2021-2022,Göçmenköy İYSK,1526.2794658920957
2022-04-17,2021-2022,Mesarya SK,1553.1274366551852
2022-04-17,2021-2022,Yeniboğaziçi DSK,1299.5955820186812
2022-04-17,2021-2022,Çetinkaya TSK,1627.4370459836825
2022-04-17,2021-2022,Çanakkale TSK,1100.0430507547667
2022-04-17,2021-2022,Düzkaya KOSK,1399.8365508320303
2022-04-17,2021-2022,Değirmenlik SK,1470.2970701991408
2022-04-17,2021-2022,Mormenekşe GBSK,1323.511681271542
2022-04-17,2021-2022,M. Karşıyaka ASK,1432.603435019776
2022-04-17,2021-2022,L. Gençler Birliği SK,1412.7532233114168
2022-04-22,2021-2022,Mağusa Türk Gücü,1770.9118424305161
2022-04-22,2021-2022,Cihangir GSK,1575.3896987066994
2022-04-23,2021-2022,Girne Halk Evi SK,1156.916752178141
2022-04-23,2021-2022,Gönyeli SK,1544.0809436454338
2022-04-23,2021-2022,Çetinkaya TSK,1642.4524141684155
2022-04-23,2021-2022,Esentepe KSKK,1446.9395435953882
2022-04-23,2021-2022,Değirmenlik SK,1411.0085442495933
2022-04-23,2021-2022,Yeniboğaziçi DSK,1358.8841079682286
2022-04-23,2021-2022,Maraş GSK,1307.5505728051148
2022-04-23,2021-2022,Bostancı Bağcıl SK,1173.356358055196
2022-04-23,2021-2022,Yalova SK,1313.941084179563
2022-04-23,2021-2022,Çanakkale TSK,1086.3363021424466
2022-04-23,2021-2022,Mormenekşe GBSK,1330.7815542442224
2022-04-23,2021-2022,Görneç KSK,1114.8734609459175
2022-04-23,2021-2022,L. Gençler Birliği SK,1437.7180532515624
2022-04-23,2021-2022,Dörtyol SK,1327.009686087619
2022-04-23,2021-2022,İncirli SK,1273.4443934414808
2022-04-23,2021-2022,M. Karşıyaka ASK,1456.1779952655475
2022-04-23,2021-2022,Düzkaya KOSK,1383.9001923876913
2022-04-23,2021-2022,Gençlik Gücü TSK,1547.3618134379321
2022-04-24,2021-2022,Binatlı YSK,1301.6777552000462
2022-04-24,2021-2022,Doğan Türk Birliği,1572.9497414708198
2022-04-24,2021-2022,Yenicami AK,1632.0088612078314
2022-04-24,2021-2022,Hamitköy ŞHSK,1429.8621532297059
2022-04-24,2021-2022,Türk Ocağı Limasol SK,1418.0840478104642
2022-04-24,2021-2022,Baf Ülkü Yurdu,1380.2951979325076
2022-04-24,2021-2022,Lefke TSK,1523.857777051326
2022-04-24,2021-2022,Alsancak Yeşilova SK,1636.3138759104431
2022-04-24,2021-2022,Küçük Kaymaklı TSK,1457.6477824129852
2022-04-24,2021-2022,Göçmenköy İYSK,1525.7523660319764
2022-04-24,2021-2022,Mesarya SK,1575.376459979311
2022-04-24,2021-2022,Dumlupınar TSK,1630.1138925132257
2022-04-29,2021-2022,Göçmenköy İYSK,1495.3848189129017
2022-04-29,2021-2022,Yenicami AK,1662.3764083269061
2022-04-29,2021-2022,Cihangir GSK,1577.783442857312
2022-04-29,2021-2022,Girne Halk Evi SK,1154.5230080275285
2022-04-29,2021-2022,Gönyeli SK,1553.0338325956611
2022-04-29,2021-2022,Binatlı YSK,1292.724866249819
2022-04-29,2021-2022,Alsancak Yeşilova SK,1609.620337945751
2022-04-29,2021-2022,Mesarya SK,1602.069997944003
2022-04-29,2021-2022,Görneç KSK,1098.7106885052049
2022-04-29,2021-2022,Düzkaya KOSK,1400.062964828404
2022-04-29,2021-2022,Çanakkale TSK,1100.0383187571624
2022-04-29,2021-2022,L. Gençler Birliği SK,1424.0160366368466
2022-04-30,2021-2022,Hamitköy ŞHSK,1419.9320746193994
2022-04-30,2021-2022,Mağusa Türk Gücü,1780.8419210408226
2022-04-30,2021-2022,Doğan Türk Birliği,1581.9490179684562
2022-04-30,2021-2022,Türk Ocağı Limasol SK,1409.0847713128278
2022-04-30,2021-2022,Dumlupınar TSK,1618.426256703872
2022-04-30,2021-2022,Küçük Kaymaklı TSK,1469.3354182223388
2022-04-30,2021-2022,Baf Ülkü Yurdu,1357.3745891887106
2022-04-30,2021-2022,Lefke TSK,1546.7783857951229
2022-04-30,2021-2022,Bostancı Bağcıl SK,1167.2892183608699
2022-04-30,2021-2022,Çetinkaya TSK,1648.5195538627418
2022-04-30,2021-2022,Gençlik Gücü TSK,1556.7157400239334
2022-04-30,2021-2022,Yalova SK,1304.5871575935616
2022-04-30,2021-2022,Yeniboğaziçi DSK,1373.9184976594547
2022-04-30,2021-2022,Mormenekşe GBSK,1315.7471645529963
2022-04-30,2021-2022,M. Karşıyaka ASK,1470.05630703817
2022-04-30,2021-2022,Maraş GSK,1293.6722610324923
2022-04-30,2021-2022,Dörtyol SK,1340.6956260317645
2022-04-30,2021-2022,İncirli SK,1259.7584534973353
2022-04-30,2021-2022,Esentepe KSKK,1441.5534939287513
2022-04-30,2021-2022,Değirmenlik SK,1416.3945939162302
2022-05-06,2021-2022,Doğan Türk Birliği,1576.9395379753314
2022-05-06,2021-2022,Gönyeli SK,1558.043312588786
2022-05-06,2021-2022,Yenicami AK,1683.6592019700063
2022-05-06,2021-2022,Dumlupınar TSK,1597.1434630607719
2022-05-07,2021-2022,Girne Halk Evi SK,1133.4076020176792
2022-05-07,2021-2022,Hamitköy ŞHSK,1441.0474806292486
2022-05-07,2021-2022,Binatlı YSK,1277.680720792017
2022-05-07,2021-2022,Cihangir GSK,1592.8275883151139
2022-05-07,2021-2022,Mesarya SK,1613.1360563502822
2022-05-07,2021-2022,Baf Ülkü Yurdu,1346.3085307824315
2022-05-07,2021-2022,Küçük Kaymaklı TSK,1515.349852230036
2022-05-07,2021-2022,Alsancak Yeşilova SK,1563.6059039380539
2022-05-07,2021-2022,Mağusa Türk Gücü,1789.2701937916472
2022-05-07,2021-2022,Göçmenköy İYSK,1486.956546162077
2022-05-07,2021-2022,Yeniboğaziçi DSK,1354.3579326402855
2022-05-07,2021-2022,Esentepe KSKK,1461.1140589479205
2022-05-07,2021-2022,Maraş GSK,1327.3656270366666
2022-05-07,2021-2022,Dörtyol SK,1307.0022600275902
2022-05-07,2021-2022,Çetinkaya TSK,1636.6068817766995
2022-05-07,2021-2022,M. Karşıyaka ASK,1481.9689791242122
2022-05-07,2021-2022,L. Gençler Birliği SK,1448.1409411852098
2022-05-07,2021-2022,Gençlik Gücü TSK,1532.5908354755702
2022-05-08,2021-2022,Türk Ocağı Limasol SK,1413.4840878519003
2022-05-08,2021-2022,Lefke TSK,1542.3790692560503
2022-05-08,2021-2022,Mormenekşe GBSK,1317.1446136588138
2022-05-08,2021-2022,Düzkaya KOSK,1398.6655157225864
2022-05-08,2021-2022,İncirli SK,1268.5643277847055
2022-05-08,2021-2022,Çanakkale TSK,1091.2324444697922
2022-05-08,2021-2022,Yalova SK,1317.9311106109997
2022-05-08,2021-2022,Görneç KSK,1085.3667354877668
2022-09-22,2022-2023,Türk Ocağı Limasol SK,1402.9201660072258
2022-09-22,2022-2023,Mağusa Türk Gücü,1702.20449751825
2022-09-23,2022-2023,Dumlupınar TSK,1545.7865362733419
2022-09-23,2022-2023,Cihangir GSK,1549.7507045513876
2022-09-23,2022-2023,Esentepe KSKK,1456.17086078161
2022-09-23,2022-2023,Girne Halk Evi SK,1192.779337235405
2022-09-24,2022-2023,Değirmenlik SK,1448.989594184424
2022-09-24,2022-2023,Doğan Türk Birliği,1499.0699570270624
2022-09-24,2022-2023,Göçmenköy İYSK,1489.7314765855658
2022-09-24,2022-2023,Çetinkaya TSK,1556.000046661332
2022-09-24,2022-2023,Dörtyol SK,1288.7309130769386
2022-09-24,2022-2023,Yalova SK,1383.028067194819
2022-09-24,2022-2023,M. Hacıali Yılmazköy SK,1392.3168340336777
2022-09-24,2022-2023,Maraş GSK,1374.33370881501
2022-09-24,2022-2023,L. Gençler Birliği SK,1430.4655801787603
2022-09-24,2022-2023,Yeniboğaziçi DSK,1374.4675274831764
2022-09-25,2022-2023,Alsancak Yeşilova SK,1540.5813116483098
2022-09-25,2022-2023,Gönyeli SK,1503.7145530396351
2022-09-25,2022-2023,Hamitköy ŞHSK,1432.069112629738
2022-09-25,2022-2023,Küçük Kaymaklı TSK,1488.287839307541
2022-09-25,2022-2023,Mesarya SK,1575.0932567699915
2022-09-25,2022-2023,Lefke TSK,1494.6020397275731
2022-09-25,2022-2023,Mormenekşe GBSK,1319.4535987749684
2022-09-25,2022-2023,Düzkaya KOSK,1420.462950553897
2022-09-25,2022-2023,Karşıyaka SK,1406.3466641097555
2022-09-25,2022-2023,Baf Ülkü Yurdu,1367.4563130426277
2022-09-25,2022-2023,Yenierenköy TSK,1364.2600961613566
2022-09-25,2022-2023,İncirli SK,1346.1854507163503
2022-09-25,2022-2023,Binatlı YSK,1328.2774732220248
2022-09-25,2022-2023,Lapta Türk Birliği SK,1324.9767213859695
2022-09-26,2022-2023,Yenicami AK,1625.0504013410653
2022-09-26,2022-2023,Gençlik Gücü TSK,1490.1960790359324
2022-09-30,2022-2023,Doğan Türk Birliği,1467.9235328175332
2022-09-30,2022-2023,Dumlupınar TSK,1576.932960482871
2022-10-01,2022-2023,Gönyeli SK,1520.7435627960658
2022-10-01,2022-2023,Türk Ocağı Limasol SK,1385.8911562507951
2022-10-01,2022-2023,Gençlik Gücü TSK,1526.6585866776425
2022-10-01,2022-2023,Alsancak Yeşilova SK,1504.1188040065997
2022-10-01,2022-2023,Lefke TSK,1490.9105871604006
2022-10-01,2022-2023,Göçmenköy İYSK,1493.4229291527383
2022-10-01,2022-2023,İncirli SK,1325.3875327143908
2022-10-01,2022-2023,M. Hacıali Yılmazköy SK,1413.1147520356371
2022-10-01,2022-2023,Lapta Türk Birliği SK,1360.2433460924715
2022-10-01,2022-2023,Yenierenköy TSK,1328.9934714548547
2022-10-01,2022-2023,Yeniboğaziçi DSK,1335.5735760107727
2022-10-01,2022-2023,Binatlı YSK,1367.1714246944284
2022-10-01,2022-2023,Düzkaya KOSK,1397.604574138856
2022-10-01,2022-2023,L. Gençler Birliği SK,1453.3239565938013
2022-10-02,2022-2023,Küçük Kaymaklı TSK,1472.63612342537
2022-10-02,2022-2023,Yenicami AK,1640.7021172232362
2022-10-02,2022-2023,Çetinkaya TSK,1566.3016648818302
2022-10-02,2022-2023,Hamitköy ŞHSK,1421.7674944092396
2022-10-02,2022-2023,Cihangir GSK,1547.7622524737112
2022-10-02,2022-2023,Mesarya SK,1577.0817088476679
2022-10-02,2022-2023,Girne Halk Evi SK,1216.5709849653715
2022-10-02,2022-2023,Mormenekşe GBSK,1295.6619510450018
2022-10-02,2022-2023,Baf Ülkü Yurdu,1399.9300965349744
2022-10-02,2022-2023,Esentepe KSKK,1423.6970772892632
2022-10-02,2022-2023,Yalova SK,1400.9243266278827
2022-10-02,2022-2023,Karşıyaka SK,1388.4504046766917
2022-10-02,2022-2023,Maraş GSK,1395.4683236316814
2022-10-02,2022-2023,Dörtyol SK,1267.596298260267
2022-10-03,2022-2023,Mağusa Türk Gücü,1687.863900092492
2022-10-03,2022-2023,Değirmenlik SK,1463.330191610182
2022-10-07,2022-2023,Yenicami AK,1664.378528869534
2022-10-07,2022-2023,Çetinkaya TSK,1542.6252532355325
2022-10-08,2022-2023,Değirmenlik SK,1483.1812960373934
2022-10-08,2022-2023,Gönyeli SK,1500.8924583688545
2022-10-08,2022-2023,Alsancak Yeşilova SK,1478.9710579187051
2022-10-08,2022-2023,Küçük Kaymaklı TSK,1497.7838695132646
2022-10-08,2022-2023,Hamitköy ŞHSK,1402.2936916727963
2022-10-08,2022-2023,Lefke TSK,1510.384389896844
2022-10-08,2022-2023,Mormenekşe GBSK,1298.1965294463052
2022-10-08,2022-2023,Baf Ülkü Yurdu,1397.395518133671
2022-10-08,2022-2023,M. Hacıali Yılmazköy SK,1386.836676863104
2022-10-08,2022-2023,Lapta Türk Birliği SK,1386.5214212650044
2022-10-08,2022-2023,Yenierenköy TSK,1282.8912893950683
2022-10-08,2022-2023,Yeniboğaziçi DSK,1381.6757580705591
2022-10-08,2022-2023,Girne Halk Evi SK,1203.269438551838
2022-10-08,2022-2023,Düzkaya KOSK,1410.9061205523894
2022-10-09,2022-2023,Türk Ocağı Limasol SK,1410.4585230526181
2022-10-09,2022-2023,Gençlik Gücü TSK,1502.0912198758194
2022-10-09,2022-2023,Göçmenköy İYSK,1473.0971032393131
2022-10-09,2022-2023,Cihangir GSK,1568.0880783871364
2022-10-09,2022-2023,Mesarya SK,1601.9393206333925
2022-10-09,2022-2023,Dumlupınar TSK,1552.0753486971464
2022-10-09,2022-2023,Esentepe KSKK,1386.6821219867875
2022-10-09,2022-2023,Yalova SK,1437.9392819303584
2022-10-09,2022-2023,Karşıyaka SK,1405.423934451663
2022-10-09,2022-2023,Maraş GSK,1378.4947938567102
2022-10-09,2022-2023,Dörtyol SK,1287.4691532076536
2022-10-09,2022-2023,İncirli SK,1305.5146777670043
2022-10-09,2022-2023,Binatlı YSK,1368.6740485475343
2022-10-09,2022-2023,L. Gençler Birliği SK,1451.8213327406954
2022-10-10,2022-2023,Mağusa Türk Gücü,1694.5193056041924
2022-10-10,2022-2023,Doğan Türk Birliği,1461.2681273058329
2022-10-14,2022-2023,Lefke TSK,1482.7890523361302
2022-10-14,2022-2023,Yenicami AK,1691.9738664302477
2022-10-15,2022-2023,Gençlik Gücü TSK,1459.275905983676
2022-10-15,2022-2023,Değirmenlik SK,1525.9966099295368
2022-10-15,2022-2023,Küçük Kaymaklı TSK,1509.7773604715624
2022-10-15,2022-2023,Türk Ocağı Limasol SK,1398.4650320943203
2022-10-15,2022-2023,Cihangir GSK,1583.0822572051247
2022-10-15,2022-2023,Hamitköy ŞHSK,1387.299512854808
2022-10-15,2022-2023,Yalova SK,1427.5602209915703
2022-10-15,2022-2023,Mormenekşe GBSK,1308.5755903850934
2022-10-15,2022-2023,Maraş GSK,1344.053801123983
2022-10-15,2022-2023,Esentepe KSKK,1421.1231147195147
2022-10-15,2022-2023,İncirli SK,1265.661125765267
2022-10-15,2022-2023,Karşıyaka SK,1445.2774864534003
2022-10-15,2022-2023,Lapta Türk Birliği SK,1407.9608965760306
2022-10-15,2022-2023,Dörtyol SK,1266.0296778966274
2022-10-15,2022-2023,Düzkaya KOSK,1405.1853293448096
2022-10-15,2022-2023,Binatlı YSK,1374.3948397551142
2022-10-16,2022-2023,Çetinkaya TSK,1535.7932072512735
2022-10-16,2022-2023,Alsancak Yeşilova SK,1485.803103902964
2022-10-16,2022-2023,Dumlupınar TSK,1564.4761718807433
2022-10-16,2022-2023,Göçmenköy İYSK,1460.6962800557162
2022-10-16,2022-2023,Doğan Türk Birliği,1498.1113006037936
2022-10-16,2022-2023,Mesarya SK,1565.0961473354319
2022-10-16,2022-2023,Gönyeli SK,1472.3941113544863
2022-10-16,2022-2023,Mağusa Türk Gücü,1723.0176526185605
2022-10-16,2022-2023,Yeniboğaziçi DSK,1378.5449235529807
2022-10-16,2022-2023,M. Hacıali Yılmazköy SK,1389.9675113806825
2022-10-16,2022-2023,L. Gençler Birliği SK,1464.4921331874
2022-10-16,2022-2023,Yenierenköy TSK,1270.2204889483637
2022-10-16,2022-2023,Baf Ülkü Yurdu,1404.9166849277917
2022-10-16,2022-2023,Girne Halk Evi SK,1195.7482717577172
2022-10-21,2022-2023,Göçmenköy İYSK,1463.2383188370918
2022-10-21,2022-2023,Mesarya SK,1562.5541085540563
2022-10-22,2022-2023,Türk Ocağı Limasol SK,1441.1287955087644
2022-10-22,2022-2023,Çetinkaya TSK,1493.1294438368295
2022-10-22,2022-2023,Yenicami AK,1682.9514095476243
2022-10-22,2022-2023,Cihangir GSK,1592.104714087748
2022-10-22,2022-2023,Hamitköy ŞHSK,1373.800121231044
2022-10-22,2022-2023,Dumlupınar TSK,1577.9755635045074
2022-10-22,2022-2023,Mağusa Türk Gücü,1733.0888885399893
2022-10-22,2022-2023,Gençlik Gücü TSK,1449.2046700622473
2022-10-22,2022-2023,Esentepe KSKK,1410.0984731379124
2022-10-22,2022-2023,İncirli SK,1276.6857673468692
2022-10-22,2022-2023,Karşıyaka SK,1467.0875669436518
2022-10-22,2022-2023,Lapta Türk Birliği SK,1386.150816085779
2022-10-22,2022-2023,Yenierenköy TSK,1272.7497546252866
2022-10-22,2022-2023,Binatlı YSK,1371.8655740781912
2022-10-22,2022-2023,Baf Ülkü Yurdu,1421.5117519978317
2022-10-22,2022-2023,Düzkaya KOSK,1388.5902622747697
2022-10-23,2022-2023,Değirmenlik SK,1549.5188947508937
2022-10-23,2022-2023,Küçük Kaymaklı TSK,1486.2550756502055
2022-10-23,2022-2023,Alsancak Yeşilova SK,1450.4209194485118
2022-10-23,2022-2023,Lefke TSK,1518.1712367905825
2022-10-23,2022-2023,Gönyeli SK,1431.2058042344222
2022-10-23,2022-2023,Doğan Türk Birliği,1539.2996077238577
2022-10-23,2022-2023,Mormenekşe GBSK,1327.1663419813513
2022-10-23,2022-2023,Maraş GSK,1325.4630495277252
2022-10-23,2022-2023,Dörtyol SK,1249.0298849565572
2022-10-23,2022-2023,Yeniboğaziçi DSK,1395.5447164930508
2022-10-23,2022-2023,M. Hacıali Yılmazköy SK,1390.8031290822296
2022-10-23,2022-2023,L. Gençler Birliği SK,1463.6565154858529
2022-10-23,2022-2023,Girne Halk Evi SK,1184.904115972328
2022-10-23,2022-2023,Yalova SK,1438.4043767769595
2022-10-29,2022-2023,Çetinkaya TSK,1472.921611405728
2022-10-29,2022-2023,Değirmenlik SK,1569.726727181995
2022-10-29,2022-2023,Doğan Türk Birliği,1565.9576299306402
2022-10-29,2022-2023,Göçmenköy İYSK,1436.5802966303092
2022-10-29,2022-2023,Küçük Kaymaklı TSK,1476.0807481571762
2022-10-29,2022-2023,Mağusa Türk Gücü,1743.2632160330186
2022-10-29,2022-2023,Lapta Türk Birliği SK,1347.531951135418
2022-10-29,2022-2023,Esentepe KSKK,1448.7173380882734
2022-10-29,2022-2023,L. Gençler Birliği SK,1475.6034978652012
2022-10-29,2022-2023,Dörtyol SK,1237.0829025772089
2022-10-29,2022-2023,Binatlı YSK,1338.336374491829
2022-10-29,2022-2023,M. Hacıali Yılmazköy SK,1424.3323286685918
2022-10-29,2022-2023,Maraş GSK,1295.049700434608
2022-10-29,2022-2023,Girne Halk Evi SK,1215.3174650654453
2022-10-30,2022-2023,Lefke TSK,1536.915792922454
2022-10-30,2022-2023,Türk Ocağı Limasol SK,1422.3842393768928
2022-10-30,2022-2023,Cihangir GSK,1608.7988955520364
2022-10-30,2022-2023,Alsancak Yeşilova SK,1433.7267379842235
2022-10-30,2022-2023,Dumlupınar TSK,1580.5502157548892
2022-10-30,2022-2023,Yenicami AK,1680.3767572972424
2022-10-30,2022-2023,Mesarya SK,1574.1218753870214
2022-10-30,2022-2023,Hamitköy ŞHSK,1362.2323543980788
2022-10-30,2022-2023,Gençlik Gücü TSK,1476.4766091995994
2022-10-30,2022-2023,Gönyeli SK,1403.93386509707
2022-10-30,2022-2023,İncirli SK,1276.1379222576359
2022-10-30,2022-2023,Mormenekşe GBSK,1327.7141870705846
2022-10-30,2022-2023,Yeniboğaziçi DSK,1426.5410397770029
2022-10-30,2022-2023,Karşıyaka SK,1436.0912436596998
2022-10-30,2022-2023,Düzkaya KOSK,1399.2520922406607
2022-10-30,2022-2023,Yenierenköy TSK,1262.0879246593956
2022-10-30,2022-2023,Yalova SK,1392.7379705632777
2022-10-30,2022-2023,Baf Ülkü Yurdu,1467.1781582115134
2022-11-04,2022-2023,Türk Ocağı Limasol SK,1402.8422769799568
2022-11-04,2022-2023,Cihangir GSK,1628.3408579489724
2022-11-05,2022-2023,Alsancak Yeşilova SK,1411.0714229478442
2022-11-05,2022-2023,Dumlupınar TSK,1603.2055307912685
2022-11-05,2022-2023,Yenicami AK,1651.4756061389187
2022-11-05,2022-2023,Mesarya SK,1603.0230265453451
2022-11-05,2022-2023,Mağusa Türk Gücü,1753.657423294249
2022-11-05,2022-2023,Çetinkaya TSK,1462.5274041444977
2022-11-05,2022-2023,Gönyeli SK,1384.6328111407113
2022-11-05,2022-2023,Küçük Kaymaklı TSK,1495.381802113535
2022-11-05,2022-2023,Mormenekşe GBSK,1354.2599612052622
2022-11-05,2022-2023,Lapta Türk Birliği SK,1320.9861770007403
2022-11-05,2022-2023,Karşıyaka SK,1454.9132393091754
2022-11-05,2022-2023,L. Gençler Birliği SK,1456.7815022157256
2022-11-05,2022-2023,Dörtyol SK,1204.014733641421
2022-11-05,2022-2023,Binatlı YSK,1371.404543427617
2022-11-05,2022-2023,M. Hacıali Yılmazköy SK,1440.6570021957605
2022-11-05,2022-2023,Yenierenköy TSK,1245.763251132227
2022-11-05,2022-2023,Yalova SK,1409.6831697580496
2022-11-05,2022-2023,Düzkaya KOSK,1382.3068930458887
2022-11-06,2022-2023,Değirmenlik SK,1591.8981212554943
2022-11-06,2022-2023,Lefke TSK,1514.744398848955
2022-11-06,2022-2023,Hamitköy ŞHSK,1383.057819144969
2022-11-06,2022-2023,Göçmenköy İYSK,1415.7548318834192
2022-11-06,2022-2023,Gençlik Gücü TSK,1444.4393638848658
2022-11-06,2022-2023,Doğan Türk Birliği,1597.9948752453738
2022-11-06,2022-2023,Esentepe KSKK,1477.5095256560303
2022-11-06,2022-2023,Yeniboğaziçi DSK,1397.748852209246
2022-11-06,2022-2023,Girne Halk Evi SK,1250.400116208693
2022-11-06,2022-2023,İncirli SK,1241.0552711143882
2022-11-06,2022-2023,Baf Ülkü Yurdu,1455.5033287834995
2022-11-06,2022-2023,Maraş GSK,1306.724529862622
2022-11-11,2022-2023,Göçmenköy İYSK,1405.0876112115898
2022-11-11,2022-2023,Yenicami AK,1662.1428268107481
2022-11-12,2022-2023,Cihangir GSK,1642.9274975700287
2022-11-12,2022-2023,Değirmenlik SK,1577.311481634438
2022-11-12,2022-2023,Mesarya SK,1590.6209347045901
2022-11-12,2022-2023,Alsancak Yeşilova SK,1423.4735147885992
2022-11-12,2022-2023,Doğan Türk Birliği,1584.8116110774097
2022-11-12,2022-2023,Hamitköy ŞHSK,1396.2410833129331
2022-11-12,2022-2023,Lefke TSK,1504.2203069336574
2022-11-12,2022-2023,Mağusa Türk Gücü,1764.1815152095464
2022-11-12,2022-2023,Yeniboğaziçi DSK,1391.9617010782415
2022-11-12,2022-2023,Mormenekşe GBSK,1360.0471123362668
2022-11-12,2022-2023,Yenierenköy TSK,1220.0680282488433
2022-11-12,2022-2023,Dörtyol SK,1229.7099565248045
2022-11-12,2022-2023,Düzkaya KOSK,1382.211918407891
2022-11-12,2022-2023,M. Hacıali Yılmazköy SK,1440.7519768337581
2022-11-12,2022-2023,Lapta Türk Birliği SK,1333.8040965519976
2022-11-12,2022-2023,Girne Halk Evi SK,1237.5821966574356
2022-11-12,2022-2023,İncirli SK,1223.5772196629648
2022-11-12,2022-2023,Baf Ülkü Yurdu,1472.9813802349229
2022-11-12,2022-2023,Maraş GSK,1309.184902608147
2022-11-12,2022-2023,Yalova SK,1407.2227970125246
2022-11-13,2022-2023,Dumlupınar TSK,1610.509884450983
2022-11-13,2022-2023,Türk Ocağı Limasol SK,1395.5379233202423
2022-11-13,2022-2023,Çetinkaya TSK,1434.9816648048663
2022-11-13,2022-2023,Gönyeli SK,1412.1785504803427
2022-11-13,2022-2023,Küçük Kaymaklı TSK,1489.2039995533044
2022-11-13,2022-2023,Gençlik Gücü TSK,1450.6171664450965
2022-11-13,2022-2023,L. Gençler Birliği SK,1454.530404525345
2022-11-13,2022-2023,Esentepe KSKK,1479.760623346411
2022-11-13,2022-2023,Binatlı YSK,1352.7557512756669
2022-11-13,2022-2023,Karşıyaka SK,1473.5620314611256
2022-11-18,2022-2023,Yenicami AK,1667.4565966855184
2022-11-18,2022-2023,Hamitköy ŞHSK,1390.9273134381629
2022-11-19,2022-2023,Değirmenlik SK,1575.771710741126
2022-11-19,2022-2023,Dumlupınar TSK,1612.049655344295
2022-11-19,2022-2023,Türk Ocağı Limasol SK,1373.49931216881
2022-11-19,2022-2023,Mesarya SK,1612.6595458560223
2022-11-19,2022-2023,Mağusa Türk Gücü,1786.3238420231319
2022-11-19,2022-2023,Cihangir GSK,1620.7851707564432
2022-11-19,2022-2023,Mormenekşe GBSK,1328.5095319257227
2022-11-19,2022-2023,L. Gençler Birliği SK,1486.067984935889
2022-11-19,2022-2023,Esentepe KSKK,1435.0109118463774
2022-11-19,2022-2023,Binatlı YSK,1397.5054627757004
2022-11-19,2022-2023,Dörtyol SK,1217.895354047006
2022-11-19,2022-2023,M. Hacıali Yılmazköy SK,1452.5665793115566
2022-11-19,2022-2023,Yalova SK,1415.119352461785
2022-11-19,2022-2023,İncirli SK,1215.6806642137044
2022-11-20,2022-2023,Alsancak Yeşilova SK,1419.0362917570947
2022-11-20,2022-2023,Göçmenköy İYSK,1409.5248342430943
2022-11-20,2022-2023,Gönyeli SK,1394.0178107840493
2022-11-20,2022-2023,Lefke TSK,1522.3810466299508
2022-11-20,2022-2023,Küçük Kaymaklı TSK,1462.2678881285192
2022-11-20,2022-2023,Doğan Türk Birliği,1611.7477225021948
2022-11-20,2022-2023,Karşıyaka SK,1490.5168343874561
2022-11-20,2022-2023,Yenierenköy TSK,1203.1132253225128
2022-11-20,2022-2023,Girne Halk Evi SK,1222.8853131058258
2022-11-20,2022-2023,Yeniboğaziçi DSK,1406.6585846298512
2022-11-20,2022-2023,Baf Ülkü Yurdu,1482.6261239981416
2022-11-20,2022-2023,Lapta Türk Birliği SK,1324.159352788779
2022-11-20,2022-2023,Maraş GSK,1270.683990791889
2022-11-20,2022-2023,Düzkaya KOSK,1420.712830224149
2022-11-21,2022-2023,Gençlik Gücü TSK,1446.3307377947071
2022-11-21,2022-2023,Çetinkaya TSK,1439.2680934552557
2022-11-25,2022-2023,Dumlupınar TSK,1591.5758199219765
2022-11-25,2022-2023,Mağusa Türk Gücü,1806.7976774454503
2022-11-26,2022-2023,Mesarya SK,1638.1446261626268
2022-11-26,2022-2023,Değirmenlik SK,1550.2866304345216
2022-11-26,2022-2023,Göçmenköy İYSK,1424.1337383948146
2022-11-26,2022-2023,Türk Ocağı Limasol SK,1358.8904080170898
2022-11-26,2022-2023,Lefke TSK,1534.9265425041235
2022-11-26,2022-2023,Gençlik Gücü TSK,1433.7852419205344
2022-11-26,2022-2023,Yenierenköy TSK,1212.2729701940884
2022-11-26,2022-2023,Esentepe KSKK,1425.8511669748018
2022-11-26,2022-2023,M. Hacıali Yılmazköy SK,1410.0314113428537
2022-11-26,2022-2023,Karşıyaka SK,1533.052002356159
2022-11-26,2022-2023,L. Gençler Birliği SK,1494.1474479294175
2022-11-26,2022-2023,Girne Halk Evi SK,1214.8058501122973
2022-11-26,2022-2023,İncirli SK,1195.3930523989484
2022-11-26,2022-2023,Maraş GSK,1290.971602606645
2022-11-27,2022-2023,Hamitköy ŞHSK,1369.0966570851722
2022-11-27,2022-2023,Alsancak Yeşilova SK,1440.8669481100853
2022-11-27,2022-2023,Cihangir GSK,1633.665610805686
2022-11-27,2022-2023,Gönyeli SK,1381.1373707348066
2022-11-27,2022-2023,Binatlı YSK,1390.4032442721157
2022-11-27,2022-2023,Mormenekşe GBSK,1335.6117504293074
2022-11-27,2022-2023,Düzkaya KOSK,1431.5434036914348
2022-11-27,2022-2023,Dörtyol SK,1207.0647805797203
2022-11-27,2022-2023,Yeniboğaziçi DSK,1427.5771034867962
2022-11-27,2022-2023,Baf Ülkü Yurdu,1461.7076051411968
2022-11-27,2022-2023,Lapta Türk Birliği SK,1325.936851319266
2022-11-27,2022-2023,Yalova SK,1413.341853931298
2022-11-28,2022-2023,Doğan Türk Birliği,1611.5007180032753
2022-11-28,2022-2023,Yenicami AK,1667.703601184438
2022-11-28,2022-2023,Çetinkaya TSK,1457.1462059619605
2022-11-28,2022-2023,Küçük Kaymaklı TSK,1444.3897756218144
2022-12-03,2022-2023,Türk Ocağı Limasol SK,1384.6200676267847
2022-12-03,2022-2023,Hamitköy ŞHSK,1343.3669974754773
2022-12-03,2022-2023,Mağusa Türk Gücü,1815.2555072638904
2022-12-03,2022-2023,Mesarya SK,1629.6867963441866
2022-12-03,2022-2023,Gönyeli SK,1389.293823101404
2022-12-03,2022-2023,Dumlupınar TSK,1583.419367555379
2022-12-03,2022-2023,Gençlik Gücü TSK,1415.2505912160702
2022-12-03,2022-2023,Cihangir GSK,1652.20026151015
2022-12-03,2022-2023,Küçük Kaymaklı TSK,1410.177260234289
2022-12-03,2022-2023,Lefke TSK,1569.139057891649
2022-12-03,2022-2023,Mormenekşe GBSK,1351.1033175400955
2022-12-03,2022-2023,Yenierenköy TSK,1196.7814030833003
2022-12-03,2022-2023,Karşıyaka SK,1540.3869400881495
2022-12-03,2022-2023,Dörtyol SK,1199.7298428477297
2022-12-03,2022-2023,Baf Ülkü Yurdu,1440.1244342066457
2022-12-03,2022-2023,L. Gençler Birliği SK,1515.7306188639686
2022-12-03,2022-2023,Yalova SK,1430.7225544083994
2022-12-03,2022-2023,Yeniboğaziçi DSK,1410.1964030096947
2022-12-04,2022-2023,Değirmenlik SK,1568.1437923226074
2022-12-04,2022-2023,Göçmenköy İYSK,1406.2765765067288
2022-12-04,2022-2023,Alsancak Yeşilova SK,1429.7949352223839
2022-12-04,2022-2023,Yenicami AK,1678.7756140721394
2022-12-04,2022-2023,Çetinkaya TSK,1435.098874305678
2022-12-04,2022-2023,Doğan Türk Birliği,1633.5480496595578
2022-12-04,2022-2023,Esentepe KSKK,1457.2580733434663
2022-12-04,2022-2023,M. Hacıali Yılmazköy SK,1378.6245049741892
2022-12-04,2022-2023,Girne Halk Evi SK,1261.039420341953
2022-12-04,2022-2023,Binatlı YSK,1344.16967404246
2022-12-04,2022-2023,Maraş GSK,1323.4540050303053
2022-12-04,2022-2023,Lapta Türk Birliği SK,1293.4544488956058
2022-12-04,2022-2023,İncirli SK,1176.759248294487
2022-12-04,2022-2023,Düzkaya KOSK,1450.1772077958963
2022-12-10,2022-2023,Doğan Türk Birliği,1620.736617842514
2022-12-10,2022-2023,Alsancak Yeşilova SK,1442.6063670394276
2022-12-10,2022-2023,Göçmenköy İYSK,1397.4060798937794
2022-12-10,2022-2023,Mağusa Türk Gücü,1824.1260038768398
2022-12-10,2022-2023,Mesarya SK,1640.9885324560091
2022-12-10,2022-2023,Gönyeli SK,1377.9920869895816
2022-12-10,2022-2023,Cihangir GSK,1663.412226231112
2022-12-10,2022-2023,Küçük Kaymaklı TSK,1398.965295513327
2022-12-10,2022-2023,Düzkaya KOSK,1418.2128324301677
2022-12-10,2022-2023,Karşıyaka SK,1572.351315453878
2022-12-10,2022-2023,Yenierenköy TSK,1177.0265019888795
2022-12-10,2022-2023,Girne Halk Evi SK,1280.7943214363738
2022-12-10,2022-2023,Binatlı YSK,1317.2632221489894
2022-12-10,2022-2023,Baf Ülkü Yurdu,1467.0308861001163
2022-12-10,2022-2023,Yeniboğaziçi DSK,1431.2343590920034
2022-12-10,2022-2023,Maraş GSK,1302.4160489479966
2022-12-11,2022-2023,Hamitköy ŞHSK,1323.8243800212583
2022-12-11,2022-2023,Değirmenlik SK,1587.6864097768264
2022-12-11,2022-2023,Yenicami AK,1683.3836494533925
2022-12-11,2022-2023,Türk Ocağı Limasol SK,1380.0120322455316
2022-12-11,2022-2023,Dumlupınar TSK,1591.8958048480513
2022-12-11,2022-2023,Gençlik Gücü TSK,1406.774153923398
2022-12-11,2022-2023,Lefke TSK,1583.9333147350378
2022-12-11,2022-2023,Çetinkaya TSK,1420.3046174622891
2022-12-11,2022-2023,M. Hacıali Yılmazköy SK,1353.6903108616932
2022-12-11,2022-2023,Mormenekşe GBSK,1376.0375116525915
2022-12-11,2022-2023,Dörtyol SK,1210.0154492187335
2022-12-11,2022-2023,Esentepe KSKK,1446.9724669724624
2022-12-11,2022-2023,L. Gençler Birliği SK,1527.8364238140753
2022-12-11,2022-2023,Yalova SK,1418.6167494582928
2022-12-11,2022-2023,Lapta Türk Birliği SK,1284.077848790756
2022-12-11,2022-2023,İncirli SK,1186.1358483993367
2022-12-17,2022-2023,Gönyeli SK,1344.5034635499144
2022-12-17,2022-2023,Göçmenköy İYSK,1430.8947033334466
2022-12-17,2022-2023,Gençlik Gücü TSK,1416.0389634321264
2022-12-17,2022-2023,Mesarya SK,1631.7237229472807
2022-12-17,2022-2023,Küçük Kaymaklı TSK,1379.9143179632374
2022-12-17,2022-2023,Dumlupınar TSK,1610.9467823981408
2022-12-17,2022-2023,Lefke TSK,1582.5999860952109
2022-12-17,2022-2023,Doğan Türk Birliği,1622.069946482341
2022-12-17,2022-2023,Mormenekşe GBSK,1388.8764338169997
2022-12-17,2022-2023,Dörtyol SK,1197.1765270543253
2022-12-17,2022-2023,Esentepe KSKK,1430.692174369472
2022-12-17,2022-2023,Karşıyaka SK,1588.6316080568681
2022-12-17,2022-2023,Girne Halk Evi SK,1301.536333531462
2022-12-17,2022-2023,M. Hacıali Yılmazköy SK,1332.948298766605
2022-12-17,2022-2023,Baf Ülkü Yurdu,1477.620203564784
2022-12-17,2022-2023,Yenierenköy TSK,1166.4371845242117
2022-12-17,2022-2023,İncirli SK,1164.3539706871607
2022-12-17,2022-2023,Yeniboğaziçi DSK,1453.0162368041795
2022-12-18,2022-2023,Değirmenlik SK,1589.7341076218459
2022-12-18,2022-2023,Yenicami AK,1681.335951608373
2022-12-18,2022-2023,Türk Ocağı Limasol SK,1360.1613713855152
2022-12-18,2022-2023,Alsancak Yeşilova SK,1462.457027899444
2022-12-18,2022-2023,Mağusa Türk Gücü,1825.6549088334866
2022-12-18,2022-2023,Hamitköy ŞHSK,1322.2954750646115
2022-12-18,2022-2023,Çetinkaya TSK,1409.9667078256778
2022-12-18,2022-2023,Cihangir GSK,1673.7501358677234
2022-12-18,2022-2023,Yalova SK,1368.438162418743
2022-12-18,2022-2023,Binatlı YSK,1367.441809188539
2022-12-18,2022-2023,Maraş GSK,1281.5333998059648
2022-12-18,2022-2023,L. Gençler Birliği SK,1548.719072956107
2022-12-18,2022-2023,Lapta Türk Birliği SK,1326.4347501889736
2022-12-18,2022-2023,Düzkaya KOSK,1375.8559310319501
2022-12-22,2022-2023,Göçmenköy İYSK,1426.6511201031817
2022-12-22,2022-2023,Gençlik Gücü TSK,1420.2825466623913
2022-12-23,2022-2023,Doğan Türk Birliği,1630.2008247119543
2022-12-23,2022-2023,Türk Ocağı Limasol SK,1352.030493155902
2022-12-23,2022-2023,Hamitköy ŞHSK,1340.1285315647958
2022-12-23,2022-2023,Gönyeli SK,1326.67040704973
2022-12-23,2022-2023,Dumlupınar TSK,1598.2299604056795
2022-12-23,2022-2023,Çetinkaya TSK,1422.683529818139
2022-12-23,2022-2023,Düzkaya KOSK,1375.558703188989
2022-12-23,2022-2023,Esentepe KSKK,1430.989402212433
2022-12-23,2022-2023,Dörtyol SK,1199.716296971871
2022-12-23,2022-2023,Girne Halk Evi SK,1298.9965636139164
2022-12-23,2022-2023,M. Hacıali Yılmazköy SK,1357.728149232235
2022-12-23,2022-2023,Baf Ülkü Yurdu,1452.840353099154
2022-12-23,2022-2023,L. Gençler Birliği SK,1531.5947848811015
2022-12-23,2022-2023,İncirli SK,1181.4782587621662
2022-12-24,2022-2023,Alsancak Yeşilova SK,1432.129072576569
2022-12-24,2022-2023,Değirmenlik SK,1620.062062944721
2022-12-24,2022-2023,Yenicami AK,1658.476985102732
2022-12-24,2022-2023,Mağusa Türk Gücü,1848.5138753391277
2022-12-24,2022-2023,Mesarya SK,1637.4225497919729
2022-12-24,2022-2023,Küçük Kaymaklı TSK,1374.2154911185453
2022-12-24,2022-2023,Cihangir GSK,1685.5595571771664
2022-12-24,2022-2023,Lefke TSK,1570.7905647857679
2022-12-24,2022-2023,Karşıyaka SK,1595.9568840520433
2022-12-24,2022-2023,Mormenekşe GBSK,1381.5511578218245
2022-12-24,2022-2023,Yenierenköy TSK,1194.1847490259727
2022-12-24,2022-2023,Yalova SK,1340.6905979169821
2022-12-24,2022-2023,Binatlı YSK,1379.5039055110055
2022-12-24,2022-2023,Maraş GSK,1269.4713034834983
2022-12-24,2022-2023,Yeniboğaziçi DSK,1468.2942628954315
2022-12-24,2022-2023,Lapta Türk Birliği SK,1311.1567240977215
2022-12-28,2022-2023,Mağusa Türk Gücü,1852.1452843922016
2022-12-28,2022-2023,Alsancak Yeşilova SK,1428.497663523495
2022-12-28,2022-2023,Çetinkaya TSK,1399.4071137033745
2022-12-28,2022-2023,Mesarya SK,1660.6989659067374
2022-12-28,2022-2023,Cihangir GSK,1699.1527001103507
2022-12-28,2022-2023,Doğan Türk Birliği,1616.60768177877
2022-12-28,2022-2023,Yalova SK,1338.2300092382723
2022-12-28,2022-2023,M. Hacıali Yılmazköy SK,1360.1887379109448
2022-12-28,2022-2023,Maraş GSK,1296.2109950425217
2022-12-28,2022-2023,Yenierenköy TSK,1167.4450574669493
2022-12-28,2022-2023,Lapta Türk Birliği SK,1354.1026873012156
2022-12-28,2022-2023,L. Gençler Birliği SK,1488.6488216776074
2022-12-28,2022-2023,Yeniboğaziçi DSK,1460.0278690461669
2022-12-28,2022-2023,Düzkaya KOSK,1383.8250970382537
2022-12-29,2022-2023,Değirmenlik SK,1605.319593020534
2022-12-29,2022-2023,Türk Ocağı Limasol SK,1366.7729630800889
2022-12-29,2022-2023,Gönyeli SK,1339.7511586351147
2022-12-29,2022-2023,Yenicami AK,1645.3962335173474
2022-12-29,2022-2023,Gençlik Gücü TSK,1371.8827726918787
2022-12-29,2022-2023,Hamitköy ŞHSK,1388.5283055353084
2022-12-29,2022-2023,Küçük Kaymaklı TSK,1408.4535911528396
2022-12-29,2022-2023,Göçmenköy İYSK,1392.4130200688874
2022-12-29,2022-2023,Lefke TSK,1548.9216938765912
2022-12-29,2022-2023,Dumlupınar TSK,1620.0988313148562
2022-12-29,2022-2023,Mormenekşe GBSK,1350.6394633514992
2022-12-29,2022-2023,Esentepe KSKK,1461.9010966827584
2022-12-29,2022-2023,Girne Halk Evi SK,1284.7458003718618
2022-12-29,2022-2023,Karşıyaka SK,1610.2076472940978
2022-12-29,2022-2023,Baf Ülkü Yurdu,1458.5022970389614
2022-12-29,2022-2023,Dörtyol SK,1194.0543530320638
2022-12-29,2022-2023,İncirli SK,1209.0304673781613
2022-12-29,2022-2023,Binatlı YSK,1351.9516968950104
2023-01-28,2022-2023,Mağusa Türk Gücü,1853.8056992318886
2023-01-28,2022-2023,Türk Ocağı Limasol SK,1365.1125482404018
2023-01-28,2022-2023,Küçük Kaymaklı TSK,1431.6715032917875
2023-01-28,2022-2023,Hamitköy ŞHSK,1365.3103933963605
2023-01-28,2022-2023,Çetinkaya TSK,1395.597719779303
2023-01-28,2022-2023,Göçmenköy İYSK,1396.222413992959
2023-01-28,2022-2023,Düzkaya KOSK,1378.5859314590127
2023-01-28,2022-2023,Mormenekşe GBSK,1355.8786289307402
2023-01-28,2022-2023,Yeniboğaziçi DSK,1438.226441304185
2023-01-28,2022-2023,L. Gençler Birliği SK,1510.4502494195892
2023-01-28,2022-2023,İncirli SK,1223.343873512563
2023-01-28,2022-2023,Yenierenköy TSK,1153.1316513325476
2023-01-28,2022-2023,Lapta Türk Birliği SK,1382.9076541863797
2023-01-28,2022-2023,Binatlı YSK,1323.1467300098464
2023-01-29,2022-2023,Gençlik Gücü TSK,1356.0388264944982
2023-01-29,2022-2023,Yenicami AK,1661.240179714728
2023-01-29,2022-2023,Gönyeli SK,1341.4021747090635
2023-01-29,2022-2023,Alsancak Yeşilova SK,1426.8466474495463
2023-01-29,2022-2023,Lefke TSK,1551.880362545234
2023-01-29,2022-2023,Mesarya SK,1657.7402972380946
2023-01-29,2022-2023,Cihangir GSK,1717.748348209198
2023-01-29,2022-2023,Dumlupınar TSK,1601.503183216009
2023-01-29,2022-2023,Yalova SK,1352.383588843547
2023-01-29,2022-2023,Dörtyol SK,1179.900773426789
2023-01-29,2022-2023,Girne Halk Evi SK,1261.1199403042356
2023-01-29,2022-2023,Esentepe KSKK,1485.5269567503847
2023-01-29,2022-2023,Maraş GSK,1331.6116877857175
2023-01-29,2022-2023,M. Hacıali Yılmazköy SK,1324.788045167749
2023-01-29,2022-2023,Baf Ülkü Yurdu,1483.6620098850935
2023-01-29,2022-2023,Karşıyaka SK,1585.0479344479656
2023-02-04,2022-2023,Hamitköy ŞHSK,1327.3244709704732
2023-02-04,2022-2023,Çetinkaya TSK,1433.5836422051902
2023-02-04,2022-2023,Mesarya SK,1627.7409924148212
2023-02-04,2022-2023,Cihangir GSK,1747.7476530324714
2023-02-04,2022-2023,Göçmenköy İYSK,1374.2796166691733
2023-02-04,2022-2023,Lefke TSK,1573.8231598690197
2023-02-04,2022-2023,Alsancak Yeşilova SK,1399.6534501985127
2023-02-04,2022-2023,Gençlik Gücü TSK,1383.2320237455317
2023-02-04,2022-2023,Türk Ocağı Limasol SK,1380.3849209112618
2023-02-04,2022-2023,Gönyeli SK,1326.1298020382035
2023-02-04,2022-2023,Mormenekşe GBSK,1347.5159027021648
2023-02-04,2022-2023,Girne Halk Evi SK,1269.482666532811
2023-02-04,2022-2023,Esentepe KSKK,1510.240857029814
2023-02-04,2022-2023,Baf Ülkü Yurdu,1458.9481096056643
2023-02-04,2022-2023,Dörtyol SK,1185.0607852494663
2023-02-04,2022-2023,Maraş GSK,1326.4516759630403
2023-02-04,2022-2023,L. Gençler Birliği SK,1465.3845611770214
2023-02-04,2022-2023,Düzkaya KOSK,1423.6516197015806
2023-02-05,2022-2023,Dumlupınar TSK,1598.9330794622308
2023-02-05,2022-2023,Doğan Türk Birliği,1619.1777855325481
2023-02-05,2022-2023,Yenicami AK,1667.593743324799
2023-02-05,2022-2023,Küçük Kaymaklı TSK,1425.3179396817163
2023-02-05,2022-2023,Binatlı YSK,1291.5423776154123
2023-02-05,2022-2023,Yeniboğaziçi DSK,1469.8307936986191
2023-02-05,2022-2023,Yenierenköy TSK,1136.726090328604
2023-02-05,2022-2023,Lapta Türk Birliği SK,1399.3132151903233
2023-02-05,2022-2023,M. Hacıali Yılmazköy SK,1316.1103307787744
2023-02-05,2022-2023,İncirli SK,1232.0215879015377
2023-02-22,2022-2023,Karşıyaka SK,1551.3068388269248
2023-02-22,2022-2023,Yalova SK,1386.1246844645877
2023-02-25,2022-2023,Gençlik Gücü TSK,1379.6532025947474
2023-02-25,2022-2023,Türk Ocağı Limasol SK,1383.963742062046
2023-02-25,2022-2023,Yalova SK,1389.7741734709643
2023-02-25,2022-2023,Esentepe KSKK,1506.5913680234373
2023-02-25,2022-2023,Baf Ülkü Yurdu,1469.8095525359215
2023-02-25,2022-2023,Mormenekşe GBSK,1336.6544597719076
2023-02-25,2022-2023,İncirli SK,1206.051845297341
2023-02-25,2022-2023,Dörtyol SK,1211.030527853663
2023-02-25,2022-2023,Yeniboğaziçi DSK,1478.3126785275726
2023-02-25,2022-2023,Yenierenköy TSK,1128.2442054996504
2023-02-26,2022-2023,Lefke TSK,1579.6730232453715
2023-02-26,2022-2023,Hamitköy ŞHSK,1321.4746075941214
2023-02-26,2022-2023,Cihangir GSK,1753.081118606453
2023-02-26,2022-2023,Göçmenköy İYSK,1368.9461510951917
2023-02-26,2022-2023,Küçük Kaymaklı TSK,1400.4842519160513
2023-02-26,2022-2023,Alsancak Yeşilova SK,1424.4871379641777
2023-02-26,2022-2023,Dumlupınar TSK,1577.142327224872
2023-02-26,2022-2023,Mesarya SK,1649.5317446521801
2023-02-26,2022-2023,Düzkaya KOSK,1432.6789005109829
2023-02-26,2022-2023,Girne Halk Evi SK,1260.4553857234087
2023-02-26,2022-2023,L. Gençler Birliği SK,1453.6448843918324
2023-02-26,2022-2023,Binatlı YSK,1303.2820544006013
2023-02-26,2022-2023,Lapta Türk Birliği SK,1371.506924696839
2023-02-26,2022-2023,M. Hacıali Yılmazköy SK,1343.9166212722587
2023-02-26,2022-2023,Maraş GSK,1309.7063074570906
2023-02-26,2022-2023,Karşıyaka SK,1568.0522073328746
2023-02-27,2022-2023,Çetinkaya TSK,1477.466999091548
2023-02-27,2022-2023,Yenicami AK,1623.7103864384414
2023-02-27,2022-2023,Doğan Türk Birliği,1663.1030292905991
2023-02-27,2022-2023,Mağusa Türk Gücü,1809.8804554738376
2023-03-04,2022-2023,Türk Ocağı Limasol SK,1361.4738459762657
2023-03-04,2022-2023,Küçük Kaymaklı TSK,1422.9741480018317
2023-03-04,2022-2023,Hamitköy ŞHSK,1317.2605872045026
2023-03-04,2022-2023,Cihangir GSK,1757.2951389960717
2023-03-04,2022-2023,Göçmenköy İYSK,1356.9947131437634
2023-03-04,2022-2023,Dumlupınar TSK,1589.0937651763002
2023-03-04,2022-2023,Mağusa Türk Gücü,1811.5557907405243
2023-03-04,2022-2023,Gönyeli SK,1324.4544667715168
2023-03-04,2022-2023,M. Hacıali Yılmazköy SK,1320.2440802476783
2023-03-04,2022-2023,Yeniboğaziçi DSK,1501.985219552153
2023-03-04,2022-2023,Binatlı YSK,1287.2245665698324
2023-03-04,2022-2023,Düzkaya KOSK,1448.7363883417518
2023-03-04,2022-2023,Mormenekşe GBSK,1366.06044574439
2023-03-04,2022-2023,Yalova SK,1360.3681874984818
2023-03-04,2022-2023,Karşıyaka SK,1572.9104550762042
2023-03-04,2022-2023,İncirli SK,1201.1935975540114
2023-03-05,2022-2023,Mesarya SK,1666.8748892395447
2023-03-05,2022-2023,Doğan Türk Birliği,1645.7598847032345
2023-03-05,2022-2023,Alsancak Yeşilova SK,1453.8810529262034
2023-03-05,2022-2023,Çetinkaya TSK,1448.0730841295222
2023-03-05,2022-2023,Yenicami AK,1617.894319446686
2023-03-05,2022-2023,Lefke TSK,1585.489090237127
2023-03-05,2022-2023,Yenierenköy TSK,1141.1113924969243
2023-03-05,2022-2023,L. Gençler Birliği SK,1440.7776973945586
2023-03-05,2022-2023,Dörtyol SK,1216.6583897257094
2023-03-05,2022-2023,Lapta Türk Birliği SK,1365.8790628247925
2023-03-05,2022-2023,Girne Halk Evi SK,1239.637999885548
2023-03-05,2022-2023,Baf Ülkü Yurdu,1490.6269383737822
2023-03-05,2022-2023,Esentepe KSKK,1494.0160243370656
2023-03-05,2022-2023,Maraş GSK,1322.2816511434623
2023-03-10,2022-2023,Çetinkaya TSK,1399.1231688843504
2023-03-10,2022-2023,Türk Ocağı Limasol SK,1410.4237612214374
2023-03-10,2022-2023,Doğan Türk Birliği,1653.7761292184682
2023-03-10,2022-2023,Gönyeli SK,1316.438222256283
2023-03-11,2022-2023,Cihangir GSK,1726.9304677054017
2023-03-11,2022-2023,Yenicami AK,1648.258990737356
2023-03-11,2022-2023,Gençlik Gücü TSK,1371.76395416399
2023-03-11,2022-2023,Mağusa Türk Gücü,1819.4450391712817
2023-03-11,2022-2023,Yalova SK,1330.8113581542116
2023-03-11,2022-2023,Girne Halk Evi SK,1269.1948292298182
2023-03-11,2022-2023,Lapta Türk Birliği SK,1353.8713575167312
2023-03-11,2022-2023,Karşıyaka SK,1584.9181603842655
2023-03-11,2022-2023,L. Gençler Birliği SK,1431.2296022189453
2023-03-11,2022-2023,M. Hacıali Yılmazköy SK,1329.7921754232916
2023-03-12,2022-2023,Dumlupınar TSK,1598.1209675263149
2023-03-12,2022-2023,Hamitköy ŞHSK,1308.233384854488
2023-03-12,2022-2023,Lefke TSK,1575.4563343133004
2023-03-12,2022-2023,Alsancak Yeşilova SK,1463.91380885003
2023-03-12,2022-2023,Yeniboğaziçi DSK,1511.6238867016718
2023-03-12,2022-2023,Dörtyol SK,1207.0197225761906
2023-03-12,2022-2023,Maraş GSK,1290.882016507243
2023-03-12,2022-2023,Mormenekşe GBSK,1397.4600803806095
2023-03-12,2022-2023,İncirli SK,1184.5958661974032
2023-03-12,2022-2023,Esentepe KSKK,1510.6137556936737
2023-03-12,2022-2023,Düzkaya KOSK,1427.6948676428808
2023-03-12,2022-2023,Baf Ülkü Yurdu,1511.6684590726531
2023-03-12,2022-2023,Binatlı YSK,1256.5801095027941
2023-03-12,2022-2023,Yenierenköy TSK,1171.7558495639626
2023-03-18,2022-2023,Hamitköy ŞHSK,1322.1539961851558
2023-03-18,2022-2023,Mesarya SK,1652.9542779088767
2023-03-18,2022-2023,Yenicami AK,1662.123105745877
2023-03-18,2022-2023,Dumlupınar TSK,1584.256852517794
2023-03-18,2022-2023,Karşıyaka SK,1577.6006682929199
2023-03-18,2022-2023,Yeniboğaziçi DSK,1518.9413787930175
2023-03-18,2022-2023,Yenierenköy TSK,1154.6376320554484
2023-03-18,2022-2023,Düzkaya KOSK,1444.813085151395
2023-03-18,2022-2023,Esentepe KSKK,1523.9999845156754
2023-03-18,2022-2023,Lapta Türk Birliği SK,1340.4851286947296
2023-03-18,2022-2023,M. Hacıali Yılmazköy SK,1322.4787824657078
2023-03-18,2022-2023,Binatlı YSK,1263.893502460378
2023-03-18,2022-2023,Dörtyol SK,1190.2294755874368
2023-03-18,2022-2023,L. Gençler Birliği SK,1448.019849207699
2023-03-18,2022-2023,Girne Halk Evi SK,1286.9982627711684
2023-03-18,2022-2023,Maraş GSK,1273.0785829658928
2023-03-19,2022-2023,Gönyeli SK,1316.1691659884018
2023-03-19,2022-2023,Gençlik Gücü TSK,1372.0330104318714
2023-03-19,2022-2023,Göçmenköy İYSK,1348.8447387290787
2023-03-19,2022-2023,Doğan Türk Birliği,1661.926103633153
2023-03-19,2022-2023,Mağusa Türk Gücü,1824.8353985421682
2023-03-19,2022-2023,Küçük Kaymaklı TSK,1417.5837886309453
2023-03-19,2022-2023,Alsancak Yeşilova SK,1517.316971715704
2023-03-19,2022-2023,Cihangir GSK,1673.5273048397275
2023-03-19,2022-2023,Türk Ocağı Limasol SK,1449.2264622624634
2023-03-19,2022-2023,Lefke TSK,1536.6536332722744
2023-03-19,2022-2023,Baf Ülkü Yurdu,1499.6672395316793
2023-03-19,2022-2023,Yalova SK,1342.8125776951854
2023-03-19,2022-2023,Mormenekşe GBSK,1407.7867984302547
2023-03-19,2022-2023,İncirli SK,1174.269148147758
2023-03-21,2022-2023,Yeniboğaziçi DSK,1495.8047992535255
2023-03-21,2022-2023,Esentepe KSKK,1547.1365640551674
2023-03-21,2022-2023,Binatlı YSK,1286.0556418427243
2023-03-21,2022-2023,Dörtyol SK,1168.0673362050904
2023-03-21,2022-2023,Yenierenköy TSK,1193.6614362661505
2023-03-21,2022-2023,M. Hacıali Yılmazköy SK,1283.4549782550057
2023-03-21,2022-2023,L. Gençler Birliği SK,1431.972539124727
2023-03-21,2022-2023,Karşıyaka SK,1593.6479783758919
2023-03-22,2022-2023,Mesarya SK,1617.3337925704354
2023-03-22,2022-2023,Göçmenköy İYSK,1384.46522406752
2023-03-22,2022-2023,İncirli SK,1177.281388340196
2023-03-22,2022-2023,Girne Halk Evi SK,1283.9860225787304
2023-03-22,2022-2023,Düzkaya KOSK,1416.1093925444357
2023-03-22,2022-2023,Yalova SK,1371.5162703021447
2023-03-22,2022-2023,Lapta Türk Birliği SK,1360.9053847225357
2023-03-22,2022-2023,Mormenekşe GBSK,1387.3665424024487
2023-03-22,2022-2023,Maraş GSK,1301.9951353880447
2023-03-22,2022-2023,Baf Ülkü Yurdu,1470.7506871095275
2023-03-25,2022-2023,Çetinkaya TSK,1391.5217581950537
2023-03-25,2022-2023,Mağusa Türk Gücü,1832.4368092314648
2023-03-25,2022-2023,Doğan Türk Birliği,1670.7555242144845
2023-03-25,2022-2023,Gençlik Gücü TSK,1363.2035898505399
2023-03-25,2022-2023,Cihangir GSK,1684.9325941857894
2023-03-25,2022-2023,Türk Ocağı Limasol SK,1437.8211729164016
2023-03-25,2022-2023,Karşıyaka SK,1557.949913292026
2023-03-25,2022-2023,Binatlı YSK,1321.7537069265902
2023-03-25,2022-2023,Dörtyol SK,1201.8658725947662
2023-03-25,2022-2023,Yenierenköy TSK,1159.8628998764748
2023-03-25,2022-2023,Esentepe KSKK,1537.8288737875862
2023-03-25,2022-2023,L. Gençler Birliği SK,1441.2802293923082
2023-03-26,2022-2023,Küçük Kaymaklı TSK,1408.9074550501355
2023-03-26,2022-2023,Gönyeli SK,1324.8454995692116
2023-03-26,2022-2023,Göçmenköy İYSK,1357.7015542803153
2023-03-26,2022-2023,Hamitköy ŞHSK,1348.9176659723605
2023-03-26,2022-2023,Mesarya SK,1636.4587540361697
2023-03-26,2022-2023,Yenicami AK,1642.9981442801427
2023-03-26,2022-2023,Dumlupınar TSK,1597.258281263981
2023-03-26,2022-2023,Alsancak Yeşilova SK,1504.315542969517
2023-03-26,2022-2023,Baf Ülkü Yurdu,1435.3748533378669
2023-03-26,2022-2023,İncirli SK,1212.6572221118565
2023-03-26,2022-2023,Mormenekşe GBSK,1357.214749413044
2023-03-26,2022-2023,Yeniboğaziçi DSK,1525.9565922429301
2023-03-26,2022-2023,M. Hacıali Yılmazköy SK,1267.5773865825765
2023-03-26,2022-2023,Düzkaya KOSK,1431.9869842168648
2023-03-26,2022-2023,Girne Halk Evi SK,1304.9592101785609
2023-03-26,2022-2023,Lapta Türk Birliği SK,1339.9321971227052
2023-03-26,2022-2023,Yalova SK,1384.3876453350917
2023-03-26,2022-2023,Maraş GSK,1289.1237603550976
2023-04-01,2022-2023,Gönyeli SK,1290.5179703963427
2023-04-01,2022-2023,Çetinkaya TSK,1425.8492873679227
2023-04-01,2022-2023,Mağusa Türk Gücü,1840.434260500228
2023-04-01,2022-2023,Lefke TSK,1528.6561820035113
2023-04-01,2022-2023,Alsancak Yeşilova SK,1488.4097657803782
2023-04-01,2022-2023,Mesarya SK,1652.3645312253086
2023-04-01,2022-2023,Binatlı YSK,1330.1788668444653
2023-04-01,2022-2023,Esentepe KSKK,1529.403713869711
2023-04-01,2022-2023,İncirli SK,1191.9854309353698
2023-04-01,2022-2023,Yalova SK,1405.0594365115785
2023-04-01,2022-2023,Yeniboğaziçi DSK,1532.5783082442779
2023-04-01,2022-2023,Girne Halk Evi SK,1298.337494177213
2023-04-01,2022-2023,Düzkaya KOSK,1448.5950073615732
2023-04-01,2022-2023,Maraş GSK,1272.5157372103893
2023-04-01,2022-2023,Yenierenköy TSK,1152.364705322735
2023-04-01,2022-2023,Karşıyaka SK,1565.4481078457657
2023-04-02,2022-2023,Hamitköy ŞHSK,1341.6638565754656
2023-04-02,2022-2023,Doğan Türk Birliği,1678.0093336113794
2023-04-02,2022-2023,Türk Ocağı Limasol SK,1423.3938994555328
2023-04-02,2022-2023,Dumlupınar TSK,1611.6855547248497
2023-04-02,2022-2023,Gençlik Gücü TSK,1342.3811023172093
2023-04-02,2022-2023,Küçük Kaymaklı TSK,1429.729942583466
2023-04-02,2022-2023,Yenicami AK,1607.8182157502008
2023-04-02,2022-2023,Göçmenköy İYSK,1392.8814828102572
2023-04-02,2022-2023,Lapta Türk Birliği SK,1372.9819901942335
2023-04-02,2022-2023,Baf Ülkü Yurdu,1402.3250602663386
2023-04-02,2022-2023,L. Gençler Birliği SK,1453.4318894520632
2023-04-02,2022-2023,Mormenekşe GBSK,1345.0630893532891
2023-04-02,2022-2023,M. Hacıali Yılmazköy SK,1260.640943914126
2023-04-02,2022-2023,Dörtyol SK,1208.8023152632168
2023-04-05,2022-2023,Hamitköy ŞHSK,1372.3100127833368
2023-04-05,2022-2023,Yenicami AK,1577.1720595423296
2023-04-05,2022-2023,Cihangir GSK,1670.29571422016
2023-04-05,2022-2023,Mağusa Türk Gücü,1855.0711404658573
2023-04-05,2022-2023,Mesarya SK,1664.3120009786464
2023-04-05,2022-2023,Türk Ocağı Limasol SK,1411.446429702195
2023-04-05,2022-2023,Lefke TSK,1534.7505219325603
2023-04-05,2022-2023,Gönyeli SK,1284.4236304672936
2023-04-05,2022-2023,Doğan Türk Birliği,1643.8081876848148
2023-04-05,2022-2023,Küçük Kaymaklı TSK,1463.9310885100306
2023-04-05,2022-2023,Göçmenköy İYSK,1365.938592895883
2023-04-05,2022-2023,Alsancak Yeşilova SK,1515.3526556947525
2023-04-05,2022-2023,Çetinkaya TSK,1418.0300554107257
2023-04-05,2022-2023,Gençlik Gücü TSK,1350.2003342744063
2023-04-07,2022-2023,Girne Halk Evi SK,1283.6788488061554
2023-04-07,2022-2023,L. Gençler Birliği SK,1468.0905348231208
2023-04-08,2022-2023,Gönyeli SK,1276.4517954936325
2023-04-08,2022-2023,Cihangir GSK,1678.2675491938212
2023-04-08,2022-2023,Türk Ocağı Limasol SK,1425.5529694919
2023-04-08,2022-2023,Göçmenköy İYSK,1351.832053106178
2023-04-08,2022-2023,Gençlik Gücü TSK,1377.0778988391032
2023-04-08,2022-2023,Lefke TSK,1507.8729573678634
2023-04-08,2022-2023,Baf Ülkü Yurdu,1386.3149321176986
2023-04-08,2022-2023,Yeniboğaziçi DSK,1548.5884363929179
2023-04-08,2022-2023,Dörtyol SK,1190.4537952547485
2023-04-08,2022-2023,Düzkaya KOSK,1466.9435273700415
2023-04-08,2022-2023,Esentepe KSKK,1535.3843556936688
2023-04-08,2022-2023,Yenierenköy TSK,1146.3840634987773
2023-04-08,2022-2023,Maraş GSK,1295.624189471997
2023-04-08,2022-2023,İncirli SK,1168.876978673762
2023-04-08,2022-2023,Karşıyaka SK,1573.0848931963894
2023-04-08,2022-2023,M. Hacıali Yılmazköy SK,1253.0041585635022
2023-04-08,2022-2023,Yalova SK,1430.9949592833984
2023-04-08,2022-2023,Lapta Türk Birliği SK,1347.0464674224136
2023-04-08,2022-2023,Mormenekşe GBSK,1340.8179403739439
2023-04-08,2022-2023,Binatlı YSK,1334.4240158238106
2023-04-09,2022-2023,Yenicami AK,1577.5540193377587
2023-04-09,2022-2023,Doğan Türk Birliği,1643.4262278893857
2023-04-09,2022-2023,Küçük Kaymaklı TSK,1478.0169663777447
2023-04-09,2022-2023,Çetinkaya TSK,1403.9441775430116
2023-04-09,2022-2023,Alsancak Yeşilova SK,1524.8354804429653
2023-04-09,2022-2023,Hamitköy ŞHSK,1362.827188035124
2023-04-10,2022-2023,Mağusa Türk Gücü,1861.0110733171991
2023-04-10,2022-2023,Dumlupınar TSK,1605.7456218735078
2023-04-12,2022-2023,M. Hacıali Yılmazköy SK,1244.3029892439613
2023-04-12,2022-2023,Esentepe KSKK,1544.0855250132097
2023-04-12,2022-2023,Düzkaya KOSK,1474.8483398379783
2023-04-12,2022-2023,İncirli SK,1160.9721662058253
2023-04-12,2022-2023,Dörtyol SK,1225.0526702069221
2023-04-12,2022-2023,Karşıyaka SK,1538.4860182442158
2023-04-12,2022-2023,Binatlı YSK,1358.6308411027458
2023-04-12,2022-2023,Girne Halk Evi SK,1259.4720235272202
2023-04-12,2022-2023,Yeniboğaziçi DSK,1559.1715419766992
2023-04-12,2022-2023,Yalova SK,1420.411853699617
2023-04-12,2022-2023,Yenierenköy TSK,1133.7583065090512
2023-04-12,2022-2023,Mormenekşe GBSK,1353.44369736367
2023-04-12,2022-2023,L. Gençler Birliği SK,1491.0845318074007
2023-04-12,2022-2023,Baf Ülkü Yurdu,1363.3209351334187
2023-04-12,2022-2023,Lapta Türk Birliği SK,1340.8436892194125
2023-04-12,2022-2023,Maraş GSK,1301.826967674998
2023-04-15,2022-2023,Dumlupınar TSK,1612.474896430235
2023-04-15,2022-2023,Gönyeli SK,1269.7225209369053
2023-04-15,2022-2023,Doğan Türk Birliği,1654.0215780569981
2023-04-15,2022-2023,Çetinkaya TSK,1393.3488273753992
2023-04-15,2022-2023,Yenicami AK,1551.2838779082717
2023-04-15,2022-2023,Alsancak Yeşilova SK,1551.1056218724523
2023-04-15,2022-2023,Lefke TSK,1502.8127524457261
2023-04-15,2022-2023,Küçük Kaymaklı TSK,1483.077171299882
2023-04-15,2022-2023,İncirli SK,1140.9306617090488
2023-04-15,2022-2023,Lapta Türk Birliği SK,1360.885193716189
2023-04-15,2022-2023,Mormenekşe GBSK,1364.4098231047951
2023-04-15,2022-2023,M. Hacıali Yılmazköy SK,1233.3368635028362
2023-04-16,2022-2023,Mesarya SK,1671.7986402957981
2023-04-16,2022-2023,Mağusa Türk Gücü,1853.5244340000474
2023-04-16,2022-2023,Hamitköy ŞHSK,1393.0625460969131
2023-04-16,2022-2023,Türk Ocağı Limasol SK,1395.317611430111
2023-04-16,2022-2023,Cihangir GSK,1686.60285888073
2023-04-16,2022-2023,Gençlik Gücü TSK,1368.7425891521943
2023-04-16,2022-2023,Maraş GSK,1358.5978957579025
2023-04-16,2022-2023,Yeniboğaziçi DSK,1502.4006138937948
2023-04-16,2022-2023,Karşıyaka SK,1551.6548121137096
2023-04-16,2022-2023,Düzkaya KOSK,1461.6795459684845
2023-04-16,2022-2023,Esentepe KSKK,1550.1688493282304
2023-04-16,2022-2023,Dörtyol SK,1218.9693458919014
2023-04-16,2022-2023,Girne Halk Evi SK,1282.4744945656867
2023-04-16,2022-2023,Yenierenköy TSK,1110.7558354705848
2023-04-16,2022-2023,Yalova SK,1441.0260292663345
2023-04-16,2022-2023,L. Gençler Birliği SK,1470.4703562406833
2023-04-17,2022-2023,Baf Ülkü Yurdu,1391.8784555950617
2023-04-17,2022-2023,Binatlı YSK,1330.0733206411028
2023-04-18,2022-2023,Alsancak Yeşilova SK,1533.5635746938137
2023-04-18,2022-2023,Doğan Türk Birliği,1671.5636252356367
2023-04-18,2022-2023,Çetinkaya TSK,1416.1771168583634
2023-04-18,2022-2023,Lefke TSK,1479.9844629627619
2023-04-19,2022-2023,Türk Ocağı Limasol SK,1380.705543951128
2023-04-19,2022-2023,Yenicami AK,1565.8959453872546
2023-04-19,2022-2023,Mağusa Türk Gücü,1855.0416100614211
2023-04-19,2022-2023,Göçmenköy İYSK,1350.3148770448042
2023-04-19,2022-2023,Gönyeli SK,1262.3736979601463
2023-04-19,2022-2023,Mesarya SK,1679.1474632725572
2023-04-19,2022-2023,Gençlik Gücü TSK,1398.4322232684906
2023-04-19,2022-2023,Dumlupınar TSK,1582.7852623139388
2023-04-19,2022-2023,Küçük Kaymaklı TSK,1490.8992072335454
2023-04-19,2022-2023,Cihangir GSK,1678.7808229470666
2023-04-22,2022-2023,Karşıyaka SK,1548.1518884288837
2023-04-22,2022-2023,Esentepe KSKK,1553.6717730130563
2023-04-22,2022-2023,M. Hacıali Yılmazköy SK,1212.7117789355946
2023-04-22,2022-2023,Girne Halk Evi SK,1303.0995791329283
2023-04-22,2022-2023,Dörtyol SK,1262.4070477468135
2023-04-22,2022-2023,Mormenekşe GBSK,1320.972121249883
2023-04-22,2022-2023,Yenierenköy TSK,1095.4423598295334
2023-04-22,2022-2023,Baf Ülkü Yurdu,1407.191931236113
2023-04-22,2022-2023,Yeniboğaziçi DSK,1508.4904860438091
2023-04-22,2022-2023,İncirli SK,1134.8407895590344
2023-04-22,2022-2023,Düzkaya KOSK,1473.032220767268
2023-04-22,2022-2023,Lapta Türk Birliği SK,1349.5325189174055
2023-04-22,2022-2023,Binatlı YSK,1352.9855461595228
2023-04-22,2022-2023,Yalova SK,1418.1138037479145
2023-04-22,2022-2023,L. Gençler Birliği SK,1441.3117589477822
2023-04-22,2022-2023,Maraş GSK,1387.7564930508036
2023-04-23,2022-2023,Göçmenköy İYSK,1374.2423634129916
2023-04-23,2022-2023,Gönyeli SK,1238.446211591959
2023-04-23,2022-2023,Dumlupınar TSK,1574.5594568354115
2023-04-23,2022-2023,Küçük Kaymaklı TSK,1499.1250127120727
2023-04-23,2022-2023,Mesarya SK,1684.0804572767486
2023-04-23,2022-2023,Gençlik Gücü TSK,1393.4992292642992
2023-04-23,2022-2023,Hamitköy ŞHSK,1389.4636682044168
2023-04-23,2022-2023,Mağusa Türk Gücü,1858.6404879539175
2023-04-23,2022-2023,Alsancak Yeşilova SK,1547.1837822050986
2023-04-23,2022-2023,Türk Ocağı Limasol SK,1367.085336439843
2023-04-23,2022-2023,Cihangir GSK,1686.8836155628264
2023-04-23,2022-2023,Çetinkaya TSK,1408.0743242426036
2023-04-24,2022-2023,Doğan Türk Birliği,1684.8830717144517
2023-04-24,2022-2023,Lefke TSK,1466.6650164839468
2023-04-29,2022-2023,Gençlik Gücü TSK,1356.7719314490894
2023-04-29,2022-2023,Göçmenköy İYSK,1410.9696612282014
2023-04-29,2022-2023,Türk Ocağı Limasol SK,1354.1476884556262
2023-04-29,2022-2023,Doğan Türk Birliği,1697.8207196986687
2023-04-29,2022-2023,Gönyeli SK,1223.5689427859936
2023-04-29,2022-2023,Hamitköy ŞHSK,1404.340937010382
2023-04-29,2022-2023,Çetinkaya TSK,1434.0191144626872
2023-04-29,2022-2023,Dumlupınar TSK,1548.614666615328
2023-04-29,2022-2023,Mağusa Türk Gücü,1867.3428420626565
2023-04-29,2022-2023,Yenicami AK,1557.1935912785157
2023-04-29,2022-2023,Lefke TSK,1495.2853751464577
2023-04-29,2022-2023,Cihangir GSK,1658.2632569003156
2023-04-30,2022-2023,Küçük Kaymaklı TSK,1486.0231388399573
2023-04-30,2022-2023,Mesarya SK,1697.182331148864
2023-04-30,2022-2023,Esentepe KSKK,1545.9909190483288
2023-04-30,2022-2023,Düzkaya KOSK,1480.7130747319954
2023-04-30,2022-2023,Girne Halk Evi SK,1330.0258608643398
2023-04-30,2022-2023,Dörtyol SK,1235.480766015402
2023-04-30,2022-2023,İncirli SK,1147.0468045335297
2023-04-30,2022-2023,L. Gençler Birliği SK,1429.105743973287
2023-04-30,2022-2023,Baf Ülkü Yurdu,1374.7006586828213
2023-04-30,2022-2023,M. Hacıali Yılmazköy SK,1245.2030514888863
2023-04-30,2022-2023,Lapta Türk Birliği SK,1375.0797954921459
2023-04-30,2022-2023,Yeniboğaziçi DSK,1482.9432094690687
2023-04-30,2022-2023,Maraş GSK,1382.4324338860392
2023-04-30,2022-2023,Binatlı YSK,1358.309605324287
2023-04-30,2022-2023,Yalova SK,1425.078544184647
2023-04-30,2022-2023,Yenierenköy TSK,1088.477619392801
2023-04-30,2022-2023,Mormenekşe GBSK,1378.8597122455499
2023-04-30,2022-2023,Karşıyaka SK,1490.2642974332168
2023-05-06,2022-2023,Alsancak Yeşilova SK,1539.8724079764559
2023-05-06,2022-2023,Mağusa Türk Gücü,1874.6542162912992
2023-05-06,2022-2023,Dumlupınar TSK,1562.3128404740282
2023-05-06,2022-2023,Lefke TSK,1481.5872012877574
2023-05-06,2022-2023,L. Gençler Birliği SK,1422.7678193937977
2023-05-06,2022-2023,Lapta Türk Birliği SK,1381.4177200716351
2023-05-06,2022-2023,Yenierenköy TSK,1080.221545016995
2023-05-06,2022-2023,Maraş GSK,1390.6885082618453
2023-05-06,2022-2023,Karşıyaka SK,1505.6387513798597
2023-05-06,2022-2023,Girne Halk Evi SK,1314.651406917697
2023-05-06,2022-2023,Esentepe KSKK,1564.0882794701624
2023-05-06,2022-2023,Mormenekşe GBSK,1360.7623518237162
2023-05-06,2022-2023,Dörtyol SK,1278.3257427326032
2023-05-06,2022-2023,Baf Ülkü Yurdu,1331.85568196562
2023-05-06,2022-2023,Binatlı YSK,1365.2467843659322
2023-05-06,2022-2023,İncirli SK,1140.1096254918846
2023-05-07,2022-2023,Mesarya SK,1705.2625771722733
2023-05-07,2022-2023,Çetinkaya TSK,1425.938868439278
2023-05-07,2022-2023,Doğan Türk Birliği,1719.4520454115395
2023-05-07,2022-2023,Cihangir GSK,1636.6319311874445
2023-05-07,2022-2023,Göçmenköy İYSK,1442.2686702124736
2023-05-07,2022-2023,Küçük Kaymaklı TSK,1454.724129855685
2023-05-07,2022-2023,Hamitköy ŞHSK,1358.838106205672
2023-05-07,2022-2023,Gençlik Gücü TSK,1402.2747622537995
2023-05-08,2022-2023,Düzkaya KOSK,1428.2988999274696
2023-05-08,2022-2023,Yeniboğaziçi DSK,1535.3573842735946
2023-05-08,2022-2023,M. Hacıali Yılmazköy SK,1271.8422518235006
2023-05-08,2022-2023,Yalova SK,1398.4393438500326
2023-05-09,2022-2023,Yenicami AK,1562.8328703425373
2023-05-09,2022-2023,Gönyeli SK,1217.929663721972
2023-09-21,2023-2024,Mağusa Türk Gücü,1765.4994377727621
2023-09-21,2023-2024,Çetinkaya TSK,1413.2259745313172
2023-09-22,2023-2024,Lefke TSK,1442.8620286802657
2023-09-22,2023-2024,Dumlupınar TSK,1543.34360139722
2023-09-23,2023-2024,Göçmenköy İYSK,1469.3304380923628
2023-09-23,2023-2024,Yeniboğaziçi DSK,1467.1697015283348
2023-09-23,2023-2024,Küçük Kaymaklı TSK,1417.1159845865561
2023-09-23,2023-2024,Gençlik Gücü TSK,1428.913783251704
2023-09-23,2023-2024,Girne Halk Evi SK,1348.6232972456166
2023-09-23,2023-2024,Çanakkale TSK,1218.1112138228666
2023-09-23,2023-2024,Yalova SK,1395.677881283641
2023-09-23,2023-2024,Binatlı YSK,1380.3673136344792
2023-09-23,2023-2024,Esentepe KSKK,1511.3860891022337
2023-09-23,2023-2024,M. Hacıali Yılmazköy SK,1318.8424081241603
2023-09-23,2023-2024,Lapta Türk Birliği SK,1366.2761661521686
2023-09-23,2023-2024,Düzkaya KOSK,1444.2918976033066
2023-09-23,2023-2024,Maraş GSK,1389.9997363649
2023-09-23,2023-2024,Geçitkale GSK,1376.9026694724885
2023-09-24,2023-2024,Yenicami AK,1540.4968686360285
2023-09-24,2023-2024,L. Gençler Birliği SK,1401.9842474223694
2023-09-24,2023-2024,Alsancak Yeşilova SK,1490.7787865648347
2023-09-24,2023-2024,Doğan Türk Birliği,1656.9951522323083
2023-09-24,2023-2024,Mesarya SK,1604.3818160287474
2023-09-24,2023-2024,Cihangir GSK,1605.3196639971875
2023-09-24,2023-2024,Mormenekşe GBSK,1362.9796804512534
2023-09-24,2023-2024,Ozanköy SK,1267.9466023085456
2023-09-24,2023-2024,Gönyeli SK,1299.009416835623
2023-09-24,2023-2024,Hamitköy ŞHSK,1336.8470093662565
2023-09-24,2023-2024,Baf Ülkü Yurdu,1326.3291846461348
2023-09-24,2023-2024,Değirmenlik SK,1579.8328703496275
2023-09-25,2023-2024,Türk Ocağı Limasol SK,1370.313310901627
2023-09-25,2023-2024,Karşıyaka SK,1477.807117731134
2023-09-29,2023-2024,Çetinkaya TSK,1391.4825217556177
2023-09-29,2023-2024,Lefke TSK,1464.6054814559652
2023-09-30,2023-2024,Yeniboğaziçi DSK,1445.0824992368384
2023-09-30,2023-2024,Alsancak Yeşilova SK,1512.8659888563311
2023-09-30,2023-2024,Cihangir GSK,1615.0993669554243
2023-09-30,2023-2024,Göçmenköy İYSK,1459.550735134126
2023-09-30,2023-2024,Çanakkale TSK,1202.9017315693734
2023-09-30,2023-2024,Mormenekşe GBSK,1378.1891627047466
2023-09-30,2023-2024,Hamitköy ŞHSK,1343.2114933832402
2023-09-30,2023-2024,Esentepe KSKK,1505.02160508525
2023-09-30,2023-2024,Düzkaya KOSK,1386.8978850064823
2023-09-30,2023-2024,Gönyeli SK,1356.4034294324472
2023-09-30,2023-2024,Değirmenlik SK,1592.6987232280746
2023-09-30,2023-2024,Lapta Türk Birliği SK,1353.4103132737214
2023-10-01,2023-2024,Doğan Türk Birliği,1647.627398380507
2023-10-01,2023-2024,Yenicami AK,1549.8646224878298
2023-10-01,2023-2024,Gençlik Gücü TSK,1475.135662914578
2023-10-01,2023-2024,Mesarya SK,1558.1599363658734
2023-10-01,2023-2024,Karşıyaka SK,1504.4452261936933
2023-10-01,2023-2024,Küçük Kaymaklı TSK,1390.4778761239968
2023-10-01,2023-2024,Dumlupınar TSK,1555.7800992317289
2023-10-01,2023-2024,Türk Ocağı Limasol SK,1357.876813067118
2023-10-01,2023-2024,Binatlı YSK,1375.2055231881948
2023-10-01,2023-2024,Girne Halk Evi SK,1353.785087691901
2023-10-01,2023-2024,M. Hacıali Yılmazköy SK,1319.8107780632467
2023-10-01,2023-2024,Yalova SK,1394.7095113445546
2023-10-01,2023-2024,Geçitkale GSK,1390.7440854270938
2023-10-01,2023-2024,Baf Ülkü Yurdu,1312.4877686915295
2023-10-01,2023-2024,Ozanköy SK,1291.4811643752612
2023-10-01,2023-2024,Maraş GSK,1366.4651742981844
2023-10-02,2023-2024,L. Gençler Birliği SK,1390.1119267204601
2023-10-02,2023-2024,Mağusa Türk Gücü,1777.3717584746714
2023-10-06,2023-2024,Yenicami AK,1561.0315855615781
2023-10-06,2023-2024,Yeniboğaziçi DSK,1433.91553616309
2023-10-07,2023-2024,Alsancak Yeşilova SK,1495.2852334934428
2023-10-07,2023-2024,Cihangir GSK,1632.6801223183127
2023-10-07,2023-2024,Mesarya SK,1578.6772320096118
2023-10-07,2023-2024,Karşıyaka SK,1483.927930549955
2023-10-07,2023-2024,Küçük Kaymaklı TSK,1369.3018511281387
2023-10-07,2023-2024,Dumlupınar TSK,1576.956124227587
2023-10-07,2023-2024,Mormenekşe GBSK,1394.6027340723754
2023-10-07,2023-2024,Binatlı YSK,1358.791951820566
2023-10-07,2023-2024,Girne Halk Evi SK,1328.503662911659
2023-10-07,2023-2024,M. Hacıali Yılmazköy SK,1345.0922028434888
2023-10-07,2023-2024,Baf Ülkü Yurdu,1292.14111501013
2023-10-07,2023-2024,Maraş GSK,1386.8118279795838
2023-10-07,2023-2024,Çanakkale TSK,1246.184659154751
2023-10-07,2023-2024,Ozanköy SK,1248.1982367898836
2023-10-08,2023-2024,Türk Ocağı Limasol SK,1360.5506285060032
2023-10-08,2023-2024,Lefke TSK,1461.93166601708
2023-10-08,2023-2024,L. Gençler Birliği SK,1366.7686216895293
2023-10-08,2023-2024,Çetinkaya TSK,1414.8258267865485
2023-10-08,2023-2024,Yalova SK,1415.3994335710147
2023-10-08,2023-2024,Hamitköy ŞHSK,1322.52157115678
2023-10-08,2023-2024,Esentepe KSKK,1520.8606544810655
2023-10-08,2023-2024,Düzkaya KOSK,1371.0588356106668
2023-10-08,2023-2024,Gönyeli SK,1337.781031701974
2023-10-08,2023-2024,Değirmenlik SK,1611.321120958548
2023-10-08,2023-2024,Lapta Türk Birliği SK,1381.4559257264036
2023-10-08,2023-2024,Geçitkale GSK,1362.6984729744115
2023-10-09,2023-2024,Mağusa Türk Gücü,1792.4433764834357
2023-10-09,2023-2024,Doğan Türk Birliği,1632.5557803717427
2023-10-09,2023-2024,Göçmenköy İYSK,1490.1006603031208
2023-10-09,2023-2024,Gençlik Gücü TSK,1444.5857377455832
2023-10-14,2023-2024,Dumlupınar TSK,1593.6324357995604
2023-10-14,2023-2024,Mesarya SK,1562.0009204376383
2023-10-14,2023-2024,Lefke TSK,1473.6703200746822
2023-10-14,2023-2024,Küçük Kaymaklı TSK,1357.5631970705365
2023-10-14,2023-2024,Çetinkaya TSK,1438.7118764811974
2023-10-14,2023-2024,Türk Ocağı Limasol SK,1336.6645788113544
2023-10-14,2023-2024,M. Hacıali Yılmazköy SK,1374.186744395353
2023-10-14,2023-2024,Mormenekşe GBSK,1365.5081925205113
2023-10-14,2023-2024,Düzkaya KOSK,1350.158017868106
2023-10-14,2023-2024,Yalova SK,1436.3002513135755
2023-10-14,2023-2024,Değirmenlik SK,1603.1636119980585
2023-10-14,2023-2024,Esentepe KSKK,1529.0181634415549
2023-10-14,2023-2024,Geçitkale GSK,1316.2112696271984
2023-10-14,2023-2024,Gönyeli SK,1384.268235049187
2023-10-14,2023-2024,Ozanköy SK,1276.8127397437975
2023-10-14,2023-2024,Baf Ülkü Yurdu,1263.5266120562162
2023-10-15,2023-2024,Yeniboğaziçi DSK,1424.7913922024572
2023-10-15,2023-2024,Mağusa Türk Gücü,1801.5675204440686
2023-10-15,2023-2024,Cihangir GSK,1656.6139426686686
2023-10-15,2023-2024,Yenicami AK,1537.0977652112222
2023-10-15,2023-2024,Karşıyaka SK,1480.853939006252
2023-10-15,2023-2024,Göçmenköy İYSK,1493.1746518468237
2023-10-15,2023-2024,Doğan Türk Birliği,1643.854001566991
2023-10-15,2023-2024,L. Gençler Birliği SK,1355.470400494281
2023-10-15,2023-2024,Hamitköy ŞHSK,1319.4368657574535
2023-10-15,2023-2024,Girne Halk Evi SK,1331.5883683109855
2023-10-15,2023-2024,Maraş GSK,1383.0933957989537
2023-10-15,2023-2024,Lapta Türk Birliği SK,1385.1743579070337
2023-10-15,2023-2024,Binatlı YSK,1307.7059608050913
2023-10-15,2023-2024,Çanakkale TSK,1297.2706501702257
2023-10-16,2023-2024,Gençlik Gücü TSK,1464.050485528528
2023-10-16,2023-2024,Alsancak Yeşilova SK,1475.820485710498
2023-10-21,2023-2024,Mağusa Türk Gücü,1770.970991892623
2023-10-21,2023-2024,Cihangir GSK,1687.2104712201142
2023-10-21,2023-2024,Göçmenköy İYSK,1462.2319696976326
2023-10-21,2023-2024,Dumlupınar TSK,1624.5751179487515
2023-10-21,2023-2024,Mesarya SK,1573.945874487695
2023-10-21,2023-2024,Lefke TSK,1461.7253660246256
2023-10-21,2023-2024,Doğan Türk Birliği,1654.5663119610756
2023-10-21,2023-2024,Çetinkaya TSK,1427.9995660871127
2023-10-21,2023-2024,Mormenekşe GBSK,1326.623592708932
2023-10-21,2023-2024,Hamitköy ŞHSK,1358.3214655690329
2023-10-21,2023-2024,Yalova SK,1415.2472003878709
2023-10-21,2023-2024,Değirmenlik SK,1624.2166629237631
2023-10-21,2023-2024,Gönyeli SK,1409.0398940629673
2023-10-21,2023-2024,Maraş GSK,1358.3217367851735
2023-10-21,2023-2024,Lapta Türk Birliği SK,1395.576821399245
2023-10-21,2023-2024,Baf Ülkü Yurdu,1253.1241485640048
2023-10-22,2023-2024,Yenicami AK,1556.140004107387
2023-10-22,2023-2024,Gençlik Gücü TSK,1445.0082466323631
2023-10-22,2023-2024,Alsancak Yeşilova SK,1452.682493908293
2023-10-22,2023-2024,Karşıyaka SK,1503.9919308084568
2023-10-22,2023-2024,Küçük Kaymaklı TSK,1352.9886729486543
2023-10-22,2023-2024,Türk Ocağı Limasol SK,1341.2391029332366
2023-10-22,2023-2024,Girne Halk Evi SK,1309.2146859465474
2023-10-22,2023-2024,Düzkaya KOSK,1372.5317002325442
2023-10-22,2023-2024,Esentepe KSKK,1535.9045229920237
2023-10-22,2023-2024,Geçitkale GSK,1309.3249100767296
2023-10-22,2023-2024,Çanakkale TSK,1298.2436500988597
2023-10-22,2023-2024,M. Hacıali Yılmazköy SK,1373.213744466719
2023-10-22,2023-2024,Binatlı YSK,1322.5899126104016
2023-10-22,2023-2024,Ozanköy SK,1261.9287879384872
2023-10-23,2023-2024,L. Gençler Birliği SK,1391.4091542600017
2023-10-23,2023-2024,Yeniboğaziçi DSK,1388.8526384367365
2023-10-28,2023-2024,Lefke TSK,1438.3337356567984
2023-10-28,2023-2024,Göçmenköy İYSK,1485.6236000654599
2023-10-28,2023-2024,Türk Ocağı Limasol SK,1325.0338696199099
2023-10-28,2023-2024,Mesarya SK,1590.1511078010217
2023-10-28,2023-2024,Cihangir GSK,1694.064795411788
2023-10-28,2023-2024,L. Gençler Birliği SK,1384.5548300683279
2023-10-28,2023-2024,Yeniboğaziçi DSK,1371.2800710607635
2023-10-28,2023-2024,Doğan Türk Birliği,1672.1388793370486
2023-10-28,2023-2024,Düzkaya KOSK,1366.6172064755212
2023-10-28,2023-2024,Mormenekşe GBSK,1332.5380864659548
2023-10-28,2023-2024,Değirmenlik SK,1631.463233439092
2023-10-28,2023-2024,Girne Halk Evi SK,1301.9681154312186
2023-10-28,2023-2024,Maraş GSK,1344.843245948072
2023-10-28,2023-2024,Esentepe KSKK,1549.383013829125
2023-10-28,2023-2024,Hamitköy ŞHSK,1351.6719040329356
2023-10-28,2023-2024,Çanakkale TSK,1304.893211634957
2023-10-29,2023-2024,Gençlik Gücü TSK,1431.669740848639
2023-10-29,2023-2024,Mağusa Türk Gücü,1784.309497676347
2023-10-29,2023-2024,Karşıyaka SK,1465.6445877478398
2023-10-29,2023-2024,Yenicami AK,1594.4873471680041
2023-10-29,2023-2024,Dumlupınar TSK,1639.1598346517126
2023-10-29,2023-2024,Alsancak Yeşilova SK,1438.097777205332
2023-10-29,2023-2024,Geçitkale GSK,1331.9531222482963
2023-10-29,2023-2024,Yalova SK,1392.6189882163042
2023-10-29,2023-2024,Baf Ülkü Yurdu,1278.509383820873
2023-10-29,2023-2024,Gönyeli SK,1383.6546588060992
2023-10-29,2023-2024,Ozanköy SK,1266.1059311053873
2023-10-29,2023-2024,Lapta Türk Birliği SK,1391.399678232345
2023-10-29,2023-2024,M. Hacıali Yılmazköy SK,1367.0525371396072
2023-10-29,2023-2024,Binatlı YSK,1328.7511199375133
2023-10-30,2023-2024,Çetinkaya TSK,1446.8951778174005
2023-10-30,2023-2024,Küçük Kaymaklı TSK,1334.0930612183665
2023-11-03,2023-2024,Doğan Türk Birliği,1638.8643960387658
2023-11-03,2023-2024,Cihangir GSK,1727.3392787100709
2023-11-04,2023-2024,Mağusa Türk Gücü,1790.4044102437642
2023-11-04,2023-2024,Karşıyaka SK,1459.5496751804226
2023-11-04,2023-2024,Yenicami AK,1557.9442836365236
2023-11-04,2023-2024,Dumlupınar TSK,1675.7028981831932
2023-11-04,2023-2024,Alsancak Yeşilova SK,1434.6910172840667
2023-11-04,2023-2024,Lefke TSK,1441.7404955780637
2023-11-04,2023-2024,L. Gençler Birliği SK,1403.8134445765647
2023-11-04,2023-2024,Gençlik Gücü TSK,1412.4111263404022
2023-11-04,2023-2024,Mormenekşe GBSK,1344.467900809189
2023-11-04,2023-2024,Değirmenlik SK,1619.5334190958579
2023-11-04,2023-2024,Girne Halk Evi SK,1320.2445990796016
2023-11-04,2023-2024,Geçitkale GSK,1313.6766385999133
2023-11-04,2023-2024,Binatlı YSK,1306.6247355331009
2023-11-04,2023-2024,Hamitköy ŞHSK,1373.798288437348
2023-11-04,2023-2024,M. Hacıali Yılmazköy SK,1358.3980872846223
2023-11-04,2023-2024,Ozanköy SK,1274.7603809603722
2023-11-05,2023-2024,Göçmenköy İYSK,1498.7809193764797
2023-11-05,2023-2024,Türk Ocağı Limasol SK,1311.87655030889
2023-11-05,2023-2024,Mesarya SK,1555.7314566357559
2023-11-05,2023-2024,Küçük Kaymaklı TSK,1368.5127123836323
2023-11-05,2023-2024,Yeniboğaziçi DSK,1372.1783441200828
2023-11-05,2023-2024,Çetinkaya TSK,1445.9969047580812
2023-11-05,2023-2024,Yalova SK,1413.6003210956715
2023-11-05,2023-2024,Maraş GSK,1323.8619130687048
2023-11-05,2023-2024,Esentepe KSKK,1558.4537376464395
2023-11-05,2023-2024,Baf Ülkü Yurdu,1269.4386600035584
2023-11-05,2023-2024,Gönyeli SK,1415.5567328737689
2023-11-05,2023-2024,Lapta Türk Birliği SK,1359.497604164675
2023-11-05,2023-2024,Çanakkale TSK,1324.9924519409672
2023-11-05,2023-2024,Düzkaya KOSK,1346.517966169511
2023-11-10,2023-2024,Gençlik Gücü TSK,1421.321433235935
2023-11-10,2023-2024,Doğan Türk Birliği,1629.954089143233
2023-11-11,2023-2024,Lefke TSK,1476.5516267243675
2023-11-11,2023-2024,Yenicami AK,1523.1331524902198
2023-11-11,2023-2024,Küçük Kaymaklı TSK,1372.5034110678118
2023-11-11,2023-2024,Göçmenköy İYSK,1494.7902206923002
2023-11-11,2023-2024,Karşıyaka SK,1453.1233243446993
2023-11-11,2023-2024,L. Gençler Birliği SK,1410.239795412288
2023-11-11,2023-2024,Maraş GSK,1352.5239007639893
2023-11-11,2023-2024,Girne Halk Evi SK,1291.582611384317
2023-11-11,2023-2024,Baf Ülkü Yurdu,1246.5668796417801
2023-11-11,2023-2024,Yalova SK,1436.4721014574498
2023-11-11,2023-2024,Ozanköy SK,1279.3293257611274
2023-11-11,2023-2024,Gönyeli SK,1410.9877880730137
2023-11-11,2023-2024,Hamitköy ŞHSK,1397.388032493689
2023-11-11,2023-2024,M. Hacıali Yılmazköy SK,1334.8083432282813
2023-11-12,2023-2024,Türk Ocağı Limasol SK,1295.4535529129098
2023-11-12,2023-2024,Alsancak Yeşilova SK,1451.114014680047
2023-11-12,2023-2024,Çetinkaya TSK,1488.8285699881824
2023-11-12,2023-2024,Mesarya SK,1512.8997914056547
2023-11-12,2023-2024,Cihangir GSK,1733.6354774751687
2023-11-12,2023-2024,Yeniboğaziçi DSK,1365.882145354985
2023-11-12,2023-2024,Geçitkale GSK,1345.7411184328946
2023-11-12,2023-2024,Mormenekşe GBSK,1312.4034209762076
2023-11-12,2023-2024,Lapta Türk Birliği SK,1337.7942576128678
2023-11-12,2023-2024,Esentepe KSKK,1580.1570841982468
2023-11-12,2023-2024,Değirmenlik SK,1584.1324163085822
2023-11-12,2023-2024,Çanakkale TSK,1360.393454728243
2023-11-12,2023-2024,Düzkaya KOSK,1371.7233287455053
2023-11-12,2023-2024,Binatlı YSK,1281.4193729571066
2023-11-13,2023-2024,Dumlupınar TSK,1650.3875616575103
2023-11-13,2023-2024,Mağusa Türk Gücü,1815.719746769447
2023-11-17,2023-2024,Doğan Türk Birliği,1618.1022202363151
2023-11-17,2023-2024,Karşıyaka SK,1464.9751932516172
2023-11-18,2023-2024,Yenicami AK,1532.750996876016
2023-11-18,2023-2024,Türk Ocağı Limasol SK,1285.8357085271136
2023-11-18,2023-2024,Yeniboğaziçi DSK,1327.8899192016415
2023-11-18,2023-2024,Gençlik Gücü TSK,1459.3136593892787
2023-11-18,2023-2024,Cihangir GSK,1739.5341468774313
2023-11-18,2023-2024,Çetinkaya TSK,1482.9299005859198
2023-11-18,2023-2024,Esentepe KSKK,1588.5951110902824
2023-11-18,2023-2024,Gönyeli SK,1402.549761180978
2023-11-18,2023-2024,Çanakkale TSK,1336.1610546061142
2023-11-18,2023-2024,Geçitkale GSK,1369.9735185550232
2023-11-18,2023-2024,Binatlı YSK,1269.5234250710214
2023-11-18,2023-2024,Değirmenlik SK,1596.0283641946673
2023-11-18,2023-2024,M. Hacıali Yılmazköy SK,1333.4814151087537
2023-11-18,2023-2024,Düzkaya KOSK,1373.050256865033
2023-11-19,2023-2024,Mağusa Türk Gücü,1822.111140599043
2023-11-19,2023-2024,Lefke TSK,1470.1602328947715
2023-11-19,2023-2024,Alsancak Yeşilova SK,1469.74242217025
2023-11-19,2023-2024,Küçük Kaymaklı TSK,1353.8750035776088
2023-11-19,2023-2024,Göçmenköy İYSK,1521.190536505268
2023-11-19,2023-2024,Mesarya SK,1486.4994755926868
2023-11-19,2023-2024,L. Gençler Birliği SK,1391.918935218026
2023-11-19,2023-2024,Dumlupınar TSK,1668.7084218517723
2023-11-19,2023-2024,Mormenekşe GBSK,1311.2603110011776
2023-11-19,2023-2024,Maraş GSK,1353.6670107390194
2023-11-19,2023-2024,Girne Halk Evi SK,1285.7150300338533
2023-11-19,2023-2024,Baf Ülkü Yurdu,1252.4344609922439
2023-11-19,2023-2024,Yalova SK,1407.9240965478396
2023-11-19,2023-2024,Lapta Türk Birliği SK,1366.342262522478
2023-11-19,2023-2024,Hamitköy ŞHSK,1387.9503076093374
2023-11-19,2023-2024,Ozanköy SK,1288.767050645479
2023-11-24,2023-2024,Çetinkaya TSK,1481.6801127918395
2023-11-24,2023-2024,Göçmenköy İYSK,1522.4403242993483
2023-11-25,2023-2024,Küçük Kaymaklı TSK,1380.462959605746
2023-11-25,2023-2024,Yenicami AK,1506.1630408478788
2023-11-25,2023-2024,Mesarya SK,1502.1514935880095
2023-11-25,2023-2024,Alsancak Yeşilova SK,1454.0904041749272
2023-11-25,2023-2024,Lefke TSK,1488.8159580488702
2023-11-25,2023-2024,L. Gençler Birliği SK,1373.2632100639273
2023-11-25,2023-2024,Lapta Türk Birliği SK,1378.6620131517814
2023-11-25,2023-2024,Girne Halk Evi SK,1273.39527940455
2023-11-25,2023-2024,Ozanköy SK,1320.730295889508
2023-11-25,2023-2024,Esentepe KSKK,1556.6318658462535
2023-11-25,2023-2024,Maraş GSK,1380.9861985905554
2023-11-25,2023-2024,Çanakkale TSK,1308.8418667545782
2023-11-25,2023-2024,Geçitkale GSK,1361.3423127565886
2023-11-25,2023-2024,Binatlı YSK,1278.154630869456
2023-11-26,2023-2024,Türk Ocağı Limasol SK,1280.3853721784974
2023-11-26,2023-2024,Mağusa Türk Gücü,1827.5614769476592
2023-11-26,2023-2024,Karşıyaka SK,1474.7083538141135
2023-11-26,2023-2024,Yeniboğaziçi DSK,1318.1567586391452
2023-11-26,2023-2024,Gençlik Gücü TSK,1446.1344934276335
2023-11-26,2023-2024,Cihangir GSK,1752.7133128390765
2023-11-26,2023-2024,Baf Ülkü Yurdu,1232.3668717428934
2023-11-26,2023-2024,Mormenekşe GBSK,1331.327900250528
2023-11-26,2023-2024,Gönyeli SK,1379.4309120061655
2023-11-26,2023-2024,Yalova SK,1431.0429457226521
2023-11-26,2023-2024,Değirmenlik SK,1604.1334469101603
2023-11-26,2023-2024,M. Hacıali Yılmazköy SK,1325.3763323932608
2023-11-26,2023-2024,Düzkaya KOSK,1390.468579373046
2023-11-26,2023-2024,Hamitköy ŞHSK,1370.5319851013244
2023-11-27,2023-2024,Dumlupınar TSK,1682.5481331041115
2023-11-27,2023-2024,Doğan Türk Birliği,1604.262508983976
2023-12-01,2023-2024,Yenicami AK,1522.519374340035
2023-12-01,2023-2024,Mesarya SK,1485.7951600958534
2023-12-02,2023-2024,Mağusa Türk Gücü,1831.402806199684
2023-12-02,2023-2024,Küçük Kaymaklı TSK,1376.6216303537212
2023-12-02,2023-2024,L. Gençler Birliği SK,1344.9900263301024
2023-12-02,2023-2024,Türk Ocağı Limasol SK,1308.6585559123223
2023-12-02,2023-2024,Doğan Türk Birliği,1622.9517625133358
2023-12-02,2023-2024,Lefke TSK,1470.1267045195104
2023-12-02,2023-2024,Cihangir GSK,1737.7141756486474
2023-12-02,2023-2024,Karşıyaka SK,1489.7074910045426
2023-12-02,2023-2024,Mormenekşe GBSK,1310.599116001023
2023-12-02,2023-2024,Lapta Türk Birliği SK,1399.3907974012864
2023-12-02,2023-2024,Yalova SK,1406.64001645107
2023-12-02,2023-2024,Esentepe KSKK,1581.0347951178355
2023-12-02,2023-2024,Düzkaya KOSK,1383.3290448114303
2023-12-02,2023-2024,Ozanköy SK,1327.8698304511236
2023-12-03,2023-2024,Alsancak Yeşilova SK,1424.8112554561624
2023-12-03,2023-2024,Göçmenköy İYSK,1551.7194730181131
2023-12-03,2023-2024,Yeniboğaziçi DSK,1304.8576645852545
2023-12-03,2023-2024,Dumlupınar TSK,1695.8472271580022
2023-12-03,2023-2024,Gençlik Gücü TSK,1464.7291061632573
2023-12-03,2023-2024,Çetinkaya TSK,1463.0855000562158
2023-12-03,2023-2024,Girne Halk Evi SK,1240.8351989041644
2023-12-03,2023-2024,Gönyeli SK,1411.990992506551
2023-12-03,2023-2024,Çanakkale TSK,1321.3663215873091
2023-12-03,2023-2024,Baf Ülkü Yurdu,1219.8424169101625
2023-12-03,2023-2024,Binatlı YSK,1311.8343832585963
2023-12-03,2023-2024,Maraş GSK,1347.3064462014152
2023-12-03,2023-2024,M. Hacıali Yılmazköy SK,1357.959045513054
2023-12-03,2023-2024,Geçitkale GSK,1328.7595996367954
2023-12-03,2023-2024,Hamitköy ŞHSK,1359.7690609467804
2023-12-03,2023-2024,Değirmenlik SK,1614.8963710647042
2023-12-08,2023-2024,Türk Ocağı Limasol SK,1295.506792663666
2023-12-08,2023-2024,Doğan Türk Birliği,1636.1035257619922
2023-12-09,2023-2024,Mesarya SK,1469.6042266260565
2023-12-09,2023-2024,Mağusa Türk Gücü,1847.5937396694808
2023-12-09,2023-2024,Çetinkaya TSK,1437.574573651782
2023-12-09,2023-2024,Alsancak Yeşilova SK,1450.3221818605962
2023-12-09,2023-2024,Karşıyaka SK,1504.9110093289778
2023-12-09,2023-2024,Gençlik Gücü TSK,1449.525587838822
2023-12-09,2023-2024,Gönyeli SK,1403.315721908895
2023-12-09,2023-2024,Mormenekşe GBSK,1319.274386598679
2023-12-09,2023-2024,Baf Ülkü Yurdu,1192.5970444456968
2023-12-09,2023-2024,Binatlı YSK,1339.079755723062
2023-12-09,2023-2024,Geçitkale GSK,1307.094632389271
2023-12-09,2023-2024,Hamitköy ŞHSK,1381.4340281943048
2023-12-10,2023-2024,Göçmenköy İYSK,1574.1821997994514
2023-12-10,2023-2024,Yenicami AK,1500.0566475586968
2023-12-10,2023-2024,Küçük Kaymaklı TSK,1338.8880053549392
2023-12-10,2023-2024,L. Gençler Birliği SK,1382.7236513288844
2023-12-10,2023-2024,Lefke TSK,1483.009425541801
2023-12-10,2023-2024,Yeniboğaziçi DSK,1291.974943562964
2023-12-10,2023-2024,Esentepe KSKK,1584.6673622972053
2023-12-10,2023-2024,Girne Halk Evi SK,1237.2026317247946
2023-12-10,2023-2024,Ozanköy SK,1308.949279223789
2023-12-10,2023-2024,Yalova SK,1425.5605676784046
2023-12-10,2023-2024,Lapta Türk Birliği SK,1391.8386465786207
2023-12-10,2023-2024,Çanakkale TSK,1328.9184724099748
2023-12-10,2023-2024,Maraş GSK,1344.4847305720164
2023-12-10,2023-2024,M. Hacıali Yılmazköy SK,1360.7807611424528
2023-12-10,2023-2024,Değirmenlik SK,1625.907925634863
2023-12-10,2023-2024,Düzkaya KOSK,1372.3174902412716
2023-12-11,2023-2024,Dumlupınar TSK,1659.0221948167607
2023-12-11,2023-2024,Cihangir GSK,1774.5392079898888
2023-12-16,2023-2024,Yenicami AK,1460.8843974707424
2023-12-16,2023-2024,Alsancak Yeşilova SK,1489.4944319485505
2023-12-16,2023-2024,L. Gençler Birliği SK,1404.2679415414457
2023-12-16,2023-2024,Mesarya SK,1448.0599364134953
2023-12-16,2023-2024,Yeniboğaziçi DSK,1308.7526980506498
2023-12-16,2023-2024,Türk Ocağı Limasol SK,1278.7290381759801
2023-12-16,2023-2024,Karşıyaka SK,1477.8924137794368
2023-12-16,2023-2024,Çetinkaya TSK,1464.593169201323
2023-12-16,2023-2024,Girne Halk Evi SK,1212.959074734093
2023-12-16,2023-2024,Yalova SK,1449.8041246691062
2023-12-16,2023-2024,Çanakkale TSK,1360.1609197844125
2023-12-16,2023-2024,Gönyeli SK,1372.0732745344574
2023-12-16,2023-2024,M. Hacıali Yılmazköy SK,1369.256623929108
2023-12-16,2023-2024,Baf Ülkü Yurdu,1184.1211816590417
2023-12-16,2023-2024,Değirmenlik SK,1633.0816501998258
2023-12-16,2023-2024,Ozanköy SK,1301.7755546588262
2023-12-17,2023-2024,Mağusa Türk Gücü,1855.270311854854
2023-12-17,2023-2024,Göçmenköy İYSK,1566.505627614078
2023-12-17,2023-2024,Doğan Türk Birliği,1640.6402283873622
2023-12-17,2023-2024,Küçük Kaymaklı TSK,1334.3513027295692
2023-12-17,2023-2024,Cihangir GSK,1781.5442407675157
2023-12-17,2023-2024,Lefke TSK,1476.004392764174
2023-12-17,2023-2024,Gençlik Gücü TSK,1437.6367907942442
2023-12-17,2023-2024,Dumlupınar TSK,1670.9109918613385
2023-12-17,2023-2024,Mormenekşe GBSK,1329.889096366321
2023-12-17,2023-2024,Esentepe KSKK,1574.0526525295634
2023-12-17,2023-2024,Binatlı YSK,1338.6629843165738
2023-12-17,2023-2024,Lapta Türk Birliği SK,1392.2554179851088
2023-12-17,2023-2024,Hamitköy ŞHSK,1375.9936547989214
2023-12-17,2023-2024,Maraş GSK,1349.9251039673998
2023-12-17,2023-2024,Düzkaya KOSK,1395.222041753347
2023-12-17,2023-2024,Geçitkale GSK,1284.1900808771957
2023-12-22,2023-2024,Çetinkaya TSK,1460.9663560382887
2023-12-22,2023-2024,Yenicami AK,1464.5112106337767
2023-12-22,2023-2024,Türk Ocağı Limasol SK,1273.6547111434631
2023-12-22,2023-2024,Cihangir GSK,1786.6185678000327
2023-12-22,2023-2024,Lefke TSK,1431.3515816110425
2023-12-22,2023-2024,Gençlik Gücü TSK,1482.2896019473758
2023-12-22,2023-2024,Dumlupınar TSK,1658.471169811899
2023-12-22,2023-2024,Karşıyaka SK,1490.3322358288763
2023-12-23,2023-2024,Alsancak Yeşilova SK,1480.688420128406
2023-12-23,2023-2024,Mağusa Türk Gücü,1864.0763236749985
2023-12-23,2023-2024,Göçmenköy İYSK,1579.5657615522352
2023-12-23,2023-2024,L. Gençler Birliği SK,1391.2078076032885
2023-12-23,2023-2024,Mesarya SK,1495.8032038330473
2023-12-23,2023-2024,Doğan Türk Birliği,1592.8969609678102
2023-12-23,2023-2024,Küçük Kaymaklı TSK,1309.5211862288818
2023-12-23,2023-2024,Yeniboğaziçi DSK,1333.5828145513372
2023-12-23,2023-2024,Yalova SK,1440.2835458906611
2023-12-23,2023-2024,Mormenekşe GBSK,1339.409675144766
2023-12-23,2023-2024,Ozanköy SK,1293.6970893512078
2023-12-23,2023-2024,Girne Halk Evi SK,1221.0375400417115
2023-12-23,2023-2024,Esentepe KSKK,1586.0416081444791
2023-12-23,2023-2024,Çanakkale TSK,1348.1719641694967
2023-12-23,2023-2024,Lapta Türk Birliği SK,1387.5664823528994
2023-12-23,2023-2024,M. Hacıali Yılmazköy SK,1373.9455595613174
2023-12-23,2023-2024,Geçitkale GSK,1274.6284474386234
2023-12-23,2023-2024,Değirmenlik SK,1642.643283638398
2023-12-24,2023-2024,Gönyeli SK,1394.1964619837024
2023-12-24,2023-2024,Binatlı YSK,1316.5397968673287
2023-12-24,2023-2024,Baf Ülkü Yurdu,1164.9909270762973
2023-12-24,2023-2024,Hamitköy ŞHSK,1395.1239093816657
2023-12-24,2023-2024,Maraş GSK,1349.0792325622199
2023-12-24,2023-2024,Düzkaya KOSK,1396.0679131585268
2023-12-27,2023-2024,Çanakkale TSK,1394.5888612864753
2023-12-27,2023-2024,Yalova SK,1393.8666487736825
2023-12-28,2023-2024,Doğan Türk Birliği,1608.7372639682105
2023-12-28,2023-2024,Göçmenköy İYSK,1563.725458551835
2023-12-28,2023-2024,Gençlik Gücü TSK,1492.8261268475326
2023-12-28,2023-2024,Türk Ocağı Limasol SK,1263.1181862433064
2023-12-28,2023-2024,Dumlupınar TSK,1669.5758333543424
2023-12-28,2023-2024,Çetinkaya TSK,1449.8616924958453
2023-12-28,2023-2024,Mormenekşe GBSK,1329.957931462612
2023-12-28,2023-2024,Girne Halk Evi SK,1230.4892837238656
2023-12-28,2023-2024,Binatlı YSK,1347.3233386644038
2023-12-28,2023-2024,Esentepe KSKK,1555.258066347404
2023-12-28,2023-2024,Hamitköy ŞHSK,1411.2832735051109
2023-12-28,2023-2024,Lapta Türk Birliği SK,1371.4071182294542
2023-12-29,2023-2024,Mağusa Türk Gücü,1808.052451518356
2023-12-29,2023-2024,Yenicami AK,1520.5350827904192
2023-12-29,2023-2024,L. Gençler Birliği SK,1392.9007869507393
2023-12-29,2023-2024,Alsancak Yeşilova SK,1478.9954407809553
2023-12-29,2023-2024,Yeniboğaziçi DSK,1312.1630751223597
2023-12-29,2023-2024,Mesarya SK,1517.2229432620247
2023-12-29,2023-2024,Cihangir GSK,1788.356469963802
2023-12-29,2023-2024,Küçük Kaymaklı TSK,1307.7832840651124
2023-12-29,2023-2024,Karşıyaka SK,1510.4422459931477
2023-12-29,2023-2024,Lefke TSK,1411.241571446771
2023-12-29,2023-2024,M. Hacıali Yılmazköy SK,1391.6673487320834
2023-12-29,2023-2024,Gönyeli SK,1376.4746728129364
2023-12-29,2023-2024,Düzkaya KOSK,1382.375211465193
2023-12-29,2023-2024,Baf Ülkü Yurdu,1178.6836287696312
2023-12-29,2023-2024,Değirmenlik SK,1650.731671771103
2023-12-29,2023-2024,Maraş GSK,1340.990844429515
2023-12-29,2023-2024,Geçitkale GSK,1252.2830895834559
2023-12-29,2023-2024,Ozanköy SK,1316.0424472063753
2024-01-26,2023-2024,Gençlik Gücü TSK,1444.594682395437
2024-01-26,2023-2024,Küçük Kaymaklı TSK,1356.014728517208
2024-01-27,2023-2024,Cihangir GSK,1797.4153882458208
2024-01-27,2023-2024,Mesarya SK,1508.164024980006
2024-01-27,2023-2024,Yeniboğaziçi DSK,1294.716955993011
2024-01-27,2023-2024,Göçmenköy İYSK,1581.1715776811836
2024-01-27,2023-2024,Karşıyaka SK,1516.2684200352996
2024-01-27,2023-2024,Türk Ocağı Limasol SK,1257.2920122011544
2024-01-27,2023-2024,Çanakkale TSK,1409.6983108132624
2024-01-27,2023-2024,Girne Halk Evi SK,1215.3798341970785
2024-01-27,2023-2024,Düzkaya KOSK,1398.3458437471845
2024-01-27,2023-2024,Lapta Türk Birliği SK,1355.4364859474626
2024-01-27,2023-2024,Geçitkale GSK,1284.756290517591
2024-01-27,2023-2024,Maraş GSK,1308.5176434953798
2024-01-27,2023-2024,M. Hacıali Yılmazköy SK,1397.4598702386706
2024-01-27,2023-2024,Esentepe KSKK,1549.4655448408168
2024-01-27,2023-2024,Değirmenlik SK,1653.4119740991325
2024-01-27,2023-2024,Baf Ülkü Yurdu,1176.0033264416018
2024-01-28,2023-2024,Doğan Türk Birliği,1623.8090467898794
2024-01-28,2023-2024,Alsancak Yeşilova SK,1463.9236579592864
2024-01-28,2023-2024,Dumlupınar TSK,1675.0935605951615
2024-01-28,2023-2024,Lefke TSK,1405.723844205952
2024-01-28,2023-2024,L. Gençler Birliği SK,1428.6681331188956
2024-01-28,2023-2024,Yenicami AK,1484.7677366222629
2024-01-28,2023-2024,Binatlı YSK,1326.549096440872
2024-01-28,2023-2024,Yalova SK,1414.6408909972142
2024-01-28,2023-2024,Hamitköy ŞHSK,1433.2941639541034
2024-01-28,2023-2024,Gönyeli SK,1354.463782363944
2024-01-28,2023-2024,Ozanköy SK,1313.4050584152492
2024-01-28,2023-2024,Mormenekşe GBSK,1332.595320253738
2024-01-29,2023-2024,Çetinkaya TSK,1443.7689149957316
2024-01-29,2023-2024,Mağusa Türk Gücü,1814.1452290184698
2024-02-02,2023-2024,Göçmenköy İYSK,1569.6047211283935
2024-02-02,2023-2024,Cihangir GSK,1808.982244798611
2024-02-03,2023-2024,Alsancak Yeşilova SK,1480.7968446413483
2024-02-03,2023-2024,Yeniboğaziçi DSK,1277.843769310949
2024-02-03,2023-2024,Mesarya SK,1481.3362938869845
2024-02-03,2023-2024,Gençlik Gücü TSK,1471.4224134884585
2024-02-03,2023-2024,Küçük Kaymaklı TSK,1330.8428246011592
2024-02-03,2023-2024,Karşıyaka SK,1541.4403239513483
2024-02-03,2023-2024,Girne Halk Evi SK,1198.3042601264624
2024-02-03,2023-2024,Binatlı YSK,1343.6246705114881
2024-02-03,2023-2024,Maraş GSK,1285.3714525401276
2024-02-03,2023-2024,Ozanköy SK,1336.5512493705014
2024-02-03,2023-2024,Baf Ülkü Yurdu,1178.7914966106714
2024-02-03,2023-2024,Geçitkale GSK,1281.9681203485213
2024-02-03,2023-2024,Esentepe KSKK,1520.112487061681
2024-02-03,2023-2024,Hamitköy ŞHSK,1462.6472217332393
2024-02-04,2023-2024,Lefke TSK,1363.1995486385183
2024-02-04,2023-2024,Çetinkaya TSK,1486.2932105631653
2024-02-04,2023-2024,Mağusa Türk Gücü,1819.862577423827
2024-02-04,2023-2024,L. Gençler Birliği SK,1422.9507847135385
2024-02-04,2023-2024,Türk Ocağı Limasol SK,1245.9841328047892
2024-02-04,2023-2024,Dumlupınar TSK,1686.4014399915268
2024-02-04,2023-2024,Yalova SK,1410.2696631119693
2024-02-04,2023-2024,M. Hacıali Yılmazköy SK,1401.8310981239156
2024-02-04,2023-2024,Gönyeli SK,1373.5366242633083
2024-02-04,2023-2024,Düzkaya KOSK,1379.27300184782
2024-02-04,2023-2024,Mormenekşe GBSK,1313.5790530545567
2024-02-04,2023-2024,Çanakkale TSK,1428.7145780124438
2024-02-04,2023-2024,Lapta Türk Birliği SK,1338.2123848509261
2024-02-04,2023-2024,Değirmenlik SK,1670.636075195669
2024-02-05,2023-2024,Yenicami AK,1489.2408157675954
2024-02-05,2023-2024,Doğan Türk Birliği,1619.3359676445468
2024-02-09,2023-2024,Çetinkaya TSK,1479.4770220675077
2024-02-09,2023-2024,L. Gençler Birliği SK,1429.766973209196
2024-02-10,2023-2024,Dumlupınar TSK,1692.2655806600815
2024-02-10,2023-2024,Küçük Kaymaklı TSK,1324.9786839326046
2024-02-10,2023-2024,Gençlik Gücü TSK,1473.6115577822643
2024-02-10,2023-2024,Göçmenköy İYSK,1567.4155768345877
2024-02-10,2023-2024,Yeniboğaziçi DSK,1260.1473754993638
2024-02-10,2023-2024,Yenicami AK,1506.9372095791807
2024-02-10,2023-2024,Doğan Türk Birliği,1607.0112783235045
2024-02-10,2023-2024,Mağusa Türk Gücü,1832.1872667448692
2024-02-10,2023-2024,Lefke TSK,1381.7496404838514
2024-02-10,2023-2024,Türk Ocağı Limasol SK,1227.434040959456
2024-02-10,2023-2024,Cihangir GSK,1814.783545339679
2024-02-10,2023-2024,Alsancak Yeşilova SK,1474.9955441002803
2024-02-10,2023-2024,Karşıyaka SK,1566.4698794675337
2024-02-10,2023-2024,Mesarya SK,1456.3067383707992
2024-02-10,2023-2024,Değirmenlik SK,1677.4451612828427
2024-02-10,2023-2024,Gönyeli SK,1366.7275381761347
2024-02-10,2023-2024,Hamitköy ŞHSK,1456.3947849372596
2024-02-10,2023-2024,Yalova SK,1416.522099907949
2024-02-11,2023-2024,Düzkaya KOSK,1416.1299490063666
2024-02-11,2023-2024,Esentepe KSKK,1483.2555399031344
2024-02-11,2023-2024,M. Hacıali Yılmazköy SK,1412.6254763034626
2024-02-11,2023-2024,Girne Halk Evi SK,1187.5098819469154
2024-02-11,2023-2024,Geçitkale GSK,1316.5897894348889
2024-02-11,2023-2024,Lapta Türk Birliği SK,1303.5907157645586
2024-02-11,2023-2024,Binatlı YSK,1369.7514345966154
2024-02-11,2023-2024,Mormenekşe GBSK,1287.4522889694294
2024-02-11,2023-2024,Maraş GSK,1296.455301421483
2024-02-11,2023-2024,Baf Ülkü Yurdu,1167.707647729316
2024-02-11,2023-2024,Ozanköy SK,1309.3205480988477
2024-02-11,2023-2024,Çanakkale TSK,1455.9452792840975
2024-02-17,2023-2024,Türk Ocağı Limasol SK,1207.5370031890973
2024-02-17,2023-2024,Çetinkaya TSK,1499.3740598378665
2024-02-17,2023-2024,Çanakkale TSK,1427.993537447492
2024-02-17,2023-2024,Binatlı YSK,1397.703176433221
2024-02-17,2023-2024,Baf Ülkü Yurdu,1204.6278558076137
2024-02-17,2023-2024,Ozanköy SK,1272.40034002055
2024-02-17,2023-2024,Lapta Türk Birliği SK,1319.7734825042912
2024-02-17,2023-2024,Maraş GSK,1280.2725346817504
2024-02-17,2023-2024,Gönyeli SK,1390.9897644881655
2024-02-17,2023-2024,Geçitkale GSK,1292.327563122858
2024-02-17,2023-2024,Mormenekşe GBSK,1291.160565813003
2024-02-17,2023-2024,M. Hacıali Yılmazköy SK,1408.9171994598892
2024-02-18,2023-2024,L. Gençler Birliği SK,1436.2710640038179
2024-02-18,2023-2024,Doğan Türk Birliği,1600.5071875288827
2024-02-18,2023-2024,Küçük Kaymaklı TSK,1344.7928106015706
2024-02-18,2023-2024,Lefke TSK,1361.9355138148853
2024-02-18,2023-2024,Mesarya SK,1465.6502344310898
2024-02-18,2023-2024,Dumlupınar TSK,1682.9220845997909
2024-02-18,2023-2024,Alsancak Yeşilova SK,1491.4983108686765
2024-02-18,2023-2024,Gençlik Gücü TSK,1457.108791013868
2024-02-18,2023-2024,Mağusa Türk Gücü,1834.3652086456802
2024-02-18,2023-2024,Yeniboğaziçi DSK,1257.9694335985528
2024-02-18,2023-2024,Yenicami AK,1493.384471603254
2024-02-18,2023-2024,Cihangir GSK,1828.3362833156057
2024-02-18,2023-2024,Girne Halk Evi SK,1218.2682113273743
2024-02-18,2023-2024,Hamitköy ŞHSK,1425.6364555568007
2024-02-18,2023-2024,Yalova SK,1433.08024304509
2024-02-18,2023-2024,Düzkaya KOSK,1399.5718058692255
2024-02-18,2023-2024,Esentepe KSKK,1459.559460319112
2024-02-18,2023-2024,Değirmenlik SK,1701.141240866865
2024-02-19,2023-2024,Göçmenköy İYSK,1583.9428074807497
2024-02-19,2023-2024,Karşıyaka SK,1549.9426488213717
2024-02-23,2023-2024,Lefke TSK,1364.4387398587544
2024-02-23,2023-2024,Mesarya SK,1463.1470083872207
2024-02-24,2023-2024,Gençlik Gücü TSK,1455.7452280520788
2024-02-24,2023-2024,Yenicami AK,1494.7480345650433
2024-02-24,2023-2024,Cihangir GSK,1805.2542097954536
2024-02-24,2023-2024,Mağusa Türk Gücü,1857.4472821658323
2024-02-24,2023-2024,Yeniboğaziçi DSK,1234.4467463683513
2024-02-24,2023-2024,L. Gençler Birliği SK,1459.7937512340193
2024-02-24,2023-2024,Maraş GSK,1250.3457083250823
2024-02-24,2023-2024,Gönyeli SK,1420.9165908448335
2024-02-24,2023-2024,Baf Ülkü Yurdu,1179.3499246391436
2024-02-24,2023-2024,Lapta Türk Birliği SK,1345.0514136727613
2024-02-24,2023-2024,Ozanköy SK,1243.9024352240745
2024-02-24,2023-2024,Binatlı YSK,1426.2010812296965
2024-02-24,2023-2024,Hamitköy ŞHSK,1435.4806675440334
2024-02-24,2023-2024,Mormenekşe GBSK,1281.3163538257702
2024-02-24,2023-2024,Geçitkale GSK,1278.3115175092526
2024-02-24,2023-2024,Esentepe KSKK,1473.5755059327175
2024-02-25,2023-2024,Türk Ocağı Limasol SK,1191.91233029824
2024-02-25,2023-2024,Küçük Kaymaklı TSK,1360.417483492428
2024-02-25,2023-2024,Karşıyaka SK,1523.3768538413117
2024-02-25,2023-2024,Alsancak Yeşilova SK,1518.0641058487365
2024-02-25,2023-2024,Dumlupınar TSK,1694.3599027439116
2024-02-25,2023-2024,Göçmenköy İYSK,1572.504989336629
2024-02-25,2023-2024,Çetinkaya TSK,1538.4984810864337
2024-02-25,2023-2024,Doğan Türk Birliği,1561.3827662803155
2024-02-25,2023-2024,Düzkaya KOSK,1387.5541514587849
2024-02-25,2023-2024,Girne Halk Evi SK,1230.285865737815
2024-02-25,2023-2024,Değirmenlik SK,1709.0263756986258
2024-02-25,2023-2024,Yalova SK,1425.1951082133291
2024-02-25,2023-2024,M. Hacıali Yılmazköy SK,1426.5722785352195
2024-02-25,2023-2024,Çanakkale TSK,1410.3384583721615
2024-03-01,2023-2024,Yenicami AK,1456.5963220598132
2024-03-01,2023-2024,Karşıyaka SK,1561.5285663465418
2024-03-01,2023-2024,Girne Halk Evi SK,1226.99073669711
2024-03-01,2023-2024,Değirmenlik SK,1712.3215047393307
2024-03-02,2023-2024,Doğan Türk Birliği,1507.2218651841977
2024-03-02,2023-2024,Yeniboğaziçi DSK,1288.6076474644692
2024-03-02,2023-2024,L. Gençler Birliği SK,1453.3127776744948
2024-03-02,2023-2024,Cihangir GSK,1811.735183354978
2024-03-02,2023-2024,Göçmenköy İYSK,1559.548314831835
2024-03-02,2023-2024,Lefke TSK,1377.3954143635485
2024-03-02,2023-2024,Alsancak Yeşilova SK,1557.7469380214436
2024-03-02,2023-2024,Dumlupınar TSK,1654.6770705712045
2024-03-02,2023-2024,Mağusa Türk Gücü,1862.0330998206118
2024-03-02,2023-2024,Gençlik Gücü TSK,1451.1594103972993
2024-03-02,2023-2024,Binatlı YSK,1442.8018809022294
2024-03-02,2023-2024,M. Hacıali Yılmazköy SK,1409.9714788626866
2024-03-02,2023-2024,Mormenekşe GBSK,1283.9624122880948
2024-03-02,2023-2024,Düzkaya KOSK,1384.9080929964603
2024-03-03,2023-2024,Mesarya SK,1470.9078602073837
2024-03-03,2023-2024,Türk Ocağı Limasol SK,1184.151478478077
2024-03-03,2023-2024,Küçük Kaymaklı TSK,1400.2381742648317
2024-03-03,2023-2024,Çetinkaya TSK,1498.6777903140298
2024-03-03,2023-2024,Gönyeli SK,1433.6518997865082
2024-03-03,2023-2024,Baf Ülkü Yurdu,1166.614615697469
2024-03-03,2023-2024,Lapta Türk Birliği SK,1336.387498065067
2024-03-03,2023-2024,Ozanköy SK,1252.566350831769
2024-03-03,2023-2024,Esentepe KSKK,1440.1265191149987
2024-03-03,2023-2024,Maraş GSK,1283.7946951428012
2024-03-03,2023-2024,Yalova SK,1439.1807991915505
2024-03-03,2023-2024,Geçitkale GSK,1264.3258265310312
2024-03-04,2023-2024,Çanakkale TSK,1408.338588276317
2024-03-04,2023-2024,Hamitköy ŞHSK,1437.4805376398779
2024-03-08,2023-2024,Gençlik Gücü TSK,1407.4728708163989
2024-03-08,2023-2024,L. Gençler Birliği SK,1496.9993172553952
2024-03-09,2023-2024,Çetinkaya TSK,1510.886900756889
2024-03-09,2023-2024,Yeniboğaziçi DSK,1276.39853702161
2024-03-09,2023-2024,Lefke TSK,1384.0589864522506
2024-03-09,2023-2024,Alsancak Yeşilova SK,1551.0833659327416
2024-03-09,2023-2024,Küçük Kaymaklı TSK,1371.15917949417
2024-03-09,2023-2024,Mesarya SK,1499.9868549780454
2024-03-09,2023-2024,Baf Ülkü Yurdu,1157.5608693598992
2024-03-09,2023-2024,Esentepe KSKK,1449.1802654525684
2024-03-09,2023-2024,Maraş GSK,1289.1516406790347
2024-03-09,2023-2024,Yalova SK,1433.823853655317
2024-03-09,2023-2024,Lapta Türk Birliği SK,1318.5244215237951
2024-03-09,2023-2024,Gönyeli SK,1451.51497632778
2024-03-09,2023-2024,Düzkaya KOSK,1402.8107227632736
2024-03-09,2023-2024,Çanakkale TSK,1390.4359585095037
2024-03-09,2023-2024,Geçitkale GSK,1291.5865792166098
2024-03-09,2023-2024,Girne Halk Evi SK,1199.7299840115313
2024-03-10,2023-2024,Karşıyaka SK,1549.5109024255016
2024-03-10,2023-2024,Mağusa Türk Gücü,1874.050763741652
2024-03-10,2023-2024,Cihangir GSK,1818.290870264739
2024-03-10,2023-2024,Doğan Türk Birliği,1500.6661782744368
2024-03-10,2023-2024,Türk Ocağı Limasol SK,1174.3538394939435
2024-03-10,2023-2024,Göçmenköy İYSK,1569.3459538159684
2024-03-10,2023-2024,Dumlupınar TSK,1662.0601991291353
2024-03-10,2023-2024,Yenicami AK,1449.2131935018824
2024-03-10,2023-2024,Ozanköy SK,1230.763345084992
2024-03-10,2023-2024,M. Hacıali Yılmazköy SK,1431.7744846094636
2024-03-10,2023-2024,Hamitköy ŞHSK,1414.3587122466317
2024-03-10,2023-2024,Binatlı YSK,1465.9237062954755
2024-03-10,2023-2024,Değirmenlik SK,1694.5903376229978
2024-03-10,2023-2024,Mormenekşe GBSK,1301.6935794044277
2024-03-15,2023-2024,Göçmenköy İYSK,1580.4151360681187
2024-03-15,2023-2024,Küçük Kaymaklı TSK,1360.0899972420198
2024-03-15,2023-2024,Mağusa Türk Gücü,1880.9639536485822
2024-03-15,2023-2024,Dumlupınar TSK,1655.147009222205
2024-03-16,2023-2024,Yeniboğaziçi DSK,1274.0487087312997
2024-03-16,2023-2024,Cihangir GSK,1820.6406985550493
2024-03-16,2023-2024,Yenicami AK,1408.8508864231947
2024-03-16,2023-2024,Lefke TSK,1424.4212935309383
2024-03-16,2023-2024,Doğan Türk Birliği,1512.3779477176947
2024-03-16,2023-2024,Gençlik Gücü TSK,1395.761101373141
2024-03-16,2023-2024,L. Gençler Birliği SK,1476.568316184712
2024-03-16,2023-2024,Karşıyaka SK,1569.9419034961848
2024-03-16,2023-2024,M. Hacıali Yılmazköy SK,1447.3903907597296
2024-03-16,2023-2024,Hamitköy ŞHSK,1398.7428060963657
2024-03-16,2023-2024,Yalova SK,1441.391211666011
2024-03-16,2023-2024,Baf Ülkü Yurdu,1149.9935113492052
2024-03-16,2023-2024,Çanakkale TSK,1378.6189442299385
2024-03-16,2023-2024,Değirmenlik SK,1706.407351902563
2024-03-16,2023-2024,Esentepe KSKK,1459.188585471212
2024-03-16,2023-2024,Lapta Türk Birliği SK,1308.5161015051515
2024-03-16,2023-2024,Gönyeli SK,1438.1445127603206
2024-03-16,2023-2024,Ozanköy SK,1244.1338086524513
2024-03-17,2023-2024,Alsancak Yeşilova SK,1557.0738733540697
2024-03-17,2023-2024,Türk Ocağı Limasol SK,1168.3633320726153
2024-03-17,2023-2024,Mesarya SK,1477.1791013799982
2024-03-17,2023-2024,Çetinkaya TSK,1533.6946543549361
2024-03-17,2023-2024,Binatlı YSK,1479.1191940920066
2024-03-17,2023-2024,Düzkaya KOSK,1389.6152349667425
2024-03-17,2023-2024,Girne Halk Evi SK,1221.4195938565385
2024-03-17,2023-2024,Maraş GSK,1267.4620308340275
2024-03-17,2023-2024,Mormenekşe GBSK,1297.7117918861743
2024-03-17,2023-2024,Geçitkale GSK,1295.5683667348633
2024-03-23,2023-2024,Gençlik Gücü TSK,1386.1607007159926
2024-03-23,2023-2024,Yeniboğaziçi DSK,1283.649109388448
2024-03-23,2023-2024,Küçük Kaymaklı TSK,1387.5907295675736
2024-03-23,2023-2024,Alsancak Yeşilova SK,1529.573141028516
2024-03-23,2023-2024,Baf Ülkü Yurdu,1130.651012507752
2024-03-23,2023-2024,Girne Halk Evi SK,1240.7620926979916
2024-03-23,2023-2024,Lapta Türk Birliği SK,1292.6506727650763
2024-03-23,2023-2024,Yalova SK,1457.2566404060863
2024-03-23,2023-2024,Maraş GSK,1265.7536427718674
2024-03-23,2023-2024,Mormenekşe GBSK,1299.4201799483344
2024-03-23,2023-2024,Geçitkale GSK,1262.8870370752152
2024-03-23,2023-2024,Çanakkale TSK,1411.3002738895866
2024-03-23,2023-2024,Ozanköy SK,1229.4492048173165
2024-03-23,2023-2024,Hamitköy ŞHSK,1413.4274099315005
2024-03-23,2023-2024,Düzkaya KOSK,1409.4871643896722
2024-03-23,2023-2024,M. Hacıali Yılmazköy SK,1427.5184613367999
2024-03-24,2023-2024,Mesarya SK,1459.6551990505386
2024-03-24,2023-2024,Göçmenköy İYSK,1597.9390383975783
2024-03-24,2023-2024,Türk Ocağı Limasol SK,1150.0689157151817
2024-03-24,2023-2024,Yenicami AK,1427.1453027806283
2024-03-24,2023-2024,Lefke TSK,1418.8672534581985
2024-03-24,2023-2024,Mağusa Türk Gücü,1886.517993721322
2024-03-24,2023-2024,Karşıyaka SK,1523.5309577399087
2024-03-24,2023-2024,Doğan Türk Birliği,1558.7888934739708
2024-03-24,2023-2024,Dumlupınar TSK,1607.2715705313406
2024-03-24,2023-2024,L. Gençler Birliği SK,1524.4437548755766
2024-03-24,2023-2024,Gönyeli SK,1415.9113796796537
2024-03-24,2023-2024,Esentepe KSKK,1481.421718551879
2024-03-24,2023-2024,Değirmenlik SK,1716.0434083234636
2024-03-24,2023-2024,Binatlı YSK,1469.483137671106
2024-03-25,2023-2024,Çetinkaya TSK,1518.778438559823
2024-03-25,2023-2024,Cihangir GSK,1835.5569143501625
2024-03-30,2023-2024,Mağusa Türk Gücü,1887.3262649664248
2024-03-30,2023-2024,Türk Ocağı Limasol SK,1149.260644470079
2024-03-30,2023-2024,Göçmenköy İYSK,1549.6247641290934
2024-03-30,2023-2024,Çetinkaya TSK,1567.0927128283079
2024-03-30,2023-2024,Doğan Türk Birliği,1595.0462416145729
2024-03-30,2023-2024,Dumlupınar TSK,1571.0142223907385
2024-03-30,2023-2024,Yeniboğaziçi DSK,1293.1682109190715
2024-03-30,2023-2024,Karşıyaka SK,1514.0118562092853
2024-03-30,2023-2024,Cihangir GSK,1837.580065773413
2024-03-30,2023-2024,Gençlik Gücü TSK,1384.137549292742
2024-03-30,2023-2024,Binatlı YSK,1480.1219943620913
2024-03-30,2023-2024,Geçitkale GSK,1252.24818038423
2024-03-30,2023-2024,M. Hacıali Yılmazköy SK,1439.055712229597
2024-03-30,2023-2024,Değirmenlik SK,1704.5061574306665
2024-03-30,2023-2024,Hamitköy ŞHSK,1429.7877117987398
2024-03-30,2023-2024,Düzkaya KOSK,1393.126862522433
2024-03-31,2023-2024,Yenicami AK,1441.5663399836585
2024-03-31,2023-2024,Küçük Kaymaklı TSK,1373.1696923645434
2024-03-31,2023-2024,Alsancak Yeşilova SK,1548.8503055777423
2024-03-31,2023-2024,Mesarya SK,1440.3780345013122
2024-03-31,2023-2024,L. Gençler Birliği SK,1535.5739466149291
2024-03-31,2023-2024,Lefke TSK,1407.737061718846
2024-03-31,2023-2024,Mormenekşe GBSK,1315.2702537429716
2024-03-31,2023-2024,Baf Ülkü Yurdu,1114.8009387131149
2024-03-31,2023-2024,Girne Halk Evi SK,1204.9451121127236
2024-03-31,2023-2024,Lapta Türk Birliği SK,1328.4676533503443
2024-03-31,2023-2024,Yalova SK,1431.5827555477326
2024-03-31,2023-2024,Gönyeli SK,1441.5852645380073
2024-03-31,2023-2024,Esentepe KSKK,1467.1159584719383
2024-03-31,2023-2024,Ozanköy SK,1243.7549648972572
2024-03-31,2023-2024,Çanakkale TSK,1365.3686810407135
2024-03-31,2023-2024,Maraş GSK,1311.6852356207405
2024-04-06,2023-2024,Mesarya SK,1405.3477779989864
2024-04-06,2023-2024,Yenicami AK,1476.5965964859843
2024-04-06,2023-2024,Türk Ocağı Limasol SK,1139.9806346222008
2024-04-06,2023-2024,L. Gençler Birliği SK,1544.8539564628072
2024-04-06,2023-2024,Lefke TSK,1434.7542814828132
2024-04-06,2023-2024,Doğan Türk Birliği,1568.0290218506057
2024-04-06,2023-2024,Çetinkaya TSK,1575.0144866187682
2024-04-06,2023-2024,Gençlik Gücü TSK,1376.2157755022818
2024-04-06,2023-2024,Lapta Türk Birliği SK,1283.1820393810876
2024-04-06,2023-2024,Mormenekşe GBSK,1360.5558677122283
2024-04-06,2023-2024,Baf Ülkü Yurdu,1104.788812451602
2024-04-06,2023-2024,Çanakkale TSK,1375.3808073022262
2024-04-06,2023-2024,Maraş GSK,1350.7557915125026
2024-04-06,2023-2024,Binatlı YSK,1441.0514384703292
2024-04-06,2023-2024,Değirmenlik SK,1712.1325073514201
2024-04-06,2023-2024,Hamitköy ŞHSK,1422.161361877986
2024-04-07,2023-2024,Göçmenköy İYSK,1578.56414936179
2024-04-07,2023-2024,Alsancak Yeşilova SK,1519.9109203450457
2024-04-07,2023-2024,Karşıyaka SK,1546.817009471634
2024-04-07,2023-2024,Cihangir GSK,1804.7749125110643
2024-04-07,2023-2024,Gönyeli SK,1452.32855150511
2024-04-07,2023-2024,Girne Halk Evi SK,1194.201825145621
2024-04-07,2023-2024,Esentepe KSKK,1481.7511536260351
2024-04-07,2023-2024,Yalova SK,1416.9475603936357
2024-04-07,2023-2024,Geçitkale GSK,1292.736007350623
2024-04-07,2023-2024,M. Hacıali Yılmazköy SK,1398.567885263204
2024-04-07,2023-2024,Ozanköy SK,1268.7890778451422
2024-04-07,2023-2024,Düzkaya KOSK,1368.092749574548
2024-04-08,2023-2024,Küçük Kaymaklı TSK,1367.7119724857587
2024-04-08,2023-2024,Mağusa Türk Gücü,1892.7839848452095
2024-04-09,2023-2024,Dumlupınar TSK,1580.3983495044874
2024-04-09,2023-2024,Yeniboğaziçi DSK,1283.7840838053226
2024-04-13,2023-2024,Yenicami AK,1459.0007614991684
2024-04-13,2023-2024,Göçmenköy İYSK,1596.1599843486058
2024-04-13,2023-2024,Mağusa Türk Gücü,1895.8620026731426
2024-04-13,2023-2024,Mesarya SK,1402.2697601710533
2024-04-13,2023-2024,Alsancak Yeşilova SK,1481.8824652383682
2024-04-13,2023-2024,Çetinkaya TSK,1613.0429417254456
2024-04-13,2023-2024,L. Gençler Birliği SK,1497.0587263823072
2024-04-13,2023-2024,Küçük Kaymaklı TSK,1415.5072025662587
2024-04-13,2023-2024,Doğan Türk Birliği,1572.2902662884383
2024-04-13,2023-2024,Türk Ocağı Limasol SK,1135.7193901843682
2024-04-13,2023-2024,Yeniboğaziçi DSK,1257.7444147998267
2024-04-13,2023-2024,Lefke TSK,1460.793950488309
2024-04-13,2023-2024,Cihangir GSK,1814.5473084504201
2024-04-13,2023-2024,Dumlupınar TSK,1570.6259535651316
2024-04-13,2023-2024,Gençlik Gücü TSK,1362.3758054180248
2024-04-13,2023-2024,Karşıyaka SK,1560.656979555891
2024-04-14,2023-2024,Mormenekşe GBSK,1342.3797688517698
2024-04-14,2023-2024,Gönyeli SK,1470.5046503655685
2024-04-14,2023-2024,Girne Halk Evi SK,1205.7015429796486
2024-04-14,2023-2024,Esentepe KSKK,1470.2514357920074
2024-04-14,2023-2024,Yalova SK,1426.2189808833905
2024-04-14,2023-2024,Ozanköy SK,1259.5176573553874
2024-04-14,2023-2024,Çanakkale TSK,1387.1400512411797
2024-04-14,2023-2024,Lapta Türk Birliği SK,1271.4227954421342
2024-04-14,2023-2024,Binatlı YSK,1424.759551661514
2024-04-14,2023-2024,Baf Ülkü Yurdu,1121.0806992604173
2024-04-14,2023-2024,M. Hacıali Yılmazköy SK,1423.0427760281016
2024-04-14,2023-2024,Maraş GSK,1326.280900747605
2024-04-14,2023-2024,Hamitköy ŞHSK,1432.2229298399482
2024-04-14,2023-2024,Geçitkale GSK,1282.6744393886609
2024-04-14,2023-2024,Düzkaya KOSK,1361.5672381276659
2024-04-14,2023-2024,Değirmenlik SK,1718.6580187983022
2024-04-20,2023-2024,Alsancak Yeşilova SK,1504.858617214767
2024-04-20,2023-2024,Yenicami AK,1436.0246095227697
2024-04-20,2023-2024,Türk Ocağı Limasol SK,1106.902130512017
2024-04-20,2023-2024,Yeniboğaziçi DSK,1286.5616744721779
2024-04-20,2023-2024,Esentepe KSKK,1440.3805058668859
2024-04-20,2023-2024,Mormenekşe GBSK,1372.2506987768913
2024-04-20,2023-2024,Yalova SK,1412.8559768435957
2024-04-20,2023-2024,Girne Halk Evi SK,1219.0645470194434
2024-04-20,2023-2024,Gönyeli SK,1442.690470449548
2024-04-20,2023-2024,Çanakkale TSK,1414.9542311572002
2024-04-20,2023-2024,Lapta Türk Birliği SK,1315.6055126964707
2024-04-20,2023-2024,Binatlı YSK,1380.5768344071776
2024-04-20,2023-2024,Baf Ülkü Yurdu,1133.1225452921651
2024-04-20,2023-2024,M. Hacıali Yılmazköy SK,1411.0009299963538
2024-04-20,2023-2024,Maraş GSK,1328.9102295447062
2024-04-20,2023-2024,Hamitköy ŞHSK,1429.593601042847
2024-04-20,2023-2024,Geçitkale GSK,1314.3041687402267
2024-04-20,2023-2024,Düzkaya KOSK,1329.9375087761
2024-04-20,2023-2024,Ozanköy SK,1255.8649019666836
2024-04-20,2023-2024,Değirmenlik SK,1722.310774187006
2024-04-21,2023-2024,Göçmenköy İYSK,1608.1185690420896
2024-04-21,2023-2024,Mağusa Türk Gücü,1883.9034179796588
2024-04-21,2023-2024,Mesarya SK,1435.2636818234564
2024-04-21,2023-2024,L. Gençler Birliği SK,1464.0648047299042
2024-04-21,2023-2024,Küçük Kaymaklı TSK,1388.191285905863
2024-04-21,2023-2024,Doğan Türk Birliği,1599.606182948834
2024-04-21,2023-2024,Lefke TSK,1511.4551322762138
2024-04-21,2023-2024,Cihangir GSK,1763.8861266625154
2024-04-21,2023-2024,Dumlupınar TSK,1512.9410262485703
2024-04-21,2023-2024,Gençlik Gücü TSK,1420.060732734586
2024-04-22,2023-2024,Çetinkaya TSK,1567.1004135168935
2024-04-22,2023-2024,Karşıyaka SK,1606.5995077644432
2024-04-27,2023-2024,Mağusa Türk Gücü,1890.5601138020186
2024-04-27,2023-2024,Alsancak Yeşilova SK,1498.2019213924073
2024-04-27,2023-2024,L. Gençler Birliği SK,1488.8110903432353
2024-04-27,2023-2024,Göçmenköy İYSK,1583.3722834287585
2024-04-27,2023-2024,Doğan Türk Birliği,1615.7771343548272
2024-04-27,2023-2024,Mesarya SK,1419.0927304174631
2024-04-27,2023-2024,Yeniboğaziçi DSK,1268.9466648794207
2024-04-27,2023-2024,Küçük Kaymaklı TSK,1405.80629549862
2024-04-27,2023-2024,Cihangir GSK,1765.473182598272
2024-04-27,2023-2024,Türk Ocağı Limasol SK,1105.3150745762605
2024-04-27,2023-2024,Gençlik Gücü TSK,1421.8630370455285
2024-04-27,2023-2024,Lefke TSK,1509.6528279652714
2024-04-27,2023-2024,Karşıyaka SK,1628.5175131676933
2024-04-27,2023-2024,Dumlupınar TSK,1491.0230208453202
2024-04-28,2023-2024,Yenicami AK,1420.0599255303853
2024-04-28,2023-2024,Çetinkaya TSK,1583.0650975092778
2024-04-28,2023-2024,Mormenekşe GBSK,1371.1354070686598
2024-04-28,2023-2024,Yalova SK,1413.9712685518273
2024-04-28,2023-2024,Girne Halk Evi SK,1197.731049424227
2024-04-28,2023-2024,Ozanköy SK,1277.1983995619
2024-04-28,2023-2024,Çanakkale TSK,1412.9705510081558
2024-04-28,2023-2024,Esentepe KSKK,1442.3641860159303
2024-04-28,2023-2024,Binatlı YSK,1410.759338162352
2024-04-28,2023-2024,Gönyeli SK,1412.5079666943736
2024-04-28,2023-2024,M. Hacıali Yılmazköy SK,1432.764152983843
2024-04-28,2023-2024,Lapta Türk Birliği SK,1293.8422897089815
2024-04-28,2023-2024,Hamitköy ŞHSK,1367.5630452260993
2024-04-28,2023-2024,Baf Ülkü Yurdu,1195.1531011089128
2024-04-28,2023-2024,Düzkaya KOSK,1326.4601849712378
2024-04-28,2023-2024,Maraş GSK,1332.3875533495684
2024-04-28,2023-2024,Değirmenlik SK,1727.0601206790702
2024-04-28,2023-2024,Geçitkale GSK,1309.5548222481625
2024-05-02,2023-2024,Çetinkaya TSK,1594.8318313629306
2024-05-02,2023-2024,Dumlupınar TSK,1479.2562869916674
2024-05-04,2023-2024,Türk Ocağı Limasol SK,1089.5127315963102
2024-05-04,2023-2024,Gençlik Gücü TSK,1437.6653800254787
2024-05-04,2023-2024,Yenicami AK,1436.6184970593672
2024-05-04,2023-2024,Mağusa Türk Gücü,1874.0015422730366
2024-05-04,2023-2024,Mesarya SK,1435.1755448352594
2024-05-04,2023-2024,Yeniboğaziçi DSK,1252.8638504616245
2024-05-04,2023-2024,Küçük Kaymaklı TSK,1439.7572745931043
2024-05-04,2023-2024,Cihangir GSK,1731.5222035037878
2024-05-04,2023-2024,Alsancak Yeşilova SK,1456.3031074979158
2024-05-04,2023-2024,L. Gençler Birliği SK,1530.7099042377267
2024-05-04,2023-2024,Lefke TSK,1544.6875312949396
2024-05-04,2023-2024,Karşıyaka SK,1593.482809838025
2024-05-04,2023-2024,Göçmenköy İYSK,1610.9945245431954
2024-05-04,2023-2024,Doğan Türk Birliği,1588.1548932403903
2024-05-05,2023-2024,Yalova SK,1410.4954275590817
2024-05-05,2023-2024,Çanakkale TSK,1416.4463920009014
2024-05-05,2023-2024,Lapta Türk Birliği SK,1294.6317095419986
2024-05-05,2023-2024,Hamitköy ŞHSK,1366.7736253930823
2024-05-05,2023-2024,Esentepe KSKK,1437.2098739005871
2024-05-05,2023-2024,Binatlı YSK,1415.913650277695
2024-05-05,2023-2024,Girne Halk Evi SK,1177.1896264502661
2024-05-05,2023-2024,Mormenekşe GBSK,1391.6768300426206
2024-05-05,2023-2024,Baf Ülkü Yurdu,1179.201186952225
2024-05-05,2023-2024,Düzkaya KOSK,1342.4120991279256
2024-05-05,2023-2024,Ozanköy SK,1275.6104567610444
2024-05-05,2023-2024,Geçitkale GSK,1311.1427650490182
2024-05-05,2023-2024,Maraş GSK,1322.2167424363358
2024-05-05,2023-2024,Değirmenlik SK,1737.2309315923028
2024-05-05,2023-2024,Gönyeli SK,1439.0911007769942
2024-05-05,2023-2024,M. Hacıali Yılmazköy SK,1406.1810189012224
2024-09-19,2024-2025,Doğan Türk Birliği,1576.8347443923521
2024-09-19,2024-2025,Cihangir GSK,1616.2036769219278
2024-09-20,2024-2025,Göçmenköy İYSK,1547.400346163536
2024-09-20,2024-2025,Mağusa Türk Gücü,1769.6273027047846
2024-09-21,2024-2025,Karşıyaka SK,1518.007497486456
2024-09-21,2024-2025,Alsancak Yeşilova SK,1472.6125392716463
2024-09-21,2024-2025,L. Gençler Birliği SK,1518.987484369274
2024-09-21,2024-2025,Çetinkaya TSK,1528.4494160873655
2024-09-21,2024-2025,Lefke TSK,1522.40187652085
2024-09-21,2024-2025,Mesarya SK,1415.7760293329457
2024-09-21,2024-2025,Vadili TÇBSK,1355.218416285301
2024-09-21,2024-2025,Dipkarpaz SK,1402.747631102043
2024-09-21,2024-2025,Çanakkale TSK,1362.8060314979036
2024-09-21,2024-2025,Türk Ocağı Limasol SK,1219.9439099561516
2024-09-21,2024-2025,M. Hacıali Yılmazköy SK,1431.760115799631
2024-09-21,2024-2025,Binatlı YSK,1388.0914848407037
2024-09-22,2024-2025,Esentepe KSKK,1446.2066562500427
2024-09-22,2024-2025,Gönyeli SK,1414.29967351429
2024-09-22,2024-2025,Dumlupınar TSK,1417.1011964741574
2024-09-22,2024-2025,Gençlik Gücü TSK,1473.8706525448486
2024-09-22,2024-2025,Yalova SK,1404.2938499490358
2024-09-22,2024-2025,Hamitköy ŞHSK,1381.9385385212338
2024-09-22,2024-2025,Küçük Kaymaklı TSK,1427.4883874583625
2024-09-22,2024-2025,Kozanköy KSK,1425.536708095382
2024-09-22,2024-2025,Lapta Türk Birliği SK,1355.8890908218646
2024-09-22,2024-2025,Maraş GSK,1310.0278469180328
2024-09-22,2024-2025,Geçitkale GSK,1355.0204305938646
2024-09-22,2024-2025,Mormenekşe GBSK,1375.3748644810112
2024-09-22,2024-2025,Yeniboğaziçi DSK,1291.7003598894014
2024-09-22,2024-2025,Düzkaya KOSK,1358.0372010589076
2024-09-23,2024-2025,Yenicami AK,1457.9685611221985
2024-09-23,2024-2025,Değirmenlik SK,1625.6991091227005
2024-09-27,2024-2025,Çetinkaya TSK,1526.0973756424012
2024-09-27,2024-2025,Göçmenköy İYSK,1549.7523866085003
2024-09-28,2024-2025,Gönyeli SK,1392.9048767314418
2024-09-28,2024-2025,Doğan Türk Birliği,1598.2295411752002
2024-09-28,2024-2025,Alsancak Yeşilova SK,1446.197799865826
2024-09-28,2024-2025,Dumlupınar TSK,1443.5159358799776
2024-09-28,2024-2025,Mağusa Türk Gücü,1780.322607614137
2024-09-28,2024-2025,Karşıyaka SK,1507.3121925771036
2024-09-28,2024-2025,Kozanköy KSK,1420.943408883282
2024-09-28,2024-2025,Yalova SK,1408.8871491611358
2024-09-28,2024-2025,Mormenekşe GBSK,1402.5044534242095
2024-09-28,2024-2025,Lapta Türk Birliği SK,1328.7595018786662
2024-09-28,2024-2025,Düzkaya KOSK,1386.7770254494517
2024-09-28,2024-2025,Vadili TÇBSK,1326.4785918947568
2024-09-28,2024-2025,Hamitköy ŞHSK,1361.3527889735497
2024-09-28,2024-2025,M. Hacıali Yılmazköy SK,1452.345865347315
2024-09-29,2024-2025,Değirmenlik SK,1633.7482778263923
2024-09-29,2024-2025,Esentepe KSKK,1438.157487546351
2024-09-29,2024-2025,Mesarya SK,1449.488085973774
2024-09-29,2024-2025,L. Gençler Birliği SK,1485.2754277284455
2024-09-29,2024-2025,Cihangir GSK,1627.8864553107285
2024-09-29,2024-2025,Lefke TSK,1510.7190981320493
2024-09-29,2024-2025,Maraş GSK,1272.4030397099568
2024-09-29,2024-2025,Küçük Kaymaklı TSK,1465.1131946664384
2024-09-29,2024-2025,Dipkarpaz SK,1416.737728219769
2024-09-29,2024-2025,Geçitkale GSK,1341.0303334761386
2024-09-29,2024-2025,Türk Ocağı Limasol SK,1200.620407439392
2024-09-29,2024-2025,Yeniboğaziçi DSK,1311.023862406161
2024-09-29,2024-2025,Binatlı YSK,1410.87177819659
2024-09-29,2024-2025,Çanakkale TSK,1340.0257381420174
2024-09-30,2024-2025,Gençlik Gücü TSK,1501.3437844602163
2024-09-30,2024-2025,Yenicami AK,1430.4954292068307
2024-10-04,2024-2025,Dumlupınar TSK,1430.0037560805229
2024-10-04,2024-2025,Mağusa Türk Gücü,1793.8347874135918
2024-10-05,2024-2025,Esentepe KSKK,1418.3409003987688
2024-10-05,2024-2025,Gençlik Gücü TSK,1521.1603716077984
2024-10-05,2024-2025,Karşıyaka SK,1524.9507434523562
2024-10-05,2024-2025,Çetinkaya TSK,1508.4588247671486
2024-10-05,2024-2025,Göçmenköy İYSK,1541.129886013823
2024-10-05,2024-2025,Mesarya SK,1458.1105865684515
2024-10-05,2024-2025,Yalova SK,1378.6458188482907
2024-10-05,2024-2025,Maraş GSK,1302.644370022802
2024-10-05,2024-2025,Küçük Kaymaklı TSK,1491.5555287817042
2024-10-05,2024-2025,Mormenekşe GBSK,1376.0621193089437
2024-10-05,2024-2025,Geçitkale GSK,1369.8002939016965
2024-10-05,2024-2025,Düzkaya KOSK,1358.0070650238938
2024-10-05,2024-2025,Yeniboğaziçi DSK,1352.806034787171
2024-10-05,2024-2025,Binatlı YSK,1369.08960581558
2024-10-06,2024-2025,Yenicami AK,1396.6910566782294
2024-10-06,2024-2025,Alsancak Yeşilova SK,1480.0021723944274
2024-10-06,2024-2025,L. Gençler Birliği SK,1463.2927391099518
2024-10-06,2024-2025,Lefke TSK,1532.701786750543
2024-10-06,2024-2025,Gönyeli SK,1382.2043371831314
2024-10-06,2024-2025,Cihangir GSK,1638.586994859039
2024-10-06,2024-2025,Lapta Türk Birliği SK,1366.5718985979013
2024-10-06,2024-2025,Dipkarpaz SK,1378.925331500534
2024-10-06,2024-2025,Vadili TÇBSK,1316.6955846600345
2024-10-06,2024-2025,Türk Ocağı Limasol SK,1210.4034146741144
2024-10-06,2024-2025,Çanakkale TSK,1314.509578594395
2024-10-06,2024-2025,M. Hacıali Yılmazköy SK,1477.8620248949376
2024-10-06,2024-2025,Kozanköy KSK,1381.0065016038598
2024-10-06,2024-2025,Hamitköy ŞHSK,1401.289696252972
2024-10-07,2024-2025,Doğan Türk Birliği,1626.119150512945
2024-10-07,2024-2025,Değirmenlik SK,1605.8586684886475
2024-10-11,2024-2025,Çetinkaya TSK,1530.2053861681125
2024-10-11,2024-2025,Dumlupınar TSK,1408.257194679559
2024-10-12,2024-2025,Alsancak Yeşilova SK,1473.2716589926208
2024-10-12,2024-2025,Esentepe KSKK,1425.0714138005753
2024-10-12,2024-2025,Lefke TSK,1558.281130367068
2024-10-12,2024-2025,Göçmenköy İYSK,1515.550542397298
2024-10-12,2024-2025,Cihangir GSK,1646.7926647212873
2024-10-12,2024-2025,L. Gençler Birliği SK,1455.0870692477033
2024-10-12,2024-2025,Dipkarpaz SK,1361.9320064802844
2024-10-12,2024-2025,Küçük Kaymaklı TSK,1508.5488538019538
2024-10-12,2024-2025,Türk Ocağı Limasol SK,1248.759300406834
2024-10-12,2024-2025,Geçitkale GSK,1331.444408168977
2024-10-12,2024-2025,Hamitköy ŞHSK,1419.3194914723165
2024-10-12,2024-2025,Çanakkale TSK,1296.4797833750504
2024-10-12,2024-2025,Maraş GSK,1283.7003962464287
2024-10-12,2024-2025,Kozanköy KSK,1399.950475380233
2024-10-13,2024-2025,Gençlik Gücü TSK,1503.7340576701024
2024-10-13,2024-2025,Doğan Türk Birliği,1643.545464450641
2024-10-13,2024-2025,Mağusa Türk Gücü,1776.5202478600397
2024-10-13,2024-2025,Yenicami AK,1414.0055962317815
2024-10-13,2024-2025,Mesarya SK,1488.7011368941612
2024-10-13,2024-2025,Karşıyaka SK,1494.3601931266464
2024-10-13,2024-2025,Mormenekşe GBSK,1392.7867341554095
2024-10-13,2024-2025,Yalova SK,1361.921204001825
2024-10-13,2024-2025,Düzkaya KOSK,1355.0676613653436
2024-10-13,2024-2025,Lapta Türk Birliği SK,1369.5113022564515
2024-10-13,2024-2025,Binatlı YSK,1396.583022163784
2024-10-13,2024-2025,Vadili TÇBSK,1289.2021683118303
2024-10-13,2024-2025,M. Hacıali Yılmazköy SK,1468.114186410262
2024-10-13,2024-2025,Yeniboğaziçi DSK,1362.5538732718467
2024-10-14,2024-2025,Değirmenlik SK,1615.6651235164459
2024-10-14,2024-2025,Gönyeli SK,1372.397882155333
2024-10-19,2024-2025,Doğan Türk Birliği,1656.1391232857052
2024-10-19,2024-2025,Alsancak Yeşilova SK,1460.6780001575567
2024-10-19,2024-2025,Dumlupınar TSK,1380.020431993955
2024-10-19,2024-2025,Mesarya SK,1516.9378995797651
2024-10-19,2024-2025,Karşıyaka SK,1474.585890836158
2024-10-19,2024-2025,Lefke TSK,1578.0554326575566
2024-10-19,2024-2025,Göçmenköy İYSK,1508.8812419651524
2024-10-19,2024-2025,L. Gençler Birliği SK,1461.7563696798488
2024-10-19,2024-2025,Küçük Kaymaklı TSK,1497.6038384992164
2024-10-19,2024-2025,Düzkaya KOSK,1366.012676668081
2024-10-19,2024-2025,Geçitkale GSK,1366.9620246263266
2024-10-19,2024-2025,Binatlı YSK,1361.0654057064344
2024-10-19,2024-2025,Yeniboğaziçi DSK,1382.121677742793
2024-10-19,2024-2025,Çanakkale TSK,1276.911978904104
2024-10-20,2024-2025,Esentepe KSKK,1458.7754792541857
2024-10-20,2024-2025,Mağusa Türk Gücü,1742.8161824064293
2024-10-20,2024-2025,Gönyeli SK,1348.4724199453274
2024-10-20,2024-2025,Gençlik Gücü TSK,1527.659519880108
2024-10-20,2024-2025,Değirmenlik SK,1583.1777981088508
2024-10-20,2024-2025,Cihangir GSK,1679.2799901288824
2024-10-20,2024-2025,Yalova SK,1358.501860516128
2024-10-20,2024-2025,Dipkarpaz SK,1365.3513499659812
2024-10-20,2024-2025,Lapta Türk Birliği SK,1325.1746047763957
2024-10-20,2024-2025,Türk Ocağı Limasol SK,1293.0959978868898
2024-10-20,2024-2025,Vadili TÇBSK,1265.7343265557483
2024-10-20,2024-2025,M. Hacıali Yılmazköy SK,1491.582028166344
2024-10-20,2024-2025,Kozanköy KSK,1364.222268688039
2024-10-20,2024-2025,Mormenekşe GBSK,1428.5149408476034
2024-10-20,2024-2025,Maraş GSK,1287.985923839674
2024-10-20,2024-2025,Hamitköy ŞHSK,1415.0339638790713
2024-10-21,2024-2025,Yenicami AK,1397.2127927643683
2024-10-21,2024-2025,Çetinkaya TSK,1546.9981896355257
2024-10-25,2024-2025,Gençlik Gücü TSK,1497.2725583774309
2024-10-25,2024-2025,Değirmenlik SK,1613.564759611528
2024-10-26,2024-2025,Mağusa Türk Gücü,1734.8410345061639
2024-10-26,2024-2025,Doğan Türk Birliği,1664.1142711859707
2024-10-26,2024-2025,Lefke TSK,1565.4401467846094
2024-10-26,2024-2025,Dumlupınar TSK,1392.6357178669023
2024-10-26,2024-2025,Cihangir GSK,1687.6709926476838
2024-10-26,2024-2025,Göçmenköy İYSK,1500.490239446351
2024-10-26,2024-2025,Binatlı YSK,1375.6815022928522
2024-10-26,2024-2025,Lapta Türk Birliği SK,1310.5585081899778
2024-10-26,2024-2025,Çanakkale TSK,1234.8403341429116
2024-10-26,2024-2025,Vadili TÇBSK,1307.8059713169407
2024-10-26,2024-2025,Hamitköy ŞHSK,1409.8094566880823
2024-10-26,2024-2025,Yeniboğaziçi DSK,1387.346184933782
2024-10-26,2024-2025,Dipkarpaz SK,1361.868343404457
2024-10-26,2024-2025,Kozanköy KSK,1367.7052752495633
2024-10-29,2024-2025,Çetinkaya TSK,1569.4047357392221
2024-10-29,2024-2025,Esentepe KSKK,1436.3689331504893
2024-10-29,2024-2025,Mesarya SK,1527.4257783587539
2024-10-29,2024-2025,Yenicami AK,1386.7249139853795
2024-10-29,2024-2025,L. Gençler Birliği SK,1479.0575804094208
2024-10-29,2024-2025,Karşıyaka SK,1457.284680106586
2024-10-29,2024-2025,Alsancak Yeşilova SK,1431.5042547915364
2024-10-29,2024-2025,Gönyeli SK,1377.6461653113477
2024-10-29,2024-2025,Düzkaya KOSK,1362.1746250518895
2024-10-29,2024-2025,Yalova SK,1362.3399121323196
2024-10-29,2024-2025,Türk Ocağı Limasol SK,1341.868274264862
2024-10-29,2024-2025,Küçük Kaymaklı TSK,1448.8315621212441
2024-10-29,2024-2025,M. Hacıali Yılmazköy SK,1439.5568184081064
2024-10-29,2024-2025,Geçitkale GSK,1418.987234384564
2024-10-29,2024-2025,Mormenekşe GBSK,1418.1028470841986
2024-10-29,2024-2025,Maraş GSK,1298.3980176030786
2024-11-01,2024-2025,Gençlik Gücü TSK,1474.824732241609
2024-11-01,2024-2025,Cihangir GSK,1710.1188187835057
2024-11-02,2024-2025,Esentepe KSKK,1438.1519623863892
2024-11-02,2024-2025,Mesarya SK,1525.642749122854
2024-11-02,2024-2025,Yenicami AK,1393.3046187370405
2024-11-02,2024-2025,Lefke TSK,1558.8604420329484
2024-11-02,2024-2025,Dumlupınar TSK,1394.1537572222935
2024-11-02,2024-2025,L. Gençler Birliği SK,1477.5395410540295
2024-11-02,2024-2025,Yalova SK,1357.7886876498767
2024-11-02,2024-2025,Türk Ocağı Limasol SK,1346.419498747305
2024-11-02,2024-2025,Lapta Türk Birliği SK,1334.478965286837
2024-11-02,2024-2025,M. Hacıali Yılmazköy SK,1415.6363613112474
2024-11-02,2024-2025,Vadili TÇBSK,1308.929611960075
2024-11-02,2024-2025,Yeniboğaziçi DSK,1386.2225442906479
2024-11-02,2024-2025,Mormenekşe GBSK,1434.2214246801323
2024-11-02,2024-2025,Hamitköy ŞHSK,1393.6908790921486
2024-11-03,2024-2025,Karşıyaka SK,1456.318666664086
2024-11-03,2024-2025,Göçmenköy İYSK,1501.456252888851
2024-11-03,2024-2025,Gönyeli SK,1365.4012754631876
2024-11-03,2024-2025,Mağusa Türk Gücü,1747.0859243543239
2024-11-03,2024-2025,Küçük Kaymaklı TSK,1471.038535944633
2024-11-03,2024-2025,Binatlı YSK,1353.4745284694634
2024-11-03,2024-2025,Geçitkale GSK,1406.8655162724824
2024-11-03,2024-2025,Çanakkale TSK,1246.9620522549933
2024-11-03,2024-2025,Kozanköy KSK,1383.977132395788
2024-11-03,2024-2025,Düzkaya KOSK,1345.9027679056649
2024-11-03,2024-2025,Maraş GSK,1318.5977789713013
2024-11-03,2024-2025,Dipkarpaz SK,1341.6685820362343
2024-11-04,2024-2025,Doğan Türk Birliği,1655.753879878642
2024-11-04,2024-2025,Çetinkaya TSK,1577.7651270465508
2024-11-04,2024-2025,Değirmenlik SK,1625.4965735289363
2024-11-04,2024-2025,Alsancak Yeşilova SK,1419.572440874128
2024-11-08,2024-2025,L. Gençler Birliği SK,1449.6829508198314
2024-11-08,2024-2025,Yenicami AK,1421.1612089712387
2024-11-09,2024-2025,Mesarya SK,1493.606780858347
2024-11-09,2024-2025,Doğan Türk Birliği,1687.789848143149
2024-11-09,2024-2025,Lefke TSK,1577.137678228263
2024-11-09,2024-2025,Esentepe KSKK,1419.8747261910746
2024-11-09,2024-2025,Çetinkaya TSK,1564.6660378532913
2024-11-09,2024-2025,Gönyeli SK,1378.5003646564471
2024-11-09,2024-2025,M. Hacıali Yılmazköy SK,1415.371704656957
2024-11-09,2024-2025,Küçük Kaymaklı TSK,1471.3031925989233
2024-11-09,2024-2025,Çanakkale TSK,1212.4258594552134
2024-11-09,2024-2025,Lapta Türk Birliği SK,1369.0151580866168
2024-11-09,2024-2025,Türk Ocağı Limasol SK,1314.4843597244544
2024-11-09,2024-2025,Kozanköy KSK,1415.9122714186385
2024-11-09,2024-2025,Düzkaya KOSK,1368.519011260346
2024-11-09,2024-2025,Maraş GSK,1295.9815356166202
2024-11-09,2024-2025,Dipkarpaz SK,1374.4712240484373
2024-11-09,2024-2025,Mormenekşe GBSK,1401.4187826679292
2024-11-10,2024-2025,Cihangir GSK,1720.6995443182914
2024-11-10,2024-2025,Karşıyaka SK,1445.7379411293005
2024-11-10,2024-2025,Mağusa Türk Gücü,1717.4909754537211
2024-11-10,2024-2025,Değirmenlik SK,1655.091522429539
2024-11-10,2024-2025,Alsancak Yeşilova SK,1419.2991578060999
2024-11-10,2024-2025,Gençlik Gücü TSK,1475.098015309637
2024-11-10,2024-2025,Binatlı YSK,1318.7069806411714
2024-11-10,2024-2025,Yalova SK,1392.5562354781687
2024-11-10,2024-2025,Yeniboğaziçi DSK,1417.27466418718
2024-11-10,2024-2025,Geçitkale GSK,1375.8133963759503
2024-11-10,2024-2025,Hamitköy ŞHSK,1385.808680840848
2024-11-10,2024-2025,Vadili TÇBSK,1316.8118102113756
2024-11-11,2024-2025,Göçmenköy İYSK,1520.7947213193345
2024-11-11,2024-2025,Dumlupınar TSK,1374.81528879181
2024-11-15,2024-2025,Gençlik Gücü TSK,1459.54379810788
2024-11-15,2024-2025,Mağusa Türk Gücü,1733.045192655478
2024-11-16,2024-2025,Gönyeli SK,1361.6462092891918
2024-11-16,2024-2025,Mesarya SK,1510.4609362256024
2024-11-16,2024-2025,Değirmenlik SK,1675.8188196167857
2024-11-16,2024-2025,Çetinkaya TSK,1543.9387406660446
2024-11-16,2024-2025,Alsancak Yeşilova SK,1451.320371662221
2024-11-16,2024-2025,Cihangir GSK,1688.6783304621702
2024-11-16,2024-2025,Yalova SK,1410.4238573813466
2024-11-16,2024-2025,M. Hacıali Yılmazköy SK,1397.5040827537791
2024-11-16,2024-2025,Geçitkale GSK,1395.9217955917186
2024-11-16,2024-2025,Vadili TÇBSK,1296.7034109956073
2024-11-16,2024-2025,Maraş GSK,1273.604060742183
2024-11-16,2024-2025,Türk Ocağı Limasol SK,1336.8618345988916
2024-11-16,2024-2025,Dipkarpaz SK,1351.6881579493986
2024-11-16,2024-2025,Hamitköy ŞHSK,1408.5917469398867
2024-11-17,2024-2025,Doğan Türk Birliği,1658.6868551464493
2024-11-17,2024-2025,Lefke TSK,1606.2406712249626
2024-11-17,2024-2025,Esentepe KSKK,1438.141109455138
2024-11-17,2024-2025,L. Gençler Birliği SK,1431.416567555768
2024-11-17,2024-2025,Yenicami AK,1403.4328522659675
2024-11-17,2024-2025,Göçmenköy İYSK,1538.5230780246056
2024-11-17,2024-2025,Küçük Kaymaklı TSK,1485.7482372292584
2024-11-17,2024-2025,Çanakkale TSK,1197.9808148248783
2024-11-17,2024-2025,Lapta Türk Birliği SK,1368.3395780570613
2024-11-17,2024-2025,Yeniboğaziçi DSK,1417.9502442167354
2024-11-17,2024-2025,Kozanköy KSK,1427.4336743278602
2024-11-17,2024-2025,Binatlı YSK,1307.1855777319497
2024-11-17,2024-2025,Mormenekşe GBSK,1423.58302876015
2024-11-17,2024-2025,Düzkaya KOSK,1346.3547651681251
2024-11-18,2024-2025,Dumlupınar TSK,1413.4938225732574
2024-11-18,2024-2025,Karşıyaka SK,1407.059407347853
2024-11-23,2024-2025,Karşıyaka SK,1423.4371715174102
2024-11-23,2024-2025,Yenicami AK,1387.0550880964104
2024-11-23,2024-2025,Lefke TSK,1612.1454931885328
2024-11-23,2024-2025,Gönyeli SK,1355.7413873256216
2024-11-23,2024-2025,Mesarya SK,1496.3465129577864
2024-11-23,2024-2025,Değirmenlik SK,1689.9332428846017
2024-11-23,2024-2025,Yeniboğaziçi DSK,1418.3990574173456
2024-11-23,2024-2025,Küçük Kaymaklı TSK,1485.2994240286482
2024-11-23,2024-2025,Hamitköy ŞHSK,1432.4068498806378
2024-11-23,2024-2025,Geçitkale GSK,1372.1066926509675
2024-11-23,2024-2025,Binatlı YSK,1332.9799052244473
2024-11-23,2024-2025,Maraş GSK,1247.8097332496855
2024-11-23,2024-2025,Türk Ocağı Limasol SK,1318.3970044737441
2024-11-23,2024-2025,Mormenekşe GBSK,1442.0478588852975
2024-11-24,2024-2025,Göçmenköy İYSK,1549.8950637086614
2024-11-24,2024-2025,Esentepe KSKK,1426.7691237710821
2024-11-24,2024-2025,Cihangir GSK,1696.2868383872956
2024-11-24,2024-2025,Dumlupınar TSK,1405.885314648132
2024-11-24,2024-2025,Mağusa Türk Gücü,1742.2475349082001
2024-11-24,2024-2025,Alsancak Yeşilova SK,1442.118029409499
2024-11-24,2024-2025,Çanakkale TSK,1206.233241774761
2024-11-24,2024-2025,Yalova SK,1402.171430431464
2024-11-24,2024-2025,Vadili TÇBSK,1297.372992281391
2024-11-24,2024-2025,Lapta Türk Birliği SK,1367.6699967712777
2024-11-24,2024-2025,M. Hacıali Yılmazköy SK,1415.77740017739
2024-11-24,2024-2025,Kozanköy KSK,1409.1603569042493
2024-11-24,2024-2025,Düzkaya KOSK,1323.2336165047668
2024-11-24,2024-2025,Dipkarpaz SK,1374.809306612757
2024-11-25,2024-2025,L. Gençler Birliği SK,1440.3645312978917
2024-11-25,2024-2025,Doğan Türk Birliği,1649.7388914043256
2024-11-25,2024-2025,Çetinkaya TSK,1562.1421723815836
2024-11-25,2024-2025,Gençlik Gücü TSK,1441.3403663923411
2024-11-29,2024-2025,Yenicami AK,1347.927026532621
2024-11-29,2024-2025,Dumlupınar TSK,1445.0133762119212
2024-11-30,2024-2025,Gönyeli SK,1377.1564410882938
2024-11-30,2024-2025,L. Gençler Birliği SK,1418.9494775352196
2024-11-30,2024-2025,Değirmenlik SK,1708.6225471646096
2024-11-30,2024-2025,Lefke TSK,1593.4561889085248
2024-11-30,2024-2025,Mağusa Türk Gücü,1756.3302787525895
2024-11-30,2024-2025,Cihangir GSK,1682.2040945429062
2024-11-30,2024-2025,Lapta Türk Birliği SK,1392.9127629748439
2024-11-30,2024-2025,Geçitkale GSK,1346.8639264474014
2024-11-30,2024-2025,Kozanköy KSK,1416.3770055358575
2024-11-30,2024-2025,Çanakkale TSK,1199.0165931431527
2024-11-30,2024-2025,Dipkarpaz SK,1388.348077889866
2024-11-30,2024-2025,Türk Ocağı Limasol SK,1304.858233196635
2024-11-30,2024-2025,Düzkaya KOSK,1363.154421599952
2024-11-30,2024-2025,Hamitköy ŞHSK,1392.4860447854526
2024-12-01,2024-2025,Esentepe KSKK,1459.5574620039279
2024-12-01,2024-2025,Karşıyaka SK,1390.6488332845645
2024-12-01,2024-2025,Gençlik Gücü TSK,1421.0529168755495
2024-12-01,2024-2025,Mesarya SK,1516.633962474578
2024-12-01,2024-2025,Alsancak Yeşilova SK,1465.539325684193
2024-12-01,2024-2025,Çetinkaya TSK,1538.7208761068896
2024-12-01,2024-2025,Yalova SK,1432.785068161692
2024-12-01,2024-2025,Yeniboğaziçi DSK,1387.7854196871176
2024-12-01,2024-2025,Küçük Kaymaklı TSK,1500.782509465924
2024-12-01,2024-2025,Vadili TÇBSK,1281.889906844115
2024-12-01,2024-2025,Maraş GSK,1296.601907050049
2024-12-01,2024-2025,M. Hacıali Yılmazköy SK,1366.9852263770265
2024-12-01,2024-2025,Mormenekşe GBSK,1453.0173185420736
2024-12-01,2024-2025,Binatlı YSK,1322.0104455676712
2024-12-02,2024-2025,Doğan Türk Birliği,1641.13610661826
2024-12-02,2024-2025,Göçmenköy İYSK,1558.497848494727
2024-12-06,2024-2025,Çetinkaya TSK,1547.2185456694144
2024-12-06,2024-2025,Mağusa Türk Gücü,1747.8326091900647
2024-12-07,2024-2025,Dumlupınar TSK,1471.110639647694
2024-12-07,2024-2025,Esentepe KSKK,1433.4601985681552
2024-12-07,2024-2025,Cihangir GSK,1685.9508411017318
2024-12-07,2024-2025,Yenicami AK,1344.1802799737955
2024-12-07,2024-2025,L. Gençler Birliği SK,1404.216691057133
2024-12-07,2024-2025,Değirmenlik SK,1723.3553336426962
2024-12-07,2024-2025,Lefke TSK,1561.7709353024886
2024-12-07,2024-2025,Gençlik Gücü TSK,1452.7381704815857
2024-12-07,2024-2025,Vadili TÇBSK,1255.8431738525371
2024-12-07,2024-2025,Yalova SK,1458.83180115327
2024-12-07,2024-2025,Hamitköy ŞHSK,1409.0899482591633
2024-12-07,2024-2025,Lapta Türk Birliği SK,1376.3088595011332
2024-12-07,2024-2025,Yeniboğaziçi DSK,1419.6299868078627
2024-12-07,2024-2025,Kozanköy KSK,1384.5324384151124
2024-12-07,2024-2025,M. Hacıali Yılmazköy SK,1339.2288209877333
2024-12-07,2024-2025,Mormenekşe GBSK,1480.7737239313667
2024-12-08,2024-2025,Karşıyaka SK,1380.6332296883375
2024-12-08,2024-2025,Doğan Türk Birliği,1651.1517102144871
2024-12-08,2024-2025,Mesarya SK,1540.808940570202
2024-12-08,2024-2025,Alsancak Yeşilova SK,1441.3643475885692
2024-12-08,2024-2025,Geçitkale GSK,1332.1423669169133
2024-12-08,2024-2025,Küçük Kaymaklı TSK,1515.5040689964121
2024-12-08,2024-2025,Çanakkale TSK,1221.1717770930545
2024-12-08,2024-2025,Maraş GSK,1274.4467231001472
2024-12-08,2024-2025,Binatlı YSK,1322.3752285519772
2024-12-08,2024-2025,Dipkarpaz SK,1387.9832949055601
2024-12-08,2024-2025,Türk Ocağı Limasol SK,1284.7601547032643
2024-12-08,2024-2025,Düzkaya KOSK,1383.2525000933226
2024-12-09,2024-2025,Göçmenköy İYSK,1526.4788034052042
2024-12-09,2024-2025,Gönyeli SK,1409.1754861778165
2024-12-13,2024-2025,Çetinkaya TSK,1571.6747229300877
2024-12-13,2024-2025,Cihangir GSK,1661.4946638410586
2024-12-14,2024-2025,Doğan Türk Birliği,1603.1950348065366
2024-12-14,2024-2025,Dumlupınar TSK,1519.0673150556445
2024-12-14,2024-2025,Esentepe KSKK,1451.3090310021798
2024-12-14,2024-2025,Yenicami AK,1326.3314475397708
2024-12-14,2024-2025,Gençlik Gücü TSK,1466.6867024638027
2024-12-14,2024-2025,L. Gençler Birliği SK,1390.268159074916
2024-12-14,2024-2025,Yalova SK,1469.0124350722142
2024-12-14,2024-2025,Geçitkale GSK,1321.961732997969
2024-12-14,2024-2025,Küçük Kaymaklı TSK,1532.3810489042428
2024-12-14,2024-2025,Lapta Türk Birliği SK,1359.4318795933025
2024-12-14,2024-2025,Maraş GSK,1242.1628636484709
2024-12-14,2024-2025,Yeniboğaziçi DSK,1451.913846259539
2024-12-14,2024-2025,Dipkarpaz SK,1381.9196450198099
2024-12-14,2024-2025,M. Hacıali Yılmazköy SK,1345.2924708734836
2024-12-14,2024-2025,Düzkaya KOSK,1396.5620367010347
2024-12-14,2024-2025,Binatlı YSK,1309.0656919442652
2024-12-15,2024-2025,Gönyeli SK,1439.196778398132
2024-12-15,2024-2025,Karşıyaka SK,1350.611937468022
2024-12-15,2024-2025,Alsancak Yeşilova SK,1416.5283425303035
2024-12-15,2024-2025,Lefke TSK,1586.6069403607544
2024-12-15,2024-2025,Mağusa Türk Gücü,1758.4499407984135
2024-12-15,2024-2025,Mesarya SK,1530.191608961853
2024-12-15,2024-2025,Kozanköy KSK,1403.457771804194
2024-12-15,2024-2025,Vadili TÇBSK,1236.9178404634556
2024-12-15,2024-2025,Mormenekşe GBSK,1486.2568321098436
2024-12-15,2024-2025,Çanakkale TSK,1215.6886689145776
2024-12-15,2024-2025,Türk Ocağı Limasol SK,1320.2522175502381
2024-12-15,2024-2025,Hamitköy ŞHSK,1373.5978854121895
2024-12-16,2024-2025,Değirmenlik SK,1736.3490017944796
2024-12-16,2024-2025,Göçmenköy İYSK,1513.4851352534208
2024-12-20,2024-2025,Yenicami AK,1317.4121307579612
2024-12-20,2024-2025,Doğan Türk Birliği,1612.1143515883462
2024-12-21,2024-2025,Cihangir GSK,1648.467470014796
2024-12-21,2024-2025,Esentepe KSKK,1464.3362248284425
2024-12-21,2024-2025,Karşıyaka SK,1342.6347282001655
2024-12-21,2024-2025,Değirmenlik SK,1744.3262110623361
2024-12-21,2024-2025,Göçmenköy İYSK,1468.0529872999869
2024-12-21,2024-2025,Gençlik Gücü TSK,1512.1188504172367
2024-12-21,2024-2025,Lefke TSK,1565.9439291627748
2024-12-21,2024-2025,Mağusa Türk Gücü,1779.1129519963931
2024-12-21,2024-2025,Hamitköy ŞHSK,1411.9048657451847
2024-12-21,2024-2025,Küçük Kaymaklı TSK,1494.0740685712476
2024-12-21,2024-2025,Geçitkale GSK,1293.8154854274312
2024-12-21,2024-2025,Kozanköy KSK,1431.6040193747317
2024-12-21,2024-2025,Vadili TÇBSK,1233.7917289218194
2024-12-21,2024-2025,Maraş GSK,1245.288975190107
2024-12-21,2024-2025,Yeniboğaziçi DSK,1430.439588710359
2024-12-21,2024-2025,Mormenekşe GBSK,1507.7310896590236
2024-12-22,2024-2025,L. Gençler Birliği SK,1357.3639528091876
2024-12-22,2024-2025,Alsancak Yeşilova SK,1449.4325487960318
2024-12-22,2024-2025,Mesarya SK,1529.1266994018345
2024-12-22,2024-2025,Çetinkaya TSK,1572.7396324901063
2024-12-22,2024-2025,Lapta Türk Birliği SK,1342.266748287049
2024-12-22,2024-2025,Yalova SK,1486.1775663784676
2024-12-22,2024-2025,Çanakkale TSK,1191.068705566772
2024-12-22,2024-2025,Dipkarpaz SK,1406.5396083676155
2024-12-22,2024-2025,M. Hacıali Yılmazköy SK,1344.790012434771
2024-12-22,2024-2025,Düzkaya KOSK,1397.0644951397474
2024-12-22,2024-2025,Binatlı YSK,1286.2741063003568
2024-12-22,2024-2025,Türk Ocağı Limasol SK,1343.0438031941464
2024-12-23,2024-2025,Dumlupınar TSK,1537.6026907480832
2024-12-23,2024-2025,Gönyeli SK,1420.6614027056933
2024-12-27,2024-2025,Doğan Türk Birliği,1626.0448879727212
2024-12-27,2024-2025,Esentepe KSKK,1450.4056884440674
2024-12-27,2024-2025,Gençlik Gücü TSK,1480.544817403489
2024-12-27,2024-2025,Karşıyaka SK,1374.208761213913
2024-12-28,2024-2025,Alsancak Yeşilova SK,1447.0617489461254
2024-12-28,2024-2025,Göçmenköy İYSK,1470.4237871498933
2024-12-28,2024-2025,Mağusa Türk Gücü,1782.640432836144
2024-12-28,2024-2025,L. Gençler Birliği SK,1353.8364719694366
2024-12-28,2024-2025,Çetinkaya TSK,1605.142858937265
2024-12-28,2024-2025,Lefke TSK,1533.5407027156161
2024-12-28,2024-2025,Mesarya SK,1504.2013442307257
2024-12-28,2024-2025,Cihangir GSK,1673.3928251859047
2024-12-28,2024-2025,Yalova SK,1443.09562723323
2024-12-28,2024-2025,Küçük Kaymaklı TSK,1537.156007716485
2024-12-28,2024-2025,Düzkaya KOSK,1404.1772524308278
2024-12-28,2024-2025,Çanakkale TSK,1183.9559482756915
2024-12-29,2024-2025,Gönyeli SK,1431.899530612872
2024-12-29,2024-2025,Yenicami AK,1306.1740028507825
2024-12-29,2024-2025,Değirmenlik SK,1751.4145033383074
2024-12-29,2024-2025,Dumlupınar TSK,1530.514398472112
2024-12-29,2024-2025,Kozanköy KSK,1449.4487123159636
2024-12-29,2024-2025,Lapta Türk Birliği SK,1324.4220553458172
2024-12-29,2024-2025,Maraş GSK,1244.6287480122185
2024-12-29,2024-2025,Geçitkale GSK,1294.4757126053198
2024-12-29,2024-2025,Mormenekşe GBSK,1512.8352596596355
2024-12-29,2024-2025,Vadili TÇBSK,1228.6875589212075
2024-12-29,2024-2025,Türk Ocağı Limasol SK,1339.7215198333654
2024-12-29,2024-2025,M. Hacıali Yılmazköy SK,1348.112295795552
2024-12-29,2024-2025,Binatlı YSK,1270.007811364815
2024-12-29,2024-2025,Hamitköy ŞHSK,1428.1711606807264
2025-01-02,2024-2025,Dipkarpaz SK,1373.4336514553138
2025-01-02,2024-2025,Yeniboğaziçi DSK,1463.5455456226607
2025-01-25,2024-2025,Çetinkaya TSK,1570.855850998561
2025-01-25,2024-2025,L. Gençler Birliği SK,1388.1234799081406
2025-01-25,2024-2025,Alsancak Yeşilova SK,1439.7662690525915
2025-01-25,2024-2025,Karşıyaka SK,1381.504241107447
2025-01-25,2024-2025,Cihangir GSK,1667.4027895779818
2025-01-25,2024-2025,Doğan Türk Birliği,1632.034923580644
2025-01-25,2024-2025,Mağusa Türk Gücü,1766.8412302575757
2025-01-25,2024-2025,Göçmenköy İYSK,1486.2229897284617
2025-01-25,2024-2025,Kozanköy KSK,1471.0402998494806
2025-01-25,2024-2025,Küçük Kaymaklı TSK,1515.564420182968
2025-01-25,2024-2025,Hamitköy ŞHSK,1425.5908652690425
2025-01-25,2024-2025,Yalova SK,1445.675922644914
2025-01-25,2024-2025,Dipkarpaz SK,1387.5517491922903
2025-01-25,2024-2025,Vadili TÇBSK,1214.569461184231
2025-01-25,2024-2025,Binatlı YSK,1291.0490469993451
2025-01-25,2024-2025,M. Hacıali Yılmazköy SK,1327.071060161022
2025-01-26,2024-2025,Değirmenlik SK,1685.0363014064503
2025-01-26,2024-2025,Yenicami AK,1372.5522047826396
2025-01-26,2024-2025,Gönyeli SK,1429.5222449313967
2025-01-26,2024-2025,Esentepe KSKK,1452.7829741255428
2025-01-26,2024-2025,Mesarya SK,1482.440943331296
2025-01-26,2024-2025,Lefke TSK,1555.3011036150458
2025-01-26,2024-2025,Düzkaya KOSK,1424.1408885039082
2025-01-26,2024-2025,Yeniboğaziçi DSK,1443.5819095495804
2025-01-26,2024-2025,Maraş GSK,1281.620533796001
2025-01-26,2024-2025,Lapta Türk Birliği SK,1287.4302695620347
2025-01-26,2024-2025,Türk Ocağı Limasol SK,1356.5275174797341
2025-01-26,2024-2025,Çanakkale TSK,1167.1499506293228
2025-01-26,2024-2025,Mormenekşe GBSK,1519.5413053947339
2025-01-26,2024-2025,Geçitkale GSK,1287.7696668702215
2025-01-27,2024-2025,Gençlik Gücü TSK,1509.6789619531908
2025-01-27,2024-2025,Dumlupınar TSK,1501.3802539224102
2025-01-31,2024-2025,L. Gençler Birliği SK,1390.0925524908876
2025-01-31,2024-2025,Mesarya SK,1480.471870748549
2025-02-01,2024-2025,Karşıyaka SK,1370.846705351562
2025-02-01,2024-2025,Mağusa Türk Gücü,1777.4987660134607
2025-02-01,2024-2025,Esentepe KSKK,1503.8408262411033
2025-02-01,2024-2025,Değirmenlik SK,1633.9784492908898
2025-02-01,2024-2025,Doğan Türk Birliği,1642.8810784268626
2025-02-01,2024-2025,Gönyeli SK,1418.6760900851782
2025-02-01,2024-2025,Göçmenköy İYSK,1453.7003078129815
2025-02-01,2024-2025,Çetinkaya TSK,1603.3785329140412
2025-02-01,2024-2025,Yeniboğaziçi DSK,1415.5885023393844
2025-02-01,2024-2025,Türk Ocağı Limasol SK,1384.52092468993
2025-02-01,2024-2025,Çanakkale TSK,1138.5154142717784
2025-02-01,2024-2025,Binatlı YSK,1319.6835833568896
2025-02-01,2024-2025,Yalova SK,1477.1983083972286
2025-02-01,2024-2025,Kozanköy KSK,1439.5179140971659
2025-02-01,2024-2025,Küçük Kaymaklı TSK,1528.0046510679504
2025-02-01,2024-2025,Maraş GSK,1269.1803029110185
2025-02-02,2024-2025,Lefke TSK,1558.2780358385353
2025-02-02,2024-2025,Cihangir GSK,1664.4258573544923
2025-02-02,2024-2025,Dumlupınar TSK,1474.6521544242667
2025-02-02,2024-2025,Alsancak Yeşilova SK,1466.494368550735
2025-02-02,2024-2025,Yenicami AK,1349.1045847851976
2025-02-02,2024-2025,Gençlik Gücü TSK,1533.1265819506327
2025-02-02,2024-2025,Vadili TÇBSK,1222.6842624183873
2025-02-02,2024-2025,Düzkaya KOSK,1416.0260872697518
2025-02-02,2024-2025,M. Hacıali Yılmazköy SK,1329.2793975604668
2025-02-02,2024-2025,Hamitköy ŞHSK,1423.3825278695977
2025-02-02,2024-2025,Lapta Türk Birliği SK,1316.5997170306114
2025-02-02,2024-2025,Mormenekşe GBSK,1490.3718579261572
2025-02-02,2024-2025,Geçitkale GSK,1310.0497517962037
2025-02-02,2024-2025,Dipkarpaz SK,1365.271664266308
2025-02-07,2024-2025,Mağusa Türk Gücü,1781.906714336005
2025-02-07,2024-2025,Dumlupınar TSK,1470.2442061017223
2025-02-07,2024-2025,Çetinkaya TSK,1552.772932213673
2025-02-07,2024-2025,Karşıyaka SK,1421.4523060519302
2025-02-08,2024-2025,Lefke TSK,1573.110676834758
2025-02-08,2024-2025,L. Gençler Birliği SK,1375.259911494665
2025-02-08,2024-2025,Alsancak Yeşilova SK,1477.0866026960282
2025-02-08,2024-2025,Yenicami AK,1338.5123506399045
2025-02-08,2024-2025,Cihangir GSK,1673.2329986492286
2025-02-08,2024-2025,Gönyeli SK,1409.868948790442
2025-02-08,2024-2025,Mesarya SK,1503.1313999419745
2025-02-08,2024-2025,Göçmenköy İYSK,1431.040778619556
2025-02-08,2024-2025,Değirmenlik SK,1593.867791486568
2025-02-08,2024-2025,Doğan Türk Birliği,1682.9917362311844
2025-02-08,2024-2025,Gençlik Gücü TSK,1548.0971138559944
2025-02-08,2024-2025,Esentepe KSKK,1488.8702943357416
2025-02-08,2024-2025,Hamitköy ŞHSK,1389.614949430725
2025-02-08,2024-2025,Kozanköy KSK,1473.2854925360386
2025-02-08,2024-2025,Dipkarpaz SK,1359.2123286338729
2025-02-08,2024-2025,Lapta Türk Birliği SK,1322.6590526630466
2025-02-08,2024-2025,Türk Ocağı Limasol SK,1373.2434152508786
2025-02-08,2024-2025,Vadili TÇBSK,1233.9617718574389
2025-02-09,2024-2025,Binatlı YSK,1301.7431101383288
2025-02-09,2024-2025,Yeniboğaziçi DSK,1433.5289755579452
2025-02-09,2024-2025,Mormenekşe GBSK,1489.0860738305087
2025-02-09,2024-2025,Küçük Kaymaklı TSK,1529.2904351635989
2025-02-09,2024-2025,Maraş GSK,1257.220267854921
2025-02-09,2024-2025,Yalova SK,1489.158343453326
2025-02-09,2024-2025,M. Hacıali Yılmazköy SK,1345.514554704968
2025-02-09,2024-2025,Çanakkale TSK,1122.280257127277
2025-02-09,2024-2025,Düzkaya KOSK,1387.1377990823325
2025-02-09,2024-2025,Geçitkale GSK,1338.938039983623
2025-02-15,2024-2025,Gönyeli SK,1456.8556865374387
2025-02-15,2024-2025,Değirmenlik SK,1546.8810537395711
2025-02-15,2024-2025,Esentepe KSKK,1484.7959040374064
2025-02-15,2024-2025,Alsancak Yeşilova SK,1481.1609929943634
2025-02-15,2024-2025,Çanakkale TSK,1108.3223987955573
2025-02-15,2024-2025,Hamitköy ŞHSK,1403.5728077624447
2025-02-15,2024-2025,Lapta Türk Birliği SK,1322.9168557516148
2025-02-15,2024-2025,Düzkaya KOSK,1386.8799959937644
2025-02-15,2024-2025,Yalova SK,1454.0223651535377
2025-02-15,2024-2025,Mormenekşe GBSK,1524.222052130297
2025-02-15,2024-2025,Küçük Kaymaklı TSK,1541.8953070333762
2025-02-15,2024-2025,Dipkarpaz SK,1346.6074567640956
2025-02-15,2024-2025,Vadili TÇBSK,1234.4096268163962
2025-02-15,2024-2025,Binatlı YSK,1301.2952551793715
2025-02-15,2024-2025,Yeniboğaziçi DSK,1384.459339660333
2025-02-15,2024-2025,M. Hacıali Yılmazköy SK,1394.5841906025803
2025-02-16,2024-2025,L. Gençler Birliği SK,1367.1543628280438
2025-02-16,2024-2025,Cihangir GSK,1681.3385473158498
2025-02-16,2024-2025,Karşıyaka SK,1442.6986379253854
2025-02-16,2024-2025,Mesarya SK,1481.8850680685193
2025-02-16,2024-2025,Dumlupınar TSK,1442.1867708794662
2025-02-16,2024-2025,Çetinkaya TSK,1580.830367435929
2025-02-16,2024-2025,Yenicami AK,1332.564907075917
2025-02-16,2024-2025,Mağusa Türk Gücü,1787.8541578999925
2025-02-16,2024-2025,Geçitkale GSK,1357.4616291763682
2025-02-16,2024-2025,Türk Ocağı Limasol SK,1354.7198260581333
2025-02-16,2024-2025,Kozanköy KSK,1485.1506484708088
2025-02-16,2024-2025,Maraş GSK,1245.3551119201509
2025-02-17,2024-2025,Göçmenköy İYSK,1415.679150214265
2025-02-17,2024-2025,Lefke TSK,1588.4723052400489
2025-02-17,2024-2025,Doğan Türk Birliği,1700.18782075894
2025-02-17,2024-2025,Gençlik Gücü TSK,1530.9010293282388
2025-02-22,2024-2025,Çetinkaya TSK,1591.7039643518951
2025-02-22,2024-2025,Yenicami AK,1321.691310159951
2025-02-22,2024-2025,Mağusa Türk Gücü,1796.6605021695723
2025-02-22,2024-2025,Esentepe KSKK,1475.9895597678267
2025-02-22,2024-2025,Cihangir GSK,1698.5672936789576
2025-02-22,2024-2025,Değirmenlik SK,1529.6523073764633
2025-02-22,2024-2025,Mesarya SK,1443.5051807260013
2025-02-22,2024-2025,Dumlupınar TSK,1480.5666582219842
2025-02-22,2024-2025,Düzkaya KOSK,1357.5542492379059
2025-02-22,2024-2025,Küçük Kaymaklı TSK,1571.2210537892347
2025-02-22,2024-2025,Türk Ocağı Limasol SK,1369.5548681426908
2025-02-22,2024-2025,Lapta Türk Birliği SK,1308.0818136670573
2025-02-22,2024-2025,Dipkarpaz SK,1329.3200590117865
2025-02-22,2024-2025,Yalova SK,1471.3097629058468
2025-02-22,2024-2025,Hamitköy ŞHSK,1419.0872776575957
2025-02-22,2024-2025,Maraş GSK,1229.8406420249999
2025-02-22,2024-2025,M. Hacıali Yılmazköy SK,1403.3721138743952
2025-02-22,2024-2025,Vadili TÇBSK,1225.6217035445814
2025-02-23,2024-2025,Alsancak Yeşilova SK,1461.14872324616
2025-02-23,2024-2025,Doğan Türk Birliği,1720.2000905071434
2025-02-23,2024-2025,L. Gençler Birliği SK,1336.1638734604269
2025-02-23,2024-2025,Göçmenköy İYSK,1446.669639581882
2025-02-23,2024-2025,Gençlik Gücü TSK,1523.5461194982745
2025-02-23,2024-2025,Gönyeli SK,1464.210596367403
2025-02-23,2024-2025,Lefke TSK,1602.5266420301984
2025-02-23,2024-2025,Karşıyaka SK,1428.6443011352358
2025-02-23,2024-2025,Çanakkale TSK,1091.544261508082
2025-02-23,2024-2025,Yeniboğaziçi DSK,1401.2374769478083
2025-02-23,2024-2025,Binatlı YSK,1321.0745828827899
2025-02-23,2024-2025,Geçitkale GSK,1337.6823014729498
2025-02-23,2024-2025,Mormenekşe GBSK,1538.6687485219952
2025-02-23,2024-2025,Kozanköy KSK,1470.7039520791106
2025-02-28,2024-2025,Doğan Türk Birliği,1721.1469196685732
2025-02-28,2024-2025,Mağusa Türk Gücü,1795.7136730081425
2025-02-28,2024-2025,Göçmenköy İYSK,1428.0044404286018
2025-02-28,2024-2025,Cihangir GSK,1717.2324928322378
2025-03-01,2024-2025,Esentepe KSKK,1459.1695277023312
2025-03-01,2024-2025,Çetinkaya TSK,1608.5239964173907
2025-03-01,2024-2025,Karşıyaka SK,1420.3900886062402
2025-03-01,2024-2025,L. Gençler Birliği SK,1344.4180859894225
2025-03-01,2024-2025,Dumlupınar TSK,1504.096025358728
2025-03-01,2024-2025,Lefke TSK,1578.9972748934547
2025-03-01,2024-2025,Yenicami AK,1362.8534407924585
2025-03-01,2024-2025,Mesarya SK,1402.3430500934937
2025-03-01,2024-2025,Gönyeli SK,1440.6198092377588
2025-03-01,2024-2025,Alsancak Yeşilova SK,1484.7395103758042
2025-03-01,2024-2025,Yalova SK,1462.0657121616364
2025-03-01,2024-2025,Düzkaya KOSK,1366.7982999821163
2025-03-01,2024-2025,Geçitkale GSK,1358.0098041259473
2025-03-01,2024-2025,M. Hacıali Yılmazköy SK,1383.0446112213976
2025-03-01,2024-2025,Lapta Türk Birliği SK,1285.3922511821831
2025-03-01,2024-2025,Binatlı YSK,1343.764145367664
2025-03-02,2024-2025,Vadili TÇBSK,1240.4135698678833
2025-03-02,2024-2025,Çanakkale TSK,1076.75239518478
2025-03-02,2024-2025,Küçük Kaymaklı TSK,1538.4807334868758
2025-03-02,2024-2025,Türk Ocağı Limasol SK,1402.2951884450497
2025-03-02,2024-2025,Yeniboğaziçi DSK,1418.8229505447255
2025-03-02,2024-2025,Hamitköy ŞHSK,1401.5018040606785
2025-03-02,2024-2025,Maraş GSK,1222.131453119783
2025-03-02,2024-2025,Mormenekşe GBSK,1546.3779374272121
2025-03-02,2024-2025,Kozanköy KSK,1485.0320707259432
2025-03-02,2024-2025,Dipkarpaz SK,1314.991940364954
2025-03-07,2024-2025,Çetinkaya TSK,1591.5302621323526
2025-03-07,2024-2025,Doğan Türk Birliği,1738.1406539536113
2025-03-08,2024-2025,Binatlı YSK,1371.1524458735635
2025-03-08,2024-2025,Küçük Kaymaklı TSK,1511.0924329809764
2025-03-08,2024-2025,Hamitköy ŞHSK,1406.2927378174709
2025-03-08,2024-2025,Mormenekşe GBSK,1541.5870036704198
2025-03-08,2024-2025,Yeniboğaziçi DSK,1430.9569437281086
2025-03-08,2024-2025,Vadili TÇBSK,1228.2795766845002
2025-03-08,2024-2025,Dipkarpaz SK,1286.71958452567
2025-03-08,2024-2025,Maraş GSK,1250.403808959067
2025-03-08,2024-2025,Çanakkale TSK,1068.007140811837
2025-03-08,2024-2025,Geçitkale GSK,1366.7550584988903
2025-03-08,2024-2025,Düzkaya KOSK,1390.119462687902
2025-03-08,2024-2025,Kozanköy KSK,1461.7109080201576
2025-03-08,2024-2025,M. Hacıali Yılmazköy SK,1400.2950674118385
2025-03-08,2024-2025,Lapta Türk Birliği SK,1268.1417949917422
2025-03-08,2024-2025,Türk Ocağı Limasol SK,1422.281978730236
2025-03-08,2024-2025,Yalova SK,1442.07892187645
2025-03-09,2024-2025,Lefke TSK,1585.7748163522924
2025-03-09,2024-2025,Yenicami AK,1356.0758993336208
2025-03-09,2024-2025,Mağusa Türk Gücü,1803.2717841526473
2025-03-09,2024-2025,Gönyeli SK,1433.0616980932539
2025-03-09,2024-2025,Mesarya SK,1382.1603725401178
2025-03-09,2024-2025,Esentepe KSKK,1479.352205255707
2025-03-09,2024-2025,L. Gençler Birliği SK,1319.192730397702
2025-03-09,2024-2025,Dumlupınar TSK,1529.3213809504484
2025-03-09,2024-2025,Cihangir GSK,1668.5374478369497
2025-03-09,2024-2025,Gençlik Gücü TSK,1572.2411644935626
2025-03-09,2024-2025,Göçmenköy İYSK,1392.2387527379233
2025-03-09,2024-2025,Karşıyaka SK,1456.1557762969187
2025-03-14,2024-2025,Doğan Türk Birliği,1741.484146649082
2025-03-14,2024-2025,Mesarya SK,1378.816879844647
2025-03-15,2024-2025,Karşıyaka SK,1444.4052717151499
2025-03-15,2024-2025,Cihangir GSK,1680.2879524187185
2025-03-15,2024-2025,Dumlupınar TSK,1483.921290051054
2025-03-15,2024-2025,Göçmenköy İYSK,1437.6388436373177
2025-03-15,2024-2025,Yenicami AK,1370.639051122323
2025-03-15,2024-2025,L. Gençler Birliği SK,1304.6295786089997
2025-03-15,2024-2025,Esentepe KSKK,1462.008715478843
2025-03-15,2024-2025,Lefke TSK,1603.1183061291565
2025-03-15,2024-2025,Kozanköy KSK,1456.1386157543202
2025-03-15,2024-2025,Türk Ocağı Limasol SK,1427.8542709960734
2025-03-15,2024-2025,Geçitkale GSK,1386.996926664022
2025-03-15,2024-2025,Yeniboğaziçi DSK,1410.7150755629768
2025-03-15,2024-2025,Mormenekşe GBSK,1551.4103505848316
2025-03-15,2024-2025,Dipkarpaz SK,1276.8962376112581
2025-03-16,2024-2025,Gönyeli SK,1418.5829595298449
2025-03-16,2024-2025,Çetinkaya TSK,1606.0090006957616
2025-03-16,2024-2025,Gençlik Gücü TSK,1590.2186196472792
2025-03-16,2024-2025,Alsancak Yeşilova SK,1466.7620552220876
2025-03-16,2024-2025,Vadili TÇBSK,1208.09503735117
2025-03-16,2024-2025,Hamitköy ŞHSK,1426.477277150801
2025-03-16,2024-2025,Maraş GSK,1274.9137486573995
2025-03-16,2024-2025,Düzkaya KOSK,1365.609522989569
2025-03-16,2024-2025,Yalova SK,1391.0805281612509
2025-03-16,2024-2025,Binatlı YSK,1422.1508395887627
2025-03-16,2024-2025,Lapta Türk Birliği SK,1283.6802490866849
2025-03-16,2024-2025,Çanakkale TSK,1052.4686867168944
2025-03-16,2024-2025,Küçük Kaymaklı TSK,1481.9828145921963
2025-03-16,2024-2025,M. Hacıali Yılmazköy SK,1429.4046858006186
2025-03-22,2024-2025,Çanakkale TSK,1043.4169385619134
2025-03-22,2024-2025,Küçük Kaymaklı TSK,1491.0345627471772
2025-03-22,2024-2025,Yeniboğaziçi DSK,1420.880627116888
2025-03-22,2024-2025,Lapta Türk Birliği SK,1273.5146975327737
2025-03-22,2024-2025,M. Hacıali Yılmazköy SK,1454.7559183979522
2025-03-22,2024-2025,Yalova SK,1365.7292955639173
2025-03-22,2024-2025,Düzkaya KOSK,1372.5504881343827
2025-03-22,2024-2025,Mormenekşe GBSK,1544.469385440018
2025-03-22,2024-2025,Türk Ocağı Limasol SK,1441.4694796542597
2025-03-22,2024-2025,Maraş GSK,1261.2985399992133
2025-03-22,2024-2025,Vadili TÇBSK,1214.6843222964135
2025-03-22,2024-2025,Geçitkale GSK,1380.4076417187787
2025-03-22,2024-2025,Hamitköy ŞHSK,1442.600418657978
2025-03-22,2024-2025,Dipkarpaz SK,1260.773096104081
2025-03-22,2024-2025,Binatlı YSK,1440.6562471693926
2025-03-22,2024-2025,Kozanköy KSK,1437.6332081736903
2025-03-23,2024-2025,Göçmenköy İYSK,1390.3860479045175
2025-03-23,2024-2025,Yenicami AK,1417.8918468551233
2025-03-23,2024-2025,Mesarya SK,1411.780854511223
2025-03-23,2024-2025,Gönyeli SK,1385.618984863269
2025-03-23,2024-2025,L. Gençler Birliği SK,1282.8244961105804
2025-03-23,2024-2025,Esentepe KSKK,1483.8137979772623
2025-03-23,2024-2025,Lefke TSK,1587.5544310722084
2025-03-23,2024-2025,Doğan Türk Birliği,1757.04802170603
2025-03-23,2024-2025,Cihangir GSK,1667.1507487975928
2025-03-23,2024-2025,Alsancak Yeşilova SK,1479.8992588432134
2025-03-23,2024-2025,Karşıyaka SK,1472.6385890831407
2025-03-23,2024-2025,Dumlupınar TSK,1455.6879726830632
2025-03-23,2024-2025,Mağusa Türk Gücü,1810.1500657154015
2025-03-23,2024-2025,Gençlik Gücü TSK,1583.340338084525
2025-03-28,2024-2025,Dumlupınar TSK,1497.9962994397556
2025-03-28,2024-2025,Cihangir GSK,1624.8424220409004
2025-03-28,2024-2025,Doğan Türk Birliği,1760.3585446227505
2025-03-28,2024-2025,L. Gençler Birliği SK,1279.51397319386
2025-03-28,2024-2025,Yenicami AK,1452.3626839844467
2025-03-28,2024-2025,Karşıyaka SK,1438.1677519538173
2025-03-29,2024-2025,Alsancak Yeşilova SK,1472.9286123847814
2025-03-29,2024-2025,Mağusa Türk Gücü,1817.1207121738335
2025-03-29,2024-2025,Gençlik Gücü TSK,1561.199605565206
2025-03-29,2024-2025,Çetinkaya TSK,1628.1497332150807
2025-03-29,2024-2025,Esentepe KSKK,1434.289838634169
2025-03-29,2024-2025,Göçmenköy İYSK,1439.9100072476108
2025-03-29,2024-2025,Gönyeli SK,1413.3633429032514
2025-03-29,2024-2025,Lefke TSK,1559.810073032226
2025-03-29,2024-2025,Mormenekşe GBSK,1555.719116629336
2025-03-29,2024-2025,Türk Ocağı Limasol SK,1430.2197484649416
2025-03-29,2024-2025,Küçük Kaymaklı TSK,1463.8741593039347
2025-03-29,2024-2025,Yeniboğaziçi DSK,1448.0410305601306
2025-03-29,2024-2025,Geçitkale GSK,1410.596978785814
2025-03-29,2024-2025,Hamitköy ŞHSK,1412.4110815909428
2025-03-29,2024-2025,Dipkarpaz SK,1283.7317715293161
2025-03-29,2024-2025,Düzkaya KOSK,1349.5918127091477
2025-03-29,2024-2025,Maraş GSK,1232.850454517876
2025-03-29,2024-2025,Binatlı YSK,1469.10433265073
2025-03-29,2024-2025,Lapta Türk Birliği SK,1302.020265939629
2025-03-29,2024-2025,Vadili TÇBSK,1186.178753889558
2025-03-29,2024-2025,Yalova SK,1372.707010937516
2025-03-29,2024-2025,Çanakkale TSK,1036.4392231883146
2025-03-29,2024-2025,Kozanköy KSK,1463.9495672851776
2025-03-29,2024-2025,M. Hacıali Yılmazköy SK,1428.4395592864648
2025-04-05,2024-2025,Dumlupınar TSK,1519.1461926307766
2025-04-05,2024-2025,Yenicami AK,1431.2127907934257
2025-04-05,2024-2025,Cihangir GSK,1612.1092043188148
2025-04-05,2024-2025,Mağusa Türk Gücü,1829.853929895919
2025-04-05,2024-2025,Karşıyaka SK,1454.5315232318897
2025-04-05,2024-2025,Esentepe KSKK,1417.9260673560966
2025-04-05,2024-2025,Göçmenköy İYSK,1432.6085842455695
2025-04-05,2024-2025,Doğan Türk Birliği,1767.6599676247918
2025-04-05,2024-2025,Mesarya SK,1416.8174935967563
2025-04-05,2024-2025,Gençlik Gücü TSK,1556.1629664796726
2025-04-05,2024-2025,Geçitkale GSK,1401.588965660661
2025-04-05,2024-2025,Lapta Türk Birliği SK,1311.028279064782
2025-04-05,2024-2025,M. Hacıali Yılmazköy SK,1379.6443641434973
2025-04-05,2024-2025,Maraş GSK,1281.6456496608434
2025-04-05,2024-2025,Çanakkale TSK,1028.369696936127
2025-04-05,2024-2025,Kozanköy KSK,1472.0190935373653
2025-04-06,2024-2025,Çetinkaya TSK,1573.8735085360827
2025-04-06,2024-2025,Alsancak Yeşilova SK,1527.2048370637795
2025-04-06,2024-2025,Vadili TÇBSK,1169.5171748878051
2025-04-06,2024-2025,Küçük Kaymaklı TSK,1480.5357383056876
2025-04-06,2024-2025,Hamitköy ŞHSK,1432.2267454284015
2025-04-06,2024-2025,Düzkaya KOSK,1329.776148871689
2025-04-06,2024-2025,Yeniboğaziçi DSK,1470.0578292161706
2025-04-06,2024-2025,Yalova SK,1350.690212281476
2025-04-06,2024-2025,Binatlı YSK,1490.6334130105126
2025-04-06,2024-2025,Mormenekşe GBSK,1534.1900362695533
2025-04-06,2024-2025,Türk Ocağı Limasol SK,1447.732413267299
2025-04-06,2024-2025,Dipkarpaz SK,1266.2191067269587
2025-04-07,2024-2025,L. Gençler Birliği SK,1303.7021992999582
2025-04-07,2024-2025,Gönyeli SK,1389.1751167971531
2025-04-11,2024-2025,Yenicami AK,1417.9042327597758
2025-04-11,2024-2025,Cihangir GSK,1625.4177623524647
2025-04-12,2024-2025,Düzkaya KOSK,1353.0817754736927
2025-04-12,2024-2025,Türk Ocağı Limasol SK,1424.4267866652954
2025-04-12,2024-2025,Kozanköy KSK,1488.4896549838948
2025-04-12,2024-2025,Yeniboğaziçi DSK,1453.5872677696411
2025-04-12,2024-2025,Lapta Türk Birliği SK,1314.5151584829432
2025-04-12,2024-2025,Hamitköy ŞHSK,1428.7398660102403
2025-04-12,2024-2025,Yalova SK,1362.670935196769
2025-04-12,2024-2025,Vadili TÇBSK,1157.5364519725122
2025-04-12,2024-2025,Küçük Kaymaklı TSK,1492.9381117075716
2025-04-12,2024-2025,Geçitkale GSK,1389.186592258777
2025-04-12,2024-2025,Mormenekşe GBSK,1552.2142993959742
2025-04-12,2024-2025,M. Hacıali Yılmazköy SK,1361.6201010170764
2025-04-13,2024-2025,Mağusa Türk Gücü,1838.2276721970684
2025-04-13,2024-2025,Çetinkaya TSK,1565.4997662349333
2025-04-13,2024-2025,Gönyeli SK,1368.2221926057587
2025-04-13,2024-2025,Göçmenköy İYSK,1453.561508436964
2025-04-13,2024-2025,Gençlik Gücü TSK,1572.9471838454433
2025-04-13,2024-2025,Lefke TSK,1543.0258556664553
2025-04-13,2024-2025,Alsancak Yeşilova SK,1543.568483665183
2025-04-13,2024-2025,Mesarya SK,1400.4538469953527
2025-04-13,2024-2025,Esentepe KSKK,1451.4686930112914
2025-04-13,2024-2025,Dumlupınar TSK,1485.6035669755818
2025-04-13,2024-2025,Doğan Türk Birliği,1774.9769013565945
2025-04-13,2024-2025,Karşıyaka SK,1447.214589500087
2025-04-13,2024-2025,Dipkarpaz SK,1243.8510781064974
2025-04-13,2024-2025,Binatlı YSK,1513.0014416309739
2025-04-13,2024-2025,Maraş GSK,1294.375464108233
2025-04-13,2024-2025,Çanakkale TSK,1015.6398824887374
2025-04-19,2024-2025,Geçitkale GSK,1417.5369756422772
2025-04-19,2024-2025,Yalova SK,1334.3205518132688
2025-04-19,2024-2025,Lapta Türk Birliği SK,1301.0798551073199
2025-04-19,2024-2025,Küçük Kaymaklı TSK,1506.373415083195
2025-04-19,2024-2025,Vadili TÇBSK,1141.9047925738182
2025-04-19,2024-2025,Kozanköy KSK,1504.1213143825887
2025-04-19,2024-2025,Yeniboğaziçi DSK,1469.0327427910042
2025-04-19,2024-2025,Maraş GSK,1278.92998908687
2025-04-19,2024-2025,Çanakkale TSK,1010.1983519456327
2025-04-19,2024-2025,Mormenekşe GBSK,1557.6558299390788
2025-04-19,2024-2025,M. Hacıali Yılmazköy SK,1380.1267753966292
2025-04-19,2024-2025,Dipkarpaz SK,1225.3444037269446
2025-04-19,2024-2025,Binatlı YSK,1501.7994307191616
2025-04-19,2024-2025,Düzkaya KOSK,1364.283786385505
2025-04-19,2024-2025,Hamitköy ŞHSK,1393.2491980281814
2025-04-19,2024-2025,Türk Ocağı Limasol SK,1459.9174546473544
2025-04-20,2024-2025,Dumlupınar TSK,1470.85070044506
2025-04-20,2024-2025,Doğan Türk Birliği,1789.7297678871162
2025-04-20,2024-2025,Yenicami AK,1416.3854106193146
2025-04-20,2024-2025,Esentepe KSKK,1452.9875151517526
2025-04-20,2024-2025,Karşıyaka SK,1439.6147156782633
2025-04-20,2024-2025,Gönyeli SK,1375.8220664275823
2025-04-20,2024-2025,L. Gençler Birliği SK,1287.5550392627595
2025-04-20,2024-2025,Gençlik Gücü TSK,1589.094343882642
2025-04-20,2024-2025,Lefke TSK,1559.636239424908
2025-04-20,2024-2025,Alsancak Yeşilova SK,1526.9580999067305
2025-04-20,2024-2025,Mesarya SK,1416.371808317088
2025-04-20,2024-2025,Mağusa Türk Gücü,1822.3097108753332
2025-04-20,2024-2025,Cihangir GSK,1648.795352041723
2025-04-20,2024-2025,Çetinkaya TSK,1542.122176545675
2025-04-25,2024-2025,Gençlik Gücü TSK,1536.242816792338
2025-04-25,2024-2025,Göçmenköy İYSK,1506.413035527268
2025-04-26,2024-2025,Doğan Türk Birliği,1794.3043174576524
2025-04-26,2024-2025,Yenicami AK,1411.8108610487784
2025-04-26,2024-2025,Esentepe KSKK,1480.429997420735
2025-04-26,2024-2025,Cihangir GSK,1621.3528697727406
2025-04-26,2024-2025,Gönyeli SK,1397.8316722359982
2025-04-26,2024-2025,Dumlupınar TSK,1448.8410946366441
2025-04-26,2024-2025,Alsancak Yeşilova SK,1539.0717448378377
2025-04-26,2024-2025,L. Gençler Birliği SK,1275.4413943316522
2025-04-26,2024-2025,Mağusa Türk Gücü,1830.4096892625994
2025-04-26,2024-2025,Lefke TSK,1551.5362610376417
2025-04-26,2024-2025,Çetinkaya TSK,1512.3438914348933
2025-04-26,2024-2025,Mesarya SK,1446.1500934278697
2025-04-27,2024-2025,Yalova SK,1329.0784341848052
2025-04-27,2024-2025,Lapta Türk Birliği SK,1306.3219727357834
2025-04-27,2024-2025,Küçük Kaymaklı TSK,1522.5502403314729
2025-04-27,2024-2025,Hamitköy ŞHSK,1377.0723727799034
2025-04-27,2024-2025,Kozanköy KSK,1496.1506556854201
2025-04-27,2024-2025,Geçitkale GSK,1425.5076343394458
2025-04-27,2024-2025,Maraş GSK,1303.2692585559766
2025-04-27,2024-2025,Vadili TÇBSK,1117.5655231047115
2025-04-27,2024-2025,Mormenekşe GBSK,1505.0261793967982
2025-04-27,2024-2025,Yeniboğaziçi DSK,1521.6623933332849
2025-04-27,2024-2025,Dipkarpaz SK,1241.517999563349
2025-04-27,2024-2025,Çanakkale TSK,994.0247561092284
2025-04-27,2024-2025,Düzkaya KOSK,1361.7555029113967
2025-04-27,2024-2025,M. Hacıali Yılmazköy SK,1382.6550588707375
2025-04-27,2024-2025,Türk Ocağı Limasol SK,1458.8754417307744
2025-04-27,2024-2025,Binatlı YSK,1502.8414436357416
2025-05-02,2024-2025,Yenicami AK,1369.4689621114
2025-05-02,2024-2025,Gönyeli SK,1440.1735711733766
2025-05-03,2024-2025,Esentepe KSKK,1492.8999761353816
2025-05-03,2024-2025,Doğan Türk Birliği,1781.8343387430057
2025-05-03,2024-2025,Karşıyaka SK,1412.7657749161815
2025-05-03,2024-2025,Gençlik Gücü TSK,1563.09175755442
2025-05-03,2024-2025,L. Gençler Birliği SK,1271.0638548997727
2025-05-03,2024-2025,Mağusa Türk Gücü,1834.787228694479
2025-05-03,2024-2025,Lefke TSK,1503.611768252303
2025-05-03,2024-2025,Çetinkaya TSK,1560.268384220232
2025-05-03,2024-2025,Göçmenköy İYSK,1468.6643975229906
2025-05-03,2024-2025,Alsancak Yeşilova SK,1576.8203828421151
2025-05-03,2024-2025,Cihangir GSK,1635.7188036061336
2025-05-03,2024-2025,Mesarya SK,1431.7841595944767
2025-05-04,2024-2025,Çanakkale TSK,982.3956944481636
2025-05-04,2024-2025,Düzkaya KOSK,1373.3845645724614
2025-05-04,2024-2025,Küçük Kaymaklı TSK,1535.752580709272
2025-05-04,2024-2025,Yalova SK,1315.876093807006
2025-05-04,2024-2025,M. Hacıali Yılmazköy SK,1354.0546226378126
2025-05-04,2024-2025,Türk Ocağı Limasol SK,1487.4758779636993
2025-05-04,2024-2025,Hamitköy ŞHSK,1360.813761636432
2025-05-04,2024-2025,Binatlı YSK,1519.100054779213
2025-05-04,2024-2025,Vadili TÇBSK,1107.0204115718896
2025-05-04,2024-2025,Mormenekşe GBSK,1515.57129092962
2025-05-04,2024-2025,Geçitkale GSK,1381.0721066848155
2025-05-04,2024-2025,Maraş GSK,1347.704786210607
2025-05-04,2024-2025,Lapta Türk Birliği SK,1293.466047553048
2025-05-04,2024-2025,Kozanköy KSK,1509.0065808681557
2025-05-04,2024-2025,Yeniboğaziçi DSK,1529.0832272126304
2025-05-04,2024-2025,Dipkarpaz SK,1234.0971656840034
2025-09-18,2025-2026,Doğan Türk Birliği,1696.6459934742772
2025-09-18,2025-2026,Çetinkaya TSK,1513.3647663075483
2025-09-19,2025-2026,Dumlupınar TSK,1458.3581334598546
2025-09-19,2025-2026,Yeniboğaziçi DSK,1478.5188254864984
2025-09-20,2025-2026,Karşıyaka SK,1391.29698389905
2025-09-20,2025-2026,Esentepe KSKK,1491.3860469490194
2025-09-20,2025-2026,Mormenekşe GBSK,1517.8934932845762
2025-09-20,2025-2026,Mağusa Türk Gücü,1698.3091139928952
2025-09-20,2025-2026,Gençlik Gücü TSK,1519.482665171089
2025-09-20,2025-2026,Küçük Kaymaklı TSK,1508.084306086077
2025-09-20,2025-2026,Binatlı YSK,1487.2317815233919
2025-09-20,2025-2026,Aslanköy GSD,1487.844866338443
2025-09-20,2025-2026,Kaplıca Karadeniz 61 SK,1451.4714896848773
2025-09-20,2025-2026,M. Hacıali Yılmazköy SK,1396.487750737574
2025-09-20,2025-2026,Kozanköy KSK,1503.7380667147634
2025-09-20,2025-2026,Geçitkale GSK,1367.2546665093619
2025-09-20,2025-2026,Türk Ocağı Limasol SK,1424.7627324357568
2025-09-20,2025-2026,Hamitköy ŞHSK,1414.8882148237385
2025-09-21,2025-2026,Cihangir GSK,1552.6827047398667
2025-09-21,2025-2026,Alsancak Yeşilova SK,1560.155402655717
2025-09-21,2025-2026,Lefke TSK,1493.0958005477296
2025-09-21,2025-2026,Mesarya SK,1411.884862896752
2025-09-21,2025-2026,Göçmenköy İYSK,1421.4519149548635
2025-09-21,2025-2026,Baf Ülkü Yurdu,1310.510992940958
2025-09-21,2025-2026,Düzkaya KOSK,1385.018594044125
2025-09-21,2025-2026,Değirmenlik SK,1495.6927774769656
2025-09-21,2025-2026,L. Gençler Birliği SK,1282.5407880550144
2025-09-21,2025-2026,Lapta Türk Birliği SK,1344.2903563439982
2025-09-21,2025-2026,Maraş GSK,1377.759064096688
2025-09-21,2025-2026,Yalova SK,1323.3603134759187
2025-09-22,2025-2026,Yenicami AK,1358.4173199289633
2025-09-22,2025-2026,Gönyeli SK,1452.2482975940163
2025-09-26,2025-2026,Çetinkaya TSK,1542.8236985006206
2025-09-26,2025-2026,Mormenekşe GBSK,1488.4345610915038
2025-09-27,2025-2026,Alsancak Yeşilova SK,1548.6053505962068
2025-09-27,2025-2026,Karşıyaka SK,1402.8470359585601
2025-09-27,2025-2026,Küçük Kaymaklı TSK,1488.7048520500027
2025-09-27,2025-2026,Doğan Türk Birliği,1716.0254475103516
2025-09-27,2025-2026,Esentepe KSKK,1468.0617229757374
2025-09-27,2025-2026,Lefke TSK,1516.4201245210115
2025-09-27,2025-2026,Değirmenlik SK,1491.8020711754523
2025-09-27,2025-2026,Binatlı YSK,1491.1224878249052
2025-09-27,2025-2026,M. Hacıali Yılmazköy SK,1419.8037809859434
2025-09-27,2025-2026,Maraş GSK,1354.4430338483187
2025-09-27,2025-2026,Geçitkale GSK,1348.6464457391005
2025-09-27,2025-2026,Kaplıca Karadeniz 61 SK,1470.0797104551386
2025-09-27,2025-2026,Baf Ülkü Yurdu,1313.6088371800056
2025-09-27,2025-2026,Türk Ocağı Limasol SK,1421.6648881967092
2025-09-28,2025-2026,Gönyeli SK,1415.5290166547136
2025-09-28,2025-2026,Gençlik Gücü TSK,1556.2019461103916
2025-09-28,2025-2026,Yeniboğaziçi DSK,1468.9899468101523
2025-09-28,2025-2026,Yenicami AK,1367.9461986053093
2025-09-28,2025-2026,Mesarya SK,1391.106594946485
2025-09-28,2025-2026,Dumlupınar TSK,1479.1364014101216
2025-09-28,2025-2026,Aslanköy GSD,1513.903011437183
2025-09-28,2025-2026,Göçmenköy İYSK,1395.3937698561233
2025-09-28,2025-2026,Lapta Türk Birliği SK,1363.1821208894353
2025-09-28,2025-2026,Düzkaya KOSK,1366.1268294986878
2025-09-28,2025-2026,Yalova SK,1317.7142686039736
2025-09-28,2025-2026,L. Gençler Birliği SK,1288.1868329269596
2025-09-28,2025-2026,Hamitköy ŞHSK,1387.3736016025703
2025-09-28,2025-2026,Kozanköy KSK,1531.2526799359316
2025-09-29,2025-2026,Mağusa Türk Gücü,1644.7164861637268
2025-09-29,2025-2026,Cihangir GSK,1606.275332569035
2025-10-03,2025-2026,Gençlik Gücü TSK,1580.199887701201
2025-10-03,2025-2026,Yeniboğaziçi DSK,1444.992005219343
2025-10-04,2025-2026,Yenicami AK,1399.2488928741939
2025-10-04,2025-2026,Mesarya SK,1359.8039006776005
2025-10-04,2025-2026,Dumlupınar TSK,1516.5248137465453
2025-10-04,2025-2026,Lefke TSK,1479.0317121845878
2025-10-04,2025-2026,Alsancak Yeşilova SK,1540.9292045826037
2025-10-04,2025-2026,Esentepe KSKK,1475.7378689893405
2025-10-04,2025-2026,Binatlı YSK,1481.2485668176082
2025-10-04,2025-2026,Lapta Türk Birliği SK,1373.0560418967323
2025-10-04,2025-2026,Düzkaya KOSK,1360.0810578662768
2025-10-04,2025-2026,Yalova SK,1323.7600402363846
2025-10-04,2025-2026,L. Gençler Birliği SK,1312.252022149155
2025-10-04,2025-2026,M. Hacıali Yılmazköy SK,1395.738591763748
2025-10-04,2025-2026,Aslanköy GSD,1501.209739594647
2025-10-04,2025-2026,Baf Ülkü Yurdu,1326.3021090225416
2025-10-05,2025-2026,Karşıyaka SK,1383.3608301390184
2025-10-05,2025-2026,Mağusa Türk Gücü,1664.2026919832686
2025-10-05,2025-2026,Cihangir GSK,1619.453588325504
2025-10-05,2025-2026,Çetinkaya TSK,1529.6454427441518
2025-10-05,2025-2026,Mormenekşe GBSK,1444.5504844142997
2025-10-05,2025-2026,Küçük Kaymaklı TSK,1532.5889287272068
2025-10-05,2025-2026,Göçmenköy İYSK,1368.5260581939945
2025-10-05,2025-2026,Değirmenlik SK,1518.6697828375811
2025-10-05,2025-2026,Maraş GSK,1350.7001164267626
2025-10-05,2025-2026,Geçitkale GSK,1352.3893631606566
2025-10-05,2025-2026,Kaplıca Karadeniz 61 SK,1442.2976736041526
2025-10-05,2025-2026,Hamitköy ŞHSK,1415.1556384535563
2025-10-05,2025-2026,Kozanköy KSK,1542.1983322719475
2025-10-05,2025-2026,Türk Ocağı Limasol SK,1410.7192358606933
2025-10-06,2025-2026,Doğan Türk Birliği,1723.832707047215
2025-10-06,2025-2026,Gönyeli SK,1407.72175711785
2025-10-10,2025-2026,Lefke TSK,1491.3929417194522
2025-10-10,2025-2026,Yenicami AK,1386.8876633393295
2025-10-11,2025-2026,Küçük Kaymaklı TSK,1514.1323082176198
2025-10-11,2025-2026,Cihangir GSK,1637.910208835091
2025-10-11,2025-2026,Mesarya SK,1338.4826589708193
2025-10-11,2025-2026,Gençlik Gücü TSK,1601.5211294079822
2025-10-11,2025-2026,Esentepe KSKK,1454.6330026396718
2025-10-11,2025-2026,Dumlupınar TSK,1537.629680096214
2025-10-11,2025-2026,Lapta Türk Birliği SK,1369.3835301831573
2025-10-11,2025-2026,Göçmenköy İYSK,1372.1985699075694
2025-10-11,2025-2026,M. Hacıali Yılmazköy SK,1390.3671454606513
2025-10-11,2025-2026,Düzkaya KOSK,1365.4525041693735
2025-10-11,2025-2026,Baf Ülkü Yurdu,1376.0313081645497
2025-10-11,2025-2026,Kozanköy KSK,1492.4691331299393
2025-10-11,2025-2026,Değirmenlik SK,1482.0900031908086
2025-10-11,2025-2026,Aslanköy GSD,1537.7895192414196
2025-10-12,2025-2026,Çetinkaya TSK,1518.9939141860216
2025-10-12,2025-2026,Karşıyaka SK,1394.0123586971486
2025-10-12,2025-2026,Gönyeli SK,1426.3898855145424
2025-10-12,2025-2026,Mormenekşe GBSK,1425.8823560176074
2025-10-12,2025-2026,Yeniboğaziçi DSK,1429.5208000735645
2025-10-12,2025-2026,Doğan Türk Birliği,1739.3039121929935
2025-10-12,2025-2026,Yalova SK,1349.2291451762183
2025-10-12,2025-2026,Binatlı YSK,1455.7794618777746
2025-10-12,2025-2026,Geçitkale GSK,1326.779478396302
2025-10-12,2025-2026,L. Gençler Birliği SK,1337.8619069135095
2025-10-12,2025-2026,Hamitköy ŞHSK,1428.2828793280191
2025-10-12,2025-2026,Maraş GSK,1337.5728755522998
2025-10-12,2025-2026,Türk Ocağı Limasol SK,1438.2705804918608
2025-10-12,2025-2026,Kaplıca Karadeniz 61 SK,1414.746328972985
2025-10-13,2025-2026,Mağusa Türk Gücü,1674.5332831474063
2025-10-13,2025-2026,Alsancak Yeşilova SK,1530.598613418466
2025-10-17,2025-2026,Doğan Türk Birliği,1741.9368229348538
2025-10-17,2025-2026,Mesarya SK,1335.849748228959
2025-10-17,2025-2026,Gençlik Gücü TSK,1617.9025359323552
2025-10-17,2025-2026,Lefke TSK,1475.0115351950792
2025-10-17,2025-2026,Yenicami AK,1391.9955761558297
2025-10-17,2025-2026,Dumlupınar TSK,1532.521767279714
2025-10-17,2025-2026,Binatlı YSK,1448.8581752264577
2025-10-17,2025-2026,M. Hacıali Yılmazköy SK,1397.2884321119682
2025-10-17,2025-2026,L. Gençler Birliği SK,1370.4819726580645
2025-10-17,2025-2026,Hamitköy ŞHSK,1395.6628135834642
2025-10-17,2025-2026,Değirmenlik SK,1427.9173299091572
2025-10-17,2025-2026,Baf Ülkü Yurdu,1430.2039814462012
2025-10-18,2025-2026,Karşıyaka SK,1365.0089956754712
2025-10-18,2025-2026,Küçük Kaymaklı TSK,1543.1356712392972
2025-10-18,2025-2026,Cihangir GSK,1650.9014892093633
2025-10-18,2025-2026,Gönyeli SK,1413.39860514027
2025-10-18,2025-2026,Mormenekşe GBSK,1442.6660876236956
2025-10-18,2025-2026,Yeniboğaziçi DSK,1412.7370684674763
2025-10-18,2025-2026,Alsancak Yeşilova SK,1488.4857152327677
2025-10-18,2025-2026,Çetinkaya TSK,1561.1068123717198
2025-10-18,2025-2026,Mağusa Türk Gücü,1661.1899690133223
2025-10-18,2025-2026,Esentepe KSKK,1467.9763167737558
2025-10-18,2025-2026,Göçmenköy İYSK,1387.5112320150424
2025-10-18,2025-2026,Yalova SK,1333.9164830687453
2025-10-18,2025-2026,Düzkaya KOSK,1392.5797558266986
2025-10-18,2025-2026,Geçitkale GSK,1299.6522267389769
2025-10-18,2025-2026,Maraş GSK,1339.9049671701696
2025-10-18,2025-2026,Türk Ocağı Limasol SK,1435.938488873991
2025-10-18,2025-2026,Kaplıca Karadeniz 61 SK,1395.765651631944
2025-10-18,2025-2026,Kozanköy KSK,1511.4498104709805
2025-10-18,2025-2026,Aslanköy GSD,1526.2568382851362
2025-10-18,2025-2026,Lapta Türk Birliği SK,1380.9162111394407
2025-10-24,2025-2026,Lefke TSK,1485.6894574075452
2025-10-24,2025-2026,Doğan Türk Birliği,1731.2589007223878
2025-10-25,2025-2026,Gönyeli SK,1407.3540339940826
2025-10-25,2025-2026,Karşıyaka SK,1371.0535668216587
2025-10-25,2025-2026,Esentepe KSKK,1460.5252612288755
2025-10-25,2025-2026,Yenicami AK,1399.44663170071
2025-10-25,2025-2026,Çetinkaya TSK,1583.4040015812027
2025-10-25,2025-2026,Mağusa Türk Gücü,1638.8927798038394
2025-10-25,2025-2026,Hamitköy ŞHSK,1372.0708462904565
2025-10-25,2025-2026,Düzkaya KOSK,1416.1717231197063
2025-10-25,2025-2026,Türk Ocağı Limasol SK,1429.0149626884163
2025-10-25,2025-2026,L. Gençler Birliği SK,1377.4054988436392
2025-10-25,2025-2026,Kozanköy KSK,1519.7971504887864
2025-10-25,2025-2026,Maraş GSK,1331.5576271523637
2025-10-25,2025-2026,Baf Ülkü Yurdu,1452.244584712845
2025-10-25,2025-2026,Kaplıca Karadeniz 61 SK,1373.7250483653002
2025-10-26,2025-2026,Yeniboğaziçi DSK,1396.9007502461195
2025-10-26,2025-2026,Cihangir GSK,1666.73780743072
2025-10-26,2025-2026,Mesarya SK,1309.8679059569986
2025-10-26,2025-2026,Mormenekşe GBSK,1468.647929895656
2025-10-26,2025-2026,Küçük Kaymaklı TSK,1563.5803417703287
2025-10-26,2025-2026,Alsancak Yeşilova SK,1468.0410447017362
2025-10-26,2025-2026,M. Hacıali Yılmazköy SK,1413.3248803605236
2025-10-26,2025-2026,Göçmenköy İYSK,1371.474783766487
2025-10-26,2025-2026,Geçitkale GSK,1324.6773910360898
2025-10-26,2025-2026,Binatlı YSK,1423.8330109293447
2025-10-26,2025-2026,Yalova SK,1311.6387786195007
2025-10-26,2025-2026,Aslanköy GSD,1548.5345427343807
2025-10-26,2025-2026,Lapta Türk Birliği SK,1409.7943209309012
2025-10-26,2025-2026,Değirmenlik SK,1399.0392201176967
2025-10-27,2025-2026,Dumlupınar TSK,1513.9802083409036
2025-10-27,2025-2026,Gençlik Gücü TSK,1636.4440948711656
2025-11-01,2025-2026,Cihangir GSK,1672.561518818987
2025-11-01,2025-2026,Mesarya SK,1304.0441945687317
2025-11-01,2025-2026,Mormenekşe GBSK,1466.1875666410328
2025-11-01,2025-2026,Lefke TSK,1488.1498206621684
2025-11-01,2025-2026,Alsancak Yeşilova SK,1461.360309759931
2025-11-01,2025-2026,Gönyeli SK,1414.0347689358878
2025-11-01,2025-2026,Çetinkaya TSK,1538.9260206712156
2025-11-01,2025-2026,Esentepe KSKK,1505.0032421388626
2025-11-01,2025-2026,Göçmenköy İYSK,1345.513610916254
2025-11-01,2025-2026,Geçitkale GSK,1350.6385638863228
2025-11-01,2025-2026,L. Gençler Birliği SK,1382.0613920785386
2025-11-01,2025-2026,Kozanköy KSK,1515.141257253887
2025-11-01,2025-2026,Maraş GSK,1374.2499702753355
2025-11-01,2025-2026,Kaplıca Karadeniz 61 SK,1331.0327052423283
2025-11-01,2025-2026,Aslanköy GSD,1568.160338109191
2025-11-01,2025-2026,M. Hacıali Yılmazköy SK,1393.6990849857134
2025-11-02,2025-2026,Karşıyaka SK,1402.6241160051713
2025-11-02,2025-2026,Yeniboğaziçi DSK,1365.3302010626069
2025-11-02,2025-2026,Gençlik Gücü TSK,1622.572434529917
2025-11-02,2025-2026,Yenicami AK,1413.3182920419586
2025-11-02,2025-2026,Mağusa Türk Gücü,1631.474879019092
2025-11-02,2025-2026,Küçük Kaymaklı TSK,1570.998242555076
2025-11-02,2025-2026,Binatlı YSK,1417.6125545702241
2025-11-02,2025-2026,Hamitköy ŞHSK,1378.2913026495771
2025-11-02,2025-2026,Düzkaya KOSK,1442.1247021942677
2025-11-02,2025-2026,Türk Ocağı Limasol SK,1403.0619836138549
2025-11-02,2025-2026,Değirmenlik SK,1391.029081349079
2025-11-02,2025-2026,Yalova SK,1319.6489173881184
2025-11-02,2025-2026,Lapta Türk Birliği SK,1373.027895965709
2025-11-02,2025-2026,Baf Ülkü Yurdu,1489.0110096780372
2025-11-03,2025-2026,Doğan Türk Birliği,1737.9997475179478
2025-11-03,2025-2026,Dumlupınar TSK,1507.2393615453436
2025-11-08,2025-2026,Mesarya SK,1277.3618281445663
2025-11-08,2025-2026,Karşıyaka SK,1429.3064824293367
2025-11-08,2025-2026,Yeniboğaziçi DSK,1347.3968576598359
2025-11-08,2025-2026,Alsancak Yeşilova SK,1479.293653162702
2025-11-08,2025-2026,Gönyeli SK,1402.524450855198
2025-11-08,2025-2026,Mağusa Türk Gücü,1642.9851970997818
2025-11-08,2025-2026,Küçük Kaymaklı TSK,1545.8188218537043
2025-11-08,2025-2026,Çetinkaya TSK,1564.1054413725874
2025-11-08,2025-2026,Türk Ocağı Limasol SK,1363.5094332039484
2025-11-08,2025-2026,Binatlı YSK,1457.1651049801305
2025-11-08,2025-2026,Kozanköy KSK,1527.8376159229178
2025-11-08,2025-2026,Düzkaya KOSK,1429.4283435252369
2025-11-08,2025-2026,Kaplıca Karadeniz 61 SK,1300.2582319132068
2025-11-08,2025-2026,L. Gençler Birliği SK,1412.83586540766
2025-11-08,2025-2026,Yalova SK,1319.2678268889451
2025-11-08,2025-2026,Lapta Türk Birliği SK,1373.4089864648822
2025-11-09,2025-2026,Lefke TSK,1475.0203548852846
2025-11-09,2025-2026,Cihangir GSK,1685.6909845958708
2025-11-09,2025-2026,Dumlupınar TSK,1532.3372534239018
2025-11-09,2025-2026,Mormenekşe GBSK,1441.0896747624747
2025-11-09,2025-2026,Yenicami AK,1426.1611815688163
2025-11-09,2025-2026,Doğan Türk Birliği,1725.15685799109
2025-11-09,2025-2026,Esentepe KSKK,1479.929166617157
2025-11-09,2025-2026,Gençlik Gücü TSK,1647.6465100516225
2025-11-09,2025-2026,Hamitköy ŞHSK,1334.1610498938064
2025-11-09,2025-2026,Göçmenköy İYSK,1389.6438636720247
2025-11-09,2025-2026,Baf Ülkü Yurdu,1437.7543724754769
2025-11-09,2025-2026,Maraş GSK,1425.5066074778958
2025-11-09,2025-2026,Geçitkale GSK,1333.3788670595065
2025-11-09,2025-2026,Aslanköy GSD,1585.4200349360071
2025-11-09,2025-2026,M. Hacıali Yılmazköy SK,1410.1301329518958
2025-11-09,2025-2026,Değirmenlik SK,1374.5980333828966
2025-11-14,2025-2026,Doğan Türk Birliği,1717.63009695822
2025-11-14,2025-2026,Gençlik Gücü TSK,1655.1732710844924
2025-11-15,2025-2026,Karşıyaka SK,1428.484569986422
2025-11-15,2025-2026,Lefke TSK,1475.8422673281993
2025-11-15,2025-2026,Cihangir GSK,1699.2811729984483
2025-11-15,2025-2026,Dumlupınar TSK,1518.7470650213243
2025-11-15,2025-2026,Mağusa Türk Gücü,1647.5597111684065
2025-11-15,2025-2026,Yeniboğaziçi DSK,1342.8223435912112
2025-11-15,2025-2026,Çetinkaya TSK,1532.8379741897343
2025-11-15,2025-2026,Gönyeli SK,1433.791918038051
2025-11-15,2025-2026,Göçmenköy İYSK,1416.140348964634
2025-11-15,2025-2026,Türk Ocağı Limasol SK,1337.012947911339
2025-11-15,2025-2026,L. Gençler Birliği SK,1390.1281030605037
2025-11-15,2025-2026,Maraş GSK,1448.2143698250522
2025-11-15,2025-2026,Lapta Türk Birliği SK,1352.0709496031568
2025-11-15,2025-2026,M. Hacıali Yılmazköy SK,1431.4681698136212
2025-11-15,2025-2026,Yalova SK,1294.2707928465748
2025-11-15,2025-2026,Baf Ülkü Yurdu,1462.7514065178473
2025-11-16,2025-2026,Mormenekşe GBSK,1404.7183009761707
2025-11-16,2025-2026,Yenicami AK,1462.5325553551204
2025-11-16,2025-2026,Alsancak Yeşilova SK,1486.5442509548132
2025-11-16,2025-2026,Mesarya SK,1270.111230352455
2025-11-16,2025-2026,Küçük Kaymaklı TSK,1505.400628533389
2025-11-16,2025-2026,Esentepe KSKK,1520.3473599374724
2025-11-16,2025-2026,Binatlı YSK,1437.7792709331318
2025-11-16,2025-2026,Kozanköy KSK,1547.2234499699166
2025-11-16,2025-2026,Düzkaya KOSK,1448.3145375530246
2025-11-16,2025-2026,Kaplıca Karadeniz 61 SK,1281.372037885419
2025-11-16,2025-2026,Aslanköy GSD,1571.134363368866
2025-11-16,2025-2026,Hamitköy ŞHSK,1348.4467214609476
2025-11-16,2025-2026,Değirmenlik SK,1396.097218709972
2025-11-16,2025-2026,Geçitkale GSK,1311.8796817324312
2025-11-22,2025-2026,Dumlupınar TSK,1542.4510520377942
2025-11-22,2025-2026,Karşıyaka SK,1404.780582969952
2025-11-22,2025-2026,Gençlik Gücü TSK,1663.7788238891626
2025-11-22,2025-2026,Mormenekşe GBSK,1396.1127481715005
2025-11-22,2025-2026,Lefke TSK,1453.0233379580534
2025-11-22,2025-2026,Alsancak Yeşilova SK,1509.363180324959
2025-11-22,2025-2026,Mesarya SK,1284.569204594075
2025-11-22,2025-2026,Mağusa Türk Gücü,1633.1017369267865
2025-11-22,2025-2026,Kozanköy KSK,1562.2082624126656
2025-11-22,2025-2026,Göçmenköy İYSK,1401.155536521885
2025-11-22,2025-2026,Hamitköy ŞHSK,1317.3808285307161
2025-11-22,2025-2026,Değirmenlik SK,1427.1631116402034
2025-11-22,2025-2026,Geçitkale GSK,1290.740633382607
2025-11-22,2025-2026,Lapta Türk Birliği SK,1373.209997952981
2025-11-22,2025-2026,M. Hacıali Yılmazköy SK,1421.1965785379962
2025-11-22,2025-2026,Yalova SK,1304.5423841221998
2025-11-23,2025-2026,Yenicami AK,1443.9458035860864
2025-11-23,2025-2026,Cihangir GSK,1717.8679247674822
2025-11-23,2025-2026,Esentepe KSKK,1527.8628715491495
2025-11-23,2025-2026,Doğan Türk Birliği,1710.114585346543
2025-11-23,2025-2026,Yeniboğaziçi DSK,1349.9758050576593
2025-11-23,2025-2026,Çetinkaya TSK,1525.6845127232862
2025-11-23,2025-2026,Gönyeli SK,1434.459920564195
2025-11-23,2025-2026,Küçük Kaymaklı TSK,1504.732626007245
2025-11-23,2025-2026,Kaplıca Karadeniz 61 SK,1306.7835041856767
2025-11-23,2025-2026,Binatlı YSK,1412.3678046328741
2025-11-23,2025-2026,Maraş GSK,1424.8000204700809
2025-11-23,2025-2026,Düzkaya KOSK,1471.728886907996
2025-11-23,2025-2026,Baf Ülkü Yurdu,1415.0043807584582
2025-11-23,2025-2026,L. Gençler Birliği SK,1437.8751288198928
2025-11-23,2025-2026,Türk Ocağı Limasol SK,1366.2735538773304
2025-11-23,2025-2026,Aslanköy GSD,1541.8737574028746
2025-11-29,2025-2026,Karşıyaka SK,1423.5826722423717
2025-11-29,2025-2026,Yenicami AK,1425.1437143136668
2025-11-29,2025-2026,Cihangir GSK,1711.5267301051529
2025-11-29,2025-2026,Gençlik Gücü TSK,1670.120018551492
2025-11-29,2025-2026,Mormenekşe GBSK,1384.8244449926287
2025-11-29,2025-2026,Doğan Türk Birliği,1721.4028885254147
2025-11-29,2025-2026,Çetinkaya TSK,1511.6908497075756
2025-11-29,2025-2026,Mesarya SK,1298.5628676097856
2025-11-29,2025-2026,Binatlı YSK,1438.2859445075371
2025-11-29,2025-2026,Maraş GSK,1398.881880595418
2025-11-29,2025-2026,Düzkaya KOSK,1466.45391830679
2025-11-29,2025-2026,L. Gençler Birliği SK,1443.1500974210987
2025-11-29,2025-2026,Aslanköy GSD,1559.6002968097382
2025-11-29,2025-2026,Kozanköy KSK,1544.481723005802
2025-11-29,2025-2026,M. Hacıali Yılmazköy SK,1385.5492461522092
2025-11-29,2025-2026,Baf Ülkü Yurdu,1450.6517131442452
2025-11-30,2025-2026,Alsancak Yeşilova SK,1537.0440367646645
2025-11-30,2025-2026,Dumlupınar TSK,1514.7701955980888
2025-11-30,2025-2026,Mağusa Türk Gücü,1647.1498692794967
2025-11-30,2025-2026,Lefke TSK,1438.9752056053433
2025-11-30,2025-2026,Küçük Kaymaklı TSK,1493.736274392751
2025-11-30,2025-2026,Yeniboğaziçi DSK,1360.9721566721532
2025-11-30,2025-2026,Gönyeli SK,1436.3768464662664
2025-11-30,2025-2026,Esentepe KSKK,1525.9459456470781
2025-11-30,2025-2026,Göçmenköy İYSK,1372.8111850658504
2025-11-30,2025-2026,Kaplıca Karadeniz 61 SK,1335.1278556417114
2025-11-30,2025-2026,Değirmenlik SK,1400.4720201491223
2025-11-30,2025-2026,Türk Ocağı Limasol SK,1392.9646453684115
2025-11-30,2025-2026,Lapta Türk Birliği SK,1393.5632758744327
2025-11-30,2025-2026,Hamitköy ŞHSK,1297.0275506092644
2025-11-30,2025-2026,Yalova SK,1300.356779050852
2025-11-30,2025-2026,Geçitkale GSK,1294.9262384539547
2025-12-05,2025-2026,Doğan Türk Birliği,1717.4338643103438
2025-12-05,2025-2026,Cihangir GSK,1715.4957543202238
2025-12-06,2025-2026,Esentepe KSKK,1545.072077574675
2025-12-06,2025-2026,Mormenekşe GBSK,1365.698313065032
2025-12-06,2025-2026,Yenicami AK,1448.1093109564624
2025-12-06,2025-2026,Alsancak Yeşilova SK,1514.0784401218689
2025-12-06,2025-2026,Mesarya SK,1279.6793637622025
2025-12-06,2025-2026,Küçük Kaymaklı TSK,1512.6197782403342
2025-12-06,2025-2026,Maraş GSK,1414.0261817979547
2025-12-06,2025-2026,Göçmenköy İYSK,1357.6668838633136
2025-12-06,2025-2026,L. Gençler Birliği SK,1473.7292921691496
2025-12-06,2025-2026,Binatlı YSK,1407.7067497594862
2025-12-06,2025-2026,Kozanköy KSK,1513.92433212819
2025-12-06,2025-2026,Değirmenlik SK,1431.0294110267344
2025-12-06,2025-2026,Hamitköy ŞHSK,1262.1771424077888
2025-12-06,2025-2026,Yalova SK,1335.2071872523277
2025-12-07,2025-2026,Gençlik Gücü TSK,1675.9687706249472
2025-12-07,2025-2026,Karşıyaka SK,1417.7339201689165
2025-12-07,2025-2026,Lefke TSK,1470.0726726174412
2025-12-07,2025-2026,Çetinkaya TSK,1480.5933826954777
2025-12-07,2025-2026,Yeniboğaziçi DSK,1392.3014335599605
2025-12-07,2025-2026,Gönyeli SK,1405.0475695784592
2025-12-07,2025-2026,Baf Ülkü Yurdu,1468.121119515018
2025-12-07,2025-2026,Düzkaya KOSK,1448.984511936017
2025-12-07,2025-2026,Kaplıca Karadeniz 61 SK,1323.9465374046758
2025-12-07,2025-2026,Aslanköy GSD,1570.7816150467738
2025-12-07,2025-2026,Türk Ocağı Limasol SK,1343.2683647622514
2025-12-07,2025-2026,Lapta Türk Birliği SK,1443.259556480593
2025-12-07,2025-2026,Geçitkale GSK,1333.0031782050944
2025-12-07,2025-2026,M. Hacıali Yılmazköy SK,1347.4723064010695
2025-12-08,2025-2026,Dumlupınar TSK,1518.8774580440797
2025-12-08,2025-2026,Mağusa Türk Gücü,1643.0426068335057
2025-12-13,2025-2026,Karşıyaka SK,1429.6924281502106
2025-12-13,2025-2026,Doğan Türk Birliği,1705.4753563290496
2025-12-13,2025-2026,Cihangir GSK,1722.8358735784127
2025-12-13,2025-2026,Mormenekşe GBSK,1358.358193806843
2025-12-13,2025-2026,Gönyeli SK,1352.9648821731234
2025-12-13,2025-2026,Mesarya SK,1331.7620511675382
2025-12-13,2025-2026,Yeniboğaziçi DSK,1377.5183427556015
2025-12-13,2025-2026,Esentepe KSKK,1559.855168379034
2025-12-13,2025-2026,Göçmenköy İYSK,1380.8663749500242
2025-12-13,2025-2026,L. Gençler Birliği SK,1450.529801082439
2025-12-13,2025-2026,Binatlı YSK,1406.6300530859191
2025-12-13,2025-2026,Düzkaya KOSK,1450.0612086095841
2025-12-13,2025-2026,Aslanköy GSD,1539.70524737114
2025-12-13,2025-2026,Maraş GSK,1445.1025494735884
2025-12-13,2025-2026,Geçitkale GSK,1305.4546693425632
2025-12-13,2025-2026,Baf Ülkü Yurdu,1495.6696283775493
2025-12-14,2025-2026,Alsancak Yeşilova SK,1492.6325253150121
2025-12-14,2025-2026,Gençlik Gücü TSK,1697.414685431804
2025-12-14,2025-2026,Mağusa Türk Gücü,1650.5354374431613
2025-12-14,2025-2026,Yenicami AK,1440.6164803468068
2025-12-14,2025-2026,Çetinkaya TSK,1515.752550616884
2025-12-14,2025-2026,Dumlupınar TSK,1483.7182901226734
2025-12-14,2025-2026,Küçük Kaymaklı TSK,1526.8823403259514
2025-12-14,2025-2026,Lefke TSK,1455.810110531824
2025-12-14,2025-2026,Değirmenlik SK,1453.1507456080324
2025-12-14,2025-2026,Kaplıca Karadeniz 61 SK,1301.8252028233778
2025-12-14,2025-2026,Lapta Türk Birliği SK,1443.8732775738033
2025-12-14,2025-2026,Kozanköy KSK,1513.3106110349795
2025-12-14,2025-2026,Yalova SK,1300.7555410733794
2025-12-14,2025-2026,Türk Ocağı Limasol SK,1377.7200109411997
2025-12-14,2025-2026,M. Hacıali Yılmazköy SK,1368.633057073201
2025-12-14,2025-2026,Hamitköy ŞHSK,1241.0163917356574
2025-12-20,2025-2026,Doğan Türk Birliği,1712.3605366261995
2025-12-20,2025-2026,Alsancak Yeşilova SK,1485.7473450178622
2025-12-20,2025-2026,Gençlik Gücü TSK,1711.4492195219427
2025-12-20,2025-2026,Mağusa Türk Gücü,1636.5009033530225
2025-12-20,2025-2026,Dumlupınar TSK,1462.7498928104667
2025-12-20,2025-2026,Küçük Kaymaklı TSK,1547.850737638158
2025-12-20,2025-2026,Mesarya SK,1310.9425764544699
2025-12-20,2025-2026,Yeniboğaziçi DSK,1398.3378174686698
2025-12-20,2025-2026,Düzkaya KOSK,1462.948986233403
2025-12-20,2025-2026,Göçmenköy İYSK,1367.9785973262053
2025-12-20,2025-2026,Baf Ülkü Yurdu,1507.5804187457347
2025-12-20,2025-2026,Binatlı YSK,1394.7192627177337
2025-12-20,2025-2026,Kaplıca Karadeniz 61 SK,1306.4623857106208
2025-12-20,2025-2026,Lapta Türk Birliği SK,1439.2360946865604
2025-12-20,2025-2026,Hamitköy ŞHSK,1211.399602585734
2025-12-20,2025-2026,Geçitkale GSK,1335.0714584924865
2025-12-21,2025-2026,Mormenekşe GBSK,1379.0104134285325
2025-12-21,2025-2026,Karşıyaka SK,1409.0402085285211
2025-12-21,2025-2026,Esentepe KSKK,1534.935755692419
2025-12-21,2025-2026,Cihangir GSK,1747.7552862650277
2025-12-21,2025-2026,Yenicami AK,1407.140295370386
2025-12-21,2025-2026,Çetinkaya TSK,1549.228735593305
2025-12-21,2025-2026,Lefke TSK,1467.0670426956171
2025-12-21,2025-2026,Gönyeli SK,1341.7079500093303
2025-12-21,2025-2026,L. Gençler Birliği SK,1423.0431068048538
2025-12-21,2025-2026,Aslanköy GSD,1567.1919416487253
2025-12-21,2025-2026,Maraş GSK,1399.1655596152907
2025-12-21,2025-2026,Değirmenlik SK,1499.08773546633
2025-12-21,2025-2026,Kozanköy KSK,1480.2052384920462
2025-12-21,2025-2026,Yalova SK,1333.8609136163127
2025-12-21,2025-2026,Türk Ocağı Limasol SK,1373.7946474236883
2025-12-21,2025-2026,M. Hacıali Yılmazköy SK,1372.5584205907123
2025-12-26,2025-2026,Mağusa Türk Gücü,1637.4132236490054
2025-12-26,2025-2026,Doğan Türk Birliği,1711.4482163302166
2025-12-27,2025-2026,Karşıyaka SK,1396.487777542091
2025-12-27,2025-2026,Cihangir GSK,1760.307717251458
2025-12-27,2025-2026,Çetinkaya TSK,1534.9489143099572
2025-12-27,2025-2026,Gençlik Gücü TSK,1725.7290408052904
2025-12-27,2025-2026,Küçük Kaymaklı TSK,1564.616254187193
2025-12-27,2025-2026,Yenicami AK,1390.3747788213511
2025-12-27,2025-2026,Yeniboğaziçi DSK,1418.8402063588032
2025-12-27,2025-2026,Lefke TSK,1446.5646538054837
2025-12-27,2025-2026,Değirmenlik SK,1491.633512894314
2025-12-27,2025-2026,L. Gençler Birliği SK,1430.4973293768699
2025-12-27,2025-2026,Lapta Türk Birliği SK,1453.6297532073338
2025-12-27,2025-2026,Maraş GSK,1384.7719010945173
2025-12-27,2025-2026,Yalova SK,1348.9333511677619
2025-12-27,2025-2026,Kaplıca Karadeniz 61 SK,1291.3899481591716
2025-12-27,2025-2026,Geçitkale GSK,1333.848195605998
2025-12-27,2025-2026,Türk Ocağı Limasol SK,1375.0179103101768
2025-12-27,2025-2026,Hamitköy ŞHSK,1197.0978440011497
2025-12-27,2025-2026,Baf Ülkü Yurdu,1521.882177330319
2025-12-28,2025-2026,Alsancak Yeşilova SK,1502.3622600141236
2025-12-28,2025-2026,Mormenekşe GBSK,1362.395498432271
2025-12-28,2025-2026,Gönyeli SK,1310.7294669812304
2025-12-28,2025-2026,Dumlupınar TSK,1493.7283758385665
2025-12-28,2025-2026,Mesarya SK,1339.7390200131
2025-12-28,2025-2026,Esentepe KSKK,1506.139312133789
2025-12-28,2025-2026,Göçmenköy İYSK,1399.6383122981406
2025-12-28,2025-2026,Binatlı YSK,1363.0595477457985
2025-12-28,2025-2026,Aslanköy GSD,1583.9798864795846
2025-12-28,2025-2026,Düzkaya KOSK,1446.1610414025438
2025-12-28,2025-2026,M. Hacıali Yılmazköy SK,1395.2841258585158
2025-12-28,2025-2026,Kozanköy KSK,1457.4795332242427
2026-01-31,2025-2026,Gönyeli SK,1311.8591383655883
2026-01-31,2025-2026,Yenicami AK,1389.2451074369933
2026-01-31,2025-2026,Yeniboğaziçi DSK,1419.6967140938536
2026-01-31,2025-2026,Dumlupınar TSK,1492.8718681035161
2026-01-31,2025-2026,Küçük Kaymaklı TSK,1537.731711582074
2026-01-31,2025-2026,Gençlik Gücü TSK,1752.6135834104093
2026-01-31,2025-2026,Esentepe KSKK,1517.0820474196012
2026-01-31,2025-2026,Karşıyaka SK,1385.5450422562787
2026-01-31,2025-2026,Çetinkaya TSK,1521.4146280951832
2026-01-31,2025-2026,Doğan Türk Birliği,1724.9825025449907
2026-01-31,2025-2026,Değirmenlik SK,1505.7419117587365
2026-01-31,2025-2026,Düzkaya KOSK,1432.0526425381213
2026-01-31,2025-2026,Baf Ülkü Yurdu,1492.2582494055082
2026-01-31,2025-2026,Göçmenköy İYSK,1429.2622402229515
2026-01-31,2025-2026,Lapta Türk Birliği SK,1482.3243697465991
2026-01-31,2025-2026,L. Gençler Birliği SK,1401.8027128376045
2026-01-31,2025-2026,M. Hacıali Yılmazköy SK,1386.492279430377
2026-01-31,2025-2026,Kaplıca Karadeniz 61 SK,1300.1817945873104
2026-02-01,2025-2026,Alsancak Yeşilova SK,1484.180873846213
2026-02-01,2025-2026,Cihangir GSK,1778.4891034193686
2026-02-01,2025-2026,Mağusa Türk Gücü,1646.297260428239
2026-02-01,2025-2026,Mormenekşe GBSK,1353.5114616530375
2026-02-01,2025-2026,Mesarya SK,1342.4183172602777
2026-02-01,2025-2026,Lefke TSK,1443.8853565583058
2026-02-01,2025-2026,Hamitköy ŞHSK,1183.6366987246129
2026-02-01,2025-2026,Türk Ocağı Limasol SK,1388.4790555867137
2026-02-01,2025-2026,Aslanköy GSD,1595.5721785977912
2026-02-01,2025-2026,Binatlı YSK,1351.4672556275918
2026-02-01,2025-2026,Yalova SK,1367.5447440691566
2026-02-01,2025-2026,Maraş GSK,1366.1605081931225
2026-02-01,2025-2026,Geçitkale GSK,1337.4706977102908
2026-02-01,2025-2026,Kozanköy KSK,1453.8570311199499
2026-02-07,2025-2026,Cihangir GSK,1768.4312189140016
2026-02-07,2025-2026,Mağusa Türk Gücü,1656.355144933606
2026-02-07,2025-2026,Lefke TSK,1464.6446540340282
2026-02-07,2025-2026,Esentepe KSKK,1496.3227499438788
2026-02-07,2025-2026,Yenicami AK,1416.6998277825282
2026-02-07,2025-2026,Yeniboğaziçi DSK,1392.2419937483187
2026-02-07,2025-2026,Mormenekşe GBSK,1359.5305778867341
2026-02-07,2025-2026,Çetinkaya TSK,1515.3955118614865
2026-02-07,2025-2026,Düzkaya KOSK,1431.4927844445958
2026-02-07,2025-2026,Lapta Türk Birliği SK,1482.8842278401246
2026-02-07,2025-2026,Türk Ocağı Limasol SK,1422.2393743789896
2026-02-07,2025-2026,Baf Ülkü Yurdu,1458.4979306132323
2026-02-07,2025-2026,Göçmenköy İYSK,1468.1656325354636
2026-02-07,2025-2026,Aslanköy GSD,1556.668786285279
2026-02-07,2025-2026,Maraş GSK,1363.8868922649751
2026-02-07,2025-2026,M. Hacıali Yılmazköy SK,1388.7658953585244
2026-02-08,2025-2026,Gençlik Gücü TSK,1754.7344526429963
2026-02-08,2025-2026,Gönyeli SK,1309.7382691330013
2026-02-08,2025-2026,Doğan Türk Birliği,1732.7483561099116
2026-02-08,2025-2026,Küçük Kaymaklı TSK,1529.965858017153
2026-02-08,2025-2026,Karşıyaka SK,1387.7599770035406
2026-02-08,2025-2026,Alsancak Yeşilova SK,1481.9659390989511
2026-02-08,2025-2026,Dumlupınar TSK,1510.0799734326815
2026-02-08,2025-2026,Mesarya SK,1325.2102119311123
2026-02-08,2025-2026,Kozanköy KSK,1401.6574228450797
2026-02-08,2025-2026,Hamitköy ŞHSK,1235.836306999483
2026-02-08,2025-2026,L. Gençler Birliği SK,1416.5061012639283
2026-02-08,2025-2026,Yalova SK,1352.841355642833
2026-02-08,2025-2026,Kaplıca Karadeniz 61 SK,1318.8762976701885
2026-02-08,2025-2026,Geçitkale GSK,1318.7761946274127
2026-02-08,2025-2026,Binatlı YSK,1356.7647604196861
2026-02-08,2025-2026,Değirmenlik SK,1500.4444069666422
2026-02-14,2025-2026,Mesarya SK,1357.921823067136
2026-02-14,2025-2026,Yenicami AK,1383.9882166465045
2026-02-14,2025-2026,Gönyeli SK,1305.3340104019953
2026-02-14,2025-2026,Doğan Türk Birliği,1737.1526148409175
2026-02-14,2025-2026,Küçük Kaymaklı TSK,1518.3554662019292
2026-02-14,2025-2026,Mormenekşe GBSK,1371.140969701958
2026-02-14,2025-2026,Yeniboğaziçi DSK,1383.293018324281
2026-02-14,2025-2026,Gençlik Gücü TSK,1763.683428067034
2026-02-14,2025-2026,Çetinkaya TSK,1545.489643562805
2026-02-14,2025-2026,Cihangir GSK,1738.3370872126832
2026-02-14,2025-2026,Esentepe KSKK,1459.9985291010819
2026-02-14,2025-2026,Alsancak Yeşilova SK,1518.290159941748
2026-02-14,2025-2026,Lefke TSK,1493.3877745820778
2026-02-14,2025-2026,Dumlupınar TSK,1481.336852884632
2026-02-14,2025-2026,Mağusa Türk Gücü,1664.2192437976594
2026-02-14,2025-2026,Karşıyaka SK,1379.8958781394872
2026-02-14,2025-2026,Yalova SK,1353.9139879902123
2026-02-14,2025-2026,Düzkaya KOSK,1430.4201520972165
2026-02-14,2025-2026,Hamitköy ŞHSK,1257.1606547264876
2026-02-14,2025-2026,Kaplıca Karadeniz 61 SK,1297.551949943184
2026-02-15,2025-2026,Geçitkale GSK,1297.9196217980057
2026-02-15,2025-2026,Maraş GSK,1384.7434650943821
2026-02-15,2025-2026,Türk Ocağı Limasol SK,1449.2641949733325
2026-02-15,2025-2026,Kozanköy KSK,1374.632602250737
2026-02-15,2025-2026,Lapta Türk Birliği SK,1473.0897829074372
2026-02-15,2025-2026,Binatlı YSK,1366.5592053523735
2026-02-15,2025-2026,Değirmenlik SK,1495.2538952765142
2026-02-15,2025-2026,Göçmenköy İYSK,1473.3561442255916
2026-02-15,2025-2026,M. Hacıali Yılmazköy SK,1386.9141906675163
2026-02-15,2025-2026,L. Gençler Birliği SK,1418.3578059549363
2026-02-15,2025-2026,Baf Ülkü Yurdu,1425.101354915723
2026-02-15,2025-2026,Aslanköy GSD,1590.0653619827883
2026-02-21,2025-2026,Yenicami AK,1406.812874862441
2026-02-21,2025-2026,Lefke TSK,1470.5631163661412
2026-02-21,2025-2026,Maraş GSK,1394.8851178859986
2026-02-21,2025-2026,Hamitköy ŞHSK,1247.019001934871
2026-02-21,2025-2026,Göçmenköy İYSK,1469.9213143807729
2026-02-21,2025-2026,Lapta Türk Birliği SK,1476.524612752256
2026-02-21,2025-2026,Binatlı YSK,1342.4373039526172
2026-02-21,2025-2026,Yalova SK,1378.0358893899686
2026-02-21,2025-2026,Aslanköy GSD,1561.7001289470466
2026-02-21,2025-2026,Değirmenlik SK,1523.619128312256
2026-02-21,2025-2026,Kozanköy KSK,1354.0840771454934
2026-02-21,2025-2026,Baf Ülkü Yurdu,1445.6498800209665
2026-02-21,2025-2026,L. Gençler Birliği SK,1434.0420262713833
2026-02-21,2025-2026,Geçitkale GSK,1282.2354014815587
2026-02-22,2025-2026,Alsancak Yeşilova SK,1503.1381866625757
2026-02-22,2025-2026,Mağusa Türk Gücü,1679.3712170768317
2026-02-22,2025-2026,Mormenekşe GBSK,1397.2584185025457
2026-02-22,2025-2026,Gönyeli SK,1279.2165616014076
2026-02-22,2025-2026,Cihangir GSK,1749.9817413716137
2026-02-22,2025-2026,Küçük Kaymaklı TSK,1506.7108120429987
2026-02-22,2025-2026,Gençlik Gücü TSK,1707.5291579277402
2026-02-22,2025-2026,Mesarya SK,1414.0760932064297
2026-02-22,2025-2026,Dumlupınar TSK,1504.439096187629
2026-02-22,2025-2026,Esentepe KSKK,1436.8962857980848
2026-02-22,2025-2026,Doğan Türk Birliği,1743.0695184793242
2026-02-22,2025-2026,Yeniboğaziçi DSK,1377.3761146858744
2026-02-22,2025-2026,Karşıyaka SK,1405.7938549583882
2026-02-22,2025-2026,Çetinkaya TSK,1519.591666743904
2026-02-22,2025-2026,Kaplıca Karadeniz 61 SK,1271.5820957591352
2026-02-22,2025-2026,Türk Ocağı Limasol SK,1475.2340491573812
2026-02-22,2025-2026,Düzkaya KOSK,1451.7380748538853
2026-02-22,2025-2026,M. Hacıali Yılmazköy SK,1365.5962679108475
2026-02-28,2025-2026,Dumlupınar TSK,1475.9406332586125
2026-02-28,2025-2026,Yenicami AK,1435.3113377914576
2026-02-28,2025-2026,Mesarya SK,1471.8043821255387
2026-02-28,2025-2026,Doğan Türk Birliği,1685.3412295602152
2026-02-28,2025-2026,Lefke TSK,1459.9518759881703
2026-02-28,2025-2026,Gençlik Gücü TSK,1718.1403983057112
2026-02-28,2025-2026,Çetinkaya TSK,1535.260337070432
2026-02-28,2025-2026,Alsancak Yeşilova SK,1487.4695163360477
2026-02-28,2025-2026,Hamitköy ŞHSK,1254.0217729022988
2026-02-28,2025-2026,L. Gençler Birliği SK,1427.0392553039555
2026-02-28,2025-2026,Türk Ocağı Limasol SK,1467.5674618484352
2026-02-28,2025-2026,Maraş GSK,1402.5517051949446
2026-02-28,2025-2026,Kozanköy KSK,1366.3120140631333
2026-02-28,2025-2026,Kaplıca Karadeniz 61 SK,1259.3541588414953
2026-02-28,2025-2026,Baf Ülkü Yurdu,1446.683351780786
2026-02-28,2025-2026,Değirmenlik SK,1522.5856565524364
2026-03-01,2025-2026,Gönyeli SK,1274.061611274992
2026-03-01,2025-2026,Cihangir GSK,1755.1366916980294
2026-03-01,2025-2026,Esentepe KSKK,1421.3475047880913
2026-03-01,2025-2026,Mağusa Türk Gücü,1694.9199980868252
2026-03-01,2025-2026,Yeniboğaziçi DSK,1395.076963473408
2026-03-01,2025-2026,Mormenekşe GBSK,1379.5575697150123
2026-03-01,2025-2026,Küçük Kaymaklı TSK,1463.7312180586464
2026-03-01,2025-2026,Karşıyaka SK,1448.7734489427405
2026-03-01,2025-2026,Geçitkale GSK,1327.9151880243878
2026-03-01,2025-2026,Düzkaya KOSK,1406.0582883110562
2026-03-01,2025-2026,M. Hacıali Yılmazköy SK,1394.2881778657834
2026-03-01,2025-2026,Binatlı YSK,1313.7453939976813
2026-03-01,2025-2026,Yalova SK,1379.8662262703335
2026-03-01,2025-2026,Göçmenköy İYSK,1468.090977500408
2026-03-01,2025-2026,Lapta Türk Birliği SK,1497.9713008564997
2026-03-01,2025-2026,Aslanköy GSD,1540.2534408428028
2026-03-06,2025-2026,Gençlik Gücü TSK,1684.1149397045842
2026-03-06,2025-2026,Dumlupınar TSK,1509.9660918597394
2026-03-06,2025-2026,Doğan Türk Birliği,1696.6868239697537
2026-03-06,2025-2026,Lefke TSK,1448.6062815786318
2026-03-07,2025-2026,Karşıyaka SK,1437.0010076782648
2026-03-07,2025-2026,Gönyeli SK,1285.8340525394676
2026-03-07,2025-2026,Cihangir GSK,1760.0450514085778
2026-03-07,2025-2026,Yeniboğaziçi DSK,1390.1686037628594
2026-03-07,2025-2026,Mağusa Türk Gücü,1711.4354951955975
2026-03-07,2025-2026,Çetinkaya TSK,1518.7448399616596
2026-03-07,2025-2026,Alsancak Yeşilova SK,1502.7403713778042
2026-03-07,2025-2026,Küçük Kaymaklı TSK,1448.46036301689
2026-03-07,2025-2026,Mormenekşe GBSK,1381.4085335234054
2026-03-07,2025-2026,Mesarya SK,1469.9534183171456
2026-03-07,2025-2026,Yenicami AK,1399.0195491537775
2026-03-07,2025-2026,Esentepe KSKK,1457.6392934257715
2026-03-08,2025-2026,L. Gençler Birliği SK,1455.35968362824
2026-03-08,2025-2026,Türk Ocağı Limasol SK,1439.2470335241508
2026-03-08,2025-2026,Düzkaya KOSK,1419.7283490034413
2026-03-08,2025-2026,Hamitköy ŞHSK,1240.3517122099138
2026-03-08,2025-2026,Değirmenlik SK,1537.8089297848699
2026-03-08,2025-2026,Lapta Türk Birliği SK,1482.7480276240663
2026-03-08,2025-2026,Aslanköy GSD,1553.4227389938803
2026-03-08,2025-2026,Yalova SK,1366.696928119256
2026-03-08,2025-2026,Kaplıca Karadeniz 61 SK,1246.3723888079423
2026-03-08,2025-2026,Baf Ülkü Yurdu,1459.665121814339
2026-03-08,2025-2026,Binatlı YSK,1339.8108899059098
2026-03-08,2025-2026,Geçitkale GSK,1301.8496921161593
2026-03-08,2025-2026,Maraş GSK,1417.149178476175
2026-03-08,2025-2026,Kozanköy KSK,1351.714540781903
2026-03-08,2025-2026,Göçmenköy İYSK,1440.748144512465
2026-03-08,2025-2026,M. Hacıali Yılmazköy SK,1421.6310108537264
2026-03-14,2025-2026,Gönyeli SK,1294.2985272324436
2026-03-14,2025-2026,Alsancak Yeşilova SK,1494.2758966848282
2026-03-14,2025-2026,Türk Ocağı Limasol SK,1434.7478571116376
2026-03-14,2025-2026,Düzkaya KOSK,1424.2275254159545
2026-03-14,2025-2026,Hamitköy ŞHSK,1209.3097514154206
2026-03-14,2025-2026,Binatlı YSK,1370.852850700403
2026-03-14,2025-2026,Geçitkale GSK,1338.547591452299
2026-03-14,2025-2026,Göçmenköy İYSK,1404.0502451763252
2026-03-14,2025-2026,M. Hacıali Yılmazköy SK,1425.7058445687123
2026-03-14,2025-2026,Aslanköy GSD,1549.3479052788944
2026-03-14,2025-2026,Yalova SK,1352.8835588903303
2026-03-14,2025-2026,Değirmenlik SK,1551.6222990137953
2026-03-15,2025-2026,Küçük Kaymaklı TSK,1431.8604989382054
2026-03-15,2025-2026,Mağusa Türk Gücü,1728.035359274282
2026-03-15,2025-2026,Esentepe KSKK,1437.7029335853097
2026-03-15,2025-2026,Çetinkaya TSK,1538.6811998021215
2026-03-15,2025-2026,Mesarya SK,1455.248638953278
2026-03-15,2025-2026,Cihangir GSK,1774.7498307724454
2026-03-15,2025-2026,Yenicami AK,1379.6802943013713
2026-03-15,2025-2026,Gençlik Gücü TSK,1703.4541945569904
2026-03-15,2025-2026,Yeniboğaziçi DSK,1359.0321661812343
2026-03-15,2025-2026,Karşıyaka SK,1468.13744525989
2026-03-15,2025-2026,Baf Ülkü Yurdu,1486.4893863691518
2026-03-15,2025-2026,Lapta Türk Birliği SK,1455.9237630692535
2026-03-15,2025-2026,Kaplıca Karadeniz 61 SK,1232.5415644121747
2026-03-15,2025-2026,Maraş GSK,1430.9800028719426
2026-03-17,2025-2026,Binatlı YSK,1391.0770559002349
2026-03-17,2025-2026,Türk Ocağı Limasol SK,1414.5236519118057
2026-03-17,2025-2026,Göçmenköy İYSK,1411.549836355233
2026-03-17,2025-2026,Hamitköy ŞHSK,1201.8101602365127
2026-03-17,2025-2026,Düzkaya KOSK,1436.9490194560208
2026-03-17,2025-2026,Kozanköy KSK,1338.9930467418367
2026-03-17,2025-2026,Değirmenlik SK,1521.8367402727479
2026-03-17,2025-2026,M. Hacıali Yılmazköy SK,1455.4914033097598
2026-03-17,2025-2026,Aslanköy GSD,1536.3003633407302
2026-03-17,2025-2026,Geçitkale GSK,1351.5951333904632
2026-03-18,2025-2026,Doğan Türk Birliği,1680.7850811409412
2026-03-18,2025-2026,Yenicami AK,1395.5820371301838
2026-03-18,2025-2026,Gençlik Gücü TSK,1712.760279273022
2026-03-18,2025-2026,Esentepe KSKK,1428.396848869278
2026-03-18,2025-2026,Cihangir GSK,1780.6130185861834
2026-03-18,2025-2026,Lefke TSK,1442.7430937648937
2026-03-18,2025-2026,Lapta Türk Birliği SK,1467.1716186360009
2026-03-18,2025-2026,Yalova SK,1341.635703323583
2026-03-18,2025-2026,L. Gençler Birliği SK,1467.667194196635
2026-03-18,2025-2026,Kaplıca Karadeniz 61 SK,1220.2340538437797
2026-03-18,2025-2026,Maraş GSK,1430.7215166002763
2026-03-18,2025-2026,Baf Ülkü Yurdu,1486.747872640818
2026-03-19,2025-2026,Alsancak Yeşilova SK,1512.6723568823516
2026-03-19,2025-2026,Yeniboğaziçi DSK,1340.635705983711
2026-03-19,2025-2026,Mağusa Türk Gücü,1732.9931959865587
2026-03-19,2025-2026,Gönyeli SK,1289.3406905201668
2026-03-19,2025-2026,Çetinkaya TSK,1529.7539479994891
2026-03-19,2025-2026,Küçük Kaymaklı TSK,1440.7877507408377
2026-03-19,2025-2026,Karşıyaka SK,1484.0021192867814
2026-03-19,2025-2026,Mesarya SK,1439.3839649263866
2026-03-19,2025-2026,Mormenekşe GBSK,1351.2136352066407
2026-03-19,2025-2026,Dumlupınar TSK,1540.1609901765041
2026-03-24,2025-2026,Dumlupınar TSK,1517.00030783297
2026-03-24,2025-2026,Doğan Türk Birliği,1703.9457634844753
2026-03-24,2025-2026,Lefke TSK,1460.4299787615716
2026-03-24,2025-2026,Mormenekşe GBSK,1333.5267502099628
2026-03-24,2025-2026,Kozanköy KSK,1322.8955572745572
2026-03-24,2025-2026,L. Gençler Birliği SK,1483.7646836639144
2026-03-28,2025-2026,Yeniboğaziçi DSK,1335.4908506798874
2026-03-28,2025-2026,Mağusa Türk Gücü,1738.1380512903822
2026-03-28,2025-2026,Esentepe KSKK,1405.6732746281918
2026-03-28,2025-2026,Küçük Kaymaklı TSK,1463.511324981924
2026-03-28,2025-2026,Yenicami AK,1368.831418736633
2026-03-28,2025-2026,Mormenekşe GBSK,1360.2773686035137
2026-03-28,2025-2026,Lefke TSK,1458.3406729583305
2026-03-28,2025-2026,Karşıyaka SK,1486.0914250900225
2026-03-28,2025-2026,Gençlik Gücü TSK,1688.849996749831
2026-03-28,2025-2026,Doğan Türk Birliği,1727.8560460076662
2026-03-28,2025-2026,Dumlupınar TSK,1527.5412038861907
2026-03-28,2025-2026,Cihangir GSK,1770.0721225329628
2026-03-28,2025-2026,M. Hacıali Yılmazköy SK,1472.727688568742
2026-03-28,2025-2026,Lapta Türk Birliği SK,1449.9353333770187
2026-03-28,2025-2026,Geçitkale GSK,1323.8777054345144
2026-03-28,2025-2026,Değirmenlik SK,1549.5541682286967
2026-03-29,2025-2026,Gönyeli SK,1298.883435453672
2026-03-29,2025-2026,Çetinkaya TSK,1520.211203065984
2026-03-29,2025-2026,Mesarya SK,1475.7219598953754
2026-03-29,2025-2026,Alsancak Yeşilova SK,1476.3343619133627
2026-03-29,2025-2026,Kozanköy KSK,1353.601874102826
2026-03-29,2025-2026,Binatlı YSK,1360.370739071966
2026-03-29,2025-2026,Baf Ülkü Yurdu,1496.1447791451217
2026-03-29,2025-2026,Yalova SK,1332.2387968192793
2026-03-29,2025-2026,Türk Ocağı Limasol SK,1430.9377706100822
2026-03-29,2025-2026,Göçmenköy İYSK,1395.1357176569566
2026-03-29,2025-2026,Maraş GSK,1400.1208956252142
2026-03-29,2025-2026,L. Gençler Birliği SK,1514.3653046389766
2026-03-29,2025-2026,Hamitköy ŞHSK,1189.0014828975063
2026-03-29,2025-2026,Aslanköy GSD,1549.1090406797366
2026-03-29,2025-2026,Kaplıca Karadeniz 61 SK,1208.6894842724873
2026-03-29,2025-2026,Düzkaya KOSK,1448.4935890273132
2026-04-04,2025-2026,Çetinkaya TSK,1528.0686213878398
2026-04-04,2025-2026,Yeniboğaziçi DSK,1327.6334323580315
2026-04-04,2025-2026,Aslanköy GSD,1559.66627976923
2026-04-04,2025-2026,Türk Ocağı Limasol SK,1420.3805315205889
2026-04-04,2025-2026,Değirmenlik SK,1555.673650609979
2026-04-04,2025-2026,Hamitköy ŞHSK,1182.882000516224
2026-04-04,2025-2026,L. Gençler Birliği SK,1537.7230485261175
2026-04-04,2025-2026,Baf Ülkü Yurdu,1472.7870352579807
2026-04-04,2025-2026,Düzkaya KOSK,1472.9171379809068
2026-04-04,2025-2026,Maraş GSK,1375.6973466716206
2026-04-04,2025-2026,Lapta Türk Birliği SK,1465.2477253846605
2026-04-04,2025-2026,Geçitkale GSK,1308.5653134268725
2026-04-04,2025-2026,Binatlı YSK,1378.6262847763126
2026-04-04,2025-2026,Kaplıca Karadeniz 61 SK,1190.4339385681408
2026-04-04,2025-2026,Göçmenköy İYSK,1409.4518523292895
2026-04-04,2025-2026,Kozanköy KSK,1339.285739430493
2026-04-04,2025-2026,Yalova SK,1336.7909630716993
2026-04-04,2025-2026,M. Hacıali Yılmazköy SK,1468.175522316322
2026-04-05,2025-2026,Cihangir GSK,1774.0125897134685
2026-04-05,2025-2026,Yenicami AK,1364.8909515561272
2026-04-05,2025-2026,Küçük Kaymaklı TSK,1452.1247239366128
2026-04-05,2025-2026,Gönyeli SK,1310.2700364989832
2026-04-05,2025-2026,Doğan Türk Birliği,1733.840962851544
2026-04-05,2025-2026,Esentepe KSKK,1399.6883577843141
2026-04-05,2025-2026,Alsancak Yeşilova SK,1491.9186106116451
2026-04-05,2025-2026,Lefke TSK,1442.756424260048
2026-04-05,2025-2026,Mağusa Türk Gücü,1686.2484160904507
2026-04-05,2025-2026,Mesarya SK,1527.611595095307
2026-04-05,2025-2026,Karşıyaka SK,1505.024602053341
2026-04-05,2025-2026,Dumlupınar TSK,1508.6080269228723
2026-04-05,2025-2026,Mormenekşe GBSK,1347.1028204622135
2026-04-05,2025-2026,Gençlik Gücü TSK,1702.0245448911312
2026-04-10,2025-2026,Gençlik Gücü TSK,1733.0592652933008
2026-04-10,2025-2026,Cihangir GSK,1742.977869311299
2026-04-11,2025-2026,Yenicami AK,1389.423723360177
2026-04-11,2025-2026,Karşıyaka SK,1480.491830249291
2026-04-11,2025-2026,Lefke TSK,1427.2749902205937
2026-04-11,2025-2026,Mağusa Türk Gücü,1701.7298501299051
2026-04-11,2025-2026,Yeniboğaziçi DSK,1351.3037918307123
2026-04-11,2025-2026,Küçük Kaymaklı TSK,1428.454364463932
2026-04-11,2025-2026,Esentepe KSKK,1417.5272017634613
2026-04-11,2025-2026,Gönyeli SK,1292.431192519836
2026-04-11,2025-2026,Maraş GSK,1352.44130517353
2026-04-11,2025-2026,Binatlı YSK,1401.882326274403
2026-04-11,2025-2026,L. Gençler Birliği SK,1550.8325073984984
2026-04-11,2025-2026,Düzkaya KOSK,1459.807679108526
2026-04-11,2025-2026,Türk Ocağı Limasol SK,1404.6481523933617
2026-04-11,2025-2026,Değirmenlik SK,1571.4060297372062
2026-04-11,2025-2026,Geçitkale GSK,1340.3733199426654
2026-04-11,2025-2026,Yalova SK,1304.9829565559064
2026-04-12,2025-2026,Doğan Türk Birliği,1740.229760223631
2026-04-12,2025-2026,Mormenekşe GBSK,1340.7140230901264
2026-04-12,2025-2026,Dumlupınar TSK,1466.0055502948017
2026-04-12,2025-2026,Alsancak Yeşilova SK,1534.5210872397158
2026-04-12,2025-2026,Mesarya SK,1504.217192963385
2026-04-12,2025-2026,Çetinkaya TSK,1551.4630235197617
2026-04-12,2025-2026,Kaplıca Karadeniz 61 SK,1170.4209354974696
2026-04-12,2025-2026,Göçmenköy İYSK,1429.4648553999607
2026-04-12,2025-2026,Kozanköy KSK,1367.9136868316073
2026-04-12,2025-2026,Aslanköy GSD,1531.0383323681158
2026-04-12,2025-2026,Hamitköy ŞHSK,1166.5662445130802
2026-04-12,2025-2026,Lapta Türk Birliği SK,1481.5634813878044
2026-04-12,2025-2026,Baf Ülkü Yurdu,1469.1099887866308
2026-04-12,2025-2026,M. Hacıali Yılmazköy SK,1471.852568787672
2026-04-18,2025-2026,Mağusa Türk Gücü,1710.9795540384755
2026-04-18,2025-2026,Dumlupınar TSK,1456.7558463862313
2026-04-18,2025-2026,Göçmenköy İYSK,1452.897302572318
2026-04-18,2025-2026,Maraş GSK,1329.0088580011725
2026-04-18,2025-2026,Binatlı YSK,1406.8936943520391
2026-04-18,2025-2026,L. Gençler Birliği SK,1545.8211393208624
2026-04-18,2025-2026,Düzkaya KOSK,1425.4608962979567
2026-04-18,2025-2026,Baf Ülkü Yurdu,1503.4567715972
2026-04-18,2025-2026,Aslanköy GSD,1538.3791993345192
2026-04-18,2025-2026,Kaplıca Karadeniz 61 SK,1163.0800685310662
2026-04-18,2025-2026,Değirmenlik SK,1584.9011998748106
2026-04-18,2025-2026,Kozanköy KSK,1354.4185166940028
2026-04-18,2025-2026,Lapta Türk Birliği SK,1454.0661402033572
2026-04-18,2025-2026,Türk Ocağı Limasol SK,1432.1454935778088
2026-04-18,2025-2026,Yalova SK,1319.4981941841609
2026-04-18,2025-2026,Hamitköy ŞHSK,1152.0510068848257
2026-04-18,2025-2026,M. Hacıali Yılmazköy SK,1461.8253619785244
2026-04-18,2025-2026,Geçitkale GSK,1350.400526751813
2026-04-19,2025-2026,Karşıyaka SK,1470.5658588274487
2026-04-19,2025-2026,Gençlik Gücü TSK,1742.9852367151432
2026-04-19,2025-2026,Cihangir GSK,1767.617912114023
2026-04-19,2025-2026,Doğan Türk Birliği,1715.589717420907
2026-04-19,2025-2026,Mormenekşe GBSK,1312.1646574451297
2026-04-19,2025-2026,Esentepe KSKK,1446.076567408458
2026-04-19,2025-2026,Alsancak Yeşilova SK,1503.9186064851074
2026-04-19,2025-2026,Yenicami AK,1420.0262041147855
2026-04-19,2025-2026,Çetinkaya TSK,1561.7533261062977
2026-04-19,2025-2026,Lefke TSK,1416.9846876340578
2026-04-19,2025-2026,Küçük Kaymaklı TSK,1459.8145033991757
2026-04-19,2025-2026,Mesarya SK,1472.8570540281414
2026-04-19,2025-2026,Gönyeli SK,1312.3662943471027
2026-04-19,2025-2026,Yeniboğaziçi DSK,1331.3686900034456
2026-04-24,2025-2026,Yenicami AK,1411.6563510393885
2026-04-24,2025-2026,Mağusa Türk Gücü,1719.3494071138725
2026-04-25,2025-2026,Doğan Türk Birliği,1725.9014031230126
2026-04-25,2025-2026,Karşıyaka SK,1460.254173125343
2026-04-25,2025-2026,Mormenekşe GBSK,1308.440839534008
2026-04-25,2025-2026,Cihangir GSK,1771.3417300251447
2026-04-25,2025-2026,Gençlik Gücü TSK,1749.0520196875964
2026-04-25,2025-2026,Alsancak Yeşilova SK,1497.8518235126542
2026-04-25,2025-2026,Dumlupınar TSK,1479.3317233235553
2026-04-25,2025-2026,Çetinkaya TSK,1539.1774491689737
2026-04-25,2025-2026,Lefke TSK,1380.256402710228
2026-04-25,2025-2026,Küçük Kaymaklı TSK,1496.5427883230054
2026-04-25,2025-2026,Mesarya SK,1481.6325023383868
2026-04-25,2025-2026,Gönyeli SK,1303.5908460368573
2026-04-25,2025-2026,Esentepe KSKK,1462.1459072653213
2026-04-25,2025-2026,Yeniboğaziçi DSK,1315.2993501465824
2026-04-26,2025-2026,L. Gençler Birliği SK,1537.5457608936579
2026-04-26,2025-2026,Göçmenköy İYSK,1461.1726809995225
2026-04-26,2025-2026,Düzkaya KOSK,1452.678393331963
2026-04-26,2025-2026,Binatlı YSK,1379.6761973180328
2026-04-26,2025-2026,Maraş GSK,1308.1928339801145
2026-04-26,2025-2026,Aslanköy GSD,1559.1952233555771
2026-04-26,2025-2026,Kaplıca Karadeniz 61 SK,1154.7716530285506
2026-04-26,2025-2026,Değirmenlik SK,1593.2096153773261
2026-04-26,2025-2026,Kozanköy KSK,1323.3952956457997
2026-04-26,2025-2026,Lapta Türk Birliği SK,1485.0893612515604
2026-04-26,2025-2026,Türk Ocağı Limasol SK,1388.3547766563981
2026-04-26,2025-2026,Yalova SK,1363.2889111055715
2026-04-26,2025-2026,Hamitköy ŞHSK,1137.659732201029
2026-04-26,2025-2026,M. Hacıali Yılmazköy SK,1476.216636662321
2026-04-26,2025-2026,Baf Ülkü Yurdu,1517.064969849301
2026-04-26,2025-2026,Geçitkale GSK,1336.792328499712
2026-05-02,2025-2026,Göçmenköy İYSK,1425.3338557489099
2026-05-02,2025-2026,Düzkaya KOSK,1488.5172185825757
2026-05-02,2025-2026,Binatlı YSK,1404.0588115894107
2026-05-02,2025-2026,Baf Ülkü Yurdu,1492.682355577923
2026-05-02,2025-2026,Aslanköy GSD,1588.0412270502134
2026-05-02,2025-2026,L. Gençler Birliği SK,1508.6997571990216
2026-05-02,2025-2026,Değirmenlik SK,1578.0365192060033
2026-05-02,2025-2026,Maraş GSK,1323.3659301514374
2026-05-02,2025-2026,Lapta Türk Birliği SK,1490.8266561085309
2026-05-02,2025-2026,Kaplıca Karadeniz 61 SK,1149.0343581715802
2026-05-02,2025-2026,Yalova SK,1357.6919550173375
2026-05-02,2025-2026,Kozanköy KSK,1328.9922517340337
2026-05-02,2025-2026,M. Hacıali Yılmazköy SK,1434.1679951361239
2026-05-02,2025-2026,Türk Ocağı Limasol SK,1430.4034181825953
2026-05-02,2025-2026,Geçitkale GSK,1351.485819136843
2026-05-02,2025-2026,Hamitköy ŞHSK,1122.9662415638982
2026-05-03,2025-2026,Karşıyaka SK,1406.2184041003152
2026-05-03,2025-2026,Mormenekşe GBSK,1362.4766085590359
2026-05-03,2025-2026,Cihangir GSK,1778.8083238733416
2026-05-03,2025-2026,Esentepe KSKK,1454.6793134171244
2026-05-03,2025-2026,Alsancak Yeşilova SK,1478.5734875612497
2026-05-03,2025-2026,Doğan Türk Birliği,1745.179739074417
2026-05-03,2025-2026,Mağusa Türk Gücü,1686.7399314891436
2026-05-03,2025-2026,Gençlik Gücü TSK,1781.6614953123253
2026-05-03,2025-2026,Çetinkaya TSK,1509.3217915100022
2026-05-03,2025-2026,Yenicami AK,1441.51200869836
2026-05-03,2025-2026,Küçük Kaymaklı TSK,1472.1699135992967
2026-05-03,2025-2026,Dumlupınar TSK,1503.704598047264
2026-05-03,2025-2026,Gönyeli SK,1267.8882425245542
2026-05-03,2025-2026,Lefke TSK,1415.9590062225311
2026-05-03,2025-2026,Yeniboğaziçi DSK,1290.6887736790243
2026-05-03,2025-2026,Mesarya SK,1506.2430788059448
2026-05-09,2025-2026,Doğan Türk Birliği,1765.3313956297309
2026-05-09,2025-2026,Mağusa Türk Gücü,1666.5882749338298
2026-05-09,2025-2026,Cihangir GSK,1785.3149824377506
2026-05-09,2025-2026,Karşıyaka SK,1399.7117455359062
2026-05-09,2025-2026,Gençlik Gücü TSK,1790.665795386138
2026-05-09,2025-2026,Çetinkaya TSK,1500.3174914361896
2026-05-09,2025-2026,Yenicami AK,1459.8269461865193
2026-05-09,2025-2026,Küçük Kaymaklı TSK,1453.8549761111374
2026-05-09,2025-2026,Lefke TSK,1433.8838383575549
2026-05-09,2025-2026,Yeniboğaziçi DSK,1272.7639415440005
2026-05-09,2025-2026,Mormenekşe GBSK,1397.2787454096372
2026-05-09,2025-2026,Alsancak Yeşilova SK,1443.7713507106484
2026-05-09,2025-2026,Dumlupınar TSK,1515.261546475914
2026-05-09,2025-2026,Gönyeli SK,1256.3312940959042
2026-05-09,2025-2026,Esentepe KSKK,1454.1937801335034
2026-05-09,2025-2026,Mesarya SK,1506.7286120895658
2026-05-10,2025-2026,L. Gençler Birliği SK,1479.5057640197156
2026-05-10,2025-2026,Değirmenlik SK,1607.2305123853093
2026-05-10,2025-2026,Maraş GSK,1309.3618754280421
2026-05-10,2025-2026,Lapta Türk Birliği SK,1504.8307108319261
2026-05-10,2025-2026,Kaplıca Karadeniz 61 SK,1123.6848295550021
2026-05-10,2025-2026,Yalova SK,1383.0414836339155
2026-05-10,2025-2026,Türk Ocağı Limasol SK,1402.8072286484744
2026-05-10,2025-2026,Geçitkale GSK,1379.082008670964
2026-05-10,2025-2026,Baf Ülkü Yurdu,1498.1232144260634
2026-05-10,2025-2026,Hamitköy ŞHSK,1117.5253827157578
2026-05-10,2025-2026,Binatlı YSK,1421.8388095055338
2026-05-10,2025-2026,Göçmenköy İYSK,1407.5538578327867
2026-05-10,2025-2026,Düzkaya KOSK,1510.7826394262072
2026-05-10,2025-2026,Aslanköy GSD,1565.7758062065818
2026-05-10,2025-2026,Kozanköy KSK,1362.8712033331424
2026-05-10,2025-2026,M. Hacıali Yılmazköy SK,1400.2890435370152
2026-09-10,2026-2027,Gençlik Gücü TSK,1705.4025738765752
2026-09-10,2026-2027,Esentepe KSKK,1433.1562301502445
2026-09-11,2026-2027,Baf Ülkü Yurdu,1438.5594958256852
2026-09-11,2026-2027,Değirmenlik SK,1595.3699216699329
2026-09-12,2026-2027,Alsancak Yeşilova SK,1454.2738540311686
2026-09-12,2026-2027,Çetinkaya TSK,1458.7068999660485
2026-09-12,2026-2027,Cihangir GSK,1687.1924616688375
2026-09-12,2026-2027,Doğan Türk Birliği,1680.706444268862
2026-09-12,2026-2027,Mormenekşe GBSK,1432.5820641283374
2026-09-12,2026-2027,Düzkaya KOSK,1453.3780968856345
2026-09-12,2026-2027,Gönyeli SK,1320.6145420579555
2026-09-12,2026-2027,Yeniboğaziçi DSK,1281.1210070590616
2026-09-12,2026-2027,Dikmen Gücü SK,1431.4970070902457
2026-09-12,2026-2027,Karaoğlanoğlu SK,1475.6033350975542
2026-09-13,2026-2027,Dumlupınar TSK,1513.2386082743005
2026-09-13,2026-2027,Mesarya SK,1458.1681330368979
2026-09-13,2026-2027,Aslanköy GSD,1498.1358294946642
2026-09-13,2026-2027,Mağusa Türk Gücü,1631.0513537477332
2026-09-13,2026-2027,Lefke TSK,1406.388437867088
2026-09-13,2026-2027,L. Gençler Birliği SK,1483.5678863029532
2026-09-13,2026-2027,Göçmenköy İYSK,1438.9237486124125
2026-09-13,2026-2027,Geçitkale GSK,1355.967273652489
2026-09-13,2026-2027,Türk Ocağı Limasol SK,1437.0842337120973
2026-09-13,2026-2027,Akdoğan SK,1407.398583204524
2026-09-13,2026-2027,Lapta Türk Birliği SK,1499.7509044157666
2026-09-13,2026-2027,Maraş GSK,1315.8076576662982
2026-09-14,2026-2027,Yenicami AK,1408.5203223201086
2026-09-14,2026-2027,Karşıyaka SK,1441.0478188587992
2026-09-18,2026-2027,Doğan Türk Birliği,1692.801393309866
2026-09-18,2026-2027,Alsancak Yeşilova SK,1442.1789049901647
2026-09-19,2026-2027,Esentepe KSKK,1434.3109790283495
2026-09-19,2026-2027,Dumlupınar TSK,1512.0838593961955
2026-09-19,2026-2027,Çetinkaya TSK,1418.9891795975939
2026-09-19,2026-2027,Aslanköy GSD,1537.8535498631188
2026-09-19,2026-2027,Geçitkale GSK,1314.864748760947
2026-09-19,2026-2027,Lefke TSK,1447.49096275863
2026-09-19,2026-2027,Akdoğan SK,1374.9453586348288
2026-09-19,2026-2027,Göçmenköy İYSK,1471.3769731821076
2026-09-19,2026-2027,Düzkaya KOSK,1429.0555254304747
2026-09-19,2026-2027,Türk Ocağı Limasol SK,1461.406805167257
2026-09-19,2026-2027,Karaoğlanoğlu SK,1489.0948378065277
2026-09-19,2026-2027,Gönyeli SK,1307.123039348982
2026-09-20,2026-2027,Değirmenlik SK,1612.4206796112771
2026-09-20,2026-2027,Küçük Kaymaklı TSK,1425.797535335553
2026-09-20,2026-2027,Karşıyaka SK,1471.875020586218
2026-09-20,2026-2027,Baf Ülkü Yurdu,1407.7322940982665
2026-09-20,2026-2027,Mesarya SK,1482.4750886502657
2026-09-20,2026-2027,Yenicami AK,1384.2133667067408
2026-09-20,2026-2027,M. Hacıali Yılmazköy SK,1420.9459402155637
2026-09-20,2026-2027,Mormenekşe GBSK,1414.3099677590794
2026-09-20,2026-2027,Maraş GSK,1298.986219755553
2026-09-20,2026-2027,Dikmen Gücü SK,1448.3184450009908
2026-09-20,2026-2027,L. Gençler Birliği SK,1501.0588660569088
2026-09-20,2026-2027,Lapta Türk Birliği SK,1482.259924661811
