1,20110924,1500,1002,0,1,2,3,0
1,20110924,1500,1003,2,3,6,1,0
1,20110924,1500,1004,4,5,2,0,0
1,20110924,1500,1005,6,7,0,2,0
2,20110924,1600,1059,8,9,1,2,0
2,20110924,1600,1060,10,11,6,0,0
2,20110924,1600,1061,12,13,5,0,0
1,20110925,1600,1006,14,15,3,3,0
1,20110925,1600,1007,16,17,1,4,0
1,20110925,1600,1008,18,19,2,1,0
2,20110925,1600,1062,20,21,0,2,0
2,20110925,1600,1063,22,23,0,0,0
2,20110925,1600,1064,24,25,3,1,0
2,20110925,1600,1065,26,27,1,0,0
1,20111001,1600,1009,7,18,3,0,0
1,20111001,1600,1010,17,6,3,0,0
1,20111001,1600,1011,5,16,3,1,0
1,20111001,1600,1012,19,0,0,0,0
1,20111001,1600,1014,15,4,3,0,0
2,20111001,1600,1067,25,26,4,3,0
2,20111001,1600,1068,21,24,1,1,0
1,20111002,1600,1013,1,18,2,1,0
1,20111002,1600,1015,3,14,2,0,0
1,20111002,1345,1041,1,2,7,1,0
2,20111002,1600,1066,9,12,0,7,0
2,20111002,1600,1069,23,8,0,0,0
2,20111002,1600,1070,13,10,0,1,0
2,20111002,1600,1071,27,22,0,0,0
2,20111002,1600,1072,11,20,2,2,0
1,20111008,1600,1018,2,0,0,2,0
1,20111008,1600,1020,6,5,0,5,0
1,20111008,1600,1021,4,3,1,1,0
2,20111008,1600,1073,12,8,6,0,0
2,20111008,1600,1074,20,13,1,3,0
2,20111008,1600,1075,22,25,2,1,0
2,20111008,1600,1077,27,23,2,1,0
1,20111009,1600,1016,14,1,2,2,0
1,20111009,1600,1017,16,15,0,1,0
1,20111009,1600,1019,18,17,1,3,0
1,20111009,1600,1022,7,19,6,1,0
2,20111009,1600,1076,26,21,1,1,0
2,20111009,1600,1078,10,9,4,4,0
2,20111009,1600,1079,24,11,5,1,0
1,20111015,1500,1023,0,14,4,4,0
1,20111015,1500,1025,15,6,3,1,0
1,20111015,1500,1028,17,7,3,1,0
2,20111015,1500,1080,8,10,6,1,0
2,20111015,1500,1081,11,26,0,4,0
2,20111015,1500,1082,13,24,4,1,0
1,20111016,1500,1024,5,18,6,1,0
1,20111016,1500,1026,19,2,0,1,0
1,20111016,1500,1027,1,4,3,0,0
1,20111016,1500,1029,3,16,0,0,0
2,20111016,1500,1083,9,20,0,0,0
2,20111016,1500,1084,25,27,2,0,0
2,20111016,1500,1085,21,22,1,2,0
2,20111016,1500,1086,23,12,3,1,0
1,20111022,1500,1195,14,2,1,1,0
1,20111022,1500,1196,18,15,1,1,0
1,20111022,1500,1197,17,19,4,0,0
2,20111022,1500,1252,10,12,1,5,0
2,20111022,1500,1254,20,8,1,1,0
2,20111022,1500,1255,26,13,0,1,0
2,20111022,1500,1256,27,21,2,2,0
1,20111023,1500,1198,4,0,0,1,0
1,20111023,1500,1199,16,1,1,3,0
1,20111023,1500,1200,6,3,1,2,0
1,20111023,1500,1201,7,5,1,1,0
2,20111023,1500,1257,24,9,1,1,0
2,20111023,1500,1258,22,11,5,0,0
2,20111023,1500,1259,25,23,2,3,0
1,20111029,1500,1209,1,6,1,1,0
1,20111029,1500,1210,5,17,4,5,0
1,20111029,1500,1211,3,18,1,0,0
1,20111029,1500,1212,19,14,2,0,0
2,20111029,1500,1267,21,25,1,2,0
2,20111029,1500,1268,13,22,0,0,0
2,20111029,1500,1269,9,26,2,2,0
1,20111030,1400,1213,0,16,2,0,0
1,20111030,1400,1214,2,4,0,0,0
1,20111030,1400,1215,15,7,0,2,0
2,20111030,1400,1270,8,24,1,3,0
2,20111030,1400,1271,12,20,3,0,0
2,20111030,1400,1272,11,27,1,3,0
2,20111030,1400,1273,23,10,1,3,0
1,20111104,1400,1229,17,15,1,1,0
1,20111105,1400,1224,4,14,4,0,0
1,20111105,1400,1225,16,2,0,1,0
1,20111105,1400,1226,6,0,1,1,0
1,20111105,1400,1227,18,1,0,1,0
1,20111105,1400,1228,7,3,0,0,0
1,20111105,1400,1230,5,19,4,2,0
2,20111105,1400,1281,20,10,1,0,0
2,20111105,1400,1282,24,12,0,6,0
2,20111105,1400,1283,26,8,1,3,0
2,20111105,1400,1284,22,9,1,1,0
2,20111105,1400,1285,27,13,7,2,0
2,20111105,1400,1286,25,11,8,0,0
2,20111105,1400,1287,21,23,1,2,0
1,20111112,1400,1238,1,7,0,1,0
1,20111112,1400,1239,2,6,3,3,0
1,20111112,1400,1240,15,5,1,3,0
1,20111112,1400,1241,19,4,2,1,0
2,20111112,1400,1295,8,22,1,0,0
2,20111112,1400,1296,10,24,4,5,0
2,20111112,1400,1297,11,21,2,1,0
2,20111112,1400,1298,23,20,4,2,0
1,20111113,1400,1242,0,18,5,0,0
1,20111113,1400,1243,14,16,2,3,0
1,20111113,1400,1244,3,17,0,1,0
2,20111113,1400,1299,9,27,0,2,0
2,20111113,1400,1300,12,26,3,0,0
2,20111113,1400,1301,13,25,1,1,0
1,20111119,1400,1389,6,14,0,1,0
1,20111119,1400,1390,17,1,2,4,0
1,20111119,1400,1391,15,19,1,3,0
2,20111119,1400,1459,24,20,1,2,0
2,20111119,1400,1460,22,12,1,1,0
2,20111119,1400,1461,27,8,0,0,0
2,20111119,1400,1462,11,23,0,4,0
1,20111120,1400,1392,16,4,1,1,0
1,20111120,1400,1393,18,2,1,0,0
1,20111120,1400,1394,7,0,0,2,0
1,20111120,1400,1395,5,3,3,2,0
2,20111120,1400,1463,26,10,1,1,0
2,20111120,1400,1464,25,9,0,1,0
2,20111120,1400,1465,21,13,5,1,0
1,20111123,1430,1396,6,14,4,3,0
1,20111123,1430,1398,15,19,1,8,0
1,20111123,1430,1400,18,2,2,4,0
1,20111123,1430,1401,7,0,2,1,0
1,20111123,1430,1402,5,3,6,0,0
2,20111123,1430,1466,24,20,2,5,0
2,20111123,1430,1467,22,12,0,3,0
2,20111123,1430,1468,27,8,1,0,0
2,20111123,1430,1469,11,23,1,1,0
2,20111123,1430,1470,26,10,2,0,0
2,20111123,1430,1471,25,9,3,0,0
2,20111123,1430,1472,21,13,11,3,0
1,20111202,1400,1404,0,17,2,0,0
1,20111203,1400,1403,1,5,3,0,0
1,20111203,1400,1405,2,7,1,3,0
1,20111203,1400,1406,14,18,2,0,0
1,20111203,1400,1407,4,6,4,1,0
1,20111203,1400,1408,3,15,2,5,0
1,20111203,1400,1409,19,16,4,3,0
1,20111203,1130,1411,0,17,1,4,0
2,20111203,1400,1473,9,21,0,1,0
2,20111203,1400,1474,8,25,0,4,0
2,20111203,1400,1475,12,27,0,0,0
2,20111203,1400,1476,10,22,0,0,0
2,20111203,1400,1477,20,26,3,1,0
2,20111203,1400,1478,13,11,1,0,0
2,20111203,1400,1479,23,24,4,3,0
1,20111210,1400,1417,7,14,4,1,0
1,20111210,1400,1418,17,2,5,1,0
1,20111210,1400,1419,3,19,1,3,0
2,20111210,1400,1487,26,24,2,2,0
2,20111210,1400,1488,22,20,3,1,0
2,20111210,1400,1489,27,10,4,0,0
2,20111210,1400,1490,25,12,2,3,0
1,20111211,1400,1420,6,16,2,2,0
1,20111211,1400,1421,18,4,1,1,0
1,20111211,1400,1422,5,0,0,5,0
1,20111211,1400,1423,15,1,3,0,0
2,20111211,1400,1491,21,8,2,4,0
2,20111211,1400,1492,11,9,0,1,0
2,20111211,1400,1493,13,23,1,5,0
1,20111217,1400,1432,14,17,2,3,0
1,20111217,1400,1433,4,7,2,2,0
1,20111217,1400,1434,16,18,2,0,0
1,20111217,1400,1435,1,3,4,2,0
2,20111217,1400,1501,8,11,1,0,0
2,20111217,1400,1502,10,25,1,2,0
2,20111217,1400,1503,24,22,0,0,0
1,20111218,1400,1431,0,15,2,0,0
1,20111218,1400,1436,2,5,0,1,0
1,20111218,1400,1437,19,6,2,1,0
2,20111218,1400,1504,9,13,2,0,0
2,20111218,1400,1505,12,21,0,2,0
2,20111218,1400,1506,20,27,2,2,0
2,20111218,1400,1507,23,26,2,0,0
1,20111224,1400,1445,7,16,2,1,0
1,20111224,1400,1446,17,4,1,1,0
1,20111224,1400,1447,3,0,0,1,0
1,20111224,1400,1448,18,6,4,0,0
1,20111224,1400,1449,5,14,1,3,0
1,20111224,1400,1450,15,2,1,1,0
1,20111224,1400,1451,19,1,2,1,0
2,20111225,1400,1515,27,24,8,0,0
2,20111225,1400,1516,21,10,3,3,0
2,20111225,1400,1517,13,8,1,1,0
2,20111225,1400,1518,22,26,3,2,0
2,20111225,1400,1519,25,20,5,0,0
2,20111225,1400,1520,11,12,1,5,0
2,20111225,1400,1521,23,9,3,2,0
2,20120121,1130,1523,21,10,4,1,0
2,20120121,1400,1526,25,20,2,1,0
1,20120122,1130,1236,17,15,1,2,0
1,20120128,1400,1845,15,14,1,1,0
1,20120128,1400,1846,19,18,2,2,0
1,20120128,1400,1848,17,16,3,1,0
1,20120128,1400,1850,5,4,2,2,0
2,20120128,1400,1929,21,20,4,1,0
2,20120128,1400,1930,27,26,7,1,0
2,20120128,1400,1931,11,10,0,4,0
1,20120129,1400,1847,1,0,2,0,0
1,20120129,1400,1849,3,2,2,0,0
1,20120129,1400,1851,7,6,2,1,0
2,20120129,1400,1932,23,22,0,0,0
2,20120129,1400,1933,25,24,3,1,0
2,20120129,1400,1934,9,8,1,1,0
2,20120129,1400,1935,13,12,2,3,0
1,20120203,1800,1859,0,19,2,1,0
1,20120204,1400,1860,2,1,0,1,0
1,20120204,1400,1861,18,7,1,1,0
1,20120204,1400,1863,6,17,1,0,0
2,20120204,1400,1944,8,23,4,1,0
2,20120204,1400,1945,10,13,2,2,0
2,20120204,1400,1946,26,25,1,0,0
1,20120205,1400,1862,14,3,2,1,0
1,20120205,1400,1864,16,5,0,3,0
1,20120205,1400,1865,4,15,1,3,0
2,20120205,1400,1943,12,9,5,1,0
2,20120205,1400,1947,22,27,0,0,0
2,20120205,1400,1948,20,11,0,0,0
2,20120205,1400,1949,24,21,0,1,0
1,20120210,1800,1873,17,18,2,1,0
1,20120211,1400,1874,1,14,0,0,0
1,20120211,1400,1875,15,16,4,0,0
1,20120211,1400,1876,3,4,1,3,0
2,20120211,1400,1957,11,24,0,1,0
2,20120211,1400,1958,8,12,3,1,0
2,20120211,1400,1959,13,20,1,1,0
2,20120211,1400,1960,25,22,1,1,0
1,20120212,1400,1877,19,7,0,0,0
1,20120212,1400,1878,0,2,1,0,0
1,20120212,1400,1879,5,6,0,4,0
2,20120212,1400,1961,21,26,1,0,0
2,20120212,1400,1962,9,10,2,0,0
2,20120212,1400,1963,23,27,0,1,0
1,20120218,1430,1887,18,5,1,1,0
1,20120218,1430,1888,2,19,6,1,0
1,20120218,1430,1892,6,15,3,1,0
1,20120218,1430,1893,7,17,1,0,0
2,20120218,1430,1972,10,8,0,2,0
2,20120218,1430,1973,24,13,0,0,0
1,20120219,1430,1889,4,1,0,1,0
1,20120219,1430,1890,16,3,3,4,0
1,20120219,1430,1891,14,0,1,2,0
2,20120219,1430,1971,22,21,0,1,0
2,20120219,1430,1974,20,9,3,0,0
2,20120219,1430,1975,27,25,2,1,0
2,20120219,1430,1976,12,23,4,1,0
2,20120219,1430,1977,26,11,1,1,0
1,20120224,1800,1901,0,4,3,1,0
1,20120225,1430,1902,1,16,3,0,0
1,20120225,1430,1903,3,6,1,3,0
1,20120225,1430,1904,2,14,1,1,0
2,20120225,1430,1985,9,24,2,2,0
2,20120225,1430,1986,23,25,0,0,0
2,20120225,1430,1988,8,20,0,2,0
1,20120226,1430,1905,5,7,2,2,0
1,20120226,1430,1906,15,18,5,0,0
1,20120226,1430,1907,19,17,2,1,0
2,20120226,1430,1987,12,10,7,1,0
2,20120226,1430,1989,11,22,1,2,0
2,20120226,1430,1990,13,26,1,1,0
2,20120226,1430,1991,21,27,0,0,0
1,20120229,1430,1894,18,5,0,3,0
1,20120302,1800,1915,17,5,0,2,0
1,20120303,1430,1916,16,0,2,7,0
1,20120303,1430,1917,7,15,1,2,0
1,20120303,1430,1918,14,19,1,3,0
2,20120303,1430,1999,24,8,1,1,0
2,20120303,1430,2000,22,13,2,2,0
2,20120303,1430,2001,26,9,1,1,0
1,20120304,1430,1919,4,2,1,1,0
1,20120304,1430,1920,6,1,0,2,0
1,20120304,1430,1921,18,3,2,1,0
2,20120304,1430,2002,20,12,1,5,0
2,20120304,1430,2003,27,11,5,0,0
2,20120304,1430,2004,10,23,0,1,0
2,20120304,1430,2005,25,21,1,2,0
1,20120310,1430,2017,2,16,1,0,0
1,20120310,1430,2018,1,18,4,0,0
1,20120310,1430,2019,3,7,2,3,0
1,20120310,1430,2020,15,17,0,3,0
2,20120310,1430,2073,12,24,2,1,0
2,20120310,1430,2074,8,26,2,1,0
2,20120310,1430,2075,13,27,1,1,0
2,20120310,1430,2076,11,25,1,2,0
1,20120311,1430,2021,14,4,0,3,0
1,20120311,1430,2022,0,6,0,0,0
1,20120311,1430,2023,19,5,4,3,0
2,20120311,1430,2077,10,20,1,0,0
2,20120311,1430,2078,9,22,0,0,0
2,20120311,1430,2079,23,21,2,0,0
1,20120317,1430,2031,7,1,3,0,0
1,20120317,1430,2032,5,15,1,1,0
1,20120317,1430,2033,4,19,2,1,0
1,20120317,1430,2034,18,0,0,4,0
2,20120317,1430,2087,24,10,0,2,0
2,20120317,1430,2088,21,11,6,0,0
2,20120317,1430,2089,27,9,7,0,0
1,20120318,1430,2035,6,2,0,1,0
1,20120318,1430,2036,16,14,1,4,0
1,20120318,1430,2037,17,3,5,1,0
2,20120318,1430,2090,22,8,1,1,0
2,20120318,1430,2091,20,23,1,2,0
2,20120318,1430,2092,26,12,1,2,0
2,20120318,1430,2093,25,13,3,0,0
2,20120324,1530,2101,8,27,0,2,0
2,20120324,1530,2102,23,11,7,0,0
2,20120324,1530,2103,10,26,1,0,0
2,20120324,1530,2104,9,25,1,1,0
2,20120324,1530,2105,20,24,1,2,0
2,20120324,1530,2106,12,22,1,0,0
2,20120324,1530,2107,13,21,0,1,0
1,20120325,1530,2045,0,7,3,0,0
1,20120325,1530,2046,14,6,5,4,0
1,20120325,1530,2047,19,15,3,1,0
1,20120325,1530,2048,2,18,2,0,0
1,20120325,1530,2049,1,17,0,3,0
1,20120325,1530,2050,4,16,2,1,0
1,20120325,1530,2051,3,5,1,2,0
1,20120330,1900,2059,17,0,1,3,0
1,20120331,1530,2060,5,1,0,2,0
1,20120331,1530,2061,7,2,4,1,0
1,20120331,1530,2062,18,14,3,0,0
1,20120331,1530,2063,16,19,1,0,0
1,20120331,1530,2064,15,3,1,0,0
1,20120331,1530,2072,6,4,2,2,0
2,20120401,1530,2115,21,9,3,1,0
2,20120401,1530,2116,25,8,1,1,0
2,20120401,1530,2117,27,12,2,1,0
2,20120401,1530,2118,26,20,1,3,0
2,20120401,1530,2119,22,10,3,0,0
2,20120401,1530,2120,11,13,2,0,0
2,20120401,1530,2121,24,23,1,3,0
1,20120407,1530,2319,14,7,2,5,0
1,20120407,1530,2320,2,17,2,1,0
1,20120407,1530,2321,19,3,1,0,0
1,20120407,1530,2322,16,6,1,3,0
1,20120407,1530,2323,4,18,3,0,0
1,20120408,1530,2324,0,5,2,1,0
1,20120408,1530,2325,1,15,1,0,0
2,20120408,1530,2333,24,26,2,1,0
2,20120408,1530,2334,20,22,1,1,0
2,20120408,1530,2335,10,27,0,1,0
2,20120408,1530,2336,12,25,3,1,0
2,20120408,1530,2337,8,21,1,7,0
2,20120408,1530,2338,9,11,6,0,0
2,20120408,1530,2339,23,13,1,3,0
1,20120414,1600,2347,15,0,2,1,0
1,20120414,1600,2348,17,14,8,1,0
1,20120414,1600,2349,7,4,1,1,0
1,20120414,1600,2350,18,16,4,2,0
1,20120414,1600,2351,3,1,4,3,0
1,20120414,1600,2352,5,2,4,0,0
1,20120414,1600,2353,6,19,1,4,0
2,20120415,1600,2361,11,8,0,4,0
2,20120415,1600,2362,25,10,2,3,0
2,20120415,1600,2363,22,24,1,0,0
2,20120415,1600,2364,13,9,0,2,0
2,20120415,1600,2365,21,12,1,1,0
2,20120415,1600,2366,27,20,2,1,0
2,20120415,1600,2367,26,23,1,2,0
1,20120418,1600,1852,15,14,2,2,0
1,20120418,1600,1853,19,18,5,1,0
1,20120418,1600,1854,1,0,8,1,0
1,20120418,1600,1855,17,16,1,0,0
1,20120418,1600,1856,3,2,1,2,0
1,20120418,1600,1857,5,4,5,0,0
1,20120418,1600,1858,7,6,3,0,1
2,20120418,1600,1936,21,20,3,0,1
2,20120418,1600,1937,27,26,1,2,0
2,20120418,1600,1938,11,10,3,0,1
2,20120418,1600,1939,23,22,3,3,0
2,20120418,1600,1940,25,24,2,0,0
2,20120418,1600,1941,9,8,3,0,0
2,20120418,1600,1942,13,12,1,2,0
2,20120419,1900,2394,12,11,1,2,0
1,20120421,1600,2375,16,7,2,4,0
1,20120421,1600,2376,4,17,2,0,0
1,20120421,1600,2377,0,3,4,2,0
1,20120421,1600,2378,6,18,2,0,0
1,20120421,1600,2379,14,5,2,2,0
1,20120421,1600,2380,2,15,2,1,0
1,20120421,1600,2381,1,19,1,2,0
2,20120421,1600,2389,24,27,1,1,0
2,20120421,1600,2390,10,21,3,2,0
2,20120421,1600,2391,8,13,4,3,0
2,20120421,1600,2392,26,22,5,0,0
2,20120421,1600,2393,20,25,2,2,0
2,20120421,1600,2395,9,23,3,0,0
2,20120421,1300,2401,12,11,8,1,0
1,20120928,1900,2718,0,2,1,0,0
1,20120929,1600,2719,5,19,1,1,0
1,20120929,1600,2720,17,1,0,2,0
1,20120929,1600,2721,18,4,0,5,0
2,20120929,1600,2732,28,10,2,0,0
2,20120929,1600,2733,23,24,2,0,0
2,20120929,1600,2734,3,22,0,0,0
1,20120930,1600,2722,21,27,2,1,0
1,20120930,1600,2723,7,14,1,2,0
1,20120930,1600,2724,12,15,1,0,0
2,20120930,1600,2735,16,8,2,0,0
2,20120930,1600,2736,6,20,1,1,0
2,20120930,1600,2737,9,29,0,0,0
2,20120930,1600,2738,30,25,1,1,0
1,20121006,1600,2747,27,5,3,2,0
1,20121006,1600,2748,15,17,3,1,0
1,20121006,1600,2749,2,12,1,2,0
1,20121006,1600,2750,14,0,1,1,0
2,20121006,1600,2789,8,6,0,4,0
2,20121006,1600,2790,24,3,1,0,0
2,20121006,1600,2791,29,23,1,1,0
2,20121006,1600,2792,20,28,1,5,0
1,20121007,1600,2751,4,7,1,1,0
1,20121007,1600,2752,19,18,4,0,0
1,20121007,1600,2753,1,21,2,0,0
2,20121007,1600,2793,22,30,1,0,0
2,20121007,1600,2794,10,9,4,1,0
2,20121007,1600,2795,25,16,2,2,0
1,20121012,1830,2761,0,4,4,0,0
1,20121013,1530,2763,7,19,0,0,0
1,20121013,1530,2764,12,14,0,2,0
2,20121013,1530,2803,6,16,4,3,0
2,20121013,1530,2804,9,20,1,5,0
2,20121013,1530,2805,23,10,2,2,0
1,20121014,1530,2762,5,21,2,0,0
1,20121014,1530,2765,15,1,0,0,0
1,20121014,1530,2766,18,27,0,2,0
1,20121014,1530,2767,17,2,2,1,0
2,20121014,1530,2806,28,8,3,2,0
2,20121014,1530,2807,3,29,3,1,0
2,20121014,1530,2808,22,25,0,2,0
2,20121014,1530,2809,30,24,1,4,0
1,20121020,1530,2775,27,7,1,1,0
1,20121020,1530,2776,21,18,2,1,0
1,20121020,1530,2777,2,15,1,0,0
1,20121020,1530,2781,1,5,3,1,0
2,20121020,1530,2818,16,28,1,1,0
2,20121020,1530,2819,24,22,2,1,0
2,20121020,1530,2820,29,30,1,3,0
1,20121021,1530,2778,19,0,3,1,0
1,20121021,1530,2779,14,17,0,1,0
1,20121021,1315,2787,4,12,0,5,0
2,20121021,1530,2817,8,9,2,1,0
2,20121021,1530,2821,10,3,8,2,0
2,20121021,1530,2822,20,23,1,5,0
2,20121021,1530,2823,25,6,3,3,0
1,20121024,1530,2780,4,12,4,1,0
2,20121024,1530,2798,29,23,2,1,0
1,20121027,1430,2831,18,5,0,4,0
1,20121027,1830,2832,0,27,5,0,0
1,20121027,1430,2833,15,14,3,2,0
2,20121027,1430,2859,28,6,3,0,0
2,20121027,1430,2860,23,8,0,1,0
2,20121027,1430,2861,3,20,4,0,0
2,20121027,1430,2862,30,10,1,3,0
2,20121027,1430,2863,22,29,3,0,0
1,20121028,1430,2834,7,21,3,4,0
1,20121028,1430,2835,12,19,2,4,0
1,20121028,1430,2836,17,4,2,0,0
1,20121028,1430,2837,2,1,2,7,0
2,20121028,1430,2864,9,16,0,0,0
2,20121028,1430,2865,24,25,0,0,0
1,20121103,1430,2845,5,7,0,1,0
1,20121103,1430,2846,4,15,3,1,0
1,20121103,1430,2847,19,17,1,3,0
1,20121103,1430,2848,1,18,3,1,0
2,20121103,1430,2873,16,23,3,3,0
2,20121103,1430,2874,6,9,3,0,0
2,20121103,1430,2875,29,24,1,1,0
2,20121103,1430,2876,25,28,2,1,0
1,20121104,1430,2849,27,12,2,4,0
1,20121104,1430,2850,21,0,2,4,0
1,20121104,1430,2851,14,2,3,1,0
2,20121104,1430,2877,8,3,1,3,0
2,20121104,1430,2878,10,22,5,2,0
2,20121104,1430,2879,20,30,0,3,0
1,20121109,1800,2928,12,21,0,2,0
1,20121110,1400,2929,17,27,4,0,0
1,20121110,1400,2930,15,19,2,1,0
1,20121110,1400,2931,2,4,0,1,0
2,20121110,1400,2984,23,6,1,1,0
2,20121110,1400,2985,30,8,1,0,0
2,20121110,1400,2986,22,20,1,0,0
2,20121110,1400,2988,29,25,2,2,0
1,20121111,1400,2932,7,18,1,0,0
1,20121111,1400,2933,0,5,7,0,0
1,20121111,1400,2934,14,1,0,2,0
2,20121111,1400,2987,24,10,3,0,0
2,20121111,1400,2989,9,28,2,1,0
2,20121111,1400,2990,3,16,2,2,0
1,20121117,1400,2942,18,0,0,1,0
1,20121117,1400,2943,4,14,2,1,0
1,20121117,1400,2944,19,2,0,1,0
1,20121117,1400,2945,1,7,1,0,0
2,20121117,1400,2998,16,30,2,1,0
2,20121117,1400,2999,6,3,0,2,0
2,20121117,1400,3000,25,9,1,2,0
1,20121118,1400,2946,27,15,1,1,0
1,20121118,1400,2947,21,17,1,8,0
1,20121118,1400,2948,5,12,3,2,0
2,20121118,1400,3001,8,22,1,2,0
2,20121118,1400,3002,28,23,3,0,0
2,20121118,1400,3003,10,29,2,0,0
2,20121118,1400,3004,20,24,2,1,0
1,20121123,1800,2956,0,7,4,2,0
1,20121124,1400,2957,17,5,1,0,0
1,20121124,1400,2958,15,21,0,0,0
1,20121124,1400,2959,2,27,2,0,0
2,20121124,1400,3013,3,28,0,2,0
2,20121124,1400,3014,22,16,0,0,0
2,20121124,1400,3015,24,8,2,1,0
2,20121124,1400,3016,29,20,0,6,0
1,20121125,1400,2960,12,18,5,2,0
1,20121125,1400,2961,14,19,1,6,0
1,20121125,1400,2962,4,1,0,2,0
2,20121125,1400,3012,23,9,1,1,0
2,20121125,1400,3017,30,6,4,2,0
2,20121125,1400,3018,10,25,3,3,0
1,20121201,1400,2970,27,14,3,1,0
1,20121201,1400,2971,5,15,1,0,0
1,20121201,1400,2972,7,12,3,0,0
1,20121201,1400,2973,1,0,0,0,0
2,20121201,1400,3026,16,24,0,1,0
2,20121201,1400,3027,28,30,0,0,0
2,20121201,1400,3028,9,3,0,0,0
2,20121201,1400,3029,25,23,3,4,0
1,20121202,1400,2974,21,2,0,1,0
1,20121202,1400,2975,18,17,1,4,0
1,20121202,1400,2976,19,4,0,3,0
2,20121202,1400,3030,8,29,4,1,0
2,20121202,1400,3031,6,22,2,1,0
2,20121202,1400,3032,20,10,1,2,0
1,20121207,1800,3121,12,0,0,4,0
1,20121208,1400,3122,17,7,1,0,0
1,20121208,1400,3123,14,21,4,0,0
1,20121208,1400,3124,4,27,2,1,0
2,20121208,1400,3163,24,6,0,0,0
2,20121208,1400,3164,10,8,1,2,0
2,20121208,1400,3165,3,23,0,2,0
1,20121209,1400,3125,15,18,1,0,0
1,20121209,1400,3126,2,5,0,0,0
1,20121209,1400,3127,19,1,2,1,0
2,20121209,1400,3166,30,9,3,0,0
2,20121209,1400,3167,22,28,2,1,0
2,20121209,1400,3168,29,16,0,2,0
2,20121209,1400,3169,20,25,1,0,0
1,20121214,1815,3135,0,17,1,1,0
1,20121215,1400,3136,27,19,3,0,0
1,20121215,1400,3137,7,15,0,0,0
1,20121215,1400,3138,1,12,8,0,0
2,20121215,1400,3177,16,10,0,1,0
2,20121215,1400,3178,6,29,3,0,0
2,20121215,1400,3179,9,22,1,1,0
2,20121215,1400,3180,25,3,2,1,0
1,20121216,1400,3139,21,4,1,1,0
1,20121216,1400,3140,5,14,0,0,0
1,20121216,1400,3141,18,2,0,1,0
2,20121216,1400,3181,8,20,3,1,0
2,20121216,1400,3182,28,24,1,1,0
2,20121216,1400,3183,23,30,1,2,0
1,20121222,1400,3149,15,0,3,5,0
1,20121222,1400,3150,14,18,7,0,0
1,20121222,1400,3151,19,21,0,3,0
1,20121222,1400,3152,1,27,6,0,0
2,20121222,1400,3191,24,9,4,0,0
2,20121222,1400,3192,10,6,2,5,0
2,20121222,1400,3193,20,16,2,3,0
2,20121222,1400,3194,25,8,1,2,0
1,20121223,1400,3153,17,12,3,2,0
1,20121223,1400,3154,2,7,2,4,0
1,20121223,1400,3155,4,5,3,1,0
2,20121223,1400,3195,30,3,4,2,0
2,20121223,1400,3196,22,23,1,4,0
2,20121223,1400,3197,29,28,4,5,0
1,20130126,1430,2963,0,7,0,5,0
1,20130126,1430,2965,15,21,0,3,0
1,20130126,1430,2966,2,27,2,1,0
2,20130126,1430,3020,3,28,2,1,0
2,20130126,1430,3022,24,8,2,0,0
2,20130126,1430,3023,29,20,0,2,0
1,20130127,1430,2967,12,18,0,2,0
1,20130127,1430,2968,14,19,0,3,0
1,20130127,1430,2969,4,1,0,7,0
2,20130127,1430,3019,23,9,3,0,0
2,20130127,1430,3024,30,6,5,1,0
2,20130127,1430,3025,10,25,1,3,0
1,20130202,1400,3371,19,5,0,2,0
1,20130202,1400,3372,1,17,1,1,0
1,20130202,1400,3373,4,18,4,0,0
1,20130202,1400,3374,15,12,2,0,0
2,20130202,1400,3385,10,28,1,0,0
2,20130202,1400,3386,22,3,2,1,0
2,20130202,1400,3387,8,16,1,1,0
2,20130202,1400,3388,20,6,2,1,0
2,20130202,1400,3389,29,9,1,1,0
1,20130203,1400,3375,2,0,1,3,0
1,20130203,1400,3376,27,21,4,0,0
1,20130203,1400,3377,14,7,1,3,0
2,20130203,1400,3390,24,23,1,0,0
2,20130203,1400,3391,25,30,2,1,0
1,20130208,1815,3419,12,2,1,1,0
1,20130209,1430,3420,5,27,2,1,0
1,20130209,1430,3421,7,4,2,3,0
1,20130209,1430,3423,0,14,7,1,0
2,20130209,1430,3461,23,29,0,1,0
2,20130209,1430,3462,6,8,0,0,0
2,20130209,1430,3463,16,25,3,1,0
2,20130209,1430,3464,9,10,1,2,0
2,20130209,1430,3466,28,20,2,0,0
1,20130210,1430,3422,18,19,0,1,0
1,20130210,1430,3424,17,15,1,0,0
1,20130210,1430,3425,21,1,0,0,0
2,20130210,1430,3465,3,24,2,3,0
2,20130210,1430,3467,30,22,0,0,0
1,20130216,1430,3433,4,0,2,4,0
1,20130216,1430,3434,19,7,3,4,0
1,20130216,1430,3435,1,15,0,1,0
2,20130216,1430,3475,10,23,1,2,0
2,20130216,1430,3476,24,30,1,1,0
2,20130216,1430,3477,25,22,1,0,0
1,20130217,1430,3437,14,12,2,0,0
1,20130217,1430,3438,21,5,2,2,0
1,20130217,1430,3439,27,18,2,0,0
2,20130217,1430,3478,8,28,4,1,0
2,20130217,1430,3479,16,6,7,2,0
2,20130217,1430,3480,20,9,1,2,0
2,20130217,1430,3481,29,3,1,3,0
1,20130219,1430,3436,2,17,3,4,0
1,20130222,1800,3447,0,19,3,0,0
1,20130223,1430,3448,18,21,0,3,0
1,20130223,1430,3449,7,27,0,1,0
1,20130223,1430,3450,17,14,3,1,0
2,20130223,1430,3489,28,16,2,1,0
2,20130223,1430,3490,30,29,0,1,0
2,20130223,1430,3491,3,10,0,0,0
2,20130223,1430,3492,6,25,2,0,0
1,20130224,1430,3451,15,2,1,1,0
1,20130224,1430,3452,5,1,2,1,0
1,20130224,1430,3453,12,4,1,1,0
2,20130224,1430,3493,22,24,2,0,0
2,20130224,1430,3494,9,8,2,1,0
2,20130224,1430,3495,23,20,2,1,0
1,20130302,1430,3643,5,18,4,1,0
1,20130302,1430,3644,4,17,0,0,0
1,20130302,1430,3645,1,2,2,3,0
1,20130302,1430,3646,19,12,0,3,0
2,20130302,1430,3685,29,22,0,0,0
2,20130302,1430,3686,8,23,1,1,0
2,20130302,1430,3687,10,30,3,1,0
2,20130302,1430,3688,20,3,1,1,0
2,20130302,1430,3689,25,24,1,1,0
1,20130303,1430,3647,27,0,1,3,0
1,20130303,1430,3648,14,15,2,1,0
1,20130303,1430,3649,21,7,2,1,0
2,20130303,1430,3690,6,28,2,2,0
2,20130303,1430,3691,16,9,5,0,0
1,20130306,1500,3456,7,27,3,1,0
1,20130308,1815,3657,0,21,3,0,0
1,20130309,1500,3658,15,4,2,1,0
1,20130309,1500,3659,18,1,2,5,0
1,20130309,1500,3660,7,5,4,2,0
1,20130309,1500,3661,2,14,2,0,0
2,20130309,1500,3699,9,6,1,2,0
2,20130309,1500,3700,23,16,3,1,0
2,20130309,1500,3701,22,10,3,0,0
2,20130309,1500,3702,24,29,4,2,0
1,20130310,1500,3662,17,19,0,1,0
1,20130310,1500,3663,12,27,5,0,0
2,20130310,1500,3703,28,25,3,1,0
2,20130310,1500,3704,30,20,2,1,0
2,20130310,1500,3705,3,8,4,4,0
1,20130313,1500,2964,17,5,2,2,0
2,20130313,1500,3021,22,16,0,2,0
1,20130313,1500,3128,12,0,1,4,0
2,20130313,1500,3170,24,6,1,7,0
2,20130313,1500,3171,10,8,8,1,0
2,20130313,1500,3172,3,23,4,1,0
1,20130316,1500,3671,21,12,1,2,0
1,20130316,1500,3672,27,17,1,4,0
1,20130316,1500,3673,18,7,1,1,0
2,20130316,1500,3713,6,23,1,0,0
2,20130316,1500,3714,25,29,5,1,0
2,20130316,1500,3715,8,30,2,3,0
2,20130316,1500,3716,28,9,0,1,0
2,20130316,1500,3717,16,3,0,1,0
1,20130317,1500,3674,4,2,0,1,0
1,20130317,1500,3675,19,15,0,0,0
1,20130317,1500,3676,1,14,3,1,0
1,20130317,1500,3677,5,0,0,0,0
2,20130317,1500,3718,10,24,1,2,0
2,20130317,1500,3719,20,22,3,2,0
2,20130320,1500,3199,10,6,1,1,0
1,20130321,1500,3133,2,5,0,6,0
1,20130323,1500,3771,0,18,7,1,0
1,20130323,1500,3772,2,19,1,1,0
1,20130323,1500,3773,15,27,4,0,0
1,20130323,1500,3774,17,21,2,0,0
2,20130323,1500,3799,3,6,3,0,1
2,20130323,1500,3801,29,10,2,3,0
2,20130323,1500,3802,24,20,1,2,0
1,20130324,1500,3775,14,4,1,4,0
1,20130324,1500,3776,7,1,3,4,0
1,20130324,1500,3777,12,5,1,3,0
2,20130324,1500,3800,30,16,2,0,0
2,20130324,1500,3803,9,25,2,1,0
2,20130324,1500,3804,22,8,1,0,0
2,20130324,1500,3805,23,28,3,0,0
1,20130327,1500,3156,15,0,4,0,0
1,20130327,1500,3157,14,18,3,0,1
1,20130327,1500,3158,19,21,4,1,0
1,20130327,1500,3159,1,27,14,0,0
1,20130327,1500,3161,2,7,0,4,0
1,20130327,1500,3162,4,5,1,5,0
2,20130327,1500,3198,24,9,1,3,0
2,20130327,1500,3202,30,3,4,2,0
2,20130327,1500,3203,22,23,1,4,0
2,20130327,1500,3204,29,28,0,3,0
2,20130328,1500,3201,25,8,2,0,0
1,20130330,1500,3785,7,0,0,1,0
1,20130330,1500,3786,5,17,0,4,0
1,20130330,1500,3787,27,2,0,0,0
1,20130330,1500,3788,21,15,0,0,0
2,20130330,1500,3813,8,24,2,2,0
2,20130330,1500,3814,16,22,2,0,0
2,20130330,1500,3815,28,3,4,0,0
1,20130331,1500,3789,19,14,3,0,0
1,20130331,1500,3790,1,4,1,2,0
1,20130331,1500,3791,18,12,0,2,0
2,20130331,1500,3816,20,29,2,0,0
2,20130331,1500,3817,9,23,2,1,0
2,20130331,1500,3818,25,10,2,0,0
2,20130331,1500,3819,6,30,2,0,0
1,20130405,1900,3977,0,1,1,0,0
1,20130406,1600,3978,14,27,1,4,0
1,20130406,1600,3979,12,7,3,0,0
1,20130406,1600,3980,15,5,6,4,0
1,20130406,1600,3981,17,18,3,0,0
1,20130406,1600,3982,4,19,0,3,0
1,20130406,1600,3983,2,21,0,0,0
2,20130407,1600,4005,30,28,3,2,0
2,20130407,1600,4006,3,9,1,2,0
2,20130407,1600,4007,23,25,1,0,0
2,20130407,1600,4008,24,16,3,2,0
2,20130407,1600,4009,29,8,4,6,0
2,20130407,1600,4010,10,20,2,4,0
2,20130407,1600,4011,22,6,2,1,0
1,20130413,1600,3991,0,12,3,1,0
1,20130413,1600,3992,27,4,1,2,0
1,20130413,1600,3993,21,14,6,1,0
1,20130413,1600,3994,7,17,1,1,0
1,20130413,1600,3995,18,15,1,3,0
1,20130413,1600,3996,1,19,3,2,0
1,20130413,1600,3997,5,2,2,1,0
2,20130414,1600,4019,23,3,5,1,0
2,20130414,1600,4020,8,10,5,3,0
2,20130414,1600,4021,6,24,1,0,0
2,20130414,1600,4022,25,20,2,0,0
2,20130414,1600,4023,16,29,8,1,0
2,20130414,1600,4024,9,30,3,3,0
2,20130414,1600,4025,28,22,4,0,0
1,20130419,1900,4123,17,0,0,5,0
1,20130420,1600,4124,15,7,1,3,0
1,20130420,1600,4125,12,1,2,0,0
1,20130420,1600,4126,19,27,3,0,0
1,20130420,1600,4127,14,5,1,5,0
1,20130420,1600,4128,4,21,0,2,0
1,20130420,1600,4129,2,18,2,4,0
1,20130420,1330,4130,17,0,6,1,0
2,20130420,1330,4158,29,6,0,3,0
2,20130421,1600,4151,29,6,2,3,0
2,20130421,1600,4152,3,25,4,2,0
2,20130421,1600,4153,10,16,1,0,0
2,20130421,1600,4155,24,28,0,0,0
2,20130421,1600,4156,30,23,1,1,0
2,20130421,1600,4157,20,8,2,0,0
2,20130421,1330,4161,22,9,2,2,0
2,20130424,1600,4154,22,9,1,1,0
1,20130426,1900,4137,0,15,3,1,0
1,20130427,1600,4138,21,19,1,5,0
1,20130427,1600,4139,27,1,0,1,0
1,20130427,1600,4140,18,14,4,0,0
1,20130427,1600,4141,5,4,9,2,0
1,20130427,1600,4142,7,2,3,1,0
1,20130427,1600,4143,12,17,1,2,0
2,20130428,1600,4165,16,20,1,1,0
2,20130428,1600,4166,6,10,1,3,0
2,20130428,1600,4167,8,25,2,2,0
2,20130428,1600,4168,9,24,1,1,0
2,20130428,1600,4169,3,30,3,3,0
2,20130428,1600,4170,28,29,4,0,0
2,20130428,1600,4171,23,22,3,0,0
1,20130928,1530,4374,1,19,2,1,0
1,20130928,1530,4375,28,27,0,0,0
1,20130928,1530,4376,23,21,3,2,0
1,20130928,1530,4377,5,7,4,3,0
2,20130928,1530,4403,25,9,0,0,0
2,20130928,1530,4405,26,31,0,0,0
2,20130928,1530,4409,18,32,1,1,0
1,20130929,1530,4378,15,17,1,4,0
1,20130929,1530,4379,4,24,2,1,0
1,20130929,1530,4380,0,12,2,1,0
2,20130929,1530,4404,16,2,5,2,0
2,20130929,1530,4406,6,22,2,1,0
2,20130929,1530,4407,10,14,0,2,0
2,20130929,1530,4408,20,30,0,1,0
1,20131005,1530,4389,21,7,0,0,0
1,20131005,1530,4390,12,23,2,1,0
1,20131005,1530,4391,19,15,1,1,0
1,20131005,1530,4392,1,5,5,2,0
2,20131005,1530,4417,32,31,0,1,0
2,20131005,1530,4419,14,16,0,1,0
2,20131005,1530,4420,22,10,0,3,0
2,20131005,1530,4421,9,6,3,1,0
1,20131006,1530,4393,27,0,0,0,0
1,20131006,1530,4394,24,28,1,1,0
1,20131006,1530,4395,17,4,1,1,0
2,20131006,1530,4418,2,20,1,1,0
2,20131006,1530,4422,30,18,4,3,0
2,20131006,1530,4423,25,26,0,0,0
1,20131012,1530,4431,4,19,2,2,0
1,20131012,1530,4432,0,24,3,2,0
1,20131012,1530,4434,15,1,1,0,0
2,20131012,1530,4459,6,25,2,0,0
2,20131012,1530,4460,20,14,5,2,0
1,20131013,1530,4433,7,12,2,0,0
1,20131013,1530,4435,28,17,2,4,0
1,20131013,1530,4436,23,27,2,0,0
1,20131013,1530,4437,5,21,1,1,0
2,20131013,1530,4461,31,30,2,5,0
2,20131013,1530,4462,10,9,2,2,0
2,20131013,1530,4463,16,22,3,1,0
2,20131013,1530,4464,18,2,2,0,0
2,20131013,1530,4465,26,32,1,0,0
1,20131018,1800,4445,17,0,1,0,0
1,20131019,1530,4446,24,23,1,0,0
1,20131019,1530,4447,19,28,3,1,0
1,20131019,1530,4448,1,4,2,0,0
1,20131019,1530,4449,15,5,3,1,0
2,20131019,1530,4473,30,32,0,1,0
2,20131019,1530,4474,2,31,1,0,0
2,20131019,1530,4475,14,18,1,1,0
2,20131019,1530,4476,25,10,2,0,0
1,20131020,1530,4450,12,21,1,2,0
1,20131020,1530,4451,27,7,0,2,0
2,20131020,1530,4477,22,20,0,0,0
2,20131020,1530,4478,9,16,0,1,0
2,20131020,1530,4479,6,26,3,1,0
1,20131026,1430,4544,7,24,0,3,0
1,20131026,1430,4545,21,27,1,2,0
1,20131026,1430,4546,4,15,2,2,0
1,20131026,1430,4547,23,17,3,2,0
2,20131026,1430,4600,10,6,1,2,0
2,20131026,1430,4601,16,25,3,0,0
2,20131026,1430,4602,18,22,0,1,0
2,20131026,1430,4603,31,14,1,0,0
1,20131027,1430,4548,28,1,0,8,0
1,20131027,1430,4549,0,19,1,1,0
1,20131027,1430,4550,5,12,3,2,0
2,20131027,1430,4604,32,2,1,1,0
2,20131027,1430,4605,20,9,2,1,0
2,20131027,1430,4606,26,30,3,3,0
1,20131102,1430,4558,27,12,4,0,0
1,20131102,1430,4559,17,7,2,0,0
1,20131102,1430,4560,19,23,0,1,0
1,20131102,1430,4561,4,5,1,1,0
2,20131102,1430,4614,2,30,4,0,0
2,20131102,1430,4615,22,31,1,1,0
2,20131102,1430,4616,9,18,1,2,0
2,20131102,1430,4617,10,26,1,0,0
1,20131103,1430,4562,1,0,2,0,0
1,20131103,1430,4563,24,21,1,2,0
1,20131103,1430,4564,15,28,2,0,0
2,20131103,1430,4618,14,32,0,0,0
2,20131103,1430,4619,25,20,1,3,0
2,20131103,1430,4620,6,16,1,2,0
1,20131109,1430,4572,21,17,0,4,0
1,20131109,1430,4573,0,15,2,4,0
1,20131109,1430,4574,5,27,0,0,0
1,20131109,1430,4575,23,1,0,2,0
2,20131109,1430,4628,32,22,1,0,0
2,20131109,1430,4629,16,10,3,0,0
2,20131109,1430,4630,20,6,0,0,0
2,20131109,1430,4631,26,2,1,2,0
1,20131110,1430,4576,7,19,0,0,0
1,20131110,1430,4577,12,24,3,5,0
1,20131110,1430,4578,28,4,1,3,0
2,20131110,1430,4632,31,9,1,1,0
2,20131110,1430,4633,30,14,2,1,0
2,20131110,1430,4634,18,25,2,0,0
1,20131116,1430,4586,24,27,2,2,0
1,20131116,1430,4587,17,12,6,0,0
1,20131116,1430,4588,19,21,3,2,0
1,20131116,1430,4589,28,5,3,6,0
2,20131116,1430,4642,9,32,3,3,0
2,20131116,1430,4643,22,30,0,1,0
2,20131116,1430,4644,16,26,4,3,0
1,20131117,1430,4590,1,7,2,0,0
1,20131117,1430,4591,15,23,4,0,0
1,20131117,1430,4592,4,0,1,2,0
2,20131117,1430,4645,14,2,0,0,0
2,20131117,1430,4646,25,31,2,2,0
2,20131117,1430,4647,6,18,2,1,0
2,20131117,1430,4648,10,20,2,6,0
1,20131123,1400,4712,7,15,1,0,0
1,20131123,1400,4713,21,1,1,1,0
1,20131123,1400,4714,27,17,1,2,0
1,20131123,1400,4715,0,28,1,1,0
2,20131123,1400,4740,31,6,0,1,0
2,20131123,1400,4741,32,25,3,1,0
2,20131123,1400,4742,30,9,1,3,0
2,20131123,1400,4743,2,22,4,0,0
1,20131124,1400,4716,12,19,0,4,0
1,20131124,1400,4717,23,4,2,0,0
1,20131124,1400,4718,5,24,3,1,0
2,20131124,1400,4744,20,16,0,2,0
2,20131124,1400,4745,18,10,2,0,0
2,20131124,1400,4746,26,14,0,2,0
1,20131130,1400,4726,17,24,5,0,0
1,20131130,1400,4727,19,27,1,1,0
1,20131130,1400,4728,15,21,0,0,0
1,20131130,1400,4729,28,23,1,2,0
2,20131130,1400,4754,22,14,0,3,0
2,20131130,1400,4755,9,2,1,0,0
2,20131130,1400,4756,20,26,0,1,0
1,20131201,1400,4730,1,12,4,0,0
1,20131201,1400,4731,4,7,1,2,0
1,20131201,1400,4732,0,5,0,1,0
2,20131201,1400,4757,25,30,2,1,0
2,20131201,1400,4758,6,32,0,0,0
2,20131201,1400,4759,10,31,0,4,0
2,20131201,1400,4760,16,18,5,0,0
1,20131207,1400,4796,7,28,1,2,0
1,20131207,1400,4797,12,15,1,8,0
1,20131207,1400,4798,24,19,2,3,0
1,20131207,1400,4799,23,0,0,1,0
2,20131207,1400,4838,31,16,2,1,0
2,20131207,1400,4839,14,9,1,2,0
2,20131207,1400,4840,18,20,2,3,0
2,20131207,1400,4841,32,10,2,0,0
1,20131208,1400,4800,21,4,2,0,0
1,20131208,1400,4801,27,1,1,2,0
1,20131208,1400,4802,5,17,1,2,0
2,20131208,1400,4842,30,6,2,0,0
2,20131208,1400,4843,2,25,1,0,0
2,20131208,1400,4844,26,22,0,2,0
1,20131214,1400,4810,19,17,0,4,0
1,20131214,1400,4811,15,27,5,1,0
1,20131214,1400,4812,4,12,6,1,0
1,20131214,1400,4813,0,7,1,2,0
2,20131214,1400,4851,10,30,0,4,0
2,20131214,1400,4852,16,32,4,1,0
2,20131214,1400,4853,18,26,0,1,0
2,20131214,1400,4855,25,14,4,1,0
1,20131215,1400,4814,1,24,4,1,0
1,20131215,1400,4815,28,21,0,4,0
1,20131215,1400,4816,23,5,0,1,0
2,20131215,1400,4854,9,22,2,1,0
2,20131215,1400,4856,6,2,1,2,0
1,20131220,1800,4824,17,1,1,0,0
1,20131221,1400,4825,12,28,1,3,0
1,20131221,1400,4826,27,4,2,4,0
1,20131221,1400,4827,24,15,0,2,0
2,20131221,1400,4865,14,6,1,1,0
2,20131221,1400,4866,22,25,2,1,0
2,20131221,1400,4867,26,9,1,1,0
2,20131221,1400,4868,31,18,0,2,0
1,20131222,1400,4828,7,23,4,0,0
1,20131222,1400,4829,21,0,0,1,0
1,20131222,1400,4830,5,19,2,0,0
2,20131222,1400,4869,32,20,1,1,0
2,20131222,1400,4870,30,16,0,3,0
2,20131222,1400,4871,2,10,1,2,0
2,20131225,1400,4857,20,31,0,2,0
1,20140125,1400,4980,7,5,0,3,0
1,20140125,1400,4981,12,0,0,4,0
1,20140125,1400,4982,19,1,0,3,0
1,20140125,1400,4983,21,23,4,2,0
2,20140125,1400,5036,2,16,2,1,0
2,20140125,1400,5037,9,25,0,2,0
2,20140125,1400,5038,22,6,3,0,1
2,20140125,1400,5039,31,26,1,1,0
1,20140126,1400,4984,24,4,0,1,0
1,20140126,1400,4985,27,28,1,1,0
1,20140126,1400,5007,17,15,0,2,0
2,20140126,1400,5040,14,10,0,0,0
2,20140126,1400,5041,32,18,1,1,0
2,20140126,1400,5042,30,20,0,1,0
1,20140201,1400,4993,4,17,0,6,0
1,20140201,1400,4994,15,19,1,0,0
1,20140201,1400,4995,23,12,4,0,0
1,20140201,1400,4996,0,27,2,0,0
2,20140201,1400,5051,20,2,0,1,0
2,20140201,1400,5052,10,22,0,0,0
2,20140201,1400,5053,18,30,5,0,0
1,20140202,1400,4997,28,24,0,1,0
1,20140202,1400,4998,7,21,1,4,0
1,20140202,1400,4999,5,1,2,1,0
2,20140202,1400,5050,16,14,2,2,0
2,20140202,1400,5054,26,25,0,0,0
2,20140202,1400,5055,6,9,3,2,0
2,20140202,1400,5056,31,32,3,2,0
1,20140208,1400,5008,12,7,1,2,0
1,20140208,1400,5010,27,23,2,0,0
1,20140208,1400,5011,1,15,3,3,0
2,20140208,1400,5064,22,16,2,2,0
2,20140208,1400,5065,25,6,3,1,0
2,20140208,1400,5066,9,10,1,0,0
2,20140208,1400,5067,32,26,0,0,0
1,20140209,1400,5009,24,0,0,3,0
1,20140209,1400,5012,21,5,3,0,0
1,20140209,1400,5013,19,4,3,2,0
1,20140209,1400,5014,17,28,4,0,0
2,20140209,1400,5068,2,18,2,0,0
2,20140209,1400,5069,14,20,6,1,0
2,20140209,1400,5070,30,31,2,1,0
1,20140215,1400,5022,0,17,0,0,0
1,20140215,1400,5023,23,24,1,0,0
1,20140215,1400,5024,28,19,2,1,0
1,20140215,1400,5028,5,15,1,1,0
2,20140215,1400,5078,18,14,1,1,0
2,20140215,1400,5079,10,25,0,2,0
2,20140215,1400,5080,26,6,2,2,0
2,20140215,1400,5081,31,2,1,2,0
2,20140215,1400,5082,20,22,3,1,0
2,20140215,1400,5083,32,30,3,2,0
1,20140216,1400,5025,4,1,2,3,0
1,20140216,1400,5026,21,12,1,1,0
1,20140216,1400,5027,7,27,1,2,0
2,20140216,1400,5084,16,9,2,0,0
1,20140222,1430,5232,12,5,1,3,0
1,20140222,1430,5233,19,0,0,1,0
1,20140222,1430,5234,15,4,1,0,0
1,20140222,1430,5235,1,28,5,2,0
2,20140222,1430,5274,25,16,1,1,0
2,20140222,1430,5275,22,18,3,0,0
2,20140222,1430,5276,2,32,1,0,0
1,20140223,1430,5236,24,7,0,2,0
1,20140223,1430,5237,27,21,2,1,0
1,20140223,1430,5238,17,23,4,0,0
2,20140223,1430,5277,6,10,1,1,0
2,20140223,1430,5278,30,26,3,0,0
2,20140223,1430,5279,9,20,1,0,0
2,20140223,1430,5280,14,31,3,1,0
1,20140301,1430,5246,23,19,1,2,0
1,20140301,1430,5247,12,27,1,3,0
1,20140301,1430,5248,21,24,1,0,0
2,20140301,1430,5288,31,22,1,0,0
2,20140301,1430,5289,18,9,1,0,0
2,20140301,1430,5290,30,2,3,1,0
2,20140301,1430,5291,32,14,0,6,0
1,20140302,1430,5249,28,15,0,0,0
1,20140302,1430,5250,5,4,2,4,0
1,20140302,1430,5251,0,1,2,1,0
1,20140302,1430,5252,7,17,1,2,0
2,20140302,1430,5292,26,10,0,1,0
2,20140302,1430,5293,20,25,2,2,0
2,20140302,1430,5294,16,6,3,2,0
1,20140308,1430,5260,19,7,1,0,0
1,20140308,1430,5261,15,0,3,1,0
1,20140308,1430,5262,4,28,1,0,0
1,20140308,1430,5263,1,23,1,0,0
1,20140308,1430,5266,24,12,1,0,0
2,20140308,1430,5302,10,16,1,5,0
2,20140308,1430,5303,9,31,3,2,0
2,20140308,1430,5304,6,20,3,3,0
2,20140308,1430,5305,14,30,4,2,0
1,20140309,1430,5264,17,21,7,0,0
1,20140309,1430,5265,27,5,1,0,0
2,20140309,1430,5306,2,26,0,1,0
2,20140309,1430,5307,22,32,1,1,0
2,20140309,1430,5308,25,18,1,0,0
1,20140315,1500,5402,12,17,1,5,0
1,20140315,1500,5403,27,24,6,2,0
1,20140315,1500,5404,5,28,4,1,0
1,20140315,1500,5405,23,15,1,0,0
2,20140315,1500,5444,2,14,1,0,0
2,20140315,1500,5445,31,25,2,4,0
2,20140315,1500,5446,18,6,3,0,0
2,20140315,1500,5447,20,10,0,0,0
1,20140316,1500,5406,7,1,1,5,0
1,20140316,1500,5407,0,4,2,2,0
1,20140316,1500,5408,21,19,0,4,0
2,20140316,1500,5448,26,16,1,2,0
2,20140316,1500,5449,32,9,1,0,0
2,20140316,1500,5450,30,22,7,1,0
1,20140322,1500,5416,4,23,2,0,0
1,20140322,1500,5417,19,12,7,0,0
1,20140322,1500,5419,15,7,3,0,0
1,20140322,1500,5420,17,27,0,0,0
2,20140322,1500,5458,22,2,2,3,0
2,20140322,1500,5459,14,26,1,0,0
2,20140322,1500,5460,9,30,1,2,0
2,20140322,1500,5461,6,31,1,0,0
1,20140323,1500,5418,1,21,11,1,0
1,20140323,1500,5421,28,0,0,1,0
1,20140323,1500,5422,24,5,1,1,0
2,20140323,1500,5462,10,18,1,0,0
2,20140323,1500,5463,16,20,1,2,0
2,20140323,1500,5464,25,32,1,0,0
1,20140329,1500,5431,5,0,0,1,0
1,20140329,1500,5433,21,15,1,2,0
1,20140329,1500,5434,7,4,4,1,0
2,20140329,1500,5472,26,20,5,0,0
2,20140329,1500,5473,32,6,4,0,0
2,20140329,1500,5474,30,25,1,2,0
1,20140330,1500,5430,24,17,0,3,0
1,20140330,1500,5432,27,19,1,1,0
1,20140330,1500,5435,12,1,1,5,0
1,20140330,1500,5436,23,28,4,1,0
2,20140330,1500,5475,2,9,1,0,0
2,20140330,1500,5476,14,22,4,1,0
2,20140330,1500,5477,31,10,3,0,0
2,20140330,1500,5478,18,16,1,0,0
1,20140405,1600,5655,28,7,1,2,0
1,20140405,1600,5656,17,5,5,2,0
1,20140405,1600,5657,19,24,3,1,0
1,20140405,1600,5658,4,21,0,0,0
1,20140405,1600,5659,15,12,9,1,0
1,20140405,1600,5660,0,23,2,4,0
1,20140405,1600,5661,1,27,5,0,0
2,20140405,1600,5683,9,14,0,7,0
2,20140405,1600,5684,25,2,1,0,0
2,20140405,1600,5687,6,30,2,2,0
2,20140405,1600,5689,16,31,7,1,0
2,20140406,1600,5685,22,26,1,3,0
2,20140406,1600,5686,20,18,3,0,0
2,20140406,1600,5688,10,32,1,0,0
1,20140412,1600,5662,21,28,0,2,0
1,20140412,1600,5663,5,23,2,2,0
1,20140412,1600,5664,27,15,1,0,0
1,20140412,1600,5665,24,1,1,4,0
1,20140412,1600,5666,12,4,1,4,0
1,20140412,1600,5667,17,19,2,0,0
1,20140412,1600,5681,7,0,3,1,0
2,20140412,1600,5702,14,25,4,1,0
2,20140412,1600,5703,2,6,3,1,0
2,20140413,1600,5697,31,20,1,2,0
2,20140413,1600,5698,26,18,0,1,0
2,20140413,1600,5699,22,9,1,1,0
2,20140413,1600,5700,30,10,3,1,0
2,20140413,1600,5701,32,16,2,1,0
1,20140419,1600,5775,1,17,1,0,0
1,20140419,1600,5776,15,24,2,3,0
1,20140419,1600,5777,19,5,3,5,0
1,20140419,1600,5778,23,7,1,1,0
1,20140419,1600,5779,0,21,2,1,0
1,20140419,1600,5780,28,12,5,1,0
1,20140419,1600,5781,4,27,1,0,0
2,20140420,1600,5789,6,14,1,0,0
2,20140420,1600,5790,25,22,6,0,0
2,20140420,1600,5791,10,2,3,0,0
2,20140420,1600,5792,9,26,1,1,0
2,20140420,1600,5793,20,32,2,2,0
2,20140420,1600,5794,16,30,3,3,0
2,20140420,1600,5795,18,31,2,3,0
1,20140927,1600,6212,23,24,0,0,0
1,20140927,1600,6213,2,17,2,6,0
1,20140927,1600,6214,27,5,1,1,0
1,20140927,1600,6215,0,15,1,8,0
2,20140927,1600,6239,21,31,1,2,0
2,20140927,1600,6240,33,9,0,3,0
2,20140927,1600,6241,28,34,0,0,0
2,20140927,1600,6242,14,20,6,2,0
1,20140928,1600,6211,1,7,2,1,0
1,20140928,1600,6216,16,30,0,1,0
1,20140928,1600,6217,19,4,1,1,0
2,20140928,1600,6243,6,18,2,2,0
2,20140928,1600,6244,8,25,1,2,0
2,20140928,1600,6245,12,32,2,0,0
1,20141005,1600,6218,15,4,3,2,0
1,20141005,1600,6219,30,2,0,0,0
1,20141005,1600,6220,7,23,1,2,0
1,20141005,1600,6221,1,19,2,1,0
2,20141005,1600,6247,32,28,0,0,0
2,20141005,1600,6248,25,12,4,1,0
2,20141005,1600,6249,18,8,4,0,0
1,20141006,1600,6222,5,0,2,1,0
1,20141006,1600,6223,17,27,2,0,0
1,20141006,1600,6224,24,16,0,0,0
2,20141006,1600,6246,34,20,2,0,0
2,20141006,1600,6250,9,6,2,0,0
2,20141006,1600,6251,31,33,3,1,0
2,20141006,1600,6252,21,14,0,2,0
1,20141011,1500,6225,2,24,1,2,0
1,20141011,1500,6226,27,30,1,0,0
2,20141011,1500,6253,20,32,4,0,0
2,20141011,1500,6254,6,31,1,2,0
2,20141011,1500,6255,28,25,1,1,0
2,20141011,1500,6256,14,34,2,0,0
1,20141012,1500,6228,4,5,0,1,0
1,20141012,1500,6229,23,1,0,0,0
1,20141012,1500,6230,16,7,2,3,0
1,20141012,1500,6231,19,15,1,3,0
2,20141012,1500,6257,33,21,0,4,0
2,20141012,1500,6258,8,9,1,0,0
2,20141012,1500,6259,12,18,0,1,0
1,20141014,1800,6227,0,17,1,3,0
1,20141018,1500,6232,5,15,2,1,0
1,20141018,1500,6233,7,2,4,0,0
1,20141018,1500,6234,1,16,4,2,0
1,20141018,1500,6235,23,19,2,0,0
2,20141018,1500,6261,18,28,0,2,0
2,20141018,1500,6262,21,6,4,1,0
2,20141018,1500,6263,33,14,1,3,0
1,20141019,1500,6236,17,4,1,0,0
1,20141019,1500,6237,30,0,5,0,0
1,20141019,1500,6238,24,27,0,0,0
2,20141019,1500,6260,32,34,0,1,0
2,20141019,1500,6264,25,20,2,1,0
2,20141019,1500,6265,9,12,6,1,0
2,20141019,1500,6266,31,8,1,2,0
1,20141025,1400,6380,4,30,2,2,0
1,20141025,1400,6381,2,1,2,5,0
1,20141025,1400,6382,0,24,1,1,0
1,20141025,1400,6383,19,5,0,4,0
2,20141025,1400,6422,20,18,0,2,0
2,20141025,1400,6423,34,25,0,0,0
2,20141025,1400,6424,6,33,3,0,0
2,20141025,1400,6425,8,21,1,1,0
1,20141026,1400,6384,15,17,1,3,0
1,20141026,1400,6385,16,23,0,3,0
1,20141026,1400,6386,27,7,1,1,0
2,20141026,1400,6426,12,31,1,2,0
2,20141026,1400,6427,28,9,0,2,0
2,20141026,1400,6428,14,32,1,0,0
1,20141101,1400,6394,17,5,3,1,0
1,20141101,1400,6395,30,15,0,2,0
1,20141101,1400,6397,16,19,2,2,0
1,20141101,1400,6400,23,2,3,1,0
2,20141101,1400,6436,25,32,9,1,0
2,20141101,1400,6437,31,28,4,0,0
2,20141101,1400,6438,21,12,3,1,0
2,20141101,1400,6439,6,14,1,2,0
1,20141102,1400,6396,7,0,1,1,0
1,20141102,1400,6398,24,4,1,0,0
1,20141102,1400,6399,1,27,1,0,0
2,20141102,1400,6440,18,34,2,0,0
2,20141102,1400,6441,9,20,3,1,0
2,20141102,1400,6442,33,8,1,1,0
1,20141108,1400,6408,4,7,4,2,0
1,20141108,1400,6409,5,30,0,6,0
1,20141108,1400,6410,27,23,2,1,0
1,20141108,1400,6411,0,1,0,6,0
2,20141108,1400,6450,34,9,1,0,0
2,20141108,1400,6451,32,18,1,2,0
1,20141109,1400,6412,15,24,0,1,0
1,20141109,1400,6413,2,16,2,2,0
1,20141109,1400,6414,19,17,0,4,0
2,20141109,1400,6452,20,31,3,1,0
2,20141109,1400,6453,8,6,3,6,0
2,20141109,1400,6454,12,33,0,0,0
2,20141109,1400,6455,28,21,0,1,0
2,20141109,1400,6456,14,25,2,1,0
1,20141115,1400,6506,30,17,0,1,0
1,20141115,1400,6507,24,5,2,0,0
1,20141115,1400,6508,7,15,3,4,0
1,20141115,1400,6509,16,27,1,3,0
2,20141115,1400,6548,9,32,3,2,0
2,20141115,1400,6549,31,34,2,1,0
2,20141115,1400,6550,21,20,0,1,0
2,20141115,1400,6551,8,14,1,1,0
1,20141116,1400,6510,1,4,0,1,0
1,20141116,1400,6511,23,0,0,2,0
1,20141116,1400,6512,2,19,1,1,0
2,20141116,1400,6552,18,25,1,5,0
2,20141116,1400,6553,33,28,1,4,0
2,20141116,1400,6554,6,12,2,1,0
1,20141122,1400,6520,15,1,1,2,0
1,20141122,1400,6521,5,7,4,1,0
1,20141122,1400,6522,0,16,5,1,0
1,20141122,1400,6523,19,30,1,2,0
2,20141122,1400,6562,32,31,2,1,0
2,20141122,1400,6563,25,9,0,0,0
2,20141122,1400,6564,12,8,1,0,0
2,20141122,1400,6565,28,6,1,2,0
1,20141123,1400,6524,4,23,1,1,0
1,20141123,1400,6525,17,24,1,1,0
1,20141123,1400,6526,27,2,3,0,0
2,20141123,1400,6566,20,33,3,1,0
2,20141123,1400,6567,34,21,0,0,0
2,20141123,1400,6568,14,18,0,0,0
1,20141129,1400,6534,24,30,0,0,0
1,20141129,1400,6535,7,17,1,3,0
1,20141129,1400,6536,16,4,2,7,0
1,20141129,1400,6537,27,19,1,1,0
2,20141129,1400,6576,9,18,1,0,0
2,20141129,1400,6577,21,32,4,1,0
2,20141129,1400,6578,33,34,0,4,0
2,20141129,1400,6579,6,20,0,2,0
2,20141129,1400,6580,12,14,0,2,0
1,20141130,1400,6538,1,5,1,0,0
1,20141130,1400,6539,23,15,3,2,0
1,20141130,1400,6540,2,0,2,0,0
2,20141130,1400,6581,31,25,1,0,0
2,20141130,1400,6582,8,28,0,7,0
1,20141206,1400,6632,4,2,6,0,0
1,20141206,1400,6633,5,23,4,2,0
1,20141206,1400,6634,17,1,1,0,0
1,20141206,1400,6635,19,24,4,0,0
2,20141206,1400,6674,20,8,0,2,0
2,20141206,1400,6675,34,6,0,1,0
2,20141206,1400,6676,32,33,2,1,0
2,20141206,1400,6677,25,21,2,1,0
1,20141207,1400,6636,15,16,5,0,0
1,20141207,1400,6637,30,7,3,2,0
1,20141207,1400,6638,0,27,1,1,0
2,20141207,1400,6678,18,31,1,1,0
2,20141207,1400,6679,28,12,4,0,0
2,20141207,1400,6680,14,9,4,0,0
1,20141213,1400,6647,1,30,4,1,0
1,20141213,1400,6648,2,15,0,5,0
1,20141213,1400,6649,27,4,1,1,0
1,20141213,1400,6650,23,17,0,2,0
2,20141213,1400,6688,31,9,4,1,0
2,20141213,1400,6689,21,18,1,2,0
2,20141213,1400,6690,33,25,0,3,0
2,20141213,1400,6691,28,14,3,3,0
1,20141214,1400,6646,7,24,1,0,0
1,20141214,1400,6651,16,5,0,2,0
1,20141214,1400,6652,0,19,0,3,0
2,20141214,1400,6692,6,32,4,0,0
2,20141214,1400,6693,8,34,1,0,0
2,20141214,1400,6694,12,20,0,0,0
1,20141220,1400,6660,15,27,2,1,0
1,20141220,1400,6661,17,16,8,1,0
1,20141220,1400,6662,30,23,0,2,0
1,20141220,1400,6663,19,7,2,1,0
2,20141220,1400,6702,32,8,0,2,0
2,20141220,1400,6703,25,6,1,2,0
2,20141220,1400,6704,9,21,1,3,0
1,20141221,1400,6664,4,0,4,0,0
1,20141221,1400,6665,2,5,0,2,0
1,20141221,1400,6666,24,1,1,0,0
2,20141221,1400,6705,14,31,6,1,0
2,20141221,1400,6706,20,28,0,2,0
2,20141221,1400,6707,34,12,2,0,0
2,20141221,1400,6708,18,33,2,0,0
1,20150124,1400,6774,15,0,3,3,0
1,20150124,1400,6775,17,2,13,0,0
1,20150124,1400,6776,4,19,2,3,0
1,20150124,1400,6777,24,23,0,0,0
2,20150124,1400,6816,20,14,0,0,0
2,20150124,1400,6817,31,21,3,0,0
2,20150124,1400,6818,25,8,1,1,0
2,20150124,1400,6819,9,33,2,1,0
1,20150125,1400,6778,30,16,2,0,0
1,20150125,1400,6779,7,1,0,0,0
1,20150125,1400,6780,5,27,2,2,0
2,20150125,1400,6820,18,6,2,4,0
2,20150125,1400,6821,32,12,3,0,0
2,20150125,1400,6822,34,28,0,0,0
1,20150131,1400,6788,23,7,1,0,0
1,20150131,1400,6789,0,5,1,0,0
1,20150131,1400,6790,19,1,1,0,0
2,20150131,1400,6830,6,9,0,0,0
2,20150131,1400,6831,8,18,0,2,0
2,20150131,1400,6832,28,32,2,0,0
2,20150131,1400,6833,33,31,0,0,0
1,20150201,1400,6791,27,17,0,1,0
1,20150201,1400,6792,16,24,2,3,0
1,20150201,1400,6793,2,30,0,2,0
1,20150201,1400,6794,4,15,3,0,1
2,20150201,1400,6834,12,25,1,0,0
2,20150201,1400,6835,14,21,3,0,0
2,20150201,1400,6836,20,34,8,0,0
1,20150207,1400,6802,24,2,1,0,0
1,20150207,1400,6803,5,4,3,2,0
1,20150207,1400,6804,15,19,0,1,0
1,20150207,1400,6805,1,23,1,1,0
2,20150207,1400,6844,18,12,3,0,0
2,20150207,1400,6845,32,20,0,0,0
2,20150207,1400,6846,9,8,2,1,0
1,20150208,1400,6806,7,16,3,0,1
1,20150208,1400,6807,17,0,6,0,0
1,20150208,1400,6808,30,27,1,1,0
2,20150208,1400,6847,34,14,0,1,0
2,20150208,1400,6848,31,6,3,2,0
2,20150208,1400,6849,25,28,2,3,0
2,20150208,1400,6850,21,33,3,0,0
1,20150214,1430,6900,4,17,2,0,0
1,20150214,1430,6901,2,7,0,3,0
1,20150214,1430,6902,27,24,1,1,0
1,20150214,1430,6903,0,30,4,1,0
2,20150214,1430,6956,6,21,0,0,0
2,20150214,1430,6957,34,32,2,0,0
2,20150214,1430,6958,14,33,5,0,0
1,20150215,1430,6904,15,5,2,1,0
1,20150215,1430,6905,16,1,1,7,0
1,20150215,1430,6906,19,23,2,1,0
2,20150215,1430,6959,20,25,3,4,0
2,20150215,1430,6960,12,9,2,0,0
2,20150215,1430,6961,28,18,5,1,0
2,20150215,1430,6962,8,31,0,2,0
1,20150221,1430,6914,5,19,4,3,0
1,20150221,1430,6915,7,27,3,2,0
1,20150221,1430,6916,1,2,5,0,0
1,20150221,1430,6917,24,0,2,0,0
1,20150221,1430,6919,17,15,3,1,0
2,20150221,1430,6972,9,28,0,0,0
2,20150221,1430,6973,33,6,0,5,0
2,20150221,1430,6975,31,12,3,2,0
2,20150221,1430,6976,32,14,1,3,0
1,20150222,1430,6918,30,4,0,0,0
1,20150222,1430,6920,23,16,4,0,0
2,20150222,1430,6970,25,34,2,1,0
2,20150222,1430,6971,18,20,2,0,0
2,20150222,1430,6974,21,8,1,1,0
1,20150228,1430,6928,19,16,7,1,0
1,20150228,1430,6929,5,17,1,1,0
1,20150228,1430,6931,2,23,0,4,0
1,20150228,1430,6932,0,7,1,1,0
2,20150228,1430,6984,12,21,2,1,0
2,20150228,1430,6985,20,9,5,1,0
2,20150228,1430,6987,8,33,8,0,0
1,20150301,1430,6930,15,30,1,0,0
1,20150301,1430,6933,4,24,2,2,0
1,20150301,1430,6934,27,1,2,4,0
2,20150301,1430,6986,28,31,1,1,0
2,20150301,1430,6988,32,25,2,0,0
2,20150301,1430,6989,14,6,3,1,0
2,20150301,1430,6990,34,18,1,0,0
1,20150307,1430,6942,7,4,2,0,0
1,20150307,1430,6943,23,27,1,0,0
1,20150307,1430,6944,1,0,1,0,0
2,20150307,1430,6998,9,34,3,1,0
2,20150307,1430,6999,31,20,2,2,0
2,20150307,1430,7000,18,32,1,0,0
2,20150307,1430,7001,33,12,0,3,0
1,20150308,1430,6945,17,19,1,5,0
1,20150308,1430,6946,24,15,1,2,0
1,20150308,1430,6947,16,2,4,0,0
1,20150308,1430,6948,30,5,1,2,0
2,20150308,1430,7002,6,8,2,5,0
2,20150308,1430,7003,21,28,2,2,0
2,20150308,1430,7004,25,14,0,2,0
1,20150314,1430,7076,5,24,2,0,0
1,20150314,1430,7077,19,2,2,1,0
1,20150314,1430,7078,4,1,3,4,0
1,20150314,1430,7079,0,23,0,1,0
2,20150314,1430,7104,20,21,0,3,0
2,20150314,1430,7105,32,9,0,5,0
2,20150314,1430,7106,25,18,0,0,0
1,20150315,1430,7080,15,7,1,2,0
1,20150315,1430,7081,27,16,6,3,0
1,20150315,1430,7082,17,30,4,0,0
2,20150315,1430,7107,34,31,1,1,0
2,20150315,1430,7108,12,6,2,0,0
2,20150315,1430,7109,14,8,3,0,0
2,20150315,1430,7110,28,33,9,0,0
1,20150321,1430,7090,1,15,3,1,0
1,20150321,1430,7091,2,27,0,2,0
1,20150321,1430,7092,30,19,3,0,0
1,20150321,1430,7093,24,17,0,2,0
2,20150321,1430,7118,31,32,4,2,0
2,20150321,1430,7119,6,28,0,5,0
2,20150321,1430,7120,9,25,1,0,0
1,20150322,1430,7094,23,4,4,1,0
1,20150322,1430,7095,16,0,0,3,0
1,20150322,1430,7096,7,5,2,0,0
2,20150322,1430,7121,21,34,1,0,0
2,20150322,1430,7122,33,20,1,3,0
2,20150322,1430,7123,8,12,3,2,0
2,20150322,1430,7124,18,14,0,3,0
1,20150404,1530,7164,17,7,3,0,0
1,20150404,1530,7165,4,16,9,0,0
1,20150404,1530,7166,30,24,4,1,0
1,20150404,1530,7167,5,1,0,0,0
1,20150404,1530,7168,15,23,0,1,0
1,20150404,1530,7169,19,27,3,3,0
1,20150405,1530,7170,0,2,4,0,0
2,20150405,1530,7178,20,6,2,1,0
2,20150405,1530,7179,32,21,0,4,0
2,20150405,1530,7180,14,12,2,0,0
2,20150405,1530,7181,18,9,1,5,0
2,20150405,1530,7182,28,8,0,0,0
2,20150405,1530,7183,25,31,0,0,0
2,20150405,1530,7184,34,33,6,0,0
1,20150411,1530,7206,16,15,1,4,0
1,20150411,1530,7207,7,30,1,0,0
1,20150411,1530,7208,1,17,1,4,0
1,20150411,1530,7209,24,19,0,0,0
1,20150411,1530,7210,2,4,0,3,0
1,20150411,1530,7211,27,0,1,0,0
1,20150411,1530,7212,23,5,3,0,0
2,20150411,1530,7223,12,28,2,2,0
2,20150412,1530,7220,6,34,2,0,0
2,20150412,1530,7221,33,32,8,6,0
2,20150412,1530,7222,8,20,1,1,0
2,20150412,1530,7224,31,18,3,1,0
2,20150412,1530,7225,21,25,1,0,0
2,20150412,1530,7226,9,14,0,0,0
1,20150417,1530,7250,15,2,7,0,0
1,20150417,1800,7251,17,23,4,1,0
1,20150418,1530,7252,24,7,1,0,0
1,20150418,1330,7253,5,16,8,2,0
1,20150418,1530,7254,19,0,2,1,0
1,20150418,1530,7255,30,1,1,2,0
1,20150418,1530,7256,4,27,3,3,0
2,20150418,1530,7264,18,21,3,1,0
2,20150418,1530,7265,32,6,2,6,0
2,20150418,1530,7266,14,28,1,1,0
2,20150418,1530,7267,20,12,3,0,0
2,20150418,1530,7268,9,31,0,0,0
2,20150418,1530,7269,34,8,0,0,0
2,20150418,1530,7270,25,33,9,1,0
1,20150424,1630,7292,23,30,1,1,0
1,20150424,1630,7293,27,15,2,1,0
1,20150424,1630,7294,7,19,3,0,0
1,20150424,1630,7295,0,4,3,0,0
1,20150424,1630,7296,5,2,4,0,0
1,20150424,1630,7297,1,24,3,1,0
1,20150424,1630,7298,16,17,1,6,0
2,20150424,1630,7312,31,14,1,1,0
2,20150425,1600,7306,12,34,1,1,0
2,20150425,1600,7307,28,20,2,2,0
2,20150425,1600,7308,8,32,6,0,0
2,20150425,1600,7309,21,9,1,1,0
2,20150425,1600,7310,33,18,5,5,0
2,20150425,1600,7311,6,25,1,1,0
1,20150926,1600,7900,19,17,2,1,0
1,20150926,1600,7901,4,15,1,0,0
1,20150926,1600,7902,24,5,2,2,0
1,20150926,1530,7903,1,7,1,0,0
2,20150926,1600,7956,20,26,1,0,0
2,20150926,1530,7957,12,25,2,2,0
2,20150926,1600,7958,34,2,2,1,0
2,20150926,1600,7959,6,18,2,0,0
1,20150927,1600,7904,14,23,1,2,0
1,20150927,1600,7905,30,9,0,0,0
1,20150927,1600,7912,35,31,5,1,0
2,20150927,1600,7960,21,16,3,0,0
2,20150927,1600,7961,36,8,2,1,0
2,20150927,1600,7962,28,37,0,1,0
1,20151003,1600,7915,7,14,4,1,0
1,20151003,1600,7916,17,4,3,1,0
1,20151003,1600,7917,19,35,1,4,0
2,20151003,1600,7970,18,37,0,2,0
2,20151003,1600,7971,25,34,0,0,0
2,20151003,1600,7972,26,12,1,1,0
2,20151003,1600,7976,20,28,3,2,0
1,20151004,1600,7914,23,30,1,1,0
1,20151004,1600,7918,9,31,3,1,0
1,20151004,1600,7919,5,1,5,0,0
1,20151004,1600,7920,15,24,1,0,0
2,20151004,1600,7973,8,6,1,2,0
2,20151004,1600,7974,16,36,3,2,0
2,20151004,1600,7975,2,21,0,0,0
1,20151010,1500,7929,24,17,0,3,0
1,20151010,1500,7930,14,5,1,1,0
1,20151010,1500,7931,35,9,1,1,0
1,20151010,1500,7934,30,7,1,3,0
2,20151010,1500,7984,34,26,1,0,0
2,20151010,1500,7985,21,25,2,2,0
2,20151010,1500,7986,36,2,5,0,0
2,20151010,1500,7987,28,18,2,0,0
1,20151011,1500,7928,31,23,4,1,0
1,20151011,1500,7932,4,19,1,1,0
1,20151011,1500,7933,1,15,0,0,0
2,20151011,1500,7988,37,8,3,0,0
2,20151011,1500,7989,12,20,3,2,0
2,20151011,1500,7990,6,16,2,1,0
1,20151017,1500,7942,23,9,1,3,0
1,20151017,1500,7943,5,30,3,0,0
1,20151017,1500,7944,15,14,2,0,0
1,20151017,1500,7945,17,1,1,0,0
2,20151017,1500,7998,8,18,3,2,0
2,20151017,1500,7999,25,36,0,3,0
2,20151017,1500,8000,26,21,0,1,0
2,20151017,1500,8001,20,34,2,1,0
1,20151018,1500,7946,7,31,3,0,0
1,20151018,1500,7947,19,24,2,3,0
1,20151018,1500,7948,4,35,2,2,0
2,20151018,1500,8002,16,37,1,10,0
2,20151018,1500,8003,2,6,2,1,0
2,20151018,1500,8004,12,28,4,3,0
1,20151024,1400,8069,31,5,3,2,0
1,20151024,1400,8070,24,4,0,0,0
1,20151024,1400,8071,1,19,3,0,0
1,20151024,1400,8072,14,17,2,2,0
2,20151024,1400,8125,18,16,6,1,0
2,20151024,1400,8126,34,12,1,2,0
2,20151024,1400,8127,36,26,1,1,0
2,20151024,1400,8128,28,8,2,2,0
1,20151025,1400,8073,9,7,2,0,0
1,20151025,1400,8074,30,15,1,2,0
1,20151025,1400,8075,35,23,3,0,0
2,20151025,1400,8129,37,2,2,0,0
2,20151025,1400,8130,21,20,4,1,0
2,20151025,1400,8131,6,25,2,1,0
1,20151031,1400,8083,7,23,2,0,0
1,20151031,1400,8084,5,9,1,1,0
1,20151031,1400,8085,15,31,3,1,0
1,20151031,1400,8086,24,35,3,3,0
2,20151031,1400,8139,16,8,0,3,0
2,20151031,1400,8140,2,18,0,3,0
2,20151031,1400,8141,25,37,0,0,0
2,20151031,1400,8142,12,21,3,1,0
1,20151101,1400,8087,17,30,0,2,0
1,20151101,1400,8088,19,14,3,0,0
1,20151101,1400,8089,4,1,1,0,0
2,20151101,1400,8143,26,6,0,1,0
2,20151101,1400,8144,20,36,0,2,0
2,20151101,1400,8145,34,28,0,2,0
1,20151107,1400,8097,23,5,0,3,0
1,20151107,1400,8098,1,24,5,1,0
1,20151107,1400,8099,14,4,1,1,0
1,20151107,1400,8100,30,19,2,1,0
2,20151107,1400,8153,18,25,2,1,0
2,20151107,1400,8154,8,2,2,1,0
2,20151107,1400,8155,36,12,3,3,0
2,20151107,1400,8156,6,20,2,3,0
2,20151107,1400,8157,28,16,6,0,0
1,20151108,1400,8101,31,17,0,3,0
1,20151108,1400,8102,9,15,4,1,0
1,20151108,1400,8103,35,7,1,4,0
2,20151108,1400,8158,37,26,0,1,0
2,20151108,1400,8159,21,34,1,4,0
1,20151114,1400,8111,15,23,5,1,0
1,20151114,1400,8112,17,9,2,2,0
1,20151114,1400,8113,19,31,1,2,0
1,20151114,1400,8114,4,30,1,2,0
2,20151114,1400,8167,25,8,3,2,0
2,20151114,1400,8168,20,37,0,1,0
2,20151114,1400,8169,21,28,0,1,0
1,20151115,1400,8115,5,7,2,0,0
1,20151115,1400,8116,24,14,0,3,0
1,20151115,1400,8117,1,35,0,4,0
2,20151115,1400,8170,2,16,1,2,0
2,20151115,1400,8171,26,18,1,2,0
2,20151115,1400,8172,12,6,6,0,0
2,20151115,1400,8173,34,36,3,1,0
1,20151121,1400,8238,31,4,0,0,0
1,20151121,1400,8239,7,15,3,1,0
1,20151121,1400,8240,14,1,1,1,0
1,20151121,1400,8241,35,5,4,0,0
2,20151121,1400,8308,8,26,1,4,0
2,20151121,1400,8309,16,25,2,1,0
2,20151121,1400,8310,6,34,1,3,0
2,20151121,1400,8311,28,2,1,0,0
1,20151122,1400,8242,9,19,2,2,0
1,20151122,1400,8243,23,17,1,0,0
1,20151122,1400,8244,30,24,3,1,0
2,20151122,1400,8312,37,12,2,1,0
2,20151122,1400,8313,18,20,1,3,0
2,20151122,1400,8314,36,21,0,0,0
1,20151128,1400,8252,17,7,2,0,0
1,20151128,1400,8253,19,23,2,1,0
1,20151128,1400,8254,4,9,1,4,0
1,20151128,1400,8255,14,35,1,1,0
2,20151128,1400,8322,25,2,2,1,0
2,20151128,1400,8323,34,37,1,1,0
2,20151128,1400,8324,21,6,1,2,0
2,20151128,1400,8325,36,28,0,1,0
1,20151129,1400,8256,15,5,2,2,0
1,20151129,1400,8257,24,31,2,2,0
1,20151129,1400,8258,1,30,1,1,0
2,20151129,1400,8326,26,16,2,0,0
2,20151129,1400,8327,20,8,2,1,0
2,20151129,1400,8328,12,18,3,1,0
1,20151205,1400,8267,9,24,4,0,0
1,20151205,1400,8268,30,14,1,0,0
1,20151205,1400,8269,35,15,0,0,0
1,20151205,1400,8271,7,19,2,1,0
2,20151205,1400,8336,37,21,3,0,0
2,20151205,1400,8337,8,12,2,3,0
2,20151205,1400,8338,16,20,1,4,0
2,20151205,1400,8339,6,36,3,0,0
1,20151206,1400,8266,31,1,2,4,0
1,20151206,1400,8270,23,4,5,1,0
1,20151206,1400,8272,5,17,2,2,0
2,20151206,1400,8340,18,34,2,0,0
2,20151206,1400,8341,2,26,0,2,0
2,20151206,1400,8342,28,25,1,3,0
1,20151212,1400,8280,17,15,2,1,0
1,20151212,1400,8281,19,5,3,1,0
1,20151212,1400,8282,24,23,0,0,0
1,20151212,1400,8283,14,31,4,1,0
2,20151212,1400,8350,26,25,0,1,0
2,20151212,1400,8351,20,2,7,1,0
2,20151212,1400,8352,21,18,1,4,0
2,20151212,1400,8353,36,37,0,0,0
1,20151213,1400,8284,4,7,1,1,0
1,20151213,1400,8285,1,9,1,2,0
1,20151213,1400,8286,30,35,5,3,0
2,20151213,1400,8354,12,16,5,1,0
2,20151213,1400,8355,34,8,4,0,0
2,20151213,1400,8356,6,28,2,3,0
1,20151219,1400,8294,31,30,0,6,0
1,20151219,1400,8295,23,1,0,3,0
1,20151219,1400,8296,15,19,2,2,0
2,20151219,1400,8364,37,6,2,1,0
2,20151219,1400,8365,8,21,1,3,0
2,20151219,1400,8367,28,26,2,2,0
2,20151219,1400,8368,18,36,1,2,0
1,20151220,1400,8297,35,17,1,1,0
1,20151220,1400,8298,9,14,4,0,0
1,20151220,1400,8299,7,24,4,2,0
1,20151220,1400,8300,5,4,3,3,0
2,20151220,1400,8369,16,34,0,1,0
2,20151220,1400,8370,25,20,0,1,0
2,20151223,1400,8366,2,12,1,3,0
1,20160206,1400,8480,15,4,1,0,0
1,20160206,1400,8481,5,24,5,2,0
1,20160206,1400,8482,7,1,2,0,0
1,20160206,1400,8483,23,14,0,1,0
2,20160206,1400,8536,26,20,1,2,0
2,20160206,1400,8537,25,12,0,2,0
2,20160206,1400,8538,16,21,3,2,0
2,20160206,1400,8539,18,6,1,1,0
1,20160207,1400,8484,17,19,1,0,0
1,20160207,1400,8485,9,30,3,1,0
1,20160207,1400,8486,31,35,0,1,0
2,20160207,1400,8540,2,34,0,3,0
2,20160207,1400,8541,8,36,1,2,0
2,20160207,1400,8542,37,28,0,2,0
1,20160213,1400,8494,31,9,1,0,0
1,20160213,1400,8495,30,23,0,0,0
1,20160213,1400,8496,4,17,0,0,0
1,20160213,1400,8497,35,19,4,2,0
2,20160213,1400,8550,37,18,0,1,0
2,20160213,1400,8551,6,8,0,1,0
2,20160213,1400,8552,36,16,1,0,0
2,20160213,1400,8553,21,2,3,0,0
1,20160214,1400,8498,14,7,2,2,0
1,20160214,1400,8499,1,5,0,2,0
1,20160214,1400,8500,24,15,0,3,0
2,20160214,1400,8554,34,25,2,2,0
2,20160214,1400,8555,12,26,2,1,0
2,20160214,1400,8556,28,20,2,1,0
1,20160220,1400,8508,19,4,5,1,0
1,20160220,1400,8509,17,24,2,2,0
1,20160220,1400,8510,15,1,1,0,0
1,20160220,1400,8511,9,35,1,3,0
2,20160220,1400,8564,8,37,1,2,0
2,20160220,1400,8565,20,12,3,2,0
2,20160220,1400,8566,2,36,0,2,0
2,20160220,1400,8567,16,6,1,2,0
1,20160221,1400,8512,23,31,1,2,0
1,20160221,1400,8513,5,14,1,3,0
1,20160221,1400,8514,7,30,1,6,0
2,20160221,1400,8568,26,34,1,1,0
2,20160221,1400,8569,25,21,2,1,0
2,20160221,1400,8570,18,28,1,6,0
1,20160227,1400,8522,31,7,1,2,0
1,20160227,1400,8523,30,5,2,1,0
1,20160227,1400,8524,14,15,5,1,0
1,20160227,1400,8525,1,17,1,0,0
2,20160227,1400,8578,18,8,0,1,0
2,20160227,1400,8579,6,2,3,1,0
2,20160227,1400,8580,36,25,0,1,0
2,20160227,1400,8581,34,20,0,1,0
2,20160227,1400,8582,28,12,4,1,0
1,20160228,1400,8526,9,23,3,2,0
1,20160228,1400,8527,24,19,1,0,0
1,20160228,1400,8528,35,4,1,1,0
2,20160228,1400,8583,37,16,1,2,0
2,20160228,1400,8584,21,26,1,3,0
1,20160305,1430,8656,5,31,4,3,0
1,20160305,1430,8657,4,24,0,3,0
1,20160305,1430,8658,17,14,0,2,0
1,20160305,1430,8659,23,35,2,3,0
2,20160305,1430,8712,2,37,2,0,0
2,20160305,1430,8713,20,21,2,0,0
2,20160305,1430,8714,25,6,1,3,0
2,20160305,1430,8715,8,28,1,1,0
1,20160306,1430,8660,7,9,0,0,0
1,20160306,1430,8661,19,1,0,2,0
1,20160306,1430,8662,15,30,1,1,0
2,20160306,1430,8716,16,18,0,1,0
2,20160306,1430,8717,12,34,3,1,0
2,20160306,1430,8718,26,36,4,1,0
1,20160312,1430,8670,30,17,3,1,0
1,20160312,1430,8671,14,19,1,2,0
1,20160312,1430,8672,1,4,2,0,0
2,20160312,1430,8726,18,2,2,2,0
2,20160312,1430,8727,36,20,0,5,0
2,20160312,1430,8728,21,12,0,0,0
2,20160312,1430,8729,28,34,0,0,0
1,20160313,1430,8673,23,7,1,1,0
1,20160313,1430,8674,9,5,3,2,0
1,20160313,1430,8675,31,15,2,5,0
1,20160313,1430,8676,35,24,5,2,0
2,20160313,1430,8730,8,16,1,2,0
2,20160313,1430,8731,37,25,1,1,0
2,20160313,1430,8732,6,26,1,1,0
1,20160319,1430,8684,17,31,4,4,0
1,20160319,1430,8685,4,14,1,3,0
1,20160319,1430,8686,19,30,2,2,0
2,20160319,1430,8740,25,18,0,0,0
2,20160319,1430,8741,34,21,1,0,0
2,20160319,1430,8742,16,28,0,1,0
1,20160320,1430,8687,7,35,0,2,0
1,20160320,1430,8688,15,9,2,0,0
1,20160320,1430,8689,5,23,3,0,0
1,20160320,1430,8690,24,1,2,5,0
2,20160320,1430,8743,26,37,2,1,0
2,20160320,1430,8744,2,8,0,2,0
2,20160320,1430,8745,12,36,2,1,0
2,20160320,1430,8746,20,6,5,1,0
1,20160326,1430,8698,7,5,3,1,0
1,20160326,1430,8699,9,17,1,1,0
1,20160326,1430,8700,30,4,2,0,0
1,20160326,1430,8701,35,1,2,2,0
1,20160326,1430,8702,23,15,1,0,0
2,20160326,1430,8754,8,25,1,1,0
2,20160326,1430,8755,37,20,0,5,0
2,20160326,1430,8756,36,34,1,2,0
1,20160327,1430,8703,31,19,1,2,0
1,20160327,1430,8704,14,24,4,1,0
2,20160327,1430,8757,16,2,1,0,0
2,20160327,1430,8758,18,26,0,2,0
2,20160327,1430,8759,6,12,0,1,0
2,20160327,1430,8760,28,21,2,0,0
1,20160402,1530,8824,4,31,0,1,0
1,20160402,1530,8825,19,9,5,2,0
1,20160402,1530,8826,24,30,3,2,0
2,20160402,1530,8894,12,37,4,2,0
2,20160402,1530,8895,20,18,4,0,0
2,20160402,1530,8896,21,36,5,0,0
2,20160402,1530,8897,34,6,1,0,0
1,20160403,1530,8827,17,23,2,2,0
1,20160403,1530,8828,15,7,1,1,0
1,20160403,1530,8829,1,14,2,2,0
1,20160403,1530,8830,5,35,2,2,0
2,20160403,1530,8898,26,8,5,1,0
2,20160403,1530,8899,25,16,1,3,0
2,20160403,1530,8900,2,28,5,0,0
2,20160409,1530,8908,2,25,1,2,0
2,20160409,1530,8909,18,12,1,0,0
2,20160409,1530,8910,37,34,1,2,0
2,20160409,1530,8911,28,36,5,0,0
2,20160409,1530,8912,16,26,3,2,0
2,20160409,1530,8913,8,20,0,2,0
2,20160409,1530,8914,6,21,2,1,0
1,20160410,1530,8838,23,19,1,0,0
1,20160410,1530,8839,9,4,3,1,0
1,20160410,1530,8840,31,24,3,0,0
1,20160410,1530,8841,5,15,1,4,0
1,20160410,1530,8842,7,17,3,2,0
1,20160410,1530,8843,30,1,2,0,0
1,20160410,1530,8844,35,14,3,1,0
1,20160416,1530,8852,1,31,2,2,0
1,20160416,1530,8853,24,9,1,3,0
1,20160416,1530,8854,4,23,0,5,0
1,20160416,1530,8855,19,7,1,3,0
1,20160416,1530,8856,17,5,6,3,0
1,20160416,1530,8857,14,30,2,0,0
1,20160416,1530,8858,15,35,1,1,0
2,20160417,1530,8926,21,37,0,0,0
2,20160417,1530,8927,34,18,1,1,0
2,20160417,1530,8928,12,8,1,1,0
2,20160417,1530,8929,20,16,4,1,0
2,20160417,1530,8930,26,2,1,1,0
2,20160417,1530,8931,36,6,2,2,0
2,20160417,1530,8932,25,28,0,1,0
1,20160423,1600,8866,15,17,1,2,0
1,20160423,1600,8867,5,19,1,2,0
1,20160423,1600,8868,7,4,6,0,0
1,20160423,1600,8869,23,24,1,1,0
1,20160423,1600,8870,9,1,2,4,0
1,20160423,1600,8871,31,14,0,0,0
1,20160423,1600,8872,35,30,2,0,0
2,20160424,1600,8940,25,26,1,3,0
2,20160424,1600,8941,2,20,3,2,0
2,20160424,1600,8942,16,12,1,3,0
2,20160424,1600,8943,8,34,1,0,0
2,20160424,1600,8944,18,21,0,1,0
2,20160424,1600,8945,37,36,3,0,0
2,20160424,1600,8946,28,6,2,1,0
1,20160429,1600,8880,30,31,5,2,0
1,20160429,1600,8881,14,9,3,0,0
1,20160429,1600,8882,1,23,2,1,0
1,20160429,1600,8884,4,5,0,3,0
1,20160429,1600,8885,19,15,3,2,0
2,20160429,1600,8955,36,18,1,1,0
2,20160429,1600,8959,20,25,6,3,0
1,20160430,1600,8883,24,7,1,2,0
1,20160430,1600,8886,17,35,2,1,0
2,20160430,1600,8954,6,37,0,1,0
2,20160430,1600,8956,21,8,3,0,0
2,20160430,1600,8957,34,16,1,1,0
2,20160430,1600,8958,12,2,5,2,0
2,20160430,1600,8960,26,28,1,1,0
1,20160923,1830,9451,35,7,2,0,0
1,20160924,1630,9452,28,17,1,0,0
1,20160924,1630,9453,19,20,2,0,0
1,20160924,1630,9454,15,1,3,0,0
1,20160925,1630,9455,12,31,0,0,0
1,20160925,1630,9456,26,30,1,3,0
1,20160925,1630,9457,23,9,3,1,0
1,20160926,1900,9458,14,5,0,1,0
1,20160930,1830,9467,17,12,2,0,0
1,20161001,1630,9468,30,28,4,3,0
1,20161001,1630,9469,20,26,1,2,0
1,20161001,1630,9470,9,19,0,0,0
1,20161001,1630,9471,1,35,1,0,0
1,20161002,1630,9472,31,14,2,1,0
1,20161002,1630,9473,7,23,1,1,0
1,20161002,1830,9474,5,15,3,4,0
1,20161007,1830,9483,35,15,2,0,0
1,20161008,1530,9484,28,20,3,3,0
1,20161008,1530,9485,23,1,0,1,0
1,20161008,1530,9486,31,5,0,1,0
1,20161009,1530,9487,12,30,2,0,0
1,20161009,1530,9488,26,9,4,2,0
1,20161009,1530,9489,19,7,1,0,0
1,20161010,1830,9490,14,17,0,1,0
1,20161014,1830,9499,5,35,1,0,0
1,20161015,1530,9500,30,14,2,1,0
1,20161015,1530,9501,7,26,1,1,0
1,20161015,1530,9502,15,23,2,2,0
1,20161015,1530,9503,17,31,3,1,0
1,20161015,1900,9506,1,19,2,2,0
1,20161016,1530,9504,20,12,1,2,0
1,20161016,1530,9505,9,28,2,2,0
1,20161021,1830,9515,14,20,4,0,0
1,20161022,1530,9516,12,9,1,3,0
1,20161022,1530,9518,26,1,2,0,0
1,20161022,1530,9519,19,15,2,2,0
1,20161023,1530,9517,28,7,2,4,0
1,20161023,1530,9520,23,35,0,1,0
1,20161023,1530,9521,31,30,1,0,0
1,20161024,1830,9522,17,5,2,1,0
1,20161028,1830,9535,35,19,2,0,0
1,20161029,1530,9533,1,28,2,2,0
1,20161029,1530,9534,15,26,1,0,0
1,20161029,1530,9537,20,31,2,0,0
2,20161029,1530,9739,38,21,2,3,0
2,20161029,1530,9740,24,6,3,2,0
2,20161029,1530,9741,18,39,2,2,0
2,20161029,1530,9743,40,41,4,3,0
1,20161030,1530,9531,9,14,2,2,0
1,20161030,1530,9532,7,12,5,1,0
1,20161030,1530,9538,30,17,0,2,0
2,20161030,1530,9742,13,42,1,0,0
1,20161031,1830,9536,5,23,4,0,0
1,20161105,1430,9548,12,1,0,0,0
1,20161105,1430,9550,26,35,2,6,0
1,20161105,1430,9551,19,23,3,1,0
2,20161105,1430,9749,42,38,1,2,0
2,20161105,1430,9750,6,40,4,0,0
2,20161105,1430,9751,39,24,6,1,0
1,20161106,1430,9549,28,15,2,1,0
1,20161106,1430,9552,31,9,1,1,0
1,20161106,1430,9553,17,20,5,0,0
1,20161106,1430,9554,30,5,1,0,0
2,20161106,1430,9752,41,13,0,5,0
2,20161106,1430,9753,21,18,1,0,0
1,20161107,1830,9547,14,7,1,0,0
1,20161111,1830,9565,35,28,1,1,0
1,20161112,1430,9564,15,12,2,0,0
1,20161112,1430,9568,7,31,3,1,0
1,20161112,1430,9570,20,30,2,2,0
2,20161112,1430,9759,38,41,2,1,0
2,20161112,1430,9760,40,39,3,2,0
1,20161113,1430,9563,1,14,0,1,0
1,20161113,1430,9566,23,26,4,3,0
1,20161113,1430,9569,9,17,1,2,0
2,20161113,1430,9761,13,6,0,0,0
2,20161113,1430,9762,24,18,1,3,0
2,20161113,1430,9763,42,21,3,1,0
1,20161114,1830,9567,5,19,3,1,0
1,20161118,1830,9584,17,7,2,0,0
1,20161119,1430,9580,12,35,0,2,0
1,20161119,1430,9582,26,19,0,3,0
1,20161119,1430,9585,30,9,2,0,0
2,20161119,1430,9817,6,38,1,1,0
2,20161119,1430,9818,39,13,1,4,0
2,20161119,1430,9819,18,40,0,0,0
1,20161120,1430,9581,28,23,2,0,0
1,20161120,1430,9583,31,1,0,2,0
1,20161120,1430,9586,20,5,0,1,0
2,20161120,1430,9820,21,24,2,4,0
2,20161120,1430,9821,41,42,2,3,0
1,20161121,1830,9579,14,15,3,2,0
1,20161125,1830,9598,5,26,1,0,0
1,20161126,1430,9596,23,12,1,3,0
1,20161126,1430,9597,19,28,0,0,0
1,20161126,1430,9600,1,17,1,3,0
2,20161126,1430,9827,38,39,0,2,0
2,20161126,1430,9828,40,24,4,3,0
2,20161126,1430,9829,42,6,4,2,0
1,20161127,1430,9599,15,31,2,0,0
1,20161127,1430,9601,7,30,1,1,0
1,20161127,1430,9602,9,20,2,3,0
2,20161127,1430,9830,13,18,2,1,0
2,20161127,1430,9831,41,21,0,0,0
1,20161128,1830,9595,35,14,1,2,0
1,20161202,1830,9615,17,15,9,0,0
1,20161203,1430,9616,30,1,1,1,0
1,20161203,1430,9618,9,5,2,1,0
2,20161203,1430,9837,18,38,1,1,0
2,20161203,1430,9838,21,40,2,1,0
2,20161203,1430,9839,6,41,3,1,0
1,20161204,1430,9612,12,19,1,2,0
1,20161204,1430,9613,28,26,1,1,0
1,20161204,1430,9614,31,35,1,4,0
1,20161204,1430,9617,20,7,3,1,0
2,20161204,1430,9840,24,13,3,1,0
2,20161204,1430,9841,39,42,1,2,0
1,20161205,1830,9611,14,23,3,1,0
1,20161209,1830,9631,35,17,2,2,0
1,20161210,1430,9627,19,14,3,1,0
1,20161210,1430,9632,15,30,2,1,0
1,20161210,1430,9634,7,9,1,2,0
2,20161210,1430,9847,42,18,2,2,0
2,20161210,1430,9848,41,39,1,2,0
2,20161210,1430,9849,6,21,1,0,0
1,20161211,1430,9628,26,12,0,1,0
1,20161211,1430,9630,23,31,1,2,0
1,20161211,1430,9633,1,20,2,2,0
2,20161211,1430,9850,38,24,2,1,0
2,20161211,1430,9851,13,40,4,1,0
1,20161212,1830,9629,5,28,1,1,0
1,20161217,1430,9645,31,19,1,4,0
1,20161217,1430,9646,17,23,7,1,0
1,20161217,1430,9648,20,15,1,2,0
1,20161217,1430,9649,9,1,2,3,0
2,20161217,1430,9893,40,38,2,2,0
2,20161217,1430,9894,21,13,0,1,0
2,20161217,1430,9895,24,42,0,0,0
2,20161217,1430,9896,18,41,10,0,0
1,20161218,1430,9643,14,26,6,1,0
1,20161218,1430,9644,12,28,2,0,0
1,20161218,1430,9647,30,35,0,1,0
1,20161218,1430,9650,7,5,2,2,0
2,20161218,1430,9897,39,6,3,2,0
1,20161223,1830,9664,35,20,2,0,0
1,20161224,1430,9661,26,31,4,0,0
1,20161224,1430,9662,19,17,0,0,0
1,20161224,1430,9663,23,30,0,1,0
1,20161224,1430,9665,15,9,2,2,0
1,20161224,1430,9666,1,7,2,0,0
2,20161224,1430,9903,42,40,3,1,0
2,20161224,1430,9905,6,18,2,3,0
2,20161225,1430,9907,39,21,3,0,0
1,20161230,1430,9675,14,12,2,0,0
1,20161230,1430,9676,31,28,0,4,0
1,20161230,1430,9677,17,26,3,0,0
1,20161230,1430,9678,30,19,3,3,0
1,20161230,1430,9679,20,23,4,0,0
1,20161230,1430,9680,9,35,5,3,0
1,20161230,1430,9681,7,15,0,2,0
1,20161230,1430,9682,1,5,0,4,0
1,20170121,1430,9659,28,14,1,0,0
1,20170121,1430,9660,5,12,1,0,0
2,20170121,1430,9904,41,24,0,4,0
2,20170121,1430,9906,38,13,2,2,0
1,20170127,1830,9913,5,14,2,2,0
1,20170128,1430,9914,7,35,3,1,0
1,20170128,1430,9915,17,28,2,1,0
1,20170128,1430,9916,9,23,1,0,0
1,20170128,1430,9918,31,12,0,0,0
2,20170128,1430,9979,21,38,3,1,0
2,20170128,1430,9980,41,40,2,2,0
1,20170129,1430,9917,1,15,1,0,0
1,20170129,1430,9919,30,26,3,0,0
1,20170129,1430,9920,20,19,1,4,0
2,20170129,1430,9977,6,24,2,0,0
2,20170129,1430,9978,39,18,1,1,0
2,20170129,1430,9981,42,13,5,3,0
1,20170204,1430,9930,26,20,2,0,0
1,20170204,1430,9931,23,7,0,2,0
1,20170204,1430,9932,15,5,1,2,0
2,20170204,1430,9988,18,21,2,1,0
2,20170204,1430,9989,13,41,8,0,0
1,20170205,1430,9933,12,17,0,2,0
1,20170205,1430,9934,19,9,1,0,0
1,20170205,1430,9935,28,30,3,1,0
1,20170205,1430,9936,14,31,2,0,0
2,20170205,1430,9987,24,39,3,0,0
2,20170205,1430,9990,40,6,3,1,0
2,20170205,1430,9991,38,42,1,1,0
1,20170206,1830,9929,35,1,2,2,0
1,20170210,1830,9945,9,26,1,2,0
1,20170211,1500,9947,7,19,1,0,0
1,20170211,1500,9948,30,12,2,0,0
1,20170211,1500,9951,5,31,1,2,0
1,20170211,1500,9952,17,14,4,1,0
2,20170211,1500,9997,39,40,2,6,0
2,20170211,1500,9998,41,38,0,3,0
2,20170211,1500,9999,6,13,0,1,0
1,20170212,1500,9946,1,23,3,0,0
1,20170212,1500,9949,15,35,1,0,0
1,20170212,1500,9950,20,28,1,1,0
2,20170212,1500,10000,18,24,1,2,0
2,20170212,1500,10001,21,42,2,1,0
1,20170218,1500,9961,35,5,2,1,0
1,20170218,1500,9962,31,17,1,1,0
1,20170218,1500,9963,23,15,3,0,0
1,20170218,1500,9964,28,9,2,1,0
2,20170218,1500,10008,24,21,1,1,0
2,20170218,1500,10009,38,6,1,0,0
1,20170219,1500,9965,26,7,3,1,0
1,20170219,1500,9966,19,1,0,2,0
1,20170219,1500,9967,12,20,3,1,0
1,20170219,1500,9968,14,30,1,2,0
2,20170219,1500,10007,40,18,2,0,0
2,20170219,1500,10010,13,39,1,0,0
2,20170219,1500,10011,42,41,4,1,0
1,20170224,1830,10169,9,12,2,5,0
1,20170225,1500,10168,15,19,0,2,0
1,20170225,1500,10170,35,23,2,3,0
1,20170225,1500,10171,30,31,1,0,0
2,20170225,1500,10231,6,42,1,0,0
2,20170225,1500,10232,21,41,6,0,0
1,20170226,1500,10172,20,14,1,3,0
1,20170226,1500,10173,7,28,1,1,0
1,20170226,1500,10174,1,26,1,0,0
2,20170226,1500,10233,18,13,0,0,0
2,20170226,1500,10234,39,38,1,4,0
2,20170226,1500,10235,24,40,3,1,0
1,20170227,1830,10167,5,17,0,1,0
1,20170303,1830,10183,14,9,2,4,0
1,20170304,1500,10184,12,7,0,0,0
1,20170304,1500,10185,28,1,1,3,0
1,20170304,1500,10186,31,20,0,1,0
1,20170305,1500,10187,23,5,1,2,0
1,20170305,1500,10188,17,30,1,1,0
1,20170305,1500,10189,19,35,2,0,0
2,20170305,1500,10241,13,24,1,0,0
2,20170305,1500,10242,40,21,0,1,0
2,20170305,1500,10243,41,6,1,4,0
2,20170305,1500,10244,38,18,1,2,0
2,20170305,1500,10245,42,39,1,6,0
1,20170306,1830,10190,26,15,2,0,0
1,20170311,1500,10199,35,26,3,1,0
1,20170311,1500,10200,5,30,1,2,0
1,20170311,1500,10201,7,14,2,1,0
1,20170311,1500,10202,23,19,2,2,0
1,20170311,1500,10203,1,12,4,2,0
1,20170311,1500,10204,15,28,1,2,0
2,20170311,1500,10251,21,6,3,1,0
2,20170311,1500,10252,40,13,0,3,0
2,20170311,1500,10253,24,38,1,2,0
2,20170311,1500,10254,18,42,3,2,0
2,20170311,1500,10255,39,41,7,1,0
1,20170312,1500,10205,20,17,0,4,0
1,20170312,1500,10206,9,31,4,0,0
1,20170318,1500,10215,31,7,3,1,0
1,20170318,1500,10216,17,9,4,0,0
1,20170318,1500,10217,26,23,3,2,0
1,20170318,1500,10218,12,15,3,0,0
1,20170319,1500,10219,19,5,0,0,0
1,20170319,1500,10220,14,1,0,1,0
1,20170319,1500,10221,30,20,4,1,0
1,20170319,1500,10222,28,35,2,1,0
2,20170319,1500,10261,42,24,2,3,0
2,20170319,1500,10262,13,21,1,1,0
2,20170319,1500,10263,41,18,0,4,0
2,20170319,1500,10264,6,39,3,1,0
2,20170319,1500,10265,38,40,0,1,0
1,20170324,1830,10396,35,12,2,3,0
1,20170324,1830,10397,5,20,3,2,0
1,20170325,1500,10398,15,14,3,0,0
1,20170325,1500,10399,23,28,0,6,0
1,20170325,1500,10400,19,26,1,2,0
1,20170325,1500,10401,9,30,3,1,0
1,20170325,1500,10402,1,31,1,2,0
2,20170325,1500,10428,18,6,1,0,0
2,20170325,1500,10429,13,38,2,0,0
2,20170325,1500,10430,21,39,0,1,0
2,20170325,1500,10431,40,42,2,3,0
2,20170325,1500,10432,24,41,7,0,0
1,20170326,1500,10403,7,17,0,4,0
1,20170401,1500,10412,20,9,1,1,0
1,20170401,1500,10413,31,15,2,2,0
1,20170402,1500,10414,30,7,1,0,0
1,20170402,1500,10415,26,5,0,3,0
1,20170402,1500,10416,17,1,2,1,0
1,20170402,1500,10417,28,19,1,1,0
1,20170402,1500,10418,12,23,2,1,0
1,20170403,1830,10419,14,35,3,1,0
1,20170407,1830,10481,26,28,0,1,0
1,20170408,1600,10482,15,17,0,0,0
1,20170408,1600,10483,23,14,2,2,0
1,20170408,1600,10484,1,30,1,0,0
1,20170409,1600,10485,5,9,5,0,0
1,20170409,1600,10486,19,12,4,1,0
1,20170409,1600,10487,7,20,1,0,0
1,20170409,1600,10488,35,31,3,2,0
1,20170416,1600,10497,9,7,0,1,0
1,20170416,1600,10498,28,5,0,2,0
1,20170416,1600,10499,20,1,2,7,0
1,20170416,1600,10500,14,19,6,2,0
1,20170416,1600,10501,31,23,3,1,0
1,20170416,1600,10502,12,26,4,1,0
1,20170416,1600,10503,30,15,3,1,0
1,20170416,1600,10504,17,35,1,1,0
1,20170422,1600,10546,26,14,0,0,0
1,20170422,1600,10547,35,30,1,3,0
1,20170422,1600,10548,23,17,0,6,0
1,20170422,1600,10549,5,7,2,1,0
1,20170422,1600,10550,1,9,1,1,0
1,20170422,1600,10551,28,12,0,0,0
1,20170422,1600,10552,15,20,4,0,0
1,20170422,1600,10553,19,31,3,0,0
1,20170429,1600,10682,12,5,0,3,0
1,20170429,1600,10683,17,19,3,4,0
1,20170429,1600,10684,31,26,2,6,0
1,20170429,1600,10685,9,15,1,1,0
1,20170429,1600,10686,20,35,0,4,0
1,20170430,1600,10687,7,1,1,1,0
1,20170430,1600,10688,14,28,4,1,0
1,20170430,1600,10689,30,23,6,1,0
1,20170506,1600,10702,26,17,3,6,0
1,20170506,1600,10703,15,7,4,2,0
1,20170506,1600,10704,12,14,2,6,0
1,20170506,1600,10705,5,1,1,1,0
1,20170506,1600,10706,35,9,3,4,0
1,20170506,1600,10707,19,30,2,1,0
1,20170506,1600,10708,23,20,5,3,0
1,20170506,1600,10709,28,31,8,3,0
1,20170922,1900,10859,26,9,0,1,0
1,20170923,1600,10855,1,12,3,2,0
1,20170923,1600,10858,15,24,1,1,0
1,20170923,1600,10861,7,17,2,2,0
2,20170923,1600,11095,25,39,4,1,0
2,20170923,1600,11097,38,2,0,3,0
2,20170923,1600,11099,31,16,1,1,0
2,20170923,1600,11100,37,18,1,0,0
1,20170924,1600,10856,13,5,2,2,0
1,20170924,1600,10857,35,10,3,0,0
1,20170924,1600,10860,30,28,4,3,0
2,20170924,1600,11096,43,23,1,4,0
2,20170924,1600,11098,4,11,1,0,0
2,20170924,1600,11101,21,8,2,2,0
2,20170924,1600,11102,42,20,0,2,0
1,20170925,1900,10862,14,19,1,0,0
1,20170929,1900,10874,9,15,0,0,0
1,20170930,1600,10872,10,13,1,1,0
1,20170930,1600,10873,24,35,0,3,0
1,20170930,1600,10876,17,30,2,2,0
2,20170930,1600,11105,11,38,0,0,0
2,20170930,1600,11106,16,4,1,0,0
2,20170930,1600,11107,18,31,0,1,0
2,20170930,1600,11108,8,37,0,2,0
1,20171001,1600,10875,28,26,0,0,0
1,20171001,1600,10877,19,7,2,1,0
1,20171001,1600,10878,12,14,1,0,0
2,20171001,1600,11103,23,25,2,2,0
2,20171001,1600,11104,2,43,0,0,0
2,20171001,1600,11109,20,21,3,2,0
2,20171001,1600,11110,39,42,1,3,0
1,20171002,1900,10871,5,1,4,2,0
1,20171006,1830,10891,26,17,4,5,0
1,20171007,1530,10892,30,19,0,0,0
1,20171007,1530,10893,7,14,2,2,0
1,20171007,1530,10894,5,12,2,0,0
2,20171007,1530,11112,43,11,4,0,0
2,20171007,1530,11117,21,42,3,1,0
1,20171008,1530,10887,1,10,2,0,0
1,20171008,1530,10888,13,24,0,0,0
1,20171008,1530,10890,15,28,4,2,0
2,20171008,1530,11113,38,16,0,0,0
2,20171008,1530,11114,4,18,1,0,0
2,20171008,1530,11115,31,8,2,0,0
2,20171008,1530,11116,37,20,2,3,0
2,20171008,1530,11118,23,39,2,0,0
1,20171009,1830,10889,35,9,2,4,0
2,20171010,1530,11111,25,2,0,0,0
1,20171013,1830,10906,17,15,4,1,0
1,20171014,1530,10904,9,13,2,2,0
1,20171014,1530,10909,12,7,1,1,0
1,20171014,1530,10910,10,5,1,1,0
2,20171014,1530,11120,16,43,3,0,0
2,20171014,1530,11123,20,31,4,1,0
2,20171014,1530,11124,42,37,5,2,0
2,20171014,1530,11125,39,21,2,3,0
1,20171015,1530,10903,24,1,3,1,0
1,20171015,1530,10905,28,35,5,1,0
1,20171015,1530,10907,19,26,4,1,0
2,20171015,1530,11119,11,25,0,1,0
2,20171015,1530,11121,18,38,1,0,0
2,20171015,1530,11122,8,4,1,0,0
2,20171015,1530,11126,2,23,2,1,0
1,20171016,1830,10908,14,30,0,2,0
1,20171020,1830,10925,5,24,0,1,0
1,20171021,1430,10919,1,9,4,3,0
1,20171021,1430,10923,26,14,5,2,0
1,20171021,1430,10926,10,12,3,1,0
2,20171021,1430,11127,25,16,1,3,0
2,20171021,1430,11129,38,8,1,0,0
2,20171021,1430,11131,31,42,2,4,0
2,20171021,1430,11133,23,11,3,2,0
2,20171021,1430,11134,2,39,2,2,0
1,20171022,1430,10920,13,28,1,1,0
1,20171022,1700,10921,35,17,2,0,0
1,20171022,1430,10922,15,19,5,1,0
1,20171022,1430,10924,30,7,2,2,0
2,20171022,1430,11128,43,18,2,2,0
2,20171022,1430,11130,4,20,0,0,0
2,20171022,1430,11132,37,21,1,4,0
1,20171027,1830,10941,9,5,3,1,0
1,20171028,1430,10935,28,1,2,4,0
1,20171028,1430,10939,7,26,0,5,0
1,20171028,1430,10942,24,10,1,1,0
2,20171028,1430,11135,18,25,1,0,0
2,20171028,1430,11136,8,43,2,1,0
2,20171028,1430,11137,20,38,1,2,0
2,20171028,1430,11141,16,23,2,1,0
1,20171029,1430,10937,19,35,1,4,0
1,20171029,1430,10938,14,15,4,2,0
1,20171029,1430,10940,12,30,1,1,0
2,20171029,1430,11138,42,4,1,1,0
2,20171029,1430,11139,21,31,1,0,0
2,20171029,1430,11140,39,37,2,1,0
2,20171029,1430,11142,11,2,1,2,0
1,20171030,1830,10936,17,13,2,0,0
1,20171103,1800,10956,5,28,3,2,0
1,20171104,1400,10951,1,17,4,2,0
1,20171104,1400,10954,15,7,1,0,0
1,20171104,1400,10958,24,12,0,1,0
2,20171104,1400,11144,43,20,1,0,0
2,20171104,1400,11147,31,37,1,2,0
2,20171104,1400,11149,2,16,1,2,0
2,20171104,1400,11150,11,39,2,1,0
1,20171105,1400,10952,13,19,4,1,0
1,20171105,1400,10953,35,14,2,1,0
1,20171105,1400,10957,10,9,1,3,0
2,20171105,1400,11143,25,8,1,0,0
2,20171105,1400,11145,38,42,0,2,0
2,20171105,1400,11148,23,18,2,0,0
1,20171106,1800,10955,26,30,1,3,0
2,20171108,1400,11146,4,21,0,1,0
1,20171110,1800,10972,17,5,1,2,0
1,20171111,1400,10969,7,35,2,1,0
1,20171111,1400,10971,12,26,0,3,0
2,20171111,1400,11156,8,23,1,0,0
2,20171111,1400,11158,16,11,3,0,0
1,20171112,1400,10967,19,1,1,4,0
1,20171112,1400,10970,30,15,3,2,0
1,20171112,1400,10974,9,24,1,1,0
2,20171112,1400,11151,20,25,0,0,0
2,20171112,1400,11152,42,43,2,0,0
2,20171112,1400,11153,21,38,1,0,0
2,20171112,1400,11154,37,4,3,2,0
2,20171112,1400,11155,39,31,2,2,0
2,20171112,1400,11157,18,2,1,0,0
1,20171113,1800,10968,14,13,1,2,0
1,20171113,1800,10973,28,10,1,2,0
1,20171117,1800,10985,35,30,2,1,0
1,20171118,1400,10983,1,14,0,2,0
1,20171118,1400,10986,15,26,0,7,0
1,20171118,1400,10990,9,12,3,0,0
2,20171118,1400,11160,43,21,0,1,0
2,20171118,1400,11163,23,20,2,0,0
2,20171118,1400,11164,2,8,4,1,0
2,20171118,1400,11165,11,18,0,1,0
2,20171118,1400,11166,16,39,3,1,0
1,20171119,1400,10984,13,7,2,0,0
1,20171119,1400,10988,10,17,0,4,0
1,20171119,1400,10989,24,28,0,1,0
2,20171119,1400,11159,25,42,2,1,0
2,20171119,1400,11161,38,37,0,1,0
2,20171119,1400,11162,4,31,1,1,0
1,20171120,1800,10987,5,19,2,1,0
1,20171124,1800,11001,26,35,2,1,0
1,20171125,1400,10999,7,1,2,1,0
1,20171125,1400,11004,19,10,1,1,0
1,20171125,1400,11005,17,24,1,0,0
2,20171125,1400,11167,21,25,3,3,0
2,20171125,1400,11168,37,43,3,1,0
2,20171125,1400,11170,39,4,0,1,0
1,20171126,1400,11000,30,13,0,0,0
1,20171126,1400,11002,12,15,2,1,0
1,20171126,1400,11006,28,9,3,5,0
2,20171126,1400,11169,31,38,2,0,0
2,20171126,1400,11171,42,23,2,1,0
2,20171126,1400,11172,20,2,4,0,0
2,20171126,1400,11173,8,11,1,1,0
2,20171126,1400,11174,18,16,1,4,0
1,20171127,1800,11003,14,5,1,3,0
1,20171201,1800,11017,35,15,2,1,0
1,20171202,1400,11016,13,26,1,1,0
1,20171202,1400,11019,10,14,0,5,0
1,20171202,1400,11020,24,19,0,0,0
2,20171202,1400,11176,43,31,2,3,0
2,20171202,1400,11177,38,4,0,2,0
2,20171202,1400,11178,23,21,3,1,0
2,20171202,1400,11181,16,8,1,1,0
2,20171202,1400,11182,18,39,3,0,0
1,20171203,1400,11015,1,30,1,1,0
1,20171203,1400,11018,5,7,2,0,0
1,20171203,1400,11022,28,12,3,1,0
2,20171203,1400,11175,25,37,3,2,0
2,20171203,1400,11179,2,42,2,3,0
2,20171203,1400,11180,11,20,1,3,0
1,20171204,1800,11021,9,17,0,0,0
1,20171209,1400,11033,12,35,2,1,0
1,20171209,1400,11034,30,5,4,1,0
1,20171209,1400,11035,7,10,4,1,0
1,20171209,1400,11037,19,9,3,1,0
2,20171209,1400,11183,31,25,2,5,0
2,20171209,1400,11184,4,43,1,0,0
2,20171209,1400,11186,37,23,3,1,0
1,20171210,1400,11031,26,1,0,1,0
1,20171210,1400,11032,15,13,4,0,0
1,20171210,1400,11036,14,24,2,0,0
1,20171210,1400,11038,17,28,4,1,0
2,20171210,1400,11185,39,38,2,1,0
2,20171210,1400,11187,21,2,1,2,0
2,20171210,1400,11188,42,11,1,2,0
2,20171210,1400,11190,8,18,1,1,0
2,20171211,1830,11189,20,16,1,0,0
1,20171215,1800,11054,17,12,4,1,0
1,20171216,1400,11047,1,15,2,1,0
1,20171216,1400,11048,13,35,0,1,0
1,20171216,1400,11050,10,30,1,3,0
1,20171216,1400,11053,28,19,1,1,0
2,20171216,1400,11191,25,4,2,0,0
2,20171216,1400,11192,43,38,2,0,0
2,20171216,1400,11193,23,31,1,3,0
2,20171216,1400,11195,11,21,2,1,0
2,20171216,1400,11198,8,39,1,2,0
1,20171217,1400,11049,5,26,1,1,0
1,20171217,1400,11051,24,7,0,4,0
2,20171217,1400,11194,2,37,2,2,0
2,20171217,1400,11196,16,42,0,0,0
2,20171217,1400,11197,18,20,2,0,0
1,20171218,1800,11052,9,14,2,1,0
1,20171222,1800,11063,35,1,3,1,0
1,20171222,1800,11065,15,5,1,2,0
1,20171223,1400,11067,30,24,0,1,0
1,20171223,1400,11069,14,28,0,1,0
1,20171223,1400,11070,19,17,1,2,0
2,20171223,1400,11199,38,25,0,3,0
2,20171223,1400,11204,21,16,1,0,0
2,20171223,1400,11205,42,18,0,0,0
2,20171223,1400,11206,20,8,7,2,0
1,20171224,1400,11064,12,13,1,0,0
1,20171224,1400,11066,26,10,1,1,0
1,20171224,1400,11068,7,9,2,2,0
2,20171224,1400,11200,39,43,3,2,0
2,20171224,1400,11201,4,23,3,0,0
2,20171224,1400,11202,31,2,3,1,0
2,20171224,1400,11203,37,11,2,0,0
1,20171228,1800,11085,17,14,4,0,0
1,20171229,1800,11080,5,35,1,1,0
1,20171229,1800,11082,24,26,2,2,0
1,20171229,1800,11083,9,30,3,1,0
1,20171230,1400,11079,1,13,0,1,0
1,20171230,1400,11081,10,15,0,1,0
1,20171230,1400,11084,28,7,2,3,0
1,20171230,1400,11086,19,12,5,0,0
2,20171230,1400,11207,25,43,0,0,0
2,20171230,1400,11208,23,38,1,0,0
2,20171230,1400,11209,2,4,0,1,0
2,20171230,1400,11210,11,31,3,0,0
2,20171230,1400,11211,16,37,2,1,0
2,20171230,1400,11213,8,42,2,3,0
2,20171230,1400,11214,20,39,3,3,0
2,20180106,1400,11212,18,21,3,2,0
1,20180126,1800,11554,17,7,2,1,0
1,20180127,1430,11555,19,14,2,1,0
1,20180127,1430,11557,10,35,0,4,0
1,20180127,1430,11559,5,13,0,2,0
2,20180127,1430,11602,39,25,1,3,0
2,20180127,1430,11603,18,37,1,1,0
2,20180127,1430,11604,11,4,1,1,0
2,20180127,1430,11605,2,38,2,2,0
2,20180127,1430,11606,23,43,2,1,0
1,20180128,1430,11556,12,1,2,1,0
1,20180128,1430,11558,24,15,0,2,0
1,20180128,1430,11560,28,30,2,1,0
2,20180128,1430,11607,8,21,0,5,0
2,20180128,1430,11608,16,31,1,0,0
2,20180128,1430,11609,20,42,1,1,0
1,20180129,1800,11561,9,26,1,1,0
1,20180203,1430,11571,1,5,1,3,0
1,20180203,1430,11572,15,9,0,1,0
1,20180203,1430,11573,13,10,2,1,0
1,20180203,1430,11574,14,12,1,0,0
2,20180203,1430,11610,4,16,3,4,0
2,20180203,1430,11611,25,23,1,0,0
2,20180203,1430,11612,31,18,1,2,0
2,20180203,1430,11613,42,39,5,1,0
2,20180203,1430,11616,38,11,1,1,0
1,20180204,1430,11570,30,17,1,2,0
1,20180204,1430,11575,35,24,2,1,0
1,20180204,1430,11576,7,19,1,2,0
1,20180204,1430,11577,26,28,1,1,0
2,20180204,1430,11614,43,2,1,2,0
2,20180204,1430,11615,21,20,2,1,0
2,20180204,1430,11617,37,8,1,1,0
1,20180210,1430,11586,12,5,1,3,0
1,20180210,1430,11587,24,13,1,2,0
1,20180210,1430,11588,19,30,3,3,0
1,20180210,1430,11589,28,15,2,2,0
2,20180210,1430,11618,2,25,1,1,0
2,20180210,1430,11619,20,37,0,2,0
2,20180210,1430,11620,18,4,3,1,0
2,20180210,1430,11621,8,31,0,0,0
1,20180211,1430,11590,14,7,2,0,0
1,20180211,1430,11591,10,1,0,1,0
1,20180211,1430,11592,17,26,0,0,0
2,20180211,1430,11622,42,21,2,1,0
2,20180211,1430,11623,39,23,4,4,0
2,20180211,1430,11624,16,38,2,2,0
2,20180211,1430,11625,11,43,1,0,0
1,20180212,1815,11593,9,35,2,3,0
1,20180216,1815,11740,15,17,1,2,0
1,20180217,1500,11742,1,24,3,1,0
1,20180217,1500,11743,26,19,1,4,0
1,20180217,1500,11744,7,12,4,0,0
1,20180217,1500,11746,5,10,6,1,0
2,20180217,1500,11804,43,16,0,1,0
2,20180217,1500,11805,31,20,1,3,0
2,20180217,1500,11810,25,11,2,0,0
1,20180218,1500,11741,30,14,0,3,0
1,20180218,1500,11745,13,9,2,2,0
1,20180218,1500,11747,35,28,2,1,0
2,20180218,1500,11806,21,39,0,1,0
2,20180218,1500,11807,37,42,1,1,0
2,20180218,1500,11808,23,2,3,1,0
2,20180218,1500,11809,38,18,3,1,0
2,20180218,1500,11811,4,8,0,1,0
1,20180223,1800,11757,24,5,1,7,0
1,20180224,1500,11756,9,1,1,4,0
1,20180224,1500,11758,12,10,4,2,0
1,20180224,1500,11759,28,13,1,1,0
2,20180224,1500,11812,39,2,3,1,0
2,20180224,1500,11813,20,4,3,0,0
2,20180224,1500,11815,8,38,3,0,0
2,20180224,1500,11816,42,31,1,2,0
1,20180225,1500,11760,14,26,0,1,0
1,20180225,1500,11761,7,30,3,0,0
1,20180225,1500,11762,19,15,0,2,0
2,20180225,1500,11817,16,25,1,4,0
2,20180225,1500,11818,21,37,4,1,0
2,20180225,1500,11819,18,43,0,0,0
1,20180226,1815,11763,17,35,4,0,0
2,20180228,1500,11814,11,23,0,3,0
1,20180302,1815,11772,26,7,4,1,0
1,20180303,1500,11773,15,14,5,1,0
1,20180303,1500,11774,30,12,3,2,0
1,20180303,1500,11775,1,28,3,0,0
2,20180303,1500,11820,25,18,2,0,0
2,20180303,1500,11821,38,20,1,0,0
2,20180303,1500,11822,2,11,4,2,0
2,20180303,1500,11823,4,42,4,2,0
1,20180304,1500,11776,13,17,2,3,0
1,20180304,1500,11777,10,24,0,1,0
1,20180304,1500,11778,35,19,2,2,0
2,20180304,1500,11824,23,16,5,3,0
2,20180304,1500,11825,31,21,2,1,0
2,20180304,1500,11826,37,39,4,0,0
2,20180304,1800,11827,43,8,4,0,0
1,20180305,1815,11779,5,9,0,2,0
1,20180310,1500,11789,12,24,4,0,0
1,20180310,1500,11790,19,13,0,2,0
1,20180310,1500,11791,7,15,2,1,0
2,20180310,1500,11828,8,25,0,3,0
2,20180310,1500,11829,16,2,3,2,0
2,20180310,1500,11830,39,11,3,2,0
2,20180310,1500,11831,37,31,2,0,0
1,20180311,1500,11788,17,1,6,1,0
1,20180311,1500,11792,28,5,0,1,0
1,20180311,1500,11793,9,10,0,2,0
1,20180311,1500,11794,30,26,0,2,0
2,20180311,1500,11832,21,4,2,1,0
2,20180311,1500,11833,18,23,2,3,0
2,20180311,1500,11834,42,38,1,1,0
2,20180311,1500,11835,20,43,1,2,0
1,20180312,1815,11795,14,35,1,0,0
1,20180317,1500,11957,1,19,0,2,0
1,20180317,1500,11958,26,12,1,2,0
1,20180317,1500,11959,35,7,1,1,0
1,20180317,1500,11960,5,17,0,0,0
2,20180317,1500,12006,25,20,2,1,0
2,20180317,1500,12007,31,39,2,2,0
2,20180317,1500,12008,43,42,0,0,0
1,20180318,1500,11962,24,9,2,5,0
1,20180318,1500,11963,10,28,3,0,0
1,20180318,1500,11964,15,30,4,0,0
2,20180318,1500,12005,11,16,1,0,0
2,20180318,1500,12009,38,21,1,0,0
2,20180318,1500,12010,4,37,2,4,0
2,20180318,1500,12011,2,18,4,1,0
2,20180318,1500,12012,23,8,3,1,0
1,20180319,1815,11961,13,14,2,1,0
1,20180324,1500,11973,28,24,2,2,0
1,20180324,1500,11974,12,9,1,3,0
1,20180324,1500,11975,30,35,1,3,0
2,20180324,1500,12013,42,25,4,1,0
2,20180324,1500,12014,8,2,2,1,0
2,20180324,1500,12015,20,23,4,0,0
2,20180324,1500,12016,37,38,3,3,0
2,20180324,1500,12017,18,11,0,1,0
1,20180325,1500,11976,19,5,1,2,0
1,20180325,1500,11977,14,1,1,1,0
1,20180325,1500,11978,17,10,1,1,0
1,20180325,1500,11979,7,13,1,2,0
2,20180325,1500,12018,39,16,2,3,0
2,20180325,1500,12019,31,4,2,2,0
2,20180325,1500,12020,21,43,4,5,0
1,20180326,1800,11980,26,15,3,4,0
1,20180330,1900,11989,5,14,1,4,0
1,20180331,1600,11990,24,17,0,0,0
1,20180331,1600,11991,1,7,2,4,0
1,20180331,1600,11992,10,19,0,3,0
1,20180331,1600,11995,13,30,4,1,0
2,20180331,1600,12021,25,21,0,4,0
2,20180331,1600,12022,43,37,3,0,0
2,20180331,1600,12023,16,18,2,1,0
2,20180331,1600,12024,2,20,1,2,0
2,20180331,1600,12025,4,39,1,1,0
1,20180401,1600,11993,15,12,5,0,0
1,20180401,1600,11994,35,26,2,1,0
2,20180401,1600,12026,38,31,0,0,0
2,20180401,1600,12027,11,8,1,1,0
2,20180401,1600,12028,23,42,1,0,0
1,20180402,1900,11996,9,28,3,0,0
2,20180406,1900,12193,21,23,1,3,0
1,20180407,1600,12185,14,10,5,2,0
1,20180407,1600,12186,12,28,5,4,0
1,20180407,1600,12187,26,13,3,2,0
1,20180407,1600,12188,15,35,1,1,0
2,20180407,1600,12189,20,11,3,2,0
2,20180407,1600,12190,8,16,0,4,0
1,20180408,1600,12181,7,5,0,2,0
1,20180408,1600,12182,19,24,4,1,0
1,20180408,1600,12183,30,1,4,8,0
2,20180408,1600,12192,42,2,4,2,0
2,20180408,1600,12194,39,18,2,5,0
2,20180408,1600,12195,4,38,3,3,0
2,20180408,1600,12196,31,43,1,2,0
1,20180409,1900,12184,17,9,1,0,0
1,20180414,1600,12213,10,7,1,1,0
1,20180414,1600,12214,24,14,2,1,0
1,20180414,1600,12215,35,12,3,1,0
1,20180414,1600,12216,5,30,2,1,0
1,20180414,1600,12217,28,17,1,3,0
1,20180414,1600,12218,9,19,4,0,0
1,20180414,1600,12219,1,26,1,2,0
1,20180414,1600,12220,13,15,1,1,0
2,20180414,1600,12245,23,37,0,1,0
2,20180414,1600,12247,25,31,1,1,0
2,20180415,1600,12246,16,20,1,0,0
2,20180415,1600,12248,2,21,0,0,0
2,20180415,1600,12249,43,4,2,1,0
2,20180415,1600,12250,38,39,1,2,0
2,20180415,1600,12251,18,8,3,1,0
2,20180415,1600,12252,11,42,1,0,0
2,20180418,1900,12191,37,25,3,0,0
1,20180421,1600,12229,12,17,0,1,0
1,20180421,1600,12230,26,5,2,1,0
1,20180421,1600,12231,7,24,4,0,0
1,20180421,1600,12232,15,1,2,1,0
1,20180421,1600,12233,14,9,1,0,0
1,20180421,1600,12234,30,10,2,1,0
1,20180421,1600,12235,19,28,3,0,0
2,20180422,1600,12253,42,16,1,3,0
2,20180422,1600,12254,4,25,3,1,0
2,20180422,1600,12255,37,2,4,0,0
2,20180422,1600,12256,31,23,2,0,0
2,20180422,1600,12257,20,18,5,1,0
2,20180422,1600,12258,21,11,4,0,0
2,20180422,1600,12259,39,8,6,2,0
2,20180422,1600,12260,38,43,4,3,0
1,20180423,1900,12236,35,13,0,0,0
1,20180428,1730,12366,9,7,1,1,0
1,20180428,1600,12367,28,14,2,0,0
1,20180428,1730,12368,17,19,0,2,0
1,20180428,1600,12369,13,12,1,1,0
1,20180428,1600,12370,10,26,1,7,0
1,20180428,1600,12371,24,30,1,4,0
1,20180428,1600,12372,5,15,3,2,0
2,20180428,1600,12382,16,21,2,1,0
1,20180429,1600,12373,1,35,2,2,0
2,20180429,1600,12383,11,37,2,1,0
2,20180429,1600,12384,23,4,1,2,0
2,20180429,1600,12385,8,20,2,4,0
2,20180429,1600,12386,25,38,1,0,0
2,20180429,1600,12387,43,39,1,2,0
2,20180429,1600,12388,2,31,2,3,0
2,20180429,1600,12389,18,42,3,3,0
1,20180504,1900,12394,35,5,3,3,0
1,20180505,1630,12395,14,17,3,1,0
1,20180505,1630,12396,26,24,1,1,0
1,20180505,1630,12397,13,1,5,2,0
1,20180505,1630,12398,15,10,7,1,0
1,20180505,1630,12399,12,19,3,3,0
1,20180505,1630,12400,7,28,5,1,0
1,20180505,1630,12401,30,9,4,0,0
2,20180506,1630,12410,37,16,2,1,0
2,20180506,1630,12411,43,25,5,0,0
2,20180506,1630,12412,4,2,1,3,0
2,20180506,1630,12413,38,23,1,2,0
2,20180506,1630,12414,21,18,3,2,0
2,20180506,1630,12415,39,20,3,2,0
2,20180506,1630,12416,31,11,0,2,0
2,20180506,1630,12417,42,8,3,0,1
1,20180920,2000,12543,14,5,2,0,0
1,20180921,2000,12544,0,26,1,0,0
1,20180922,1630,12540,30,12,1,1,0
1,20180922,1630,12546,1,19,2,2,0
2,20180922,1630,12659,31,43,2,3,0
2,20180922,1630,12662,23,28,1,0,0
2,20180922,1630,12665,6,18,2,3,0
2,20180922,1630,12666,11,39,0,2,0
1,20180923,1630,12539,25,15,1,1,0
1,20180923,1630,12541,16,37,2,1,0
1,20180923,1900,12545,13,7,0,5,0
2,20180923,1630,12660,42,44,0,3,0
2,20180923,1630,12661,21,36,2,2,0
2,20180923,1630,12663,4,10,0,3,0
2,20180923,1630,12664,24,40,0,0,0
1,20180924,1845,12542,9,17,0,1,0
1,20180928,1900,12552,7,0,1,1,0
1,20180929,1630,12547,12,25,4,0,0
1,20180929,1630,12548,37,30,5,0,0
1,20180929,1630,12551,26,14,4,2,0
2,20180929,1630,12667,44,31,4,0,0
2,20180929,1630,12669,28,21,3,0,0
2,20180929,1630,12671,40,4,2,3,0
2,20180929,1630,12672,18,24,0,1,0
2,20180929,1630,12674,43,11,1,5,0
1,20180930,1630,12549,17,16,3,1,0
1,20180930,1630,12553,19,13,1,4,0
1,20180930,1630,12554,15,1,4,1,0
2,20180930,1630,12668,36,42,5,1,0
2,20180930,1630,12670,10,23,3,3,0
2,20180930,1630,12673,39,6,1,2,0
1,20181001,1900,12550,5,9,1,2,0
1,20181005,1900,12559,14,7,1,2,0
1,20181006,1530,12555,25,37,2,1,0
1,20181006,1530,12556,30,17,1,2,0
1,20181006,1530,12560,0,19,0,2,0
2,20181006,1530,12677,21,10,7,0,0
2,20181006,1530,12678,23,40,3,1,0
2,20181006,1530,12681,6,11,2,0,0
2,20181006,1530,12682,44,43,7,2,0
1,20181007,1530,12557,16,5,4,1,0
1,20181007,1530,12561,13,1,0,0,0
1,20181007,1530,12562,12,15,1,1,0
2,20181007,1530,12675,31,36,1,2,0
2,20181007,1530,12676,42,28,1,3,0
2,20181007,1530,12679,4,18,1,2,0
2,20181007,1530,12680,24,39,1,4,0
1,20181008,1900,12558,9,26,1,4,0
1,20181012,1900,12569,15,13,3,3,0
1,20181013,1530,12564,5,30,5,2,0
1,20181013,1530,12566,7,9,4,1,0
1,20181013,1530,12568,1,0,1,1,0
2,20181013,1530,12683,28,31,4,1,0
2,20181013,1530,12686,18,23,2,1,0
2,20181013,1530,12687,39,4,5,0,0
2,20181013,1530,12690,36,44,1,0,0
1,20181014,1530,12563,17,25,3,1,0
1,20181014,1530,12565,26,16,3,1,0
1,20181014,1530,12567,19,14,3,2,0
1,20181014,1530,12570,37,12,1,3,0
2,20181014,1530,12684,10,42,2,2,0
2,20181014,1530,12685,40,21,2,6,0
2,20181014,1530,12688,11,24,1,4,0
2,20181014,1530,12689,43,6,1,0,0
1,20181019,1900,12576,0,13,1,0,0
1,20181020,1530,12572,30,26,0,0,0
1,20181020,1530,12573,16,7,5,1,0
1,20181020,1530,12578,37,15,3,0,0
2,20181020,1530,12693,21,18,3,1,0
2,20181020,1530,12694,23,39,0,4,0
2,20181020,1530,12695,4,11,4,0,0
2,20181020,1530,12697,44,28,1,1,0
1,20181021,1530,12571,25,5,0,5,0
1,20181021,1530,12574,9,19,0,2,0
1,20181021,1530,12575,14,1,6,0,0
2,20181021,1530,12691,31,10,0,3,0
2,20181021,1530,12692,42,40,0,1,0
2,20181021,1530,12696,24,6,1,2,0
2,20181021,1530,12698,36,43,1,0,0
1,20181023,1530,12577,12,17,2,6,0
1,20181026,1800,12584,15,0,5,2,0
1,20181027,1430,12581,19,16,1,2,0
1,20181027,1430,12585,5,12,4,1,0
1,20181027,1430,12586,17,37,3,1,0
2,20181027,1430,12699,40,31,2,0,0
2,20181027,1430,12700,18,42,3,0,0
2,20181027,1430,12701,39,21,2,3,0
2,20181027,1430,12705,10,44,2,1,0
2,20181027,1430,12706,28,36,1,0,0
1,20181028,1430,12579,26,25,3,2,0
1,20181028,1430,12582,1,9,2,2,0
1,20181028,1430,12583,13,14,1,3,0
2,20181028,1430,12702,11,23,2,0,0
2,20181028,1430,12703,6,4,2,0,0
2,20181028,1430,12704,43,24,1,0,0
1,20181029,1800,12580,7,30,4,1,0
1,20181103,1430,12589,16,1,1,1,0
1,20181103,1430,12590,9,13,2,0,0
1,20181103,1430,12591,14,0,1,1,0
2,20181103,1430,12708,42,39,2,6,0
2,20181103,1430,12710,23,6,3,2,0
2,20181103,1430,12711,4,24,1,2,0
2,20181103,1430,12713,36,10,2,2,0
2,20181103,1430,12714,28,43,1,1,0
1,20181104,1430,12587,25,7,0,1,0
1,20181104,1430,12588,30,19,2,2,0
1,20181104,1430,12592,12,26,2,2,0
1,20181104,1430,12594,17,15,5,0,0
2,20181104,1430,12707,31,18,0,1,0
2,20181104,1430,12709,21,11,3,0,0
2,20181104,1430,12712,44,40,2,3,0
1,20181105,1800,12593,37,5,1,3,0
1,20181110,1430,12595,19,25,2,1,0
1,20181110,1430,12598,0,9,0,3,0
1,20181110,1430,12599,15,14,0,2,0
1,20181110,1430,12600,7,12,4,3,0
2,20181110,1430,12717,6,21,4,1,0
2,20181110,1430,12718,24,23,0,4,0
2,20181110,1430,12721,40,36,1,1,0
1,20181111,1430,12596,1,30,1,0,0
1,20181111,1430,12597,13,16,4,1,0
1,20181111,1430,12601,26,37,5,0,0
2,20181111,1430,12715,39,31,4,1,0
2,20181111,1430,12716,11,42,2,1,0
2,20181111,1430,12719,43,4,0,0,0
2,20181111,1430,12720,18,44,3,0,0
2,20181111,1430,12722,10,28,3,0,0
1,20181112,1800,12602,5,17,0,1,0
1,20181116,1800,13113,9,14,0,3,0
1,20181117,1400,12603,25,1,0,1,0
1,20181117,1400,12607,12,19,2,3,0
1,20181117,1400,12608,37,7,0,2,0
1,20181117,1400,12609,17,26,1,1,0
2,20181117,1400,12724,42,6,1,0,0
2,20181117,1400,12726,23,4,1,2,0
2,20181117,1400,12728,36,18,0,1,0
2,20181117,1400,12729,28,40,1,1,0
2,20181117,1400,12730,10,43,0,1,0
1,20181118,1400,12604,30,13,2,3,0
1,20181118,1400,12605,16,0,0,1,0
1,20181118,1400,12610,5,15,2,1,0
2,20181118,1400,12723,31,11,1,3,0
2,20181118,1400,12725,21,24,1,1,0
2,20181118,1400,12727,44,39,2,2,0
1,20181123,1800,12617,7,17,3,0,0
1,20181124,1400,12611,13,25,2,1,0
1,20181124,1400,12615,1,12,1,1,0
1,20181124,1400,12618,26,5,0,1,0
2,20181124,1400,12731,6,31,3,1,0
2,20181124,1400,12732,24,42,1,4,0
2,20181124,1400,12734,43,23,3,0,0
2,20181124,1400,12736,39,36,2,2,0
2,20181124,1400,12737,18,28,2,4,0
2,20181124,1400,12738,40,10,1,4,0
1,20181125,1400,12612,0,30,3,0,0
1,20181125,1400,12613,14,16,0,3,0
1,20181125,1400,12616,19,37,2,1,0
2,20181125,1400,12733,4,21,2,3,0
2,20181125,1400,12735,11,44,2,1,0
1,20181126,1800,12614,15,9,2,1,0
1,20181130,1830,12625,5,7,0,1,0
1,20181201,1400,12619,25,0,1,0,0
1,20181201,1400,12621,16,9,3,1,0
1,20181201,1400,12626,26,15,0,2,0
2,20181201,1400,12739,31,24,1,5,0
2,20181201,1400,12740,42,4,2,6,0
2,20181201,1400,12743,36,11,4,2,0
2,20181201,1400,12744,28,39,1,0,0
2,20181201,1400,12746,40,43,4,0,0
1,20181202,1400,12620,30,14,1,1,0
1,20181202,1400,12622,12,13,0,2,0
1,20181202,1400,12623,37,1,1,1,0
2,20181202,1400,12741,21,23,4,1,0
2,20181202,1400,12742,44,6,0,2,0
2,20181202,1400,12745,10,18,0,2,0
1,20181203,1830,12624,17,19,2,2,0
2,20181208,1400,12753,39,10,3,0,0
1,20181209,1400,12628,9,30,1,2,0
1,20181209,1830,12629,15,16,2,0,0
1,20181209,1400,12630,0,12,5,2,0
1,20181209,1400,12631,13,37,2,1,0
1,20181209,1400,12632,1,17,1,4,0
1,20181209,1400,12633,19,5,0,2,0
1,20181209,1400,12634,7,26,1,0,0
2,20181209,1400,12747,4,31,3,0,0
2,20181209,1400,12748,23,42,4,0,0
2,20181209,1400,12749,43,21,0,2,0
2,20181209,1400,12750,24,44,0,1,0
2,20181209,1400,12751,6,36,2,1,0
2,20181209,1400,12752,11,28,0,1,0
2,20181209,1400,12754,18,40,1,1,0
1,20181210,1830,12627,14,25,1,0,0
1,20181214,1830,12642,7,15,1,1,0
1,20181215,1400,12636,30,16,0,0,0
1,20181215,1400,12638,37,0,1,2,0
1,20181215,1400,12639,17,13,6,2,0
2,20181215,1400,12755,31,23,4,2,0
2,20181215,1400,12756,42,21,3,1,0
2,20181215,1400,12758,36,24,2,2,0
2,20181215,1400,12760,10,11,3,0,0
1,20181216,1400,12635,25,9,1,2,0
1,20181216,1400,12637,12,14,3,1,0
1,20181216,1400,12640,5,1,2,0,0
2,20181216,1400,12757,44,4,3,0,0
2,20181216,1400,12759,28,6,0,0,0
2,20181216,1400,12761,40,39,2,3,0
2,20181216,1400,12762,18,43,2,1,0
1,20181217,1830,12641,26,19,3,0,0
1,20181221,1830,12647,0,17,2,1,0
1,20181222,1400,12645,9,12,1,3,0
1,20181222,1400,12646,14,37,4,0,0
1,20181222,1400,12649,1,26,2,3,0
2,20181222,1400,12764,43,42,0,1,0
2,20181222,1400,12767,24,28,1,0,0
2,20181222,1400,12769,11,40,1,3,0
2,20181222,1400,12770,39,18,4,1,0
1,20181223,1400,12643,16,25,1,0,0
1,20181223,1400,12644,15,30,2,0,0
1,20181223,1400,12648,13,5,0,2,0
1,20181223,1400,12650,19,7,4,3,0
2,20181223,1400,12763,21,31,1,1,0
2,20181223,1400,12765,23,44,1,2,0
2,20181223,1400,12766,4,36,4,1,0
2,20181223,1400,12768,6,10,0,1,0
1,20181227,1830,12654,17,14,0,0,0
1,20181228,1830,12655,5,0,2,1,0
1,20181228,1830,12656,26,13,0,1,0
1,20181229,1400,12651,25,30,2,3,0
1,20181229,1400,12652,12,16,1,2,0
1,20181229,1400,12653,37,9,1,1,0
1,20181229,1400,12657,7,1,6,1,0
1,20181229,1400,12658,19,15,2,0,0
2,20181229,1400,12771,31,42,3,2,0
2,20181229,1400,12772,44,21,2,3,0
2,20181229,1400,12773,36,23,1,0,0
2,20181229,1400,12774,28,4,1,0,0
2,20181229,1400,12775,10,24,1,0,0
2,20181229,1400,12776,40,6,2,0,0
2,20181229,1400,12777,18,11,9,0,0
2,20181229,1400,12778,39,43,1,1,0
1,20190201,1830,13200,26,0,1,1,0
1,20190202,1400,13199,15,25,4,0,0
1,20190202,1400,13201,19,1,5,1,0
1,20190202,1400,13202,17,9,4,3,0
2,20190202,1400,13333,40,24,4,3,0
2,20190202,1400,13334,36,21,4,0,0
2,20190202,1400,13336,10,4,2,1,0
2,20190202,1400,13340,44,42,1,0,0
1,20190203,1400,13198,37,16,0,1,0
1,20190203,1400,13203,7,13,2,1,0
1,20190203,1400,13204,12,30,6,2,0
2,20190203,1400,13335,18,6,3,2,0
2,20190203,1400,13337,28,23,3,2,0
2,20190203,1400,13338,39,11,3,3,0
2,20190203,1400,13339,43,31,4,2,0
1,20190204,1830,13197,5,14,3,0,0
1,20190209,1400,13205,16,17,1,2,0
1,20190209,1400,13208,30,37,1,0,0
1,20190209,1400,13209,13,19,4,2,0
1,20190209,1400,13210,25,12,4,1,0
1,20190209,1400,13212,1,15,1,2,0
2,20190209,1400,13344,6,39,1,1,0
2,20190209,1400,13345,42,36,3,1,0
2,20190209,1400,13346,11,43,2,1,0
2,20190209,1400,13347,4,40,1,1,0
1,20190210,1400,13206,0,7,2,1,0
1,20190210,1400,13207,9,5,1,4,0
1,20190210,1400,13211,14,26,4,1,0
2,20190210,1400,13341,23,10,1,4,0
2,20190210,1400,13342,21,28,2,2,0
2,20190210,1400,13343,24,18,0,2,0
2,20190210,1400,13348,31,44,2,2,0
1,20190216,1400,13216,37,25,5,1,0
1,20190216,1400,13218,15,12,3,0,0
1,20190216,1400,13219,1,13,2,4,0
2,20190216,1400,13349,39,24,2,0,0
2,20190216,1400,13352,18,4,3,1,0
2,20190216,1400,13354,36,31,1,1,0
2,20190216,1400,13355,28,42,1,0,0
1,20190217,1400,13213,7,14,2,1,0
1,20190217,1400,13214,5,16,2,1,0
1,20190217,1400,13215,19,0,2,1,0
1,20190217,1400,13220,17,30,7,1,0
2,20190217,1400,13350,10,21,3,1,0
2,20190217,1400,13351,11,6,0,1,0
2,20190217,1400,13353,40,23,2,2,0
2,20190217,1400,13356,43,44,4,4,0
1,20190218,1830,13217,26,9,3,3,0
1,20190223,1430,13221,25,17,0,1,0
1,20190223,1430,13222,9,7,0,7,0
1,20190223,1430,13223,30,5,0,1,0
1,20190223,1430,13224,0,1,4,1,0
2,20190223,1430,13357,42,10,1,1,0
2,20190223,1430,13359,23,18,0,2,0
2,20190223,1430,13362,44,36,1,1,0
2,20190223,1430,13363,6,43,3,1,0
1,20190224,1430,13225,12,37,3,1,0
1,20190224,1430,13227,16,26,4,1,0
1,20190224,1430,13228,13,15,1,0,0
2,20190224,1430,13358,31,28,1,0,0
2,20190224,1430,13360,24,11,0,2,0
2,20190224,1430,13361,4,39,2,0,0
2,20190224,1430,13364,21,40,2,1,0
1,20190227,1430,13226,14,19,1,0,0
1,20190301,1830,13235,17,12,4,1,0
1,20190302,1430,13230,7,16,3,0,0
1,20190302,1430,13231,5,25,2,3,0
1,20190302,1430,13234,19,9,2,3,0
1,20190302,1430,13236,26,30,3,3,0
2,20190302,1430,13367,11,4,1,5,0
2,20190302,1430,13369,10,31,1,0,0
2,20190302,1430,13370,40,42,1,3,0
2,20190302,1430,13372,28,44,1,1,0
1,20190303,1430,13229,1,14,2,1,0
1,20190303,1430,13232,13,0,1,1,0
1,20190303,1430,13233,15,37,4,2,0
2,20190303,1430,13365,6,24,5,0,0
2,20190303,1430,13366,18,21,0,4,0
2,20190303,1430,13368,39,23,1,1,0
2,20190303,1430,13371,43,36,3,1,0
1,20190308,1830,13244,0,15,1,0,0
1,20190309,1430,13241,16,19,2,2,0
1,20190309,1430,13243,14,13,1,1,0
2,20190309,1430,13376,42,18,0,1,0
2,20190309,1430,13378,21,39,0,0,0
2,20190309,1430,13379,24,43,3,1,0
2,20190309,1430,13380,31,40,3,2,0
1,20190310,1430,13238,30,7,0,2,0
1,20190310,1430,13239,12,5,2,0,0
1,20190310,1430,13240,9,1,1,3,0
1,20190310,1430,13242,25,26,2,0,0
2,20190310,1430,13373,4,6,0,1,0
2,20190310,1430,13374,44,10,0,0,0
2,20190310,1430,13375,36,28,0,0,0
2,20190310,1430,13377,23,11,1,1,0
1,20190311,1830,13237,37,17,1,6,0
1,20190316,1430,13246,0,14,4,0,0
1,20190316,1430,13248,7,25,3,0,0
1,20190316,1430,13251,26,12,3,5,0
1,20190316,1430,13252,19,30,2,1,0
2,20190316,1430,13381,11,21,0,3,0
2,20190316,1430,13382,24,4,0,0,0
2,20190316,1430,13383,43,28,1,1,0
2,20190316,1430,13384,6,23,4,1,0
1,20190317,1430,13245,15,17,0,3,0
1,20190317,1430,13247,1,16,1,0,0
1,20190317,1430,13249,5,37,2,0,0
1,20190317,1430,13250,13,9,3,1,0
2,20190317,1430,13385,18,31,2,0,0
2,20190317,1430,13386,39,42,0,0,0
2,20190317,1430,13387,10,36,3,3,0
2,20190317,1430,13388,40,44,4,3,0
1,20190322,1830,13259,16,13,0,2,0
1,20190323,1430,13255,9,0,1,0,0
1,20190323,1430,13256,30,1,2,2,0
1,20190323,1430,13257,25,19,2,0,0
1,20190323,1430,13258,37,26,1,3,0
2,20190323,1430,13389,23,24,1,0,0
2,20190323,1430,13391,28,10,0,0,0
2,20190323,1430,13392,44,18,1,1,0
2,20190323,1430,13394,31,39,1,5,0
2,20190323,1430,13396,36,40,0,3,0
1,20190324,1430,13253,12,7,2,4,0
1,20190324,1430,13254,17,5,6,2,0
1,20190324,1430,13260,14,15,1,3,0
2,20190324,1430,13390,21,6,1,2,0
2,20190324,1430,13393,42,11,4,1,0
2,20190324,1430,13395,4,43,1,0,0
1,20190330,1430,13262,0,16,4,2,0
1,20190330,1430,13263,1,25,2,3,0
1,20190330,1430,13268,13,30,3,0,0
2,20190330,1430,13397,24,21,0,2,0
2,20190330,1430,13399,40,28,4,1,0
2,20190330,1430,13400,4,23,3,2,0
2,20190330,1430,13401,11,31,0,3,0
1,20190331,1430,13264,15,5,0,1,0
1,20190331,1430,13265,7,37,4,0,0
1,20190331,1430,13266,14,9,2,0,0
1,20190331,1430,13267,19,12,1,2,0
2,20190331,1430,13398,43,10,2,3,0
2,20190331,1430,13402,6,42,3,0,0
2,20190331,1430,13403,18,36,1,0,0
2,20190331,1430,13404,39,44,1,1,0
1,20190401,1830,13261,26,17,1,3,0
1,20190405,1900,13271,30,0,0,0,0
1,20190406,1530,13269,17,7,3,3,0
1,20190406,1530,13274,5,26,5,1,0
2,20190406,1530,13406,31,6,0,2,0
2,20190406,1530,13409,44,11,6,0,0
2,20190406,1530,13412,10,40,4,4,0
1,20190407,1530,13270,16,14,2,3,0
1,20190407,1530,13272,12,1,2,2,0
1,20190407,1530,13273,37,19,3,3,0
1,20190407,1530,13275,25,13,1,6,0
2,20190407,1530,13405,42,24,3,2,0
2,20190407,1530,13407,21,4,2,2,0
2,20190407,1530,13408,28,18,0,2,0
2,20190407,1530,13410,36,39,2,1,0
2,20190407,1530,13411,23,43,2,1,0
1,20190408,1900,13276,9,15,3,1,0
1,20190412,1900,13284,14,30,2,0,0
1,20190413,1530,13279,0,25,4,2,0
1,20190413,1530,13281,1,37,4,2,0
1,20190413,1530,13282,13,12,5,1,0
2,20190413,1530,13415,39,28,4,1,0
2,20190413,1530,13417,4,42,2,2,0
2,20190413,1530,13419,43,40,1,6,0
1,20190414,1530,13277,19,17,0,4,0
1,20190414,1530,13278,9,16,0,3,0
1,20190414,1530,13280,7,5,6,0,0
2,20190414,1530,13414,18,10,1,2,0
2,20190414,1530,13416,24,31,1,0,0
2,20190414,1530,13418,11,36,1,0,0
2,20190414,1530,13420,6,44,1,0,0
1,20190415,1900,13283,15,26,4,0,0
2,20190417,1530,13413,23,21,2,0,0
1,20190419,1900,13288,17,1,5,3,0
1,20190419,1900,13290,5,19,1,1,0
1,20190420,1530,13285,26,7,2,3,0
1,20190420,1530,13286,25,14,3,3,0
1,20190420,1530,13287,12,0,0,1,0
1,20190420,1530,13289,30,9,0,0,0
1,20190420,1530,13291,37,13,0,1,0
1,20190420,1530,13292,16,15,2,0,0
2,20190420,1530,13421,44,24,4,1,0
2,20190421,1530,13422,36,6,0,1,0
2,20190421,1530,13423,31,4,3,1,0
2,20190421,1530,13424,42,23,3,0,0
2,20190421,1530,13425,40,18,2,3,0
2,20190421,1530,13426,28,11,0,0,0
2,20190421,1530,13427,10,39,1,0,0
2,20190421,1530,13428,21,43,2,2,0
1,20190427,1530,13297,0,37,1,3,0
2,20190427,1530,13429,11,10,0,0,0
2,20190427,1530,13430,6,28,1,0,0
2,20190427,1530,13431,43,18,1,3,0
2,20190427,1530,13432,23,31,2,1,0
2,20190427,1530,13433,21,42,3,0,0
2,20190427,1530,13434,24,36,1,3,0
2,20190427,1530,13435,39,40,3,1,0
1,20190428,1530,13293,13,17,1,2,0
1,20190428,1530,13294,15,7,1,4,0
1,20190428,1530,13295,9,25,1,2,0
1,20190428,1530,13296,1,5,3,2,0
1,20190428,1530,13298,14,12,1,0,0
1,20190428,1530,13299,19,26,1,2,0
1,20190428,1530,13300,16,30,3,2,0
2,20190428,1530,13436,4,44,1,2,0
1,20190503,1900,13307,5,13,1,1,0
1,20190504,1600,13301,37,14,2,4,0
1,20190504,1600,13302,25,16,0,1,0
1,20190504,1600,13303,17,0,1,1,0
1,20190504,1600,13304,26,1,1,2,0
1,20190504,1600,13305,12,9,1,1,0
1,20190504,1600,13306,7,19,6,0,0
1,20190504,1600,13308,30,15,0,4,0
2,20190505,1600,13437,28,24,1,0,0
2,20190505,1600,13438,31,21,4,5,0
2,20190505,1600,13439,10,6,4,2,0
2,20190505,1600,13440,36,4,2,2,0
2,20190505,1600,13441,44,23,1,2,0
2,20190505,1600,13442,40,11,3,3,0
2,20190505,1600,13443,18,39,1,4,0
2,20190505,1600,13444,42,43,4,1,0
1,20190511,1600,13309,14,17,1,4,0
1,20190511,1600,13310,1,7,0,2,0
1,20190511,1600,13311,30,25,3,4,0
1,20190511,1600,13312,0,5,0,3,0
1,20190511,1600,13313,9,37,3,1,0
1,20190511,1600,13314,15,19,4,3,0
1,20190511,1600,13315,16,12,2,4,0
1,20190511,1600,13316,13,26,1,2,0
2,20190512,1600,13445,24,10,0,2,0
2,20190512,1600,13446,4,28,3,3,0
2,20190512,1600,13447,11,18,5,4,0
2,20190512,1600,13448,43,39,1,1,0
2,20190512,1600,13449,42,31,2,1,0
2,20190512,1600,13450,23,36,2,0,0
2,20190512,1600,13451,6,40,2,1,0
2,20190512,1600,13452,21,44,3,2,0
1,20190912,1900,14241,5,18,4,0,0
1,20190913,1900,14247,0,19,3,4,0
1,20190914,1630,14245,1,12,1,1,0
1,20190914,1630,14246,26,6,5,1,0
1,20190914,1630,14248,7,14,0,1,0
2,20190914,1630,14362,43,28,0,3,1
2,20190914,1630,14363,40,23,2,0,0
2,20190914,1630,14365,2,36,1,2,0
2,20190914,1630,14367,25,11,2,0,0
1,20190915,1630,14242,21,15,1,1,0
1,20190915,1630,14243,16,17,0,5,0
1,20190915,1630,14244,13,9,5,3,0
2,20190915,1630,14361,45,8,1,1,0
2,20190915,1630,14364,42,10,0,0,0
2,20190915,1630,14368,4,30,0,2,0
2,20190916,1900,14366,37,44,0,0,0
1,20190920,1900,14256,18,7,0,0,0
1,20190921,1630,14251,9,16,0,2,0
1,20190921,1630,14252,12,13,2,2,0
1,20190921,1630,14254,19,26,5,0,0
2,20190921,1630,14369,28,45,3,0,0
2,20190921,1630,14372,36,42,1,2,0
2,20190921,1630,14376,8,4,3,1,0
1,20190922,1630,14249,15,5,1,4,0
1,20190922,1630,14250,17,21,3,1,0
1,20190922,1630,14253,6,1,0,4,0
2,20190922,1630,14371,10,40,0,3,0
2,20190922,1630,14373,44,2,2,0,0
2,20190922,1630,14374,11,37,2,2,0
1,20190923,1900,14255,14,0,2,0,0
2,20190923,1900,14375,30,25,1,0,0
1,20190927,1900,14257,5,17,2,3,0
1,20190928,1530,14258,21,9,4,2,0
1,20190928,1530,14260,13,6,0,2,0
1,20190928,1530,14263,0,7,1,4,0
2,20190928,1530,14377,45,23,2,2,0
2,20190928,1530,14379,40,36,6,2,0
2,20190928,1530,14380,42,44,0,1,0
2,20190928,1530,14383,25,4,0,0,0
1,20190929,1530,14259,16,12,2,3,0
1,20190929,1530,14261,1,19,2,1,0
1,20190929,1530,14264,15,18,0,2,0
2,20190929,1530,14381,2,11,4,2,0
2,20190929,1530,14382,37,30,2,3,0
2,20190929,1530,14384,28,8,2,1,0
1,20190930,1900,14262,26,14,2,3,0
1,20191004,1900,14265,9,5,0,3,0
2,20191004,1900,14387,44,40,0,1,0
1,20191005,1530,14266,12,21,2,4,0
1,20191005,1530,14267,6,16,0,1,0
1,20191005,1530,14268,19,13,4,1,0
2,20191005,1530,14390,4,37,0,2,0
2,20191005,1530,14391,8,25,3,1,0
2,20191005,1530,14392,23,28,0,4,0
1,20191006,1530,14269,14,1,2,0,0
1,20191006,1530,14270,7,26,8,0,0
1,20191006,1530,14271,18,0,4,1,0
2,20191006,1530,14385,10,45,1,2,0
2,20191006,1530,14388,11,42,1,2,0
2,20191006,1530,14389,30,2,3,0,0
1,20191007,1900,14272,17,15,2,2,0
1,20191011,1900,14278,26,0,2,1,0
1,20191012,1530,14275,16,19,1,2,0
1,20191012,1530,14276,13,14,1,2,0
1,20191012,1530,14277,1,7,3,1,0
2,20191012,1530,14395,40,11,4,0,0
2,20191012,1530,14396,42,30,3,1,0
2,20191012,1530,14398,37,25,3,2,0
2,20191012,1530,14399,28,10,1,1,0
1,20191013,1530,14273,5,12,2,1,0
1,20191013,1530,14274,21,6,3,3,0
1,20191013,1530,14279,15,9,0,4,0
2,20191013,1530,14393,45,36,0,0,0
2,20191013,1530,14397,2,4,1,0,0
2,20191013,1530,14400,23,8,1,1,0
1,20191014,1900,14280,17,18,2,3,0
1,20191018,1900,14285,0,1,0,1,0
2,20191018,1900,14403,30,40,0,2,0
1,20191019,1530,14283,14,16,3,3,0
1,20191019,1530,14284,7,13,2,1,0
1,20191019,1530,14287,12,15,1,3,0
1,20191019,1530,14288,9,17,1,3,0
2,20191019,1530,14401,44,45,1,0,0
2,20191019,1530,14407,36,28,0,3,1
2,20191019,1530,14408,10,23,1,2,0
1,20191020,1530,14281,6,5,2,5,0
1,20191020,1530,14282,19,21,3,1,0
1,20191020,1530,14286,18,26,2,4,0
2,20191020,1530,14404,4,42,3,1,0
2,20191020,1530,14405,25,2,1,0,0
2,20191020,1530,14406,8,37,0,2,0
1,20191025,1900,14289,5,19,0,2,0
1,20191026,1430,14290,21,14,0,4,0
1,20191026,1430,14292,13,0,2,0,0
1,20191026,1430,14293,1,26,1,2,0
1,20191026,1430,14294,15,6,3,1,0
2,20191026,1430,14409,45,11,3,4,0
2,20191026,1430,14412,42,25,1,1,0
2,20191026,1430,14413,2,37,3,1,0
2,20191026,1430,14416,10,8,1,4,0
1,20191027,1430,14291,16,7,1,7,0
1,20191027,1430,14295,17,12,6,3,0
1,20191027,1430,14296,9,18,1,1,0
2,20191027,1430,14411,40,4,2,0,0
2,20191027,1430,14415,23,36,1,2,0
2,20191029,1430,14414,28,44,0,0,0
1,20191101,1900,14297,14,5,1,1,0
1,20191102,1430,14298,7,21,7,2,0
1,20191102,1430,14301,18,1,1,1,0
1,20191102,1430,14302,19,15,0,3,0
1,20191102,1430,14303,6,17,1,3,0
2,20191102,1430,14417,30,45,2,0,0
2,20191102,1430,14419,25,40,1,3,0
2,20191102,1430,14421,8,2,1,3,0
2,20191102,1430,14423,44,23,8,0,0
1,20191103,1430,14299,0,16,1,3,0
1,20191103,1430,14300,26,13,2,2,0
2,20191103,1430,14420,37,42,3,4,0
2,20191103,1430,14422,11,28,2,1,0
2,20191103,1430,14424,36,10,0,1,0
1,20191104,1900,14304,12,9,2,1,0
1,20191108,1900,14305,5,7,1,2,0
1,20191109,1430,14307,16,26,1,3,0
1,20191109,1430,14309,15,14,1,1,0
1,20191109,1430,14312,12,18,0,2,0
2,20191109,1430,14427,40,37,2,2,0
2,20191109,1430,14429,28,30,3,1,0
2,20191109,1430,14430,23,11,2,1,0
2,20191109,1430,14432,36,8,1,1,0
1,20191110,1430,14306,21,0,2,1,0
1,20191110,1430,14308,13,1,4,1,0
1,20191110,1430,14311,9,6,3,1,0
2,20191110,1430,14425,45,4,3,1,0
2,20191110,1430,14428,42,2,2,1,0
2,20191110,1430,14431,10,44,0,3,0
1,20191111,1900,14310,17,19,5,3,0
1,20191116,1430,14314,26,21,3,1,0
1,20191116,1430,14315,1,16,4,1,0
1,20191116,1430,14316,18,13,0,3,0
1,20191116,1430,14320,6,12,3,2,0
2,20191116,1430,14433,25,45,0,0,0
2,20191116,1430,14436,8,42,3,2,0
2,20191116,1430,14439,11,10,1,0,0
1,20191117,1430,14313,0,5,3,0,0
1,20191117,1430,14317,7,15,2,1,0
1,20191117,1430,14318,14,17,1,1,0
1,20191117,1430,14319,19,9,1,0,0
2,20191117,1430,14435,2,40,4,3,0
2,20191117,1430,14437,4,28,1,2,0
2,20191117,1430,14438,30,23,0,1,0
2,20191117,1430,14440,44,36,5,0,0
1,20191122,1900,14325,17,7,2,3,0
1,20191123,1430,14321,5,26,2,1,0
1,20191123,1430,14322,21,1,2,1,0
1,20191123,1430,14326,9,14,1,0,0
2,20191123,1430,14441,45,37,1,0,0
2,20191123,1430,14445,23,4,4,1,0
2,20191123,1430,14446,10,30,2,4,0
2,20191123,1430,14448,44,8,0,1,0
1,20191124,1430,14323,16,13,2,3,0
1,20191124,1430,14327,12,19,0,4,0
1,20191124,1430,14328,6,18,0,0,0
2,20191124,1430,14443,40,42,2,0,0
2,20191124,1430,14444,28,25,1,1,0
2,20191124,1430,14447,36,11,2,0,0
1,20191125,1900,14324,15,0,3,3,0
1,20191129,1900,14331,18,16,2,1,0
1,20191130,1400,14329,1,5,0,2,0
1,20191130,1400,14334,7,9,1,1,0
1,20191130,1400,14336,19,6,7,2,0
2,20191130,1400,14449,2,45,0,2,0
2,20191130,1400,14451,8,40,1,3,0
2,20191130,1400,14454,4,10,6,1,0
2,20191130,1400,14455,30,36,1,1,0
1,20191201,1400,14330,13,21,4,1,0
1,20191201,1400,14332,26,15,0,2,0
1,20191201,1400,14333,0,17,2,1,0
2,20191201,1400,14452,37,28,2,1,0
2,20191201,1400,14453,25,23,1,1,0
2,20191201,1400,14456,11,44,0,3,0
1,20191202,1900,14335,14,12,1,1,0
1,20191207,1400,14337,5,13,1,0,0
1,20191207,1400,14340,17,26,1,1,0
1,20191207,1400,14341,9,0,1,1,0
1,20191207,1400,14344,19,18,5,3,0
2,20191207,1400,14459,28,2,1,1,0
2,20191207,1400,14462,36,4,0,0,0
2,20191207,1400,14463,44,30,2,0,0
2,20191207,1400,14464,11,8,2,2,0
1,20191208,1400,14338,21,16,5,3,0
1,20191208,1400,14339,15,1,0,1,0
1,20191208,1400,14342,12,7,0,3,0
1,20191208,1400,14343,6,14,1,3,0
2,20191208,1400,14457,45,42,0,2,0
2,20191208,1400,14460,23,37,1,2,0
2,20191208,1400,14461,10,25,1,1,0
1,20191213,1900,14349,26,9,2,1,0
1,20191214,1400,14346,18,21,4,2,0
1,20191214,1400,14347,13,15,6,1,0
1,20191214,1400,14348,1,17,6,3,0
1,20191214,1400,14351,7,6,3,0,0
2,20191214,1400,14465,40,45,0,0,0
2,20191214,1400,14468,2,23,1,2,0
2,20191214,1400,14469,37,10,3,2,0
2,20191214,1400,14471,4,44,0,0,0
1,20191215,1400,14345,16,5,0,2,0
1,20191215,1400,14350,0,12,1,0,0
1,20191215,1400,14352,14,19,1,0,0
2,20191215,1400,14467,42,28,2,0,0
2,20191215,1400,14470,25,36,2,0,0
2,20191215,1400,14472,30,11,2,2,0
1,20191221,1400,14353,5,21,4,3,0
1,20191221,1400,14354,15,16,3,1,0
1,20191221,1400,14355,17,13,1,2,0
1,20191221,1400,14359,19,7,1,2,0
2,20191221,1400,14474,28,40,2,2,0
2,20191221,1400,14476,10,2,2,1,0
2,20191221,1400,14478,44,25,1,2,0
2,20191221,1400,14480,30,8,3,1,0
1,20191222,1400,14356,9,1,6,3,0
1,20191222,1400,14357,12,26,1,1,0
1,20191222,1400,14358,6,0,1,3,0
1,20191222,1400,14360,14,18,1,0,0
2,20191222,1400,14475,23,42,1,5,0
2,20191222,1400,14477,36,37,0,0,0
2,20191222,1400,14479,11,4,1,1,0
1,20200124,1900,15092,14,7,0,3,0
1,20200124,1900,15094,18,5,0,2,0
1,20200125,1400,15095,19,0,0,0,0
1,20200125,1400,15096,15,21,2,0,0
1,20200125,1400,15097,12,1,1,3,0
2,20200125,1400,15454,11,25,1,4,0
2,20200125,1400,15457,30,4,3,1,0
2,20200125,1400,15459,10,42,1,0,0
2,20200125,1400,15461,23,40,0,0,0
1,20200126,1400,15093,17,16,7,3,0
1,20200126,1400,15098,6,26,3,1,0
1,20200126,1400,15099,9,13,3,5,0
2,20200126,1400,15455,44,37,0,2,0
2,20200126,1400,15456,36,2,2,0,0
2,20200126,1400,15458,8,45,2,3,0
1,20200131,1900,15101,0,14,1,2,0
1,20200131,1900,15107,5,15,4,1,0
1,20200201,1400,15100,21,17,3,1,0
1,20200201,1400,15104,26,19,0,3,0
1,20200201,1400,15106,7,18,3,1,0
2,20200201,1400,15465,25,30,3,5,0
2,20200201,1400,15468,42,36,2,3,0
2,20200201,1400,15469,2,44,0,2,0
1,20200202,1400,15102,1,6,3,2,0
1,20200202,1400,15103,16,9,4,1,0
1,20200202,1400,15105,13,12,3,1,0
2,20200202,1400,15462,40,10,3,0,0
2,20200202,1400,15463,45,28,1,1,0
2,20200202,1400,15466,37,11,4,0,0
2,20200202,1400,15467,4,8,2,2,0
1,20200208,1400,15108,12,16,0,4,0
1,20200208,1400,15110,7,0,5,1,0
1,20200208,1400,15114,6,13,1,4,0
2,20200208,1400,15470,4,25,1,2,0
2,20200208,1400,15471,30,37,0,2,0
2,20200208,1400,15472,11,2,0,3,0
2,20200208,1400,15473,8,28,1,1,0
1,20200209,1400,15111,9,21,1,0,0
1,20200209,1400,15112,19,1,2,1,0
1,20200209,1400,15113,14,26,2,0,0
1,20200209,1400,15115,18,15,0,2,0
2,20200209,1400,15474,23,45,2,3,0
2,20200209,1400,15475,44,42,2,0,0
2,20200209,1400,15477,36,40,0,1,0
1,20200210,1900,15109,17,5,4,0,0
1,20200214,1730,15123,0,18,1,2,0
1,20200215,1400,15117,26,7,2,4,0
1,20200215,1400,15118,1,14,2,2,0
1,20200215,1400,15119,16,6,6,1,0
1,20200215,1400,15121,13,19,2,1,0
2,20200215,1400,15478,45,10,7,0,0
2,20200215,1400,15479,37,4,1,1,0
2,20200215,1400,15485,40,44,1,1,0
1,20200216,1400,15116,15,17,1,4,0
1,20200216,1400,15120,5,9,3,1,0
1,20200216,1400,15122,21,12,1,0,0
2,20200216,1400,15480,28,23,1,0,0
2,20200216,1400,15481,2,30,1,4,0
2,20200216,1400,15482,42,11,0,0,0
2,20200216,1400,15483,25,8,2,2,0
1,20200221,1800,15126,12,5,2,1,0
1,20200222,1400,15124,18,17,1,4,0
1,20200222,1400,15125,19,16,1,4,0
1,20200222,1400,15127,6,21,1,0,0
1,20200222,1400,15128,7,1,5,0,0
2,20200222,1400,15487,4,2,2,2,0
2,20200222,1400,15488,10,28,0,2,0
2,20200222,1400,15489,8,23,1,3,0
2,20200222,1400,15490,36,45,3,3,0
1,20200223,1400,15129,0,26,2,0,0
1,20200223,1400,15130,14,13,3,1,0
1,20200223,1400,15131,9,15,0,2,0
2,20200223,1400,15486,25,37,2,2,0
2,20200223,1400,15491,30,42,0,0,0
2,20200223,1400,15493,11,40,1,1,0
1,20200229,1400,15135,5,6,1,0,0
1,20200229,1400,15136,17,9,1,2,0
1,20200229,1400,15138,15,12,3,1,0
2,20200229,1400,15496,42,4,1,1,0
2,20200229,1400,15497,40,30,2,1,0
2,20200229,1400,15501,45,44,2,3,0
1,20200301,1400,15132,13,7,3,4,0
1,20200301,1400,15133,16,14,2,1,0
1,20200301,1400,15134,1,0,3,1,0
1,20200301,1400,15137,21,19,1,1,0
1,20200301,1400,15139,26,18,0,0,0
2,20200301,1400,15494,2,25,1,2,0
2,20200301,1400,15495,23,10,4,0,0
2,20200301,1400,15499,37,8,4,0,0
2,20200301,1400,15500,28,36,1,0,0
1,20200306,1800,15143,14,21,2,2,0
1,20200306,1800,15146,0,13,2,2,0
1,20200307,1430,15141,7,16,4,1,0
1,20200307,1430,15142,19,5,2,2,0
1,20200307,1430,15145,18,9,0,2,0
2,20200307,1430,15505,36,23,0,0,0
2,20200307,1430,15506,11,45,1,3,0
2,20200307,1430,15507,25,42,0,2,0
1,20200308,1430,15140,12,17,1,1,0
1,20200308,1430,15144,26,1,1,0,0
1,20200308,1430,15147,6,15,1,0,0
2,20200308,1430,15502,37,2,2,0,0
2,20200308,1430,15503,8,10,8,1,0
2,20200308,1430,15504,44,28,1,0,0
2,20200308,1430,15509,4,40,0,2,0
1,20200618,2000,15149,5,14,2,0,0
1,20200618,2030,15153,9,12,0,0,0
1,20200619,1800,15148,21,7,1,4,0
1,20200619,2000,15151,17,6,5,1,0
1,20200620,1800,15150,16,0,0,1,0
1,20200620,1800,15154,13,26,1,0,0
1,20200620,1800,15155,1,18,1,1,0
2,20200620,1800,15510,40,25,4,1,0
2,20200620,1800,15511,42,37,2,2,0
2,20200620,1800,15513,45,30,1,4,0
2,20200620,1800,15514,28,11,2,1,0
2,20200620,1800,15515,2,8,1,2,0
2,20200620,1800,15516,10,36,2,3,0
2,20200620,1800,15517,23,44,1,3,0
1,20200621,2000,15152,15,19,4,1,0
2,20200623,2000,15518,44,10,3,1,0
2,20200624,2000,15519,30,28,2,1,0
2,20200624,1800,15520,11,23,2,0,0
2,20200624,1800,15521,4,45,0,2,0
2,20200624,1800,15522,2,42,2,2,0
2,20200624,1800,15523,8,36,1,2,0
2,20200624,2000,15525,37,40,1,1,0
1,20200626,2000,15157,26,16,0,1,0
1,20200626,2000,15159,0,21,1,2,0
1,20200627,1800,15160,6,9,2,2,0
1,20200627,2000,15161,18,12,3,1,0
1,20200627,1800,15162,1,13,1,4,0
1,20200628,1800,15156,19,17,1,1,0
1,20200628,2000,15158,7,5,1,1,0
1,20200628,2000,15163,14,15,2,2,0
2,20200628,1800,15526,45,25,2,1,0
2,20200628,1800,15528,40,2,3,0,0
2,20200628,1800,15529,28,4,2,0,0
2,20200628,1800,15530,23,30,3,1,0
2,20200628,1800,15531,10,11,2,3,0
2,20200628,1800,15532,42,8,3,2,0
2,20200628,1800,15533,36,44,0,0,0
1,20200701,2000,15164,15,7,1,5,0
1,20200701,2000,15166,5,0,1,1,0
1,20200701,1800,15167,16,1,1,1,0
1,20200701,2000,15168,12,6,0,1,0
1,20200701,2000,15169,9,19,3,1,0
1,20200701,1800,15170,21,26,0,1,0
1,20200701,1800,15171,13,18,4,1,0
1,20200702,2000,15165,17,14,3,2,0
1,20200704,1745,15173,13,16,5,2,0
1,20200704,1745,15175,1,21,2,3,0
1,20200704,2000,15176,18,6,4,3,0
1,20200704,1745,15178,19,12,7,2,0
2,20200704,2000,15534,30,10,9,0,0
2,20200704,1745,15535,25,28,2,0,0
2,20200704,1745,15536,4,23,2,1,0
2,20200704,2000,15537,37,45,1,0,0
2,20200704,1745,15538,11,36,1,1,0
2,20200704,1745,15540,42,40,0,2,0
2,20200704,1745,15541,8,44,0,3,0
1,20200705,1745,15172,7,17,3,3,0
1,20200705,2000,15174,26,5,1,1,0
1,20200705,2000,15177,14,9,2,2,0
1,20200705,2000,15179,0,15,1,2,0
2,20200708,1745,15542,23,25,0,3,0
2,20200708,1745,15543,28,37,0,1,0
2,20200708,1745,15544,45,2,0,3,0
2,20200708,1745,15545,10,4,1,7,0
2,20200708,1745,15546,36,30,1,1,0
2,20200708,2000,15547,44,11,5,0,0
2,20200708,1745,15548,40,8,9,0,0
1,20200710,2000,15182,17,0,3,1,0
1,20200710,2000,15183,5,1,3,2,0
1,20200710,2000,15185,15,26,1,2,0
1,20200710,1745,15187,16,18,3,1,0
1,20200711,2000,15180,9,7,1,6,0
1,20200711,2000,15181,12,14,1,3,0
1,20200711,1745,15184,6,19,4,1,0
1,20200711,1745,15186,21,13,0,0,0
2,20200712,1745,15550,25,10,3,0,1
2,20200712,1745,15551,2,28,1,0,0
2,20200712,2000,15552,37,23,3,0,0
2,20200712,1745,15553,8,11,5,3,0
2,20200712,1745,15554,42,45,0,1,0
2,20200712,1745,15555,4,36,1,1,0
2,20200712,2000,15557,30,44,0,4,0
1,20200715,2000,15188,26,17,2,0,0
1,20200715,1745,15189,13,5,3,1,0
1,20200715,1745,15190,16,21,3,3,0
1,20200715,2000,15191,14,6,2,2,0
1,20200715,2000,15192,0,9,0,0,0
1,20200715,2000,15194,7,12,8,0,0
1,20200715,1745,15195,1,15,2,1,0
1,20200716,2000,15193,18,19,4,1,0
2,20200716,1745,15558,36,25,0,3,0
2,20200716,1745,15559,10,37,0,10,0
2,20200716,1745,15560,23,2,2,1,0
2,20200716,1745,15561,44,4,1,0,0
2,20200716,1745,15562,11,30,3,2,0
2,20200716,1745,15564,28,42,1,1,0
2,20200716,1745,15565,45,40,0,2,0
1,20200719,1745,15196,6,7,1,3,0
1,20200719,1745,15197,19,14,2,4,0
1,20200719,1745,15198,5,16,3,2,0
1,20200719,1745,15199,12,0,4,2,0
1,20200719,2030,15200,17,1,5,1,0
1,20200719,1745,15201,9,26,2,4,0
1,20200719,1745,15202,15,13,2,2,0
1,20200719,1745,15203,21,18,0,2,0
2,20200719,1745,15566,2,10,8,0,0
2,20200719,1745,15567,40,28,3,1,0
2,20200719,1745,15568,42,23,0,1,0
2,20200719,1745,15569,8,30,5,2,0
2,20200719,1745,15570,4,11,5,1,0
2,20200719,2030,15572,37,36,3,1,0
2,20200719,1745,15573,25,44,3,2,0
1,20200722,1745,15204,13,17,7,3,0
1,20200722,1745,15205,18,14,3,2,0
1,20200722,1745,15206,21,5,2,2,0
1,20200722,2030,15207,0,6,0,0,0
1,20200722,1745,15208,1,9,3,5,0
1,20200722,1900,15209,7,19,1,0,0
1,20200722,1900,15210,26,12,5,1,0
1,20200722,1745,15211,16,15,3,0,0
1,20210916,1900,15953,5,19,1,2,0
1,20210917,1900,15957,17,13,1,1,0
2,20210917,1630,16072,25,23,1,1,0
1,20210918,1630,15952,16,14,1,0,0
1,20210918,1900,15954,9,21,0,2,0
1,20210918,1630,15956,7,44,0,1,0
2,20210918,1630,16077,46,47,1,0,0
2,20210918,1630,16078,30,8,2,1,0
2,20210918,1630,16079,28,6,2,0,0
1,20210919,1630,15955,37,18,1,2,0
1,20210919,1630,15958,1,26,0,0,0
1,20210919,1630,15959,40,15,0,1,0
2,20210919,1630,16073,24,4,3,0,0
2,20210919,1630,16074,48,36,2,1,0
2,20210919,1630,16075,0,45,0,2,0
2,20210919,1630,16076,42,11,4,2,0
1,20210925,1630,15960,19,16,1,0,0
1,20210925,1630,15962,18,9,2,1,0
1,20210925,1630,15963,44,37,3,0,0
1,20210925,1900,15967,14,40,1,2,0
2,20210925,1630,16080,36,24,4,2,0
2,20210925,1630,16081,45,48,2,1,0
2,20210925,1630,16084,8,46,1,2,0
2,20210925,1630,16087,4,25,1,2,0
1,20210926,1630,15961,21,5,0,0,0
1,20210926,1630,15964,13,7,3,3,0
1,20210926,1630,15966,15,1,0,2,0
2,20210926,1630,16082,11,0,0,4,0
2,20210926,1630,16083,47,42,1,2,0
2,20210926,1630,16085,6,30,0,1,0
2,20210926,1630,16086,23,28,0,0,0
1,20210927,1900,15965,26,17,2,2,0
1,20211001,1900,15971,37,13,2,4,0
2,20211001,1900,16091,0,47,2,3,0
1,20211002,1900,15970,9,44,1,3,0
1,20211002,1630,15972,7,26,7,0,0
1,20211002,1630,15974,1,40,0,2,0
2,20211002,1630,16090,48,11,2,0,0
2,20211002,1630,16093,46,6,3,0,1
2,20211002,1630,16094,30,28,3,2,0
1,20211003,1630,15968,16,21,1,0,0
1,20211003,1630,15969,5,18,2,1,0
1,20211003,1630,15975,19,14,1,1,0
2,20211003,1630,16088,25,36,0,2,0
2,20211003,1630,16089,24,45,0,0,0
2,20211003,1630,16092,42,8,1,0,0
2,20211003,1630,16095,4,23,0,1,0
1,20211004,1900,15973,17,15,1,1,0
1,20211009,1600,15976,18,16,2,4,0
1,20211009,1830,15977,44,5,0,3,0
1,20211009,1600,15978,13,9,5,0,0
1,20211009,1600,15979,26,37,1,2,0
2,20211009,1600,16096,11,24,1,2,0
2,20211009,1600,16098,8,0,0,3,0
2,20211009,1600,16099,6,42,1,0,0
2,20211009,1600,16102,36,4,3,0,0
1,20211010,1600,15980,15,7,3,2,0
1,20211010,1600,15981,40,17,1,0,0
1,20211010,1600,15982,14,1,0,1,0
1,20211010,1600,15983,21,19,1,4,0
2,20211010,1600,16097,47,48,1,1,0
2,20211010,1600,16100,28,46,2,1,0
2,20211010,1600,16101,23,30,0,1,0
2,20211010,1600,16103,45,25,2,1,0
1,20211015,1830,15986,9,26,3,0,0
1,20211016,1600,15987,37,15,0,1,0
1,20211016,1600,15988,7,40,1,0,0
1,20211016,1600,15991,21,14,1,2,0
2,20211016,1600,16105,24,47,0,2,0
2,20211016,1600,16106,48,8,2,1,0
2,20211016,1600,16107,0,6,3,1,0
2,20211016,1600,16110,4,45,0,2,0
1,20211017,1600,15984,16,44,1,0,0
1,20211017,1600,15989,17,1,0,2,0
1,20211017,1600,15990,19,18,2,0,0
2,20211017,1600,16104,25,11,1,1,0
2,20211017,1600,16108,42,28,1,2,0
2,20211017,1600,16109,46,30,2,4,0
2,20211017,1600,16111,36,23,1,1,0
1,20211018,1600,15985,5,13,4,5,0
1,20211022,1830,15994,15,9,3,1,0
1,20211023,1600,15992,13,16,1,1,0
1,20211023,1600,15993,26,5,0,3,0
1,20211023,1600,15996,1,7,1,2,0
2,20211023,1600,16115,30,42,1,0,0
2,20211023,1600,16116,23,46,2,2,0
2,20211023,1600,16118,45,36,4,4,0
2,20211023,1600,16119,47,25,2,0,0
1,20211024,1600,15995,40,37,3,1,0
1,20211024,1600,15997,14,17,1,1,0
1,20211024,1600,15998,44,19,3,3,0
1,20211024,1600,15999,18,21,2,1,0
2,20211024,1600,16112,8,24,3,3,0
2,20211024,1600,16113,6,48,0,2,0
2,20211024,1600,16114,28,0,0,1,0
2,20211024,1600,16117,11,4,3,0,0
1,20211030,1430,16001,5,15,3,3,0
1,20211030,1430,16002,9,40,0,0,0
1,20211030,1430,16004,7,17,3,0,0
1,20211030,1430,16005,19,13,1,2,0
2,20211030,1430,16121,24,6,1,1,0
2,20211030,1430,16123,0,30,1,0,0
2,20211030,1430,16125,4,47,0,0,0
2,20211030,1430,16126,36,11,3,1,0
2,20211030,1430,16127,45,23,7,0,0
1,20211031,1430,16000,16,26,2,1,0
1,20211031,1430,16003,37,1,1,1,0
1,20211031,1430,16006,21,44,2,3,0
2,20211031,1430,16120,25,8,3,0,0
2,20211031,1430,16122,48,28,2,1,0
2,20211031,1430,16124,42,46,1,1,0
1,20211101,1800,16007,18,14,1,1,0
1,20211106,1430,16008,15,16,1,1,0
1,20211106,1430,16010,1,9,3,0,0
1,20211106,1430,16014,13,21,1,1,0
1,20211106,1430,16015,44,18,1,1,0
2,20211106,1430,16128,28,24,0,0,0
2,20211106,1430,16130,46,0,1,3,0
2,20211106,1430,16131,23,42,1,1,0
2,20211106,1430,16133,47,36,2,4,0
2,20211106,1430,16135,6,25,2,1,0
1,20211107,1430,16009,40,5,0,1,0
1,20211107,1430,16011,17,37,5,0,0
1,20211107,1430,16012,14,7,3,2,0
1,20211107,1430,16013,26,19,2,2,0
2,20211107,1430,16129,30,48,2,0,0
2,20211107,1430,16132,8,4,0,1,0
2,20211107,1430,16134,11,45,2,2,0
1,20211113,1430,16017,5,1,0,0,0
1,20211113,1430,16018,9,17,1,1,0
1,20211113,1430,16020,19,15,0,1,0
1,20211113,1430,16022,18,13,1,2,0
2,20211113,1430,16136,25,28,3,2,0
2,20211113,1430,16138,48,46,2,0,0
2,20211113,1430,16142,45,47,0,2,0
2,20211113,1430,16143,11,23,0,1,0
1,20211114,1430,16016,16,40,2,0,0
1,20211114,1430,16019,37,7,1,4,0
1,20211114,1430,16021,21,26,2,0,0
1,20211114,1430,16023,44,14,0,1,0
2,20211114,1430,16137,24,30,1,0,0
2,20211114,1430,16139,0,42,4,0,0
2,20211114,1430,16140,4,6,1,0,0
2,20211114,1430,16141,36,8,5,1,0
1,20211119,1800,16027,14,37,3,2,0
2,20211119,1800,16151,30,25,1,0,0
1,20211120,1430,16025,17,5,1,2,0
1,20211120,1430,16028,40,19,2,1,0
1,20211120,1430,16030,26,18,0,2,0
2,20211120,1430,16145,42,48,0,4,0
2,20211120,1430,16146,23,0,3,1,0
2,20211120,1430,16149,8,45,0,8,0
1,20211121,1430,16024,1,16,2,2,0
1,20211121,1430,16026,7,9,3,0,0
1,20211121,1430,16029,15,21,2,0,0
1,20211121,1430,16031,13,44,1,0,0
2,20211121,1430,16144,46,24,1,1,0
2,20211121,1430,16147,28,4,1,1,0
2,20211121,1430,16148,6,36,2,1,0
2,20211121,1430,16150,47,11,2,1,0
1,20211127,1400,16032,16,17,0,3,0
1,20211127,1400,16035,19,1,1,4,0
1,20211127,1400,16036,21,40,1,0,0
2,20211127,1400,16152,25,46,2,0,0
2,20211127,1400,16153,24,42,2,0,0
2,20211127,1400,16155,4,30,0,0,0
2,20211127,1400,16158,11,8,3,0,0
2,20211127,1400,16159,47,23,2,1,0
1,20211128,1400,16034,9,37,2,1,0
1,20211128,1400,16037,18,15,1,0,0
1,20211128,1400,16038,44,26,6,0,0
1,20211128,1400,16039,13,14,1,2,0
2,20211128,1400,16154,48,0,0,3,0
2,20211128,1400,16156,36,28,3,0,0
2,20211128,1400,16157,45,6,1,1,0
1,20211129,1800,16033,5,7,0,2,0
1,20211204,1400,16042,14,9,3,0,0
1,20211204,1400,16043,17,19,4,0,0
1,20211204,1400,16045,40,18,1,2,0
1,20211204,1400,16046,15,44,1,0,0
2,20211204,1400,16161,23,48,2,1,0
2,20211204,1400,16163,30,36,1,0,0
2,20211204,1400,16164,28,45,0,3,1
2,20211204,1400,16167,42,25,2,4,0
1,20211205,1400,16040,7,16,3,1,0
1,20211205,1400,16041,37,5,1,3,0
1,20211205,1400,16044,1,21,2,1,0
1,20211205,1400,16047,26,13,0,1,0
2,20211205,1400,16160,0,24,5,3,0
2,20211205,1400,16162,46,4,2,3,0
2,20211205,1400,16165,6,11,3,2,0
2,20211205,1400,16166,8,47,0,6,0
1,20211211,1400,16049,5,9,2,1,0
1,20211211,1400,16050,19,7,1,1,0
1,20211211,1400,16051,21,17,0,0,0
1,20211211,1400,16055,26,14,2,3,0
2,20211211,1400,16171,36,46,4,1,0
2,20211211,1400,16172,45,30,2,2,0
2,20211211,1400,16173,11,28,2,3,0
2,20211211,1400,16174,47,6,1,0,0
1,20211212,1400,16048,16,37,2,0,0
1,20211212,1400,16052,18,1,3,0,0
1,20211212,1400,16053,44,40,0,1,0
1,20211212,1400,16054,13,15,2,3,0
2,20211212,1400,16168,25,0,3,3,0
2,20211212,1400,16169,24,48,2,1,0
2,20211212,1400,16170,4,42,0,3,1
2,20211212,1400,16175,8,23,0,1,0
1,20211217,1800,16057,14,5,1,3,0
1,20211218,1400,16056,9,16,0,1,0
1,20211218,1400,16058,37,19,1,5,0
1,20211218,1400,16061,1,44,0,0,0
1,20211218,1400,16062,40,13,1,1,0
2,20211218,1400,16176,23,24,0,0,0
2,20211218,1400,16177,0,4,0,0,0
2,20211218,1400,16179,46,45,0,3,0
2,20211218,1400,16183,48,25,3,3,0
1,20211219,1400,16059,7,21,2,4,0
1,20211219,1400,16060,17,18,2,1,0
1,20211219,1400,16063,15,26,0,0,0
2,20211219,1400,16178,42,36,2,0,0
2,20211219,1400,16180,30,11,3,2,0
2,20211219,1400,16181,28,47,1,1,0
2,20211219,1400,16182,6,8,3,1,0
1,20211225,1400,16064,16,5,0,0,0
1,20211225,1400,16066,21,37,1,1,0
1,20211225,1400,16068,44,17,6,1,0
1,20211225,1400,16070,26,40,1,0,0
2,20211225,1400,16186,36,0,0,0,0
2,20211225,1400,16189,47,30,2,0,0
2,20211225,1400,16190,8,28,1,1,0
2,20211225,1400,16191,6,23,1,1,0
1,20211226,1400,16065,19,9,3,1,0
1,20211226,1400,16067,18,7,1,8,0
1,20211226,1400,16069,13,1,2,1,0
1,20211226,1400,16071,15,14,0,2,0
2,20211226,1400,16184,25,24,1,2,0
2,20211226,1400,16185,4,48,0,1,0
2,20211226,1400,16187,45,42,5,2,0
2,20211226,1400,16188,11,46,2,3,0
1,20220129,1400,16539,19,5,1,2,0
1,20220129,1400,16540,26,1,0,0,0
1,20220129,1400,16541,18,37,1,1,0
1,20220129,1400,16542,13,17,2,2,0
2,20220129,1400,16571,23,25,1,1,0
2,20220129,1400,16572,36,48,1,1,0
2,20220129,1400,16573,8,30,0,0,0
2,20220129,1400,16574,11,42,1,3,0
1,20220130,1400,16543,44,7,1,2,0
1,20220130,1400,16544,14,16,0,3,0
1,20220130,1400,16545,21,9,2,1,0
1,20220130,1400,16546,15,40,0,0,0
2,20220130,1400,16575,45,0,1,5,0
2,20220130,1400,16576,4,24,2,5,0
2,20220130,1400,16577,6,28,2,0,0
2,20220130,1400,16578,47,46,4,1,0
1,20220205,1400,16547,40,14,5,1,0
1,20220205,1400,16548,9,18,0,0,0
1,20220205,1400,16549,1,15,0,0,0
1,20220205,1400,16550,37,44,1,2,0
2,20220205,1400,16579,30,6,1,0,0
2,20220205,1400,16580,0,11,3,0,0
2,20220205,1400,16581,48,45,2,1,0
2,20220205,1400,16582,42,47,1,2,0
1,20220206,1400,16551,5,21,3,2,0
1,20220206,1400,16552,16,19,4,1,0
1,20220206,1400,16553,17,26,1,0,0
1,20220206,1400,16554,7,13,2,0,0
2,20220206,1400,16583,25,4,4,0,0
2,20220206,1400,16584,28,23,2,2,0
2,20220206,1400,16585,46,8,1,1,0
2,20220206,1400,16586,24,36,1,1,0
1,20220212,1400,16555,21,16,1,0,0
1,20220212,1400,16556,40,1,1,1,0
1,20220212,1400,16557,13,37,4,1,0
1,20220212,1400,16558,26,7,2,3,0
2,20220212,1400,16587,47,0,0,2,0
2,20220212,1400,16588,28,30,0,2,0
2,20220212,1400,16589,6,46,3,2,0
2,20220212,1400,16590,11,48,1,3,0
1,20220213,1400,16559,15,17,1,1,0
1,20220213,1400,16560,18,5,2,0,0
1,20220213,1400,16561,44,9,3,0,0
1,20220213,1400,16562,14,19,0,0,0
2,20220213,1400,16591,36,25,2,0,0
2,20220213,1400,16592,45,24,3,1,0
2,20220213,1400,16593,23,4,3,1,0
2,20220213,1400,16594,8,42,1,1,0
1,20220219,1400,16563,19,21,3,3,0
1,20220219,1400,16564,7,15,2,0,0
1,20220219,1400,16565,17,40,1,2,0
1,20220219,1400,16566,5,44,2,2,0
2,20220219,1400,16595,46,28,2,1,0
2,20220219,1400,16596,24,11,0,0,0
2,20220219,1400,16597,25,45,3,1,0
2,20220219,1400,16598,4,36,1,2,0
1,20220220,1400,16567,1,14,0,1,0
1,20220220,1400,16568,37,26,1,2,0
1,20220220,1400,16569,9,13,1,1,0
1,20220220,1400,16570,16,18,0,2,0
2,20220220,1400,16599,42,6,0,4,0
2,20220220,1400,16600,30,23,2,2,0
2,20220220,1400,16601,0,8,6,0,0
2,20220220,1400,16602,48,47,3,2,0
1,20220226,1400,16607,14,21,0,3,0
1,20220226,1400,16609,26,9,2,1,0
2,20220226,1400,16692,47,24,3,1,0
2,20220226,1400,16693,6,0,1,0,0
2,20220226,1400,16694,45,4,1,1,0
2,20220226,1400,16695,28,42,4,4,0
2,20220226,1400,16697,23,36,0,0,0
1,20220227,1400,16603,1,17,2,1,0
1,20220227,1400,16604,40,7,0,1,0
1,20220227,1400,16605,44,16,2,1,0
1,20220227,1400,16606,13,5,2,1,0
1,20220227,1400,16608,15,37,2,0,0
1,20220227,1400,16610,18,19,0,1,0
2,20220227,1400,16691,11,25,3,4,0
2,20220227,1400,16696,30,46,0,1,0
2,20220227,1400,16698,8,48,2,3,0
1,20220305,1400,16611,17,14,4,2,0
1,20220305,1400,16612,7,1,3,1,0
1,20220305,1400,16614,16,13,2,2,0
1,20220305,1400,16617,37,40,0,5,0
2,20220305,1400,16701,46,23,0,2,0
2,20220305,1400,16703,4,11,5,0,0
2,20220305,1400,16704,24,8,1,0,0
2,20220305,1400,16706,25,47,3,2,0
1,20220306,1400,16613,5,26,0,0,0
1,20220306,1400,16615,21,18,1,0,0
1,20220306,1400,16616,9,15,0,6,0
1,20220306,1400,16618,19,44,1,0,0
2,20220306,1400,16699,48,6,4,0,0
2,20220306,1400,16700,0,28,4,1,0
2,20220306,1400,16702,42,30,1,0,0
2,20220306,1400,16705,36,45,2,1,0
1,20220312,1400,16619,17,7,1,0,0
1,20220312,1400,16621,15,5,2,2,0
1,20220312,1400,16622,44,21,2,1,0
1,20220312,1400,16623,1,37,4,1,0
1,20220312,1400,16624,40,9,1,0,0
1,20220312,1400,16625,13,19,1,1,0
2,20220312,1400,16707,8,25,1,0,0
2,20220312,1400,16708,6,24,1,1,0
1,20220313,1400,16620,26,16,0,3,0
1,20220313,1400,16626,14,18,0,0,0
2,20220313,1400,16709,30,0,1,1,0
2,20220313,1400,16710,47,4,2,1,0
2,20220313,1400,16711,23,45,1,0,0
2,20220313,1400,16712,46,42,2,2,0
2,20220313,1400,16713,11,36,4,4,0
2,20220313,1400,16714,28,48,1,3,0
1,20220319,1400,16627,37,17,1,7,0
1,20220319,1400,16631,21,13,1,4,0
1,20220319,1400,16632,16,15,1,1,0
2,20220319,1400,16716,24,28,1,1,0
2,20220319,1400,16717,42,23,3,1,0
2,20220319,1400,16718,48,30,0,3,1
2,20220319,1400,16720,4,8,2,0,0
2,20220319,1400,16721,0,46,2,0,0
2,20220319,1400,16722,36,47,0,1,0
1,20220320,1400,16628,7,14,2,0,0
1,20220320,1400,16629,9,1,3,4,0
1,20220320,1400,16630,19,26,4,2,0
1,20220320,1400,16633,5,40,2,0,0
1,20220320,1400,16634,18,44,2,4,0
2,20220320,1400,16715,25,6,2,2,0
2,20220320,1400,16719,45,11,6,4,0
1,20220326,1530,16636,1,5,1,1,0
1,20220326,1530,16637,26,21,1,0,0
1,20220326,1530,16638,7,37,6,1,0
1,20220326,1530,16641,13,18,2,0,0
2,20220326,1530,16724,30,24,2,1,0
2,20220326,1530,16726,6,4,0,0,0
2,20220326,1530,16728,47,45,4,0,0
2,20220326,1530,16730,46,48,0,3,0
1,20220327,1530,16635,40,16,0,1,0
1,20220327,1530,16639,17,9,8,0,0
1,20220327,1530,16640,15,19,2,2,0
1,20220327,1530,16642,14,44,0,3,0
2,20220327,1530,16723,28,25,1,2,0
2,20220327,1530,16725,42,0,1,4,0
2,20220327,1530,16727,23,11,0,1,0
2,20220327,1530,16729,8,36,0,2,0
1,20220402,1530,16643,5,17,0,3,0
1,20220402,1530,16644,9,7,3,5,0
1,20220402,1530,16646,16,1,2,2,0
1,20220402,1530,16647,18,26,0,1,0
1,20220402,1530,16648,44,13,2,0,0
2,20220402,1530,16731,36,6,2,2,0
2,20220402,1530,16733,0,23,5,1,0
2,20220402,1530,16736,48,42,2,0,0
1,20220403,1530,16645,37,14,0,3,0
1,20220403,1530,16649,21,15,1,2,0
1,20220403,1530,16650,19,40,1,4,0
2,20220403,1530,16732,4,28,2,3,0
2,20220403,1530,16734,25,30,4,0,0
2,20220403,1530,16735,45,8,3,0,1
2,20220403,1530,16737,24,46,0,1,0
2,20220403,1530,16738,11,47,1,6,0
1,20220409,1530,16653,40,21,4,0,0
1,20220409,1530,16656,14,13,1,3,0
1,20220409,1530,16657,15,18,0,3,0
1,20220409,1530,16658,26,44,0,0,0
2,20220409,1530,16740,42,24,1,1,0
2,20220409,1530,16741,30,4,2,1,0
2,20220409,1530,16743,6,45,1,1,0
2,20220409,1530,16745,23,47,0,2,0
1,20220410,1530,16651,17,16,4,0,0
1,20220410,1530,16652,7,5,3,2,0
1,20220410,1530,16654,37,9,1,3,0
1,20220410,1530,16655,1,19,0,3,0
2,20220410,1530,16739,46,25,1,1,0
2,20220410,1530,16742,8,11,4,3,0
2,20220410,1530,16744,28,36,1,0,0
2,20220410,1530,16746,0,48,5,1,0
1,20220416,1530,16659,19,17,3,1,0
1,20220416,1530,16660,16,7,1,2,0
1,20220416,1530,16662,21,1,2,1,0
1,20220416,1530,16663,5,37,3,0,0
2,20220416,1530,16749,45,28,2,3,0
2,20220416,1530,16752,47,8,3,1,0
2,20220416,1530,16753,25,42,2,0,0
2,20220416,1530,16754,4,46,0,1,0
1,20220417,1530,16661,9,14,2,1,0
1,20220417,1530,16664,13,26,3,0,0
1,20220417,1530,16665,44,15,3,1,0
1,20220417,1530,16666,18,40,2,0,0
2,20220417,1530,16747,24,0,1,3,0
2,20220417,1530,16748,11,6,2,4,0
2,20220417,1530,16750,48,23,2,1,0
2,20220417,1530,16751,36,30,3,1,0
1,20220422,2000,16670,7,19,1,1,0
1,20220423,1600,16667,37,16,2,4,0
2,20220423,1600,16755,0,25,4,1,0
2,20220423,1600,16756,48,24,1,5,0
2,20220423,1600,16757,42,4,3,1,0
2,20220423,1600,16758,28,11,5,1,0
2,20220423,1600,16759,23,8,1,0,0
2,20220423,1600,16760,30,45,4,0,0
2,20220423,1600,16761,46,36,0,2,0
2,20220423,1600,16762,6,47,0,1,0
1,20220424,1600,16668,9,5,1,2,0
1,20220424,1600,16669,17,21,8,3,0
1,20220424,1600,16671,14,26,1,0,0
1,20220424,1600,16672,15,13,1,0,0
1,20220424,1600,16673,1,18,1,1,0
1,20220424,1600,16674,40,44,1,0,0
1,20220429,1700,16675,18,17,1,4,0
1,20220429,1700,16679,19,37,2,1,0
1,20220429,1700,16680,16,9,3,1,0
1,20220429,1700,16682,13,40,2,3,0
2,20220429,1700,16764,8,6,3,6,0
2,20220429,1700,16767,11,30,2,2,0
1,20220430,1700,16676,21,7,0,2,0
1,20220430,1700,16677,5,14,2,1,0
1,20220430,1700,16678,44,1,1,1,0
1,20220430,1700,16681,26,15,0,2,0
2,20220430,1700,16763,4,0,0,3,1
2,20220430,1700,16765,47,28,2,0,0
2,20220430,1700,16766,24,23,1,0,0
2,20220430,1700,16768,36,42,2,0,0
2,20220430,1700,16769,45,46,1,0,0
2,20220430,1700,16770,25,48,1,1,0
1,20220506,1700,16683,5,16,1,1,0
1,20220506,1700,16690,17,44,4,2,0
1,20220507,1700,16684,37,21,0,7,0
1,20220507,1700,16685,9,19,1,4,0
1,20220507,1700,16686,40,26,4,0,0
1,20220507,1700,16687,1,13,4,0,0
1,20220507,1700,16688,7,18,3,0,0
2,20220507,1700,16771,24,25,0,1,0
2,20220507,1700,16776,42,45,6,3,0
2,20220507,1700,16777,0,36,2,2,0
2,20220507,1700,16778,30,47,2,1,0
1,20220508,1700,16689,14,15,1,1,0
2,20220508,1700,16772,23,6,1,1,0
2,20220508,1700,16774,46,11,1,0,0
2,20220508,1700,16775,28,8,4,0,0
1,20220922,1900,17557,14,7,2,3,0
1,20220923,1900,17563,44,19,0,0,0
2,20220923,1630,17677,25,37,3,1,0
1,20220924,1630,17556,48,5,2,0,0
1,20220924,1630,17561,18,0,2,1,0
2,20220924,1630,17679,45,28,1,5,0
2,20220924,1630,17680,49,42,1,2,0
2,20220924,1630,17683,50,24,1,1,0
1,20220925,1630,17558,13,16,3,2,0
1,20220925,1630,17560,21,1,2,2,0
1,20220925,1630,17562,40,15,1,0,0
2,20220925,1630,17676,23,6,1,2,0
2,20220925,1630,17678,51,26,2,2,0
2,20220925,1630,17681,52,46,1,3,0
2,20220925,1630,17682,9,2,2,1,0
1,20220926,1900,17559,17,47,3,2,0
1,20220930,1900,17571,5,44,0,2,0
1,20221001,1630,17565,16,14,2,0,0
1,20221001,1630,17566,47,13,4,0,0
1,20221001,1630,17569,15,18,0,0,0
2,20221001,1630,17688,46,49,3,4,0
2,20221001,1630,17689,2,52,6,2,0
2,20221001,1630,17690,24,9,0,2,0
2,20221001,1630,17691,6,50,1,2,0
1,20221002,1630,17567,1,17,1,2,0
1,20221002,1630,17568,0,21,3,2,0
1,20221002,1630,17570,19,40,1,1,0
2,20221002,1630,17684,37,23,2,1,0
2,20221002,1630,17685,26,25,2,0,0
2,20221002,1630,17686,28,51,2,1,0
2,20221002,1630,17687,42,45,4,1,0
1,20221003,1900,17564,7,48,0,0,0
1,20221007,1900,17575,17,0,5,1,0
1,20221008,1530,17572,48,16,1,0,0
1,20221008,1530,17574,13,1,1,2,0
1,20221008,1530,17576,21,15,0,1,0
2,20221008,1530,17692,23,26,2,2,0
2,20221008,1530,17696,49,2,0,1,0
2,20221008,1530,17697,52,24,0,5,0
2,20221008,1530,17699,37,6,0,1,0
1,20221009,1530,17573,14,47,1,0,0
1,20221009,1530,17577,18,19,2,3,0
1,20221009,1530,17578,40,44,2,0,0
2,20221009,1530,17693,25,28,1,3,0
2,20221009,1530,17694,51,42,1,0,0
2,20221009,1530,17695,45,46,1,0,0
2,20221009,1530,17698,9,50,1,1,0
1,20221010,1900,17579,7,5,1,0,0
1,20221014,1900,17583,15,17,1,5,0
1,20221015,1530,17580,47,48,2,5,0
1,20221015,1530,17581,1,14,3,2,0
1,20221015,1530,17584,19,21,3,0,0
2,20221015,1530,17700,28,23,1,1,0
2,20221015,1530,17701,42,25,2,4,0
2,20221015,1530,17702,46,51,0,7,0
2,20221015,1530,17703,2,45,4,0,0
2,20221015,1530,17706,6,9,1,1,0
1,20221016,1530,17582,0,13,0,0,0
1,20221016,1530,17585,44,18,2,1,0
1,20221016,1530,17586,5,40,2,0,0
1,20221016,1530,17587,16,7,0,7,0
2,20221016,1530,17704,24,49,1,1,0
2,20221016,1530,17705,50,52,3,1,0
2,20221016,1530,17707,26,37,1,0,0
1,20221021,1900,17593,18,40,0,0,0
1,20221022,1530,17589,14,0,3,0,0
1,20221022,1530,17591,17,19,0,0,0
1,20221022,1530,17592,21,44,0,1,0
1,20221022,1530,17594,7,47,5,1,0
2,20221022,1530,17709,25,46,0,0,0
2,20221022,1530,17710,51,2,2,0,0
2,20221022,1530,17713,52,9,1,1,0
2,20221022,1530,17715,26,6,1,0,0
1,20221023,1530,17588,48,1,3,1,0
1,20221023,1530,17590,13,15,1,3,0
1,20221023,1530,17595,16,5,1,5,0
2,20221023,1530,17708,23,42,4,3,0
2,20221023,1530,17711,45,24,0,1,0
2,20221023,1530,17712,49,50,2,2,0
2,20221023,1530,17714,37,28,0,1,0
1,20221029,1430,17596,0,48,0,1,0
1,20221029,1430,17601,5,18,7,1,0
1,20221029,1430,17602,1,7,0,1,0
2,20221029,1430,17717,2,25,0,3,0
2,20221029,1430,17719,50,45,3,0,0
2,20221029,1430,17720,9,49,2,4,0
2,20221029,1430,17722,42,37,1,2,0
1,20221030,1430,17597,15,14,2,0,0
1,20221030,1430,17598,19,13,3,0,0
1,20221030,1430,17599,44,17,1,1,0
1,20221030,1430,17600,40,21,2,0,0
1,20221030,1430,17603,47,16,3,0,0
2,20221030,1430,17716,46,23,1,1,0
2,20221030,1430,17718,24,51,4,2,0
2,20221030,1430,17721,6,52,4,3,0
2,20221030,1430,17723,28,26,0,4,0
1,20221104,1900,17605,14,19,1,3,0
1,20221105,1430,17606,13,44,2,4,0
1,20221105,1430,17607,17,40,0,1,0
1,20221105,1430,17609,7,0,5,0,0
1,20221105,1430,17610,16,1,1,2,0
2,20221105,1430,17724,23,2,3,1,0
2,20221105,1430,17726,51,50,2,1,0
2,20221105,1430,17727,45,9,0,4,0
2,20221105,1430,17728,49,52,5,1,0
2,20221105,1430,17731,28,6,1,0,0
1,20221106,1430,17604,48,15,3,1,0
1,20221106,1430,17608,21,18,2,1,0
1,20221106,1430,17611,47,5,0,3,0
2,20221106,1430,17725,25,24,5,1,0
2,20221106,1430,17729,37,46,3,0,0
2,20221106,1430,17730,26,42,1,1,0
1,20221111,1900,17615,18,17,1,2,0
1,20221112,1430,17612,19,48,2,1,0
1,20221112,1430,17614,40,13,0,0,0
1,20221112,1430,17616,5,21,1,1,0
1,20221112,1430,17617,15,7,1,2,0
2,20221112,1430,17732,24,23,2,2,0
2,20221112,1430,17735,52,45,0,1,0
2,20221112,1430,17736,6,49,1,1,0
2,20221112,1430,17737,2,37,1,0,0
2,20221112,1430,17738,46,26,0,2,0
2,20221112,1430,17739,42,28,0,0,0
1,20221113,1430,17613,44,14,1,0,0
1,20221113,1430,17618,0,16,1,2,0
1,20221113,1430,17619,1,47,0,0,0
2,20221113,1430,17733,50,25,1,1,0
2,20221113,1430,17734,9,51,1,2,0
1,20221118,1900,17623,17,21,1,0,0
1,20221119,1430,17620,48,44,3,3,0
1,20221119,1430,17621,14,40,1,4,0
1,20221119,1430,17624,7,19,6,0,0
2,20221119,1430,17740,23,50,0,3,0
2,20221119,1430,17741,25,9,0,2,0
2,20221119,1430,17743,45,49,1,2,0
2,20221119,1430,17746,28,46,1,0,0
1,20221120,1430,17622,13,18,1,1,0
1,20221120,1430,17625,16,15,0,1,0
1,20221120,1430,17627,1,5,1,3,0
2,20221120,1430,17742,51,52,13,0,0
2,20221120,1430,17744,37,24,1,2,0
2,20221120,1430,17745,26,2,2,1,0
2,20221120,1430,17747,42,6,0,5,0
1,20221121,1900,17626,47,0,0,0,0
1,20221125,1900,17632,44,7,0,2,0
1,20221126,1400,17628,40,48,3,0,0
1,20221126,1400,17629,18,14,1,0,0
1,20221126,1400,17634,15,47,2,1,0
2,20221126,1400,17749,52,25,1,1,0
2,20221126,1400,17750,49,51,0,5,0
2,20221126,1400,17752,50,37,3,1,0
2,20221126,1400,17755,46,42,2,3,0
1,20221127,1400,17630,21,13,0,1,0
1,20221127,1400,17633,19,16,6,1,0
2,20221127,1400,17748,9,23,1,1,0
2,20221127,1400,17751,6,45,2,0,0
2,20221127,1400,17753,24,26,2,1,0
2,20221127,1400,17754,2,28,0,0,0
1,20221128,1900,17631,5,17,2,2,0
1,20221128,1900,17635,0,1,1,0,0
1,20221203,1400,17637,14,21,2,0,0
1,20221203,1400,17639,7,40,3,2,0
1,20221203,1400,17640,16,44,1,1,0
1,20221203,1400,17641,47,19,1,3,0
1,20221203,1400,17642,1,15,0,4,0
2,20221203,1400,17756,23,52,5,3,0
2,20221203,1400,17758,51,45,4,0,0
2,20221203,1400,17760,26,50,1,2,0
2,20221203,1400,17761,28,24,2,1,0
1,20221204,1400,17636,48,18,5,2,0
1,20221204,1400,17638,13,17,2,3,0
1,20221204,1400,17643,0,5,0,2,0
2,20221204,1400,17757,25,49,5,0,0
2,20221204,1400,17759,37,9,3,0,0
2,20221204,1400,17762,42,2,5,2,0
2,20221204,1400,17763,46,6,2,5,0
1,20221210,1400,17646,5,13,2,2,0
1,20221210,1400,17647,18,7,2,6,0
1,20221210,1400,17648,40,16,4,0,0
1,20221210,1400,17650,19,1,5,1,0
2,20221210,1400,17766,6,51,0,3,0
2,20221210,1400,17767,52,37,0,1,0
2,20221210,1400,17768,9,26,1,3,0
2,20221210,1400,17770,24,42,3,0,0
1,20221211,1400,17644,21,48,0,3,0
1,20221211,1400,17645,17,14,1,0,0
1,20221211,1400,17649,44,47,1,0,0
1,20221211,1400,17651,15,0,2,0,0
2,20221211,1400,17764,49,23,1,2,0
2,20221211,1400,17765,45,25,2,2,0
2,20221211,1400,17769,50,28,3,2,0
2,20221211,1400,17771,2,46,1,1,0
1,20221217,1400,17655,16,18,2,4,0
1,20221217,1400,17656,47,40,1,1,0
1,20221217,1400,17657,1,44,0,2,0
1,20221217,1400,17659,15,5,1,1,0
2,20221217,1400,17772,23,45,2,0,0
2,20221217,1400,17773,25,51,2,3,0
2,20221217,1400,17774,37,49,1,0,0
2,20221217,1400,17775,26,52,10,3,0
2,20221217,1400,17778,46,24,0,6,0
1,20221218,1400,17652,48,17,3,3,0
1,20221218,1400,17653,14,13,3,4,0
1,20221218,1400,17654,7,21,3,2,0
1,20221218,1400,17658,0,19,1,2,0
2,20221218,1400,17776,28,9,0,3,0
2,20221218,1400,17777,42,50,0,4,0
2,20221218,1400,17779,2,6,4,1,0
1,20221222,1900,17664,18,47,3,3,0
1,20221223,1900,17661,5,14,2,0,0
1,20221223,1400,17663,21,16,4,3,0
1,20221223,1900,17666,44,0,1,1,0
2,20221223,1400,17781,6,25,2,2,0
2,20221223,1400,17782,45,37,1,1,0
2,20221223,1400,17783,49,26,1,0,0
2,20221223,1400,17786,50,46,0,0,0
1,20221224,1400,17660,13,48,0,4,0
1,20221224,1800,17662,17,7,0,2,0
1,20221224,1400,17665,40,1,1,0,0
1,20221224,1400,17667,19,15,1,0,0
2,20221224,1400,17780,51,23,2,1,0
2,20221224,1400,17784,52,28,1,0,0
2,20221224,1400,17785,9,42,3,2,0
2,20221224,1400,17787,24,2,2,0,0
1,20221228,1400,17669,7,13,3,1,0
1,20221228,1400,17673,0,40,0,5,0
1,20221228,1400,17675,19,5,3,2,0
2,20221228,1400,17791,28,49,0,0,0
2,20221228,1400,17792,42,52,7,1,0
2,20221228,1400,17794,2,50,3,1,0
2,20221228,1400,17795,24,6,1,1,0
1,20221229,1400,17668,48,14,0,0,0
1,20221229,1400,17670,16,17,2,2,0
1,20221229,1400,17671,47,21,0,3,0
1,20221229,1400,17672,1,18,4,1,0
1,20221229,1400,17674,15,44,1,2,0
2,20221229,1400,17788,23,25,0,2,0
2,20221229,1400,17789,37,51,0,3,0
2,20221229,1400,17790,26,45,2,1,0
2,20221229,1400,17793,46,9,2,1,0
1,20230128,1400,18226,7,14,1,0,0
1,20230128,1400,18227,1,21,4,2,0
1,20230128,1400,18228,0,18,0,0,0
2,20230128,1400,18242,6,23,0,0,0
2,20230128,1400,18243,24,50,1,2,0
2,20230128,1400,18244,46,52,2,1,0
2,20230128,1400,18245,2,9,3,0,0
1,20230129,1400,18229,47,17,1,4,0
1,20230129,1400,18230,16,13,1,1,0
1,20230129,1400,18231,15,40,0,0,0
1,20230129,1400,18232,19,44,3,1,0
2,20230129,1400,18246,28,45,2,0,0
2,20230129,1400,18247,37,25,0,3,0
2,20230129,1400,18248,42,49,3,0,0
2,20230129,1400,18249,26,51,2,1,0
1,20230204,1400,18235,21,0,0,3,0
1,20230204,1400,18236,40,19,2,4,0
1,20230204,1400,18237,18,15,1,3,0
1,20230204,1400,18238,13,47,0,1,0
1,20230204,1400,18239,14,16,1,0,0
2,20230204,1400,18250,23,37,0,0,0
2,20230204,1400,18251,25,26,2,0,0
2,20230204,1400,18252,45,42,3,3,0
2,20230204,1400,18253,50,6,0,2,0
1,20230205,1400,18240,44,5,1,1,0
1,20230205,1400,18241,17,1,3,2,0
2,20230205,1400,18255,9,24,1,5,0
2,20230205,1400,18256,52,2,1,3,0
2,20230205,1400,18257,49,46,1,1,0
2,20230222,1330,18254,51,28,2,3,0
1,20230225,1400,18343,47,14,1,1,0
2,20230225,1400,18350,28,25,1,1,0
2,20230225,1400,18351,26,23,1,0,0
2,20230225,1400,18352,46,45,1,2,0
2,20230225,1400,18353,24,52,7,0,0
1,20230226,1400,18344,15,21,1,0,0
1,20230226,1400,18345,19,18,3,0,0
1,20230226,1400,18346,1,13,1,2,0
1,20230226,1400,18347,44,40,2,3,0
2,20230226,1400,18354,6,37,3,2,0
2,20230226,1400,18355,50,9,0,0,0
2,20230226,1400,18356,2,49,1,2,0
2,20230226,1400,18357,42,51,2,4,0
1,20230227,1800,18348,0,17,3,1,0
1,20230227,1800,18349,5,7,2,0,0
1,20230304,1400,18382,14,1,1,2,0
1,20230304,1400,18383,21,19,0,1,0
1,20230304,1400,18384,18,44,2,3,0
1,20230304,1400,18385,7,16,4,3,0
2,20230304,1400,18389,49,24,1,3,0
2,20230304,1400,18390,9,6,1,2,0
2,20230304,1400,18391,23,28,4,2,0
2,20230304,1400,18392,51,46,2,0,0
1,20230305,1400,18386,40,5,4,3,0
1,20230305,1400,18387,13,0,5,3,0
1,20230305,1400,18388,17,15,1,1,0
2,20230305,1400,18393,52,50,2,2,0
2,20230305,1400,18394,45,2,0,0,0
2,20230305,1400,18395,37,26,0,3,0
2,20230305,1400,18396,25,42,1,1,0
1,20230310,1800,18422,0,14,0,3,0
1,20230310,1800,18425,5,16,5,0,0
1,20230311,1500,18423,19,17,2,3,0
1,20230311,1500,18424,47,7,0,4,0
2,20230311,1500,18443,28,37,0,1,0
2,20230311,1500,18444,2,51,0,1,0
2,20230311,1500,18445,50,49,2,2,0
1,20230312,1500,18427,44,21,3,0,0
1,20230312,1500,18428,15,13,0,0,0
2,20230312,1500,18446,24,45,5,0,0
2,20230312,1500,18447,42,23,1,3,0
2,20230312,1500,18448,46,25,0,5,0
2,20230312,1500,18449,6,26,1,2,0
2,20230312,1500,18450,9,52,1,2,0
1,20230318,1500,18429,21,40,1,1,0
1,20230318,1500,18430,17,44,3,2,0
2,20230318,1500,18451,51,24,2,2,0
2,20230318,1500,18452,52,6,0,3,0
2,20230318,1500,18453,25,2,2,0,0
2,20230318,1500,18454,49,9,1,1,0
2,20230318,1500,18455,45,50,2,4,0
2,20230318,1500,18456,37,42,1,0,0
1,20230319,1500,18431,16,47,2,2,0
1,20230319,1500,18432,18,5,1,2,0
1,20230319,1500,18433,7,1,5,0,0
1,20230319,1500,18434,13,19,3,0,0
1,20230319,1500,18435,14,15,2,0,0
2,20230319,1500,18457,26,28,2,2,0
2,20230319,1500,18458,23,46,4,2,0
2,20230321,1500,18459,24,25,0,1,0
2,20230321,1500,18460,9,45,4,1,0
2,20230321,1500,18461,52,49,4,2,0
2,20230321,1500,18462,50,51,1,2,0
1,20230322,1500,18426,40,18,1,2,0
2,20230322,1500,18463,46,37,1,1,0
2,20230322,1500,18464,6,28,1,2,0
2,20230322,1500,18465,2,23,2,1,0
2,20230322,1500,18466,42,26,2,1,0
1,20230325,1500,18436,0,7,2,5,0
1,20230325,1500,18437,5,47,4,0,0
1,20230325,1500,18438,19,14,3,0,0
2,20230325,1500,18467,51,9,1,2,0
2,20230325,1500,18468,45,52,5,1,0
2,20230325,1500,18469,25,50,2,2,0
1,20230326,1500,18439,1,16,1,1,0
1,20230326,1500,18440,18,21,2,3,0
1,20230326,1500,18441,40,17,2,1,0
1,20230326,1500,18442,44,13,1,0,0
2,20230326,1500,18470,26,46,2,3,0
2,20230326,1500,18471,23,24,1,4,0
2,20230326,1500,18472,49,6,0,1,0
2,20230326,1500,18473,37,2,1,0,0
2,20230326,1500,18474,28,42,1,0,0
1,20230401,1600,18661,16,0,0,3,0
1,20230401,1600,18662,7,15,3,0,0
1,20230401,1600,18665,13,40,1,2,0
2,20230401,1600,18689,9,25,0,0,0
2,20230401,1600,18690,46,28,0,2,0
2,20230401,1600,18691,24,37,2,1,0
2,20230401,1600,18693,6,42,4,1,0
2,20230401,1600,18694,52,51,1,3,0
1,20230402,1600,18663,21,5,2,3,0
1,20230402,1600,18664,14,44,0,1,0
1,20230402,1600,18666,47,1,0,1,0
1,20230402,1600,18667,17,18,0,1,0
2,20230402,1600,18692,2,26,2,0,0
2,20230402,1600,18695,50,23,1,0,0
2,20230402,1600,18696,49,45,1,1,0
1,20230405,1600,18668,21,17,3,2,0
1,20230405,1600,18669,19,7,1,2,0
1,20230405,1600,18670,40,14,4,0,0
1,20230405,1600,18671,15,16,3,2,0
1,20230405,1600,18672,5,1,0,1,0
1,20230405,1600,18673,18,13,0,2,0
1,20230405,1930,18674,0,47,1,1,0
2,20230407,2000,18771,37,50,1,2,0
1,20230408,1600,18743,16,19,1,3,0
1,20230408,1600,18744,14,18,3,2,0
1,20230408,1600,18745,47,15,3,2,0
2,20230408,1600,18772,26,24,2,3,0
2,20230408,1600,18773,45,6,1,4,0
2,20230408,1600,18774,25,52,5,0,0
2,20230408,1600,18775,42,46,4,0,0
2,20230408,1600,18776,51,49,3,0,0
2,20230408,1600,18777,28,2,3,0,0
2,20230408,1600,18778,23,9,1,1,0
1,20230409,1600,18746,17,5,1,1,0
1,20230409,1600,18747,1,0,2,1,0
1,20230409,1600,18748,13,21,1,0,0
1,20230410,2000,18749,7,44,2,1,0
2,20230412,1600,18779,49,25,0,1,0
2,20230412,1600,18780,6,46,4,1,0
2,20230412,1600,18781,45,51,3,2,0
2,20230412,1600,18782,9,37,3,0,0
2,20230412,1600,18783,24,28,1,0,0
2,20230412,1600,18784,52,23,2,3,0
2,20230412,1600,18785,50,26,5,1,0
2,20230412,1600,18786,2,42,1,1,0
1,20230415,1600,18750,44,16,3,0,0
1,20230415,1600,18751,5,0,3,0,0
1,20230415,1600,18752,17,13,1,2,0
1,20230415,1600,18753,15,1,1,1,0
2,20230415,1600,18787,46,2,0,2,0
2,20230415,1600,18789,23,49,2,1,0
1,20230416,1600,18754,40,7,2,2,0
1,20230416,1600,18755,21,14,3,1,0
1,20230416,1600,18756,19,47,4,0,0
2,20230416,1600,18790,42,24,4,0,0
2,20230416,1600,18791,51,6,1,0,0
2,20230416,1600,18792,25,45,4,2,0
2,20230416,1600,18793,37,52,9,2,0
2,20230416,1600,18794,28,50,2,1,0
2,20230417,2000,18788,26,9,3,0,0
1,20230418,1600,18823,13,5,1,2,0
1,20230418,1600,18824,0,15,2,1,0
1,20230419,1600,18825,14,17,3,4,0
1,20230419,1600,18826,7,18,1,0,0
1,20230419,1600,18827,16,40,1,3,0
1,20230419,1600,18828,47,44,2,1,0
1,20230419,1600,18829,1,19,1,1,0
2,20230422,1630,18837,51,25,3,3,0
2,20230422,1630,18838,49,37,0,1,0
2,20230422,1630,18839,45,23,4,1,0
2,20230422,1630,18840,52,26,1,4,0
2,20230422,1630,18841,24,46,5,1,0
2,20230422,1630,18842,6,2,2,1,0
2,20230422,1630,18843,9,28,2,1,0
2,20230422,1630,18844,50,42,1,2,0
1,20230423,1630,18830,18,16,6,1,0
1,20230423,1630,18831,44,1,1,1,0
1,20230423,1630,18832,40,47,3,2,0
1,20230423,1630,18833,21,7,2,3,0
1,20230423,1630,18834,13,14,4,2,0
1,20230423,1630,18835,19,0,2,0,0
1,20230424,1930,18836,5,15,4,1,0
1,20230429,1630,18870,47,18,0,2,0
1,20230429,1630,18871,14,5,2,5,0
1,20230429,1630,18872,16,21,1,2,0
1,20230429,1630,18873,0,44,4,3,0
1,20230429,1630,18874,7,17,4,0,0
1,20230429,1630,18875,15,19,1,0,0
1,20230430,1630,18876,1,40,1,2,0
2,20230430,1630,18877,25,6,0,0,0
2,20230430,1630,18878,37,45,4,0,0
2,20230430,1630,18879,46,50,3,3,0
2,20230430,1630,18880,26,49,1,2,0
2,20230430,1630,18881,2,24,1,0,0
2,20230430,1630,18882,42,9,2,2,0
2,20230430,1630,18883,28,52,4,1,0
2,20230430,1630,18884,23,51,5,0,0
1,20230506,1630,18916,13,7,3,4,0
1,20230506,1630,18919,44,15,2,1,0
2,20230506,1630,18931,50,2,1,1,0
2,20230506,1630,18933,52,42,4,5,0
2,20230506,1630,18934,51,37,4,1,0
2,20230506,1630,18935,25,23,6,0,0
2,20230506,1630,18936,45,26,3,0,0
2,20230506,1630,18937,9,46,2,1,0
1,20230507,1630,18918,40,0,5,3,0
1,20230507,1630,18920,5,19,2,0,0
1,20230507,1630,18921,18,1,2,0,0
1,20230507,1630,18922,21,47,0,3,0
2,20230508,1630,18930,6,24,0,7,0
2,20230508,1630,18932,49,28,1,0,0
1,20230509,1630,18917,17,16,3,1,0
1,20230921,1900,19348,7,0,7,1,0
1,20230922,1900,19349,15,44,0,1,0
1,20230923,1630,19351,18,24,3,0,0
1,20230923,1630,19352,1,47,1,2,0
2,20230923,1630,19356,37,11,1,0,0
2,20230923,1630,19357,28,9,0,0,0
2,20230923,1630,19358,25,49,1,1,0
2,20230923,1630,19359,2,6,0,1,0
2,20230923,1630,19360,42,33,4,4,0
1,20230924,1630,19353,17,50,3,1,0
1,20230924,1630,19354,13,5,1,2,0
1,20230924,1630,19355,40,19,0,1,0
2,20230924,1630,19361,23,10,2,2,0
2,20230924,1630,19362,16,21,2,0,0
2,20230924,1630,19363,26,48,0,5,0
1,20230925,1900,19350,14,51,0,0,0
1,20230929,1900,19371,0,15,0,1,0
1,20230930,1630,19366,24,13,2,3,0
1,20230930,1630,19367,19,18,4,3,0
2,20230930,1630,19476,11,23,1,2,0
2,20230930,1630,19479,21,25,0,0,0
2,20230930,1630,19480,6,16,0,4,0
2,20230930,1630,19481,48,2,5,1,0
1,20231001,1630,19365,5,17,2,2,0
1,20231001,1630,19368,47,40,3,0,0
1,20231001,1630,19369,51,1,6,1,0
1,20231001,1630,19370,44,14,3,1,0
2,20231001,1630,19477,9,37,0,0,0
2,20231001,1630,19478,49,28,2,2,0
2,20231001,1630,19482,33,26,2,1,0
2,20231001,1630,19483,10,42,2,1,0
1,20231002,1900,19364,50,7,0,5,0
1,20231006,1900,19373,17,24,4,3,0
1,20231007,1500,19374,13,19,0,1,0
1,20231007,1500,19376,40,51,2,0,0
1,20231007,1500,19377,1,44,1,3,0
2,20231007,1500,19484,23,9,2,1,0
2,20231007,1500,19485,37,49,0,1,0
2,20231007,1500,19490,26,42,0,1,0
2,20231007,1500,19491,11,10,5,0,0
1,20231008,1500,19378,14,15,0,0,0
1,20231008,1500,19379,50,0,2,3,0
2,20231008,1500,19486,28,21,3,1,0
2,20231008,1500,19487,25,6,2,0,0
2,20231008,1500,19488,16,48,1,4,0
2,20231008,1500,19489,2,33,3,1,0
1,20231009,1900,19372,7,5,3,1,0
1,20231009,1900,19375,18,47,5,2,0
1,20231014,1500,19384,44,40,2,1,0
1,20231014,1500,19385,15,1,3,2,0
1,20231014,1500,19386,0,14,3,0,0
2,20231014,1500,19492,49,23,3,1,0
2,20231014,1500,19494,6,28,1,2,0
2,20231014,1500,19495,48,25,2,2,0
2,20231014,1500,19496,33,16,0,4,0
2,20231014,1500,19498,10,26,3,1,0
1,20231015,1500,19380,24,7,1,3,0
1,20231015,1500,19381,19,17,5,1,0
1,20231015,1500,19383,51,18,0,0,0
1,20231015,1500,19387,5,50,6,0,0
2,20231015,1500,19493,21,37,1,1,0
2,20231015,1500,19497,42,2,0,0,0
2,20231015,1500,19499,9,11,0,3,0
1,20231016,1900,19382,47,13,2,1,0
1,20231021,1500,19388,7,19,1,2,0
1,20231021,1500,19391,18,44,0,3,0
1,20231021,1500,19392,40,15,1,0,0
1,20231021,1500,19395,5,0,2,0,0
2,20231021,1500,19500,23,21,3,5,0
2,20231021,1500,19502,28,48,0,2,0
2,20231021,1500,19504,16,42,3,1,0
2,20231021,1500,19505,2,26,1,0,0
1,20231022,1500,19389,17,47,2,0,0
1,20231022,1500,19390,13,51,2,3,0
1,20231022,1500,19393,1,14,2,2,0
2,20231022,1500,19501,37,6,2,3,0
2,20231022,1500,19503,25,33,2,1,0
2,20231022,1500,19506,11,49,2,2,0
2,20231022,1500,19507,9,10,1,0,0
1,20231023,1900,19394,50,24,4,1,0
1,20231028,1400,19399,15,18,0,1,0
1,20231028,1400,19400,14,40,2,4,0
1,20231028,1400,19402,19,50,3,1,0
1,20231028,1400,19403,24,5,0,4,0
2,20231028,1400,19508,6,23,2,2,0
2,20231028,1400,19509,48,37,3,0,0
2,20231028,1400,19511,42,25,0,1,0
2,20231028,1400,19514,21,11,0,0,0
1,20231029,1400,19396,47,7,1,5,0
1,20231029,1400,19397,51,17,1,5,0
1,20231029,1400,19398,44,13,3,0,0
2,20231029,1400,19510,33,28,2,1,0
2,20231029,1400,19512,26,16,2,1,0
2,20231029,1400,19513,10,2,2,2,0
2,20231029,1400,19515,49,9,1,1,0
1,20231030,1900,19401,0,1,2,0,0
1,20231103,1900,19410,5,19,0,2,0
1,20231104,1400,19404,7,51,3,1,0
1,20231104,1400,19405,17,44,1,4,0
1,20231104,1400,19406,13,15,2,2,0
1,20231104,1400,19409,50,47,2,1,0
2,20231104,1400,19516,23,48,0,0,0
2,20231104,1400,19517,37,33,2,1,0
2,20231104,1400,19522,9,21,0,1,0
2,20231104,1400,19523,49,10,0,0,0
1,20231105,1400,19407,18,14,3,1,0
1,20231105,1400,19408,40,1,1,2,0
1,20231105,1400,19411,24,0,1,1,0
2,20231105,1400,19518,28,42,3,1,0
2,20231105,1400,19519,25,26,3,0,0
2,20231105,1400,19520,16,2,5,1,0
2,20231105,1400,19521,11,6,2,1,0
1,20231110,1900,19418,47,5,1,1,0
1,20231111,1400,19413,15,17,2,0,0
1,20231111,1400,19415,1,18,1,1,0
1,20231111,1400,19417,51,50,2,2,0
2,20231111,1400,19525,42,37,3,0,0
2,20231111,1400,19526,26,28,1,3,0
2,20231111,1400,19528,10,16,0,0,0
2,20231111,1400,19531,21,49,2,0,0
1,20231112,1400,19414,14,13,1,2,0
1,20231112,1400,19416,0,40,4,0,0
1,20231112,1400,19419,19,24,4,0,0
2,20231112,1400,19524,33,23,4,1,0
2,20231112,1400,19527,2,25,0,3,0
2,20231112,1400,19529,48,11,0,1,0
2,20231112,1400,19530,6,9,3,0,0
1,20231113,1900,19412,44,7,1,3,0
1,20231117,1900,19425,5,51,1,1,0
1,20231118,1400,19421,17,14,4,2,0
1,20231118,1400,19426,24,47,2,6,0
1,20231118,1400,19427,19,0,2,1,0
2,20231118,1400,19535,25,16,1,0,0
2,20231118,1400,19536,11,33,2,3,0
2,20231118,1400,19537,9,48,0,2,0
2,20231118,1400,19538,49,6,3,3,0
1,20231119,1400,19420,7,15,4,1,0
1,20231119,1400,19422,13,1,2,0,0
1,20231119,1400,19423,18,40,3,1,0
1,20231119,1400,19424,50,44,0,3,0
2,20231119,1400,19532,23,42,1,1,0
2,20231119,1400,19533,37,26,1,1,0
2,20231119,1400,19534,28,2,0,1,0
2,20231119,1400,19539,21,10,1,1,0
1,20231124,1900,19431,0,18,1,1,0
1,20231125,1400,19429,1,17,3,2,0
1,20231125,1400,19430,40,13,1,0,0
1,20231125,1400,19432,15,50,3,1,0
2,20231125,1400,19541,2,37,4,3,0
2,20231125,1400,19543,10,25,2,1,0
2,20231125,1400,19544,42,11,3,0,0
2,20231125,1400,19545,33,9,1,1,0
1,20231126,1400,19428,14,7,1,8,0
1,20231126,1400,19434,51,24,3,2,0
1,20231126,1400,19435,47,19,2,4,0
2,20231126,1400,19540,26,23,1,2,0
2,20231126,1400,19542,16,28,1,2,0
2,20231126,1400,19546,48,49,2,0,0
2,20231126,1400,19547,6,21,2,1,0
1,20231127,1900,19433,44,5,3,2,0
1,20231201,1900,19437,17,40,2,1,0
1,20231202,1400,19436,7,1,4,0,0
1,20231202,1400,19439,50,14,1,2,0
1,20231202,1400,19440,5,15,3,0,0
1,20231202,1400,19442,19,51,1,1,0
2,20231202,1400,19548,23,2,0,1,0
2,20231202,1400,19550,28,25,1,3,0
2,20231202,1400,19555,6,10,0,0,0
1,20231203,1400,19438,13,18,1,3,0
1,20231203,1400,19441,24,44,1,8,0
1,20231203,1400,19443,47,0,2,1,0
2,20231203,1400,19549,37,16,1,5,0
2,20231203,1400,19551,11,26,1,0,0
2,20231203,1400,19552,9,42,3,1,0
2,20231203,1400,19553,49,33,4,1,0
2,20231203,1400,19554,21,48,1,2,0
1,20231208,1900,19448,14,5,0,3,0
1,20231209,1400,19444,40,7,0,9,0
1,20231209,1400,19446,0,13,2,3,0
1,20231209,1400,19451,51,47,4,3,0
2,20231209,1400,19556,16,23,1,1,0
2,20231209,1400,19560,26,9,1,3,0
2,20231209,1400,19562,33,21,2,3,0
1,20231210,1400,19445,18,17,3,1,0
1,20231210,1400,19447,1,50,2,4,0
1,20231210,1400,19449,15,24,3,1,0
2,20231210,1400,19557,25,37,2,1,0
2,20231210,1400,19558,10,28,2,3,0
2,20231210,1400,19559,2,11,1,1,0
2,20231210,1400,19561,42,49,1,1,0
2,20231210,1400,19563,48,6,3,0,0
1,20231211,1900,19450,44,19,0,3,0
1,20231216,1400,19453,17,13,0,2,0
1,20231216,1400,19454,50,40,3,2,0
1,20231216,1400,19456,24,14,4,3,0
1,20231216,1400,19459,51,0,2,3,0
2,20231216,1400,19565,37,28,0,4,0
2,20231216,1400,19566,11,16,2,0,0
2,20231216,1400,19568,49,26,1,0,0
2,20231216,1400,19571,48,10,4,1,0
1,20231217,1400,19452,7,18,2,0,0
1,20231217,1400,19455,5,1,2,1,0
1,20231217,1400,19457,19,15,3,1,0
1,20231217,1400,19458,47,44,2,3,0
2,20231217,1400,19564,23,25,1,1,0
2,20231217,1400,19567,9,2,1,1,0
2,20231217,1400,19569,21,42,0,0,0
2,20231217,1400,19570,6,33,5,2,0
1,20231222,1900,19461,0,17,2,2,0
1,20231222,1900,19465,14,19,1,4,0
1,20231222,1900,19466,15,47,0,3,0
1,20231222,1900,19467,44,51,2,2,0
1,20231223,1400,19460,13,7,0,2,0
1,20231223,1400,19462,18,50,3,1,0
1,20231223,1400,19463,40,5,3,0,1
1,20231223,1400,19464,1,24,3,4,0
2,20231223,1400,19572,28,23,0,0,0
2,20231223,1400,19573,10,37,0,0,0
2,20231223,1400,19574,25,11,3,0,0
2,20231223,1400,19576,2,49,0,0,0
2,20231223,1400,19579,33,48,1,3,0
2,20231224,1400,19575,16,9,2,0,0
2,20231224,1400,19577,26,21,0,2,0
2,20231224,1400,19578,42,6,2,2,0
2,20231227,1400,19581,11,28,7,1,0
1,20231228,1400,19470,5,18,1,0,0
1,20231228,1400,19473,47,14,4,2,0
1,20231228,1400,19475,44,0,3,1,0
2,20231228,1400,19580,23,37,1,1,0
2,20231228,1400,19582,9,25,2,1,0
2,20231228,1400,19584,21,2,2,1,0
1,20231229,1400,19468,7,17,1,3,0
1,20231229,1400,19469,50,13,1,1,0
1,20231229,1400,19471,24,40,0,2,0
1,20231229,1400,19472,19,1,1,0,0
1,20231229,1400,19474,51,15,2,0,0
2,20231229,1400,19583,49,16,3,2,0
2,20231229,1400,19585,6,26,0,0,0
2,20231229,1400,19586,48,42,3,0,0
2,20231229,1400,19587,33,10,3,4,0
1,20240126,1800,20182,47,1,1,3,0
1,20240127,1400,20183,19,40,3,0,0
1,20240127,1400,20184,24,18,0,3,0
1,20240127,1400,20185,51,14,2,1,0
2,20240127,1400,20198,11,37,4,1,0
2,20240127,1400,20199,6,2,2,1,0
2,20240127,1400,20200,33,42,2,0,0
2,20240127,1400,20201,49,25,1,1,0
2,20240127,1400,20202,48,26,2,0,0
1,20240128,1400,20186,5,13,4,2,0
1,20240128,1400,20187,44,15,1,0,0
1,20240128,1400,20188,50,17,4,2,0
2,20240128,1400,20203,9,28,0,1,0
2,20240128,1400,20204,21,16,2,0,0
2,20240128,1400,20205,10,23,1,1,0
1,20240129,1800,20189,0,7,1,2,0
1,20240202,1800,20190,18,19,0,1,0
1,20240203,1400,20191,13,24,5,0,0
1,20240203,1400,20192,40,47,0,1,0
1,20240203,1400,20193,1,51,0,3,0
2,20240203,1400,20206,37,9,1,2,0
2,20240203,1400,20207,42,10,2,3,0
2,20240203,1400,20208,26,33,2,2,0
2,20240203,1400,20209,25,21,0,1,0
1,20240204,1400,20194,15,0,0,5,0
1,20240204,1400,20195,7,50,5,0,0
1,20240204,1400,20196,14,44,2,11,0
2,20240204,1400,20210,28,49,1,1,0
2,20240204,1400,20211,16,6,2,1,0
2,20240204,1400,20212,23,11,0,1,0
2,20240204,1400,20213,2,48,0,6,0
1,20240205,1800,20197,17,5,1,1,0
1,20240209,1800,20286,0,50,1,1,0
1,20240210,1400,20287,44,1,3,0,0
1,20240210,1400,20288,47,18,1,1,0
1,20240210,1400,20289,24,17,0,2,0
1,20240210,1400,20290,5,7,1,2,0
1,20240210,1400,20291,15,14,3,0,0
1,20240210,1400,20292,19,13,3,1,0
1,20240210,1400,20293,51,40,4,0,0
2,20240210,1400,20302,48,16,2,0,0
2,20240210,1400,20303,21,28,2,2,0
2,20240211,1400,20304,6,25,3,1,0
2,20240211,1400,20305,49,37,3,1,0
2,20240211,1400,20306,33,2,4,1,0
2,20240211,1400,20307,9,23,3,0,0
2,20240211,1400,20308,42,26,1,0,0
2,20240211,1400,20309,10,11,0,2,0
1,20240217,1400,20294,14,0,0,5,0
2,20240217,1400,20310,11,9,1,2,0
2,20240217,1400,20311,26,10,3,1,0
2,20240217,1400,20312,2,42,3,2,0
2,20240217,1400,20313,16,33,3,0,0
2,20240217,1400,20314,23,49,1,1,0
1,20240218,1400,20295,50,5,1,1,0
1,20240218,1400,20296,1,15,2,1,0
1,20240218,1400,20297,40,44,1,1,0
1,20240218,1400,20298,13,47,1,0,0
1,20240218,1400,20299,7,24,7,1,0
1,20240218,1400,20300,17,19,0,3,0
2,20240218,1400,20315,37,21,1,0,0
2,20240218,1400,20316,28,6,1,0,0
2,20240218,1400,20317,25,48,0,4,0
1,20240219,1800,20301,18,51,2,1,0
1,20240223,1800,20424,15,40,1,1,0
1,20240224,1400,20425,47,17,0,0,0
1,20240224,1400,20426,19,7,0,1,0
1,20240224,1400,20427,24,50,1,4,0
2,20240224,1400,20432,42,16,0,3,0
2,20240224,1400,20433,26,2,0,2,0
2,20240224,1400,20434,10,9,1,4,0
2,20240224,1400,20435,21,23,1,0,0
2,20240224,1400,20436,33,25,3,4,0
1,20240225,1400,20428,14,1,0,1,0
1,20240225,1400,20429,51,13,2,3,0
1,20240225,1400,20430,44,18,4,3,0
1,20240225,1400,20431,0,5,3,0,0
2,20240225,1400,20437,6,37,0,0,0
2,20240225,1400,20438,48,28,2,0,0
2,20240225,1400,20439,49,11,2,1,0
1,20240301,1800,20456,17,51,0,3,0
2,20240301,1800,20520,37,48,0,1,0
1,20240302,1400,20457,5,24,2,4,0
1,20240302,1400,20458,50,19,1,2,0
1,20240302,1400,20459,18,15,1,1,0
1,20240302,1400,20460,13,44,3,1,0
1,20240302,1400,20461,7,47,5,2,0
2,20240302,1400,20521,9,49,1,0,0
2,20240302,1400,20522,23,6,0,0,0
1,20240303,1400,20462,40,14,3,1,0
1,20240303,1400,20463,1,0,2,0,0
2,20240303,1400,20523,16,26,7,1,0
2,20240303,1400,20525,2,10,2,2,0
2,20240303,1400,20526,25,42,0,1,0
2,20240303,1400,20527,28,33,4,2,0
2,20240304,1800,20524,11,21,2,2,0
1,20240308,1800,20467,47,50,1,5,0
1,20240309,1400,20464,0,24,4,1,0
1,20240309,1400,20465,15,13,1,1,0
1,20240309,1400,20466,1,40,0,2,0
2,20240309,1400,20528,26,25,0,1,0
2,20240309,1400,20529,42,28,1,1,0
2,20240309,1400,20530,2,16,0,1,0
2,20240309,1400,20531,6,11,2,1,0
2,20240309,1400,20535,33,37,5,1,0
1,20240310,1400,20468,51,7,1,3,0
1,20240310,1400,20469,19,5,4,2,0
1,20240310,1400,20470,14,18,1,4,0
1,20240310,1400,20471,44,17,2,1,0
2,20240310,1400,20532,10,49,0,2,0
2,20240310,1400,20533,21,9,0,1,0
2,20240310,1400,20534,48,23,0,0,0
1,20240315,1800,20472,18,1,4,2,0
1,20240315,1800,20473,7,44,2,1,0
1,20240316,1400,20474,24,19,0,1,0
1,20240316,1400,20475,17,15,1,3,0
1,20240316,1400,20476,5,47,2,1,0
1,20240316,1400,20477,50,51,2,3,0
2,20240316,1400,20536,49,21,1,0,0
2,20240316,1400,20537,28,26,2,0,0
2,20240316,1400,20538,11,48,2,4,0
2,20240316,1400,20540,25,2,1,0,0
2,20240316,1400,20541,16,10,5,5,0
1,20240317,1400,20478,13,14,6,1,0
1,20240317,1400,20479,40,0,2,3,0
2,20240317,1400,20539,9,6,2,1,0
2,20240317,1400,20542,37,42,3,2,0
2,20240317,1400,20543,23,33,3,3,0
1,20240323,1400,20480,47,24,1,1,0
1,20240323,1400,20481,1,13,1,0,0
2,20240323,1400,20544,26,37,1,2,0
2,20240323,1400,20545,2,28,2,3,0
2,20240323,1400,20546,42,23,0,0,0
2,20240323,1400,20547,33,11,0,3,0
2,20240323,1400,20548,10,21,1,2,0
2,20240323,1400,20549,6,49,1,0,0
1,20240324,1400,20482,40,18,1,2,0
1,20240324,1400,20483,14,17,0,3,0
1,20240324,1400,20484,15,7,0,2,0
1,20240324,1400,20485,51,5,0,3,0
1,20240324,1400,20486,44,50,2,4,0
2,20240324,1400,20550,16,25,1,2,0
2,20240324,1400,20551,48,9,2,0,0
1,20240325,1800,20487,0,19,1,4,0
1,20240330,1500,20777,7,14,5,0,0
1,20240330,1500,20778,18,0,2,5,0
1,20240330,1500,20779,5,44,5,1,0
1,20240330,1500,20780,24,51,2,2,0
1,20240330,1500,20781,19,47,2,1,0
2,20240330,1500,20809,9,33,5,3,0
2,20240330,1500,20810,49,48,0,0,0
2,20240330,1500,20811,21,6,3,2,0
1,20240331,1500,20782,17,1,1,0,0
1,20240331,1500,20783,13,40,3,1,0
1,20240331,1500,20784,50,15,2,1,0
2,20240331,1500,20812,23,26,5,1,0
2,20240331,1500,20813,37,2,0,3,0
2,20240331,1500,20814,28,16,0,1,0
2,20240331,1500,20815,25,10,2,2,0
2,20240331,1500,20816,11,42,3,5,0
1,20240406,1600,20785,40,17,1,3,0
1,20240406,1600,20786,14,50,0,3,0
1,20240406,1600,20787,15,5,1,0,0
1,20240406,1600,20788,0,47,1,0,0
2,20240406,1600,20817,2,23,1,5,0
2,20240406,1600,20818,26,11,1,2,0
2,20240406,1600,20819,42,9,2,0,0
2,20240406,1600,20820,48,21,2,0,0
1,20240407,1600,20790,18,13,3,0,0
1,20240407,1600,20792,51,19,2,1,0
2,20240407,1600,20821,16,37,4,1,0
2,20240407,1600,20822,25,28,1,0,0
2,20240407,1600,20823,33,49,3,1,0
2,20240407,1600,20824,10,6,2,1,0
1,20240408,1600,20789,1,7,0,5,0
1,20240409,1600,20791,44,24,4,0,0
1,20240413,1930,20852,17,18,0,1,0
1,20240413,1600,20853,7,40,4,0,0
1,20240413,1600,20854,13,0,1,5,0
1,20240413,1600,20855,50,1,0,2,0
1,20240413,1600,20856,5,14,4,0,0
1,20240413,1600,20857,24,15,1,4,0
1,20240413,1600,20858,19,44,2,0,0
1,20240413,1600,20859,47,51,3,4,0
2,20240414,1600,20876,23,16,2,3,0
2,20240414,1600,20877,37,25,0,0,0
2,20240414,1600,20878,28,10,2,1,0
2,20240414,1600,20879,11,2,1,0,0
2,20240414,1600,20880,9,26,4,4,0
2,20240414,1600,20881,49,42,3,0,0
2,20240414,1600,20882,21,33,2,1,0
2,20240414,1600,20883,6,48,0,1,0
1,20240420,1600,20861,13,17,3,1,0
1,20240420,1600,20862,14,24,1,4,0
2,20240420,1600,20884,25,23,0,1,0
2,20240420,1600,20885,28,37,1,1,0
2,20240420,1600,20886,16,11,1,2,0
2,20240420,1600,20887,2,9,3,0,0
2,20240420,1600,20888,26,49,1,1,0
2,20240420,1600,20889,42,21,3,3,0
2,20240420,1600,20890,33,6,2,0,0
2,20240420,1600,20891,10,48,1,2,0
1,20240421,1600,20860,18,7,1,1,0
1,20240421,1600,20863,40,50,2,0,0
1,20240421,1600,20864,1,5,0,4,0
1,20240421,1600,20865,15,19,2,0,0
1,20240421,1600,20866,44,47,0,3,0
1,20240422,1930,20867,0,51,0,3,0
1,20240427,1600,20868,7,13,7,0,0
1,20240427,1600,20869,50,18,1,0,0
1,20240427,1600,20870,5,40,4,0,0
1,20240427,1600,20871,24,1,1,2,0
1,20240427,1600,20872,19,14,9,0,0
1,20240427,1600,20873,47,15,1,1,0
1,20240427,1600,20874,51,44,6,2,0
1,20240428,1600,20875,17,0,2,3,0
2,20240428,1600,20892,23,28,0,0,0
2,20240428,1600,20893,37,10,1,2,0
2,20240428,1600,20894,11,25,2,2,0
2,20240428,1600,20895,9,16,3,1,0
2,20240428,1600,20896,49,2,4,0,0
2,20240428,1600,20897,21,26,0,3,0
2,20240428,1600,20898,6,42,3,3,0
2,20240428,1600,20899,48,33,4,0,0
1,20240502,1900,20963,0,44,3,2,0
1,20240504,1600,20956,14,47,1,7,0
1,20240504,1600,20957,17,7,1,1,0
1,20240504,1600,20958,40,24,4,1,0
1,20240504,1600,20959,1,19,1,0,0
1,20240504,1600,20960,13,50,0,3,1
1,20240504,1600,20961,15,51,2,0,0
1,20240504,2000,20962,18,5,4,2,0
2,20240505,1600,20972,28,11,1,1,0
2,20240505,1600,20973,2,21,2,2,0
2,20240505,1600,20974,25,9,0,0,0
2,20240505,1600,20975,37,23,0,2,0
2,20240505,1600,20976,26,6,0,1,0
2,20240505,1600,20977,10,33,1,1,0
2,20240505,1600,20978,42,48,2,7,0
2,20240505,1600,20979,16,49,4,2,0
1,20240919,1900,21265,5,19,3,1,0
1,20240920,1900,21270,18,7,1,2,0
1,20240921,1630,21269,51,13,1,2,0
1,20240921,1630,21271,30,0,2,1,0
1,20240921,1630,21272,15,40,2,1,0
2,20240921,1630,21389,29,41,1,3,0
2,20240921,1630,21391,11,14,0,2,0
2,20240921,1630,21392,49,9,2,0,0
1,20240922,1630,21266,25,16,1,0,0
1,20240922,1630,21268,44,47,1,4,0
2,20240922,1630,21385,28,21,2,2,0
2,20240922,1630,21386,1,53,1,1,0
2,20240922,1630,21387,2,42,5,1,0
2,20240922,1630,21388,33,23,2,1,0
2,20240922,1630,21390,24,6,2,2,0
1,20240923,1900,21267,17,48,2,1,0
1,20240927,1900,21278,0,18,3,3,0
1,20240928,1630,21273,16,5,2,4,0
1,20240928,1630,21276,13,44,2,3,0
1,20240928,1630,21277,7,51,4,0,0
2,20240928,1630,21393,53,28,1,1,0
2,20240928,1630,21395,23,2,4,1,0
2,20240928,1630,21397,6,29,4,1,0
2,20240928,1630,21400,21,49,1,2,0
1,20240929,1630,21274,48,25,1,0,0
1,20240929,1630,21279,40,30,3,1,0
1,20240929,1630,21280,19,15,2,1,0
2,20240929,1630,21394,42,1,0,7,0
2,20240929,1630,21396,41,33,1,0,0
2,20240929,1630,21398,14,24,1,2,0
2,20240929,1630,21399,9,11,3,1,0
1,20240930,1900,21275,47,17,4,1,0
1,20241004,1900,21284,44,7,1,6,0
1,20241005,1530,21282,25,47,0,1,0
1,20241005,1530,21285,51,0,2,1,0
1,20241005,1530,21286,18,40,1,1,0
2,20241005,1530,21401,28,42,1,2,0
2,20241005,1530,21402,1,23,5,0,0
2,20241005,1530,21404,33,6,3,1,0
2,20241005,1530,21406,24,9,4,0,0
1,20241006,1530,21283,17,13,0,2,0
1,20241006,1530,21287,30,15,1,2,0
1,20241006,1530,21288,16,19,2,3,0
2,20241006,1530,21403,2,41,3,0,0
2,20241006,1530,21405,29,14,1,1,0
2,20241006,1530,21407,11,49,1,3,0
2,20241006,1530,21408,53,21,0,2,0
1,20241007,1900,21281,5,48,2,0,0
1,20241011,1900,21292,0,44,4,1,0
1,20241012,1530,21290,13,25,0,0,0
1,20241012,1530,21294,15,18,2,0,0
1,20241012,1530,21295,19,30,2,1,0
2,20241012,1530,21410,41,1,0,1,0
2,20241012,1530,21412,14,33,2,0,0
2,20241012,1530,21415,21,11,3,1,0
2,20241012,1530,21416,42,53,0,1,0
1,20241013,1530,21289,47,5,0,1,0
1,20241013,1530,21291,7,17,1,1,0
1,20241013,1530,21293,40,51,3,1,0
2,20241013,1530,21409,23,28,2,1,0
2,20241013,1530,21411,6,2,0,0,0
2,20241013,1530,21413,9,29,5,0,0
2,20241013,1530,21414,49,24,1,1,0
1,20241014,1900,21296,48,16,2,0,0
1,20241019,1530,21297,5,13,2,0,0
1,20241019,1530,21300,44,40,1,3,0
1,20241019,1530,21301,51,15,1,2,0
1,20241019,1530,21302,18,30,0,0,0
2,20241019,1530,21418,1,6,2,2,0
2,20241019,1530,21420,33,9,5,2,0
2,20241019,1530,21422,24,11,2,0,0
1,20241020,1530,21298,25,7,3,2,0
1,20241020,1530,21303,16,47,1,3,0
1,20241020,1530,21304,48,19,1,3,0
2,20241020,1530,21417,28,41,1,1,0
2,20241020,1530,21419,2,14,0,2,0
2,20241020,1530,21421,29,49,0,3,0
2,20241020,1530,21423,53,23,1,3,0
2,20241020,1530,21424,42,21,2,2,0
1,20241021,1900,21299,17,0,0,1,0
1,20241025,1900,21312,47,48,0,2,0
1,20241026,1400,21305,7,5,0,0,0
1,20241026,1400,21308,15,44,3,3,0
1,20241026,1400,21310,19,18,2,1,0
2,20241026,1400,21427,9,2,1,0,0
2,20241026,1400,21429,11,29,0,3,1
2,20241026,1400,21430,21,24,1,1,0
2,20241026,1400,21431,41,53,1,1,0
1,20241029,1700,21306,0,25,4,0,0
1,20241029,1400,21307,40,17,2,1,0
1,20241029,1400,21309,30,51,1,0,0
1,20241029,1400,21311,13,16,1,2,0
2,20241029,1400,21425,6,28,0,0,0
2,20241029,1400,21426,14,1,4,1,0
2,20241029,1400,21428,49,33,0,3,1
2,20241029,1400,21432,23,42,1,1,0
1,20241101,1900,21320,47,19,0,3,0
1,20241102,1400,21314,25,40,1,1,0
1,20241102,1400,21315,17,15,1,1,0
1,20241102,1400,21316,44,30,0,0,0
2,20241102,1400,21433,28,14,0,0,0
2,20241102,1400,21435,2,49,1,0,0
2,20241102,1400,21437,29,24,0,0,0
2,20241102,1400,21440,23,21,2,1,0
1,20241103,1400,21317,51,18,2,2,0
1,20241103,1400,21318,16,7,0,5,0
2,20241103,1400,21434,1,9,5,2,0
2,20241103,1400,21436,33,11,3,3,0
2,20241103,1400,21438,53,6,1,0,0
2,20241103,1400,21439,42,41,4,3,0
1,20241104,1900,21313,5,0,0,0,0
1,20241104,1900,21319,48,13,2,0,0
1,20241108,1900,21323,30,17,0,1,0
1,20241109,1400,21321,40,5,1,6,0
1,20241109,1400,21322,15,25,4,1,0
1,20241109,1400,21326,0,16,2,2,0
2,20241109,1400,21442,49,1,1,1,0
2,20241109,1400,21443,11,2,0,4,0
2,20241109,1400,21446,14,53,0,2,0
2,20241109,1400,21447,6,42,2,0,0
2,20241109,1400,21448,41,23,2,0,0
1,20241110,1400,21325,19,51,4,0,0
1,20241110,1400,21327,7,48,0,1,0
1,20241110,1400,21328,13,47,0,0,0
2,20241110,1400,21441,9,28,0,2,0
2,20241110,1400,21444,24,33,5,2,0
2,20241110,1400,21445,21,29,1,1,0
1,20241111,1900,21324,18,44,3,0,0
1,20241115,1830,21335,47,7,0,2,0
1,20241116,1400,21333,16,40,1,2,0
1,20241116,1400,21334,48,0,3,0,0
1,20241116,1400,21336,13,19,3,2,0
2,20241116,1400,21449,28,49,2,1,0
2,20241116,1400,21452,33,29,2,0,0
2,20241116,1400,21454,42,14,0,1,0
2,20241116,1400,21456,41,21,0,1,0
1,20241117,1400,21329,5,15,0,1,0
1,20241117,1400,21330,25,30,2,1,0
1,20241117,1400,21331,17,18,1,2,0
2,20241117,1400,21450,1,11,10,0,0
2,20241117,1400,21451,2,24,0,0,0
2,20241117,1400,21453,53,9,1,0,0
2,20241117,1400,21455,23,6,2,0,0
1,20241118,1830,21332,44,51,5,1,0
1,20241123,1400,21339,51,17,2,1,0
1,20241123,1400,21341,15,16,1,0,0
1,20241123,1400,21342,40,48,1,2,0
2,20241123,1400,21458,24,1,2,2,0
2,20241123,1400,21460,21,33,2,0,0
2,20241123,1400,21462,9,42,6,3,0
2,20241123,1400,21463,14,23,2,3,0
1,20241124,1400,21338,18,25,1,0,0
1,20241124,1400,21340,19,44,2,0,0
1,20241124,1400,21344,7,13,5,1,0
2,20241124,1400,21457,11,28,1,1,0
2,20241124,1400,21459,29,2,1,1,0
2,20241124,1400,21461,49,53,1,0,0
2,20241124,1400,21464,6,41,2,3,0
1,20241125,1830,21337,30,5,2,2,0
1,20241125,1830,21343,0,47,4,2,0
1,20241129,1830,21347,17,44,0,3,0
1,20241130,1400,21348,16,30,1,0,0
1,20241130,1400,21349,48,15,2,0,0
1,20241130,1400,21352,7,19,2,1,0
2,20241130,1400,21467,2,33,2,0,0
2,20241130,1400,21468,53,11,1,0,0
2,20241130,1400,21471,41,14,2,1,0
2,20241130,1400,21472,6,21,3,0,0
1,20241201,1400,21346,25,51,5,0,0
1,20241201,1400,21350,47,40,1,2,0
1,20241201,1400,21351,13,0,4,3,0
2,20241201,1400,21465,28,24,3,0,0
2,20241201,1400,21466,1,29,6,1,0
2,20241201,1400,21469,42,49,4,0,0
2,20241201,1400,21470,23,9,2,1,0
1,20241202,1830,21345,5,18,2,2,0
1,20241206,1830,21360,0,7,1,1,0
1,20241207,1400,21354,44,25,2,0,0
1,20241207,1400,21355,19,17,2,1,0
1,20241207,1400,21357,30,48,0,3,0
1,20241207,1400,21358,15,47,1,2,0
2,20241207,1400,21473,29,28,0,3,0
2,20241207,1400,21475,21,2,1,0,0
2,20241207,1400,21476,24,53,3,0,0
2,20241207,1400,21478,49,23,0,2,0
1,20241208,1400,21353,51,5,0,1,0
1,20241208,1400,21359,40,13,5,2,0
2,20241208,1400,21474,33,1,0,1,0
2,20241208,1400,21477,11,42,3,2,0
2,20241208,1400,21479,9,41,1,1,0
2,20241208,1400,21480,14,6,1,2,0
1,20241209,1830,21356,18,16,1,2,0
1,20241213,1830,21368,0,19,1,0,0
1,20241214,1400,21361,5,44,1,3,0
1,20241214,1400,21362,25,17,2,0,0
1,20241214,1400,21365,47,30,1,0,0
2,20241214,1400,21481,28,33,2,1,0
2,20241214,1400,21482,1,2,3,0,0
2,20241214,1400,21484,42,24,0,6,0
2,20241214,1400,21486,41,49,1,1,0
2,20241214,1400,21487,6,9,3,2,0
1,20241215,1400,21363,16,51,6,1,0
1,20241215,1400,21366,13,15,2,4,0
1,20241215,1400,21367,7,40,3,1,0
2,20241215,1400,21483,53,29,5,1,0
2,20241215,1400,21485,23,11,1,0,0
2,20241215,1400,21488,14,21,2,0,0
1,20241216,1830,21364,48,18,3,0,0
1,20241220,1830,21369,17,5,2,3,0
1,20241221,1400,21370,19,25,2,2,0
1,20241221,1400,21372,51,48,0,2,0
1,20241221,1400,21373,18,47,0,3,0
1,20241221,1400,21375,15,7,2,4,0
2,20241221,1400,21490,21,1,3,1,0
2,20241221,1400,21491,33,53,0,2,0
2,20241221,1400,21492,29,42,0,0,0
2,20241221,1400,21493,24,23,0,1,0
1,20241222,1400,21374,30,13,0,2,0
1,20241222,1400,21376,40,0,2,2,0
2,20241222,1400,21489,2,28,0,1,0
2,20241222,1400,21494,11,41,0,3,0
2,20241222,1400,21495,49,6,2,2,0
2,20241222,1400,21496,9,14,0,1,0
1,20241223,1830,21371,44,16,4,2,0
1,20241227,1830,21377,5,25,3,1,0
1,20241227,1830,21380,47,51,1,2,0
1,20241228,1400,21381,13,18,2,2,0
1,20241228,1400,21382,7,30,2,0,0
1,20241228,1400,21383,0,15,5,0,0
1,20241228,1400,21384,40,19,0,2,0
2,20241228,1400,21497,28,1,1,5,0
2,20241228,1400,21502,6,11,2,1,0
1,20241229,1400,21378,16,17,3,2,0
1,20241229,1400,21379,48,44,1,0,0
2,20241229,1400,21498,53,2,2,0,0
2,20241229,1400,21499,42,33,1,1,0
2,20241229,1400,21500,23,29,1,0,0
2,20241229,1400,21503,14,49,1,1,0
2,20241229,1400,21504,9,21,0,1,0
2,20250102,1400,21501,41,24,2,4,0
1,20250125,1400,22059,0,30,2,3,0
1,20250125,1400,22060,13,51,1,1,0
1,20250125,1400,22061,19,5,1,1,0
1,20250125,1400,22062,7,18,2,2,0
2,20250125,1400,22075,53,1,2,1,0
2,20250125,1400,22076,21,28,1,1,0
2,20250125,1400,22077,41,29,2,0,0
2,20250125,1400,22078,9,49,1,0,0
1,20250126,1400,22063,48,17,0,3,1
1,20250126,1400,22064,16,25,3,3,0
1,20250126,1400,22065,40,15,0,1,0
2,20250126,1400,22079,6,24,2,1,0
2,20250126,1400,22080,42,2,3,0,0
2,20250126,1400,22081,14,11,4,0,0
2,20250126,1400,22082,23,33,1,0,0
1,20250127,1830,22066,47,44,2,0,0
1,20250131,1830,22067,30,40,0,0,0
1,20250201,1400,22068,51,7,1,6,0
1,20250201,1400,22069,25,48,3,0,1
1,20250201,1400,22070,5,16,4,2,0
1,20250201,1400,22071,18,0,1,4,0
2,20250201,1400,22083,24,14,0,1,0
2,20250201,1400,22084,11,9,1,4,0
2,20250201,1400,22085,28,53,4,1,0
2,20250201,1400,22086,1,42,6,1,0
1,20250202,1400,22072,15,19,1,1,0
1,20250202,1400,22073,44,13,0,1,0
1,20250202,1400,22074,17,47,1,3,0
2,20250202,1400,22087,29,6,0,0,0
2,20250202,1400,22088,49,21,1,1,0
2,20250202,1400,22089,2,23,1,0,0
2,20250202,1400,22090,33,41,1,0,0
1,20250207,1830,22180,7,44,1,0,0
1,20250207,1830,22181,0,51,1,3,0
1,20250208,1400,22182,15,30,3,0,0
1,20250208,1400,22183,13,17,3,2,0
1,20250208,1400,22184,19,16,2,0,0
1,20250208,1400,22185,40,18,2,0,0
1,20250208,1400,22186,48,5,0,3,1
1,20250208,1730,22187,47,25,2,1,0
2,20250208,1400,22188,21,53,2,4,0
2,20250208,1400,22189,41,2,3,3,0
2,20250208,1400,22190,14,29,0,0,0
2,20250209,1400,22191,9,24,1,2,0
2,20250209,1400,22192,23,1,0,0,0
2,20250209,1400,22193,42,28,1,2,0
2,20250209,1400,22194,49,11,6,0,0
2,20250209,1400,22195,6,33,0,1,0
1,20250215,1400,22196,16,48,3,0,1
1,20250215,1400,22197,25,13,1,1,0
2,20250215,1400,22204,11,21,1,3,0
2,20250215,1400,22205,2,6,1,1,0
2,20250215,1400,22206,28,23,2,4,0
2,20250215,1400,22207,1,41,4,2,0
2,20250215,1400,22209,29,9,1,1,0
2,20250215,1400,22211,24,49,0,3,0
1,20250216,1400,22198,30,19,2,3,0
1,20250216,1400,22200,51,40,2,1,0
1,20250216,1400,22202,44,0,0,2,0
1,20250216,1400,22203,17,7,3,5,0
2,20250216,1400,22208,33,14,1,0,0
2,20250216,1400,22210,53,42,3,0,0
1,20250217,1830,22199,18,15,1,2,0
1,20250217,1830,22201,5,47,3,0,0
1,20250222,1400,22254,0,17,4,0,0
1,20250222,1400,22255,7,25,5,0,0
1,20250222,1400,22256,19,48,3,0,1
1,20250222,1400,22257,40,44,0,2,0
2,20250222,1400,22318,6,1,0,5,0
2,20250222,1400,22319,14,2,1,0,0
2,20250222,1400,22320,41,28,1,2,0
2,20250222,1400,22321,21,42,3,0,0
2,20250222,1400,22322,49,29,2,1,0
1,20250223,1400,22258,13,5,0,3,0
1,20250223,1400,22259,30,18,0,2,0
1,20250223,1400,22260,47,16,2,2,0
1,20250223,1400,22261,15,51,3,1,0
2,20250223,1400,22323,11,24,0,4,0
2,20250223,1400,22324,9,33,2,1,0
2,20250223,1400,22325,23,53,1,0,0
1,20250228,1830,22262,5,7,1,1,0
1,20250228,1830,22264,18,19,0,4,0
1,20250301,1400,22263,25,0,1,2,0
1,20250301,1400,22265,51,30,1,1,0
1,20250301,1400,22266,44,15,1,0,0
1,20250301,1400,22267,17,40,4,1,0
1,20250301,1400,22268,16,13,2,3,0
2,20250301,1400,22326,28,6,0,0,0
2,20250301,1400,22328,33,49,2,1,0
2,20250301,1400,22329,2,9,2,3,0
2,20250302,1400,22327,29,11,3,1,0
2,20250302,1400,22330,1,14,0,1,0
2,20250302,1400,22331,24,21,2,1,0
2,20250302,1400,22332,42,23,1,2,0
2,20250302,1400,22333,53,41,2,0,0
1,20250307,1830,22270,0,5,1,2,0
2,20250308,1400,22334,9,1,1,0,0
2,20250308,1400,22335,21,23,1,1,0
2,20250308,1400,22336,24,29,2,0,0
2,20250308,1400,22337,41,42,1,2,0
2,20250308,1400,22338,11,33,1,2,0
2,20250308,1400,22339,6,53,3,2,0
2,20250308,1400,22340,49,2,3,1,0
2,20250308,1400,22341,14,28,2,1,0
1,20250309,1400,22272,15,17,2,1,0
1,20250309,1400,22273,7,16,7,0,0
1,20250309,1400,22274,40,25,0,1,0
1,20250309,1400,22275,30,44,0,3,0
1,20250309,1400,22276,19,47,1,3,0
1,20250309,1400,22277,18,51,1,3,0
1,20250314,1830,22279,5,40,1,0,0
1,20250315,1400,22280,51,19,1,2,0
1,20250315,1400,22281,44,18,0,2,0
1,20250315,1400,22282,17,30,2,1,0
1,20250315,1400,22283,25,15,0,1,0
2,20250315,1400,22342,53,14,1,1,0
2,20250315,1400,22343,33,24,2,1,0
2,20250315,1400,22344,23,41,3,0,0
1,20250316,1400,22284,16,0,1,2,0
1,20250316,1400,22285,47,13,2,0,0
2,20250316,1400,22345,29,21,0,2,0
2,20250316,1400,22346,42,6,2,1,0
2,20250316,1400,22347,28,9,0,4,0
2,20250316,1400,22348,2,11,6,0,0
2,20250316,1400,22349,1,49,0,1,0
2,20250322,1400,22580,11,1,0,6,0
2,20250322,1400,22581,24,2,2,1,0
2,20250322,1400,22582,49,28,4,1,0
2,20250322,1400,22583,6,23,1,1,0
2,20250322,1400,22584,14,42,2,0,0
2,20250322,1400,22585,29,33,1,1,0
2,20250322,1400,22586,21,41,3,0,0
2,20250322,1400,22587,9,53,1,0,0
1,20250323,1400,22548,18,17,0,3,0
1,20250323,1400,22549,40,16,3,0,0
1,20250323,1400,22550,30,25,1,3,0
1,20250323,1400,22551,15,5,2,3,0
1,20250323,1400,22552,19,13,2,2,0
1,20250323,1400,22553,51,44,5,3,0
1,20250323,1400,22554,7,47,3,2,0
1,20250328,1900,22556,44,19,4,2,0
1,20250328,1900,22557,5,30,5,1,0
1,20250328,1900,22558,17,51,4,1,0
1,20250329,1400,22559,13,7,1,2,0
1,20250329,1400,22560,47,0,0,1,0
1,20250329,1400,22561,25,18,2,5,0
1,20250329,1400,22562,16,15,1,0,0
2,20250329,1400,22588,23,14,2,1,0
2,20250329,1400,22589,1,24,0,1,0
2,20250329,1400,22590,33,21,3,1,0
2,20250329,1400,22591,41,6,2,1,0
2,20250329,1400,22592,42,9,1,7,0
2,20250329,1400,22593,2,29,6,0,0
2,20250329,1400,22594,28,11,3,0,1
2,20250329,1400,22595,53,49,2,0,0
1,20250405,1600,22564,44,17,3,1,0
1,20250405,1600,22565,19,7,1,2,0
1,20250405,1600,22567,51,25,1,0,0
1,20250405,1600,22568,18,5,0,1,0
1,20250405,1600,22570,40,47,1,1,0
2,20250405,1600,22598,33,2,3,3,0
2,20250405,1600,22601,49,42,1,3,0
2,20250405,1600,22603,11,53,1,5,0
1,20250406,1600,22569,0,13,0,3,0
2,20250406,1600,22596,29,1,2,6,0
2,20250406,1600,22597,21,6,4,2,0
2,20250406,1600,22599,24,28,3,0,0
2,20250406,1600,22600,9,23,3,2,0
2,20250406,1600,22602,14,41,5,1,0
1,20250407,1900,22566,30,16,2,1,0
1,20250411,1900,22573,17,19,2,3,0
2,20250412,1600,22604,6,14,2,1,0
2,20250412,1600,22605,53,24,1,0,0
2,20250412,1600,22606,2,21,0,0,0
2,20250412,1600,22608,28,29,2,0,0
2,20250412,1600,22610,1,33,1,0,0
2,20250412,1600,22611,23,49,5,0,0
1,20250413,1600,22572,7,0,2,0,0
1,20250413,1600,22574,16,18,0,1,0
1,20250413,1600,22576,47,15,4,3,0
1,20250413,1600,22577,13,40,4,2,0
1,20250413,1600,22578,25,44,2,0,0
1,20250413,1600,22579,5,51,4,1,0
2,20250413,1600,22607,41,9,0,5,0
2,20250413,1600,22609,42,11,7,0,0
2,20250419,1600,22696,33,28,4,0,0
2,20250419,1600,22697,2,1,2,3,0
2,20250419,1600,22698,29,53,0,7,0
2,20250419,1600,22699,24,42,4,1,0
2,20250419,1600,22700,11,23,0,7,0
2,20250419,1600,22701,49,41,3,0,0
2,20250419,1600,22702,9,6,0,0,0
2,20250419,1600,22703,21,14,0,2,0
1,20250420,1600,22680,44,5,1,4,0
1,20250420,1600,22681,17,25,1,1,0
1,20250420,1600,22682,51,16,2,2,0
1,20250420,1600,22683,30,47,1,4,0
1,20250420,1600,22684,15,13,1,0,0
1,20250420,1600,22685,40,7,2,2,0
1,20250420,1600,22686,19,0,4,1,0
1,20250425,1900,22688,47,18,0,3,0
1,20250426,1600,22689,5,17,2,0,0
1,20250426,1600,22690,25,19,1,0,0
1,20250426,1600,22691,16,44,1,0,0
1,20250426,1600,22692,13,30,5,0,0
1,20250426,1600,22693,7,15,3,1,0
1,20250426,1600,22694,0,40,3,4,0
2,20250427,1600,22704,28,2,2,2,0
2,20250427,1600,22705,1,21,2,0,0
2,20250427,1600,22706,53,33,1,1,0
2,20250427,1600,22707,42,29,9,0,0
2,20250427,1600,22708,23,24,0,4,0
2,20250427,1600,22709,41,11,8,0,0
2,20250427,1600,22710,6,49,2,2,0
2,20250427,1600,22711,14,9,1,1,0
1,20250502,1900,22726,17,16,2,5,0
1,20250503,1600,22720,25,5,0,0,0
1,20250503,1600,22721,51,47,1,3,0
1,20250503,1600,22722,30,7,3,8,0
1,20250503,1600,22723,15,0,0,4,0
1,20250503,1600,22724,18,13,0,3,0
1,20250503,1600,22725,19,40,5,2,0
2,20250504,1600,22712,11,6,0,5,1
2,20250504,1600,22713,1,28,3,0,0
2,20250504,1600,22714,49,14,0,2,0
2,20250504,1600,22715,21,9,2,3,0
2,20250504,1600,22716,29,23,1,6,0
2,20250504,1600,22717,33,42,1,3,0
2,20250504,1600,22718,2,53,0,1,0
2,20250504,1600,22719,24,41,4,2,0
1,20250918,1900,23172,5,0,5,4,0
1,20250919,1900,23173,44,24,2,1,0
1,20250920,1630,23167,51,25,2,3,0
1,20250920,1630,23168,23,7,3,2,0
1,20250920,1630,23169,47,1,2,2,0
2,20250920,1630,23287,9,54,1,1,0
2,20250920,1630,23288,55,49,1,2,0
2,20250920,1630,23289,53,33,3,0,0
2,20250920,1630,23290,14,21,1,3,0
1,20250921,1630,23170,19,13,4,5,0
1,20250921,1630,23171,15,40,2,1,0
2,20250921,1630,23291,18,26,0,1,0
2,20250921,1630,23292,6,48,0,0,0
2,20250921,1630,23293,30,2,0,1,0
2,20250921,1630,23294,42,28,2,1,0
1,20250922,1900,23174,17,16,2,3,0
1,20250926,1900,23177,0,23,3,0,0
1,20250927,1630,23175,13,51,3,3,0
1,20250927,1630,23178,1,5,0,2,0
1,20250927,1630,23182,25,15,1,2,0
2,20250927,1630,23296,48,9,0,0,0
2,20250927,1630,23299,49,42,2,0,0
2,20250927,1630,23300,33,55,1,2,0
2,20250927,1630,23302,26,14,1,1,0
1,20250928,1630,23179,16,47,0,4,0
1,20250928,1630,23180,24,17,2,2,0
1,20250928,1630,23181,40,44,1,2,0
2,20250928,1630,23295,54,18,6,1,0
2,20250928,1630,23297,2,6,1,0,0
2,20250928,1630,23298,28,30,1,1,0
2,20250928,1630,23301,21,53,1,3,0
1,20250929,1900,23176,7,19,2,5,0
1,20251003,1900,23187,47,24,5,0,0
1,20251004,1530,23188,17,40,4,1,0
1,20251004,1530,23189,44,15,5,0,0
1,20251004,1530,23190,13,25,3,3,0
2,20251004,1530,23304,9,2,0,0,0
2,20251004,1530,23305,6,28,2,2,0
2,20251004,1530,23306,30,49,2,1,0
2,20251004,1530,23310,54,26,0,0,0
1,20251005,1530,23183,51,7,2,6,0
1,20251005,1530,23184,19,0,4,3,0
1,20251005,1530,23185,23,1,1,5,0
2,20251005,1530,23303,18,48,1,3,0
2,20251005,1530,23307,42,33,1,1,0
2,20251005,1530,23308,55,21,0,1,0
2,20251005,1530,23309,53,14,2,1,0
1,20251006,1930,23186,5,16,4,1,0
1,20251010,1930,23196,15,17,1,0,0
1,20251011,1530,23192,1,19,0,1,0
1,20251011,1530,23195,40,47,0,4,0
1,20251011,1530,23197,25,44,0,1,0
2,20251011,1530,23311,2,18,0,0,0
2,20251011,1530,23313,49,6,0,0,0
2,20251011,1530,23317,26,53,4,1,0
2,20251011,1530,23318,48,54,0,2,0
1,20251012,1530,23191,0,51,2,2,0
1,20251012,1530,23193,16,23,2,1,0
1,20251012,1530,23194,24,5,0,3,0
2,20251012,1530,23312,28,9,1,0,0
2,20251012,1530,23314,33,30,0,1,0
2,20251012,1530,23315,21,42,2,1,0
2,20251012,1530,23316,14,55,2,0,0
1,20251013,1930,23198,7,13,2,1,0
1,20251017,1930,23202,5,40,2,1,0
1,20251017,1930,23203,47,15,2,0,0
1,20251017,1530,23204,17,44,1,1,0
2,20251017,1930,23320,9,49,1,1,0
2,20251017,1930,23322,30,21,3,1,0
2,20251017,1530,23326,48,26,0,4,0
1,20251018,1530,23199,51,1,0,3,0
1,20251018,1530,23200,19,16,4,0,0
1,20251018,1530,23201,23,24,2,1,0
1,20251018,1530,23205,13,0,1,4,0
1,20251018,1930,23206,7,25,2,2,0
2,20251018,1530,23319,18,28,1,0,0
2,20251018,1530,23321,6,33,4,0,0
2,20251018,1530,23323,42,14,1,1,0
2,20251018,1530,23324,55,53,0,1,0
2,20251018,1530,23325,54,2,0,0,0
1,20251024,1900,23210,15,5,2,2,0
1,20251025,1400,23207,16,51,4,4,0
1,20251025,1400,23212,25,17,2,2,0
1,20251025,1400,23214,0,7,1,0,0
2,20251025,1400,23329,21,6,1,2,0
2,20251025,1400,23330,14,30,1,1,0
2,20251025,1400,23331,53,42,2,1,0
2,20251025,1400,23332,26,55,4,2,0
1,20251026,1400,23208,24,19,1,3,0
1,20251026,1400,23209,40,23,3,5,0
1,20251026,1400,23213,1,13,3,1,0
2,20251026,1400,23327,49,18,2,1,0
2,20251026,1400,23328,33,9,3,2,0
2,20251026,1400,23333,28,54,0,3,0
2,20251026,1400,23334,2,48,2,0,0
1,20251027,1900,23211,44,47,1,2,0
1,20251101,1400,23216,19,40,4,1,0
1,20251101,1400,23217,23,15,1,1,0
1,20251101,1400,23220,13,16,1,1,0
1,20251101,1400,23222,0,25,1,3,0
2,20251101,1400,23335,18,33,1,2,0
2,20251101,1400,23338,30,53,1,1,0
2,20251101,1400,23339,42,55,7,0,0
2,20251101,1400,23340,54,49,5,0,0
1,20251102,1400,23215,51,24,6,3,0
1,20251102,1400,23219,47,17,2,2,0
1,20251102,1400,23221,7,1,0,0,0
2,20251102,1400,23336,9,21,1,1,0
2,20251102,1400,23337,6,14,2,0,0
2,20251102,1400,23341,48,28,2,2,0
2,20251102,1400,23342,2,26,0,3,0
1,20251103,1900,23218,5,44,2,1,0
1,20251108,1400,23223,40,51,0,2,0
1,20251108,1400,23228,24,13,1,2,0
1,20251108,1400,23229,16,7,0,1,0
1,20251108,1400,23230,1,0,1,2,0
2,20251108,1400,23344,14,9,0,3,1
2,20251108,1400,23345,53,6,2,1,0
2,20251108,1400,23346,55,30,2,4,0
2,20251108,1400,23350,28,2,0,0,0
1,20251109,1400,23224,15,19,0,1,0
1,20251109,1400,23225,44,23,4,1,0
1,20251109,1400,23226,17,5,2,2,0
1,20251109,1400,23227,25,47,1,3,0
2,20251109,1400,23343,21,18,1,4,0
2,20251109,1400,23347,26,42,2,5,0
2,20251109,1400,23348,33,54,1,3,0
2,20251109,1400,23349,49,48,2,1,0
1,20251114,1900,23234,5,47,1,1,0
1,20251115,1400,23231,51,15,1,1,0
1,20251115,1400,23232,19,44,3,1,0
1,20251115,1400,23236,7,24,3,2,0
1,20251115,1400,23237,0,16,1,2,0
2,20251115,1400,23351,18,14,3,0,0
2,20251115,1400,23354,30,42,2,3,0
2,20251115,1400,23357,2,49,0,1,0
2,20251115,1400,23358,28,26,0,2,0
1,20251116,1400,23233,23,17,0,2,0
1,20251116,1400,23235,13,40,3,2,0
1,20251116,1400,23238,1,25,0,2,0
2,20251116,1400,23352,9,53,1,2,0
2,20251116,1400,23353,6,55,6,2,0
2,20251116,1400,23355,54,21,1,1,0
2,20251116,1400,23356,48,33,2,0,0
1,20251122,1400,23239,44,51,7,2,0
1,20251122,1400,23241,47,23,3,1,0
1,20251122,1400,23243,15,13,1,2,0
1,20251122,1400,23244,40,7,0,0,0
2,20251122,1400,23359,53,18,2,0,0
2,20251122,1400,23364,21,48,1,3,0
2,20251122,1400,23365,33,2,1,2,0
2,20251122,1400,23366,49,28,0,0,0
1,20251123,1400,23240,17,19,1,4,0
1,20251123,1400,23242,25,5,1,1,0
1,20251123,1400,23245,24,0,1,1,0
1,20251123,1400,23246,16,1,1,1,0
2,20251123,1400,23360,55,9,2,1,0
2,20251123,1400,23361,42,6,2,3,0
2,20251123,1400,23362,26,30,1,4,0
2,20251123,1400,23363,14,54,2,1,0
1,20251129,1400,23247,51,17,2,1,0
1,20251129,1400,23248,19,47,1,1,0
1,20251129,1400,23249,23,5,2,4,0
1,20251129,1400,23252,0,40,2,2,0
2,20251129,1400,23368,9,42,3,1,0
2,20251129,1400,23369,6,30,3,3,0
2,20251129,1400,23370,54,53,2,1,0
2,20251129,1400,23374,49,26,1,3,0
1,20251130,1400,23250,13,44,2,0,0
1,20251130,1400,23251,7,15,3,0,0
1,20251130,1400,23253,1,24,0,0,0
1,20251130,1400,23254,16,25,0,0,0
2,20251130,1400,23367,18,55,1,2,0
2,20251130,1400,23371,48,14,1,2,0
2,20251130,1400,23372,2,21,2,0,0
2,20251130,1400,23373,28,33,0,0,0
1,20251205,1900,23256,5,19,1,1,0
1,20251206,1400,23257,25,23,5,0,0
1,20251206,1400,23258,17,13,3,2,0
1,20251206,1400,23261,40,1,4,6,0
2,20251206,1400,23375,42,18,3,2,0
2,20251206,1400,23376,30,9,4,0,0
2,20251206,1400,23379,53,48,1,2,0
2,20251206,1400,23381,21,28,1,3,0
1,20251207,1400,23255,47,51,3,2,0
1,20251207,1400,23260,15,0,2,0,0
1,20251207,1400,23262,24,16,2,0,0
2,20251207,1400,23377,26,6,1,0,0
2,20251207,1400,23378,55,54,0,1,0
2,20251207,1400,23380,14,2,0,6,0
2,20251207,1400,23382,33,49,3,0,0
1,20251208,1900,23259,44,7,1,1,0
1,20251213,1400,23263,51,5,1,1,0
1,20251213,1400,23264,19,23,6,0,0
1,20251213,1400,23269,16,40,0,3,0
1,20251213,1400,23270,24,25,1,2,0
2,20251213,1400,23383,18,30,2,1,0
2,20251213,1400,23384,9,6,2,2,0
2,20251213,1400,23385,54,42,0,1,0
2,20251213,1400,23390,33,26,0,3,1
1,20251214,1400,23265,13,47,0,2,0
1,20251214,1400,23266,7,17,1,0,0
1,20251214,1400,23267,0,44,4,0,0
1,20251214,1400,23268,1,15,1,0,0
2,20251214,1400,23386,48,55,5,0,0
2,20251214,1400,23387,2,53,0,0,0
2,20251214,1400,23388,28,14,0,2,0
2,20251214,1400,23389,49,21,5,2,0
1,20251220,1400,23273,5,13,3,2,0
1,20251220,1400,23274,47,7,1,0,0
1,20251220,1400,23276,44,1,0,1,0
1,20251220,1400,23278,40,24,1,2,0
2,20251220,1400,23391,6,18,2,1,0
2,20251220,1400,23392,26,9,1,0,0
2,20251220,1400,23395,55,2,1,1,0
2,20251220,1400,23398,21,33,0,2,0
1,20251221,1400,23271,23,51,1,0,0
1,20251221,1400,23272,25,19,0,3,0
1,20251221,1400,23275,17,0,0,3,0
1,20251221,1400,23277,15,16,2,1,0
2,20251221,1400,23393,30,54,0,2,0
2,20251221,1400,23394,42,48,0,5,0
2,20251221,1400,23396,53,28,0,1,0
2,20251221,1400,23397,14,49,0,0,0
1,20251226,1900,23281,7,5,3,3,0
1,20251227,1400,23279,51,19,0,4,0
1,20251227,1400,23282,0,47,1,2,0
1,20251227,1400,23283,1,17,3,0,0
1,20251227,1400,23285,24,15,2,1,0
2,20251227,1400,23401,48,30,2,2,0
2,20251227,1400,23402,2,42,2,1,0
2,20251227,1400,23403,28,55,1,0,0
2,20251227,1400,23405,33,14,2,2,0
2,20251227,1400,23406,21,26,1,4,0
1,20251228,1400,23280,13,23,3,1,0
1,20251228,1400,23284,16,44,0,4,0
1,20251228,1400,23286,40,25,4,3,0
2,20251228,1400,23399,18,9,3,0,0
2,20251228,1400,23400,54,6,2,0,0
2,20251228,1400,23404,49,53,5,4,0
1,20260131,1400,24061,16,17,1,1,0
1,20260131,1400,24062,24,44,1,1,0
1,20260131,1400,24063,1,47,0,4,0
1,20260131,1400,24064,25,51,2,1,0
1,20260131,1400,24065,0,5,0,1,0
2,20260131,1400,24093,48,6,2,1,0
2,20260131,1400,24094,26,18,1,2,0
2,20260131,1400,24095,2,30,4,0,0
2,20260131,1400,24096,49,55,2,2,0
1,20260201,1400,24066,13,19,1,5,0
1,20260201,1400,24067,7,23,5,2,0
1,20260201,1400,24068,40,15,1,1,0
2,20260201,1400,24097,21,14,0,1,0
2,20260201,1400,24098,54,9,4,1,0
2,20260201,1400,24099,28,42,3,2,0
2,20260201,1400,24100,33,53,3,3,0
1,20260207,1400,24069,19,7,1,1,0
1,20260207,1400,24070,15,25,1,0,0
1,20260207,1400,24071,17,24,2,0,0
1,20260207,1400,24072,23,0,1,1,0
2,20260207,1400,24101,6,2,2,2,0
2,20260207,1400,24102,14,26,3,1,0
2,20260207,1400,24103,18,54,5,3,0
2,20260207,1400,24104,42,49,2,2,0
1,20260208,1400,24073,47,16,1,0,0
1,20260208,1400,24074,5,1,1,0,0
1,20260208,1400,24075,51,13,1,1,0
1,20260208,1400,24076,44,40,4,0,0
2,20260208,1400,24105,53,21,2,4,0
2,20260208,1400,24106,30,28,1,0,0
2,20260208,1400,24107,55,33,2,1,0
2,20260208,1400,24108,9,48,1,1,0
1,20260214,1400,24077,40,17,5,3,0
1,20260214,1400,24078,16,5,1,2,0
1,20260214,1400,24079,1,23,1,1,0
1,20260214,1400,24080,24,47,0,2,0
1,20260214,1400,24081,0,19,2,1,0
1,20260214,1400,24082,25,13,1,3,0
1,20260214,1400,24083,15,44,3,1,0
1,20260214,1400,24084,7,51,4,2,0
2,20260214,1400,24109,28,6,0,0,0
2,20260214,1400,24111,21,55,3,2,0
2,20260215,1400,24110,33,42,1,2,0
2,20260215,1400,24112,14,53,3,0,0
2,20260215,1400,24113,2,9,1,1,0
2,20260215,1400,24114,48,18,1,1,0
2,20260215,1400,24115,49,30,1,1,0
2,20260215,1400,24116,26,54,0,4,0
1,20260221,1400,24092,17,15,1,0,0
2,20260221,1400,24117,42,21,3,2,0
2,20260221,1400,24118,18,2,0,0,0
2,20260221,1400,24119,9,28,1,2,0
2,20260221,1400,24120,54,48,1,2,0
2,20260221,1400,24122,53,26,0,1,0
2,20260221,1400,24123,30,33,2,0,0
1,20260222,1400,24085,13,7,0,1,0
1,20260222,1400,24086,23,16,6,1,0
1,20260222,1400,24087,19,1,3,0,0
1,20260222,1400,24088,47,40,1,3,0
1,20260222,1400,24089,44,25,2,0,0
1,20260222,1400,24090,5,24,3,0,0
1,20260222,1400,24091,51,0,2,1,0
2,20260222,1400,24121,55,14,0,3,0
2,20260222,1400,24124,6,49,2,0,0
1,20260228,1400,24347,44,17,1,2,0
1,20260228,1400,24348,40,5,3,0,0
1,20260228,1400,24349,15,47,0,1,0
1,20260228,1400,24350,0,13,1,0,0
2,20260228,1400,24379,21,30,1,1,0
2,20260228,1400,24380,14,42,3,3,0
2,20260228,1400,24381,53,55,1,0,0
2,20260228,1400,24382,26,48,2,2,0
1,20260301,1400,24351,16,19,0,2,0
1,20260301,1400,24352,25,7,1,3,0
1,20260301,1400,24353,24,23,2,1,0
1,20260301,1400,24354,1,51,0,2,0
2,20260301,1400,24383,33,6,4,1,0
2,20260301,1400,24384,49,9,4,0,0
2,20260301,1400,24385,28,18,0,0,0
2,20260301,1400,24386,2,54,2,1,0
1,20260306,1900,24355,47,44,0,1,0
1,20260306,1900,24360,5,15,3,0,0
1,20260307,1400,24356,51,16,2,2,0
1,20260307,1400,24357,19,24,2,0,0
1,20260307,1400,24358,7,0,4,0,0
1,20260307,1400,24359,13,1,2,1,0
1,20260307,1400,24361,23,40,2,2,0
1,20260307,1400,24362,17,25,1,3,0
2,20260308,1400,24387,30,14,3,1,0
2,20260308,1400,24388,6,21,2,0,0
2,20260308,1400,24389,48,2,1,0,0
2,20260308,1400,24390,54,28,2,0,0
2,20260308,1400,24391,55,26,0,1,0
2,20260308,1400,24392,9,33,3,1,0
2,20260308,1400,24393,42,53,2,1,0
2,20260308,1400,24394,18,49,2,3,0
1,20260314,1400,24364,16,13,0,0,0
2,20260314,1400,24395,14,6,1,1,0
2,20260314,1400,24396,21,9,0,3,0
2,20260314,1400,24397,33,18,3,1,0
2,20260314,1400,24399,49,54,1,1,0
2,20260314,1400,24400,28,48,0,1,0
1,20260315,1400,24365,1,7,1,4,0
1,20260315,1400,24366,25,0,0,1,0
1,20260315,1400,24367,40,19,2,5,0
1,20260315,1400,24369,17,47,0,7,0
1,20260315,1400,24370,24,51,2,4,0
2,20260315,1400,24401,26,2,4,2,0
2,20260315,1400,24402,55,42,2,3,0
2,20260317,1400,24403,9,14,3,2,0
2,20260317,1400,24404,18,21,2,1,0
2,20260317,1400,24405,6,53,2,1,0
2,20260317,1400,24406,48,49,1,2,0
2,20260317,1400,24407,54,33,1,1,0
1,20260318,1400,24371,5,17,0,0,0
1,20260318,1400,24372,47,25,3,0,0
1,20260318,1400,24373,19,15,4,2,0
2,20260318,1400,24408,2,28,1,0,0
2,20260318,1400,24409,30,55,5,1,0
2,20260318,1400,24410,42,26,1,1,0
1,20260319,1400,24374,13,24,4,0,0
1,20260319,1400,24375,7,16,7,0,0
1,20260319,1400,24376,0,1,0,0,0
1,20260319,1400,24377,51,40,2,1,0
1,20260319,1400,24378,23,44,2,6,0
1,20260324,1400,24363,44,5,1,3,0
1,20260324,1400,24368,15,23,2,0,0
2,20260324,1400,24398,53,30,0,1,0
1,20260328,1600,24671,24,7,1,2,0
1,20260328,1600,24672,25,1,0,1,0
1,20260328,1600,24673,17,23,0,1,0
1,20260328,1600,24674,15,51,1,1,0
1,20260328,1930,24675,47,5,1,2,0
1,20260328,1900,24676,44,19,1,1,0
2,20260328,1600,24703,49,2,2,1,0
2,20260328,1600,24704,33,48,2,7,0
1,20260329,1600,24677,16,0,1,1,0
1,20260329,1600,24678,40,13,3,0,0
2,20260329,1600,24705,53,9,2,0,0
2,20260329,1600,24706,26,28,1,0,0
2,20260329,1600,24707,14,18,1,0,0
2,20260329,1600,24708,42,30,1,3,0
2,20260329,1600,24709,21,54,1,5,0
2,20260329,1600,24710,55,6,1,2,0
1,20260404,1600,24679,0,24,2,1,0
2,20260404,1600,24711,54,14,2,1,0
2,20260404,1600,24712,48,21,4,0,0
2,20260404,1600,24713,30,26,2,0,0
2,20260404,1600,24714,6,42,5,2,0
2,20260404,1600,24715,2,33,2,0,0
2,20260404,1600,24716,9,55,5,0,0
2,20260404,1600,24717,18,53,1,0,0
2,20260404,1600,24718,28,49,0,0,0
1,20260405,1600,24680,19,17,2,0,0
1,20260405,1600,24681,1,16,1,1,0
1,20260405,1600,24682,5,25,3,1,0
1,20260405,1600,24683,13,15,2,1,0
1,20260405,1600,24684,7,40,0,2,0
1,20260405,1600,24685,51,44,2,1,0
1,20260405,1600,24686,23,47,0,4,0
1,20260410,1900,24743,47,19,2,0,0
1,20260411,1600,24744,17,51,3,2,0
1,20260411,1600,24745,15,7,4,6,0
1,20260411,1600,24746,24,1,2,1,0
1,20260411,1600,24747,25,16,2,0,0
2,20260411,1600,24767,42,9,2,3,0
2,20260411,1600,24768,30,6,1,0,0
2,20260411,1600,24769,14,48,1,2,0
2,20260411,1600,24770,33,28,3,0,0
1,20260412,1600,24748,5,23,8,1,0
1,20260412,1600,24749,44,13,1,4,0
1,20260412,1600,24750,40,0,2,3,0
2,20260412,1600,24771,55,18,1,4,0
2,20260412,1600,24772,53,54,1,0,0
2,20260412,1600,24773,21,2,1,5,0
2,20260412,1600,24774,26,49,1,1,0
1,20260418,1600,24755,7,44,3,1,0
2,20260418,1600,24775,18,42,4,0,0
2,20260418,1600,24776,9,30,1,1,0
2,20260418,1600,24777,6,26,1,3,0
2,20260418,1600,24778,54,55,7,0,0
2,20260418,1600,24779,48,53,4,0,0
2,20260418,1600,24780,2,14,0,1,0
2,20260418,1600,24781,28,21,3,1,0
2,20260418,1600,24782,49,33,0,0,0
1,20260419,1600,24751,51,47,0,1,0
1,20260419,1600,24752,19,5,4,2,0
1,20260419,1600,24753,23,25,2,4,0
1,20260419,1600,24754,13,17,2,3,0
1,20260419,1600,24756,0,15,2,1,0
1,20260419,1600,24757,1,40,2,0,0
1,20260419,1600,24758,16,24,1,0,0
1,20260424,1900,24766,17,7,0,1,0
1,20260425,1600,24759,5,51,3,0,0
1,20260425,1600,24760,23,19,3,4,0
1,20260425,1600,24761,47,13,2,1,0
1,20260425,1600,24762,44,0,2,1,0
1,20260425,1600,24763,15,1,0,3,0
1,20260425,1600,24764,40,16,3,2,0
1,20260425,1600,24765,25,24,3,1,0
2,20260426,1600,24783,30,18,1,1,0
2,20260426,1600,24784,6,9,4,1,0
2,20260426,1600,24785,42,54,1,4,0
2,20260426,1600,24786,55,48,0,4,0
2,20260426,1600,24787,53,2,2,5,0
2,20260426,1600,24788,14,28,1,3,0
2,20260426,1600,24789,21,49,2,6,0
2,20260426,1600,24790,26,33,2,0,0
2,20260502,1600,24791,18,6,1,3,0
2,20260502,1600,24792,9,26,1,0,0
2,20260502,1600,24793,54,30,4,0,0
2,20260502,1600,24794,48,42,2,2,0
2,20260502,1600,24795,2,55,3,1,0
2,20260502,1600,24796,28,53,1,1,0
2,20260502,1600,24797,49,14,0,2,0
2,20260502,1600,24798,33,21,5,0,0
1,20260503,1600,24863,51,23,2,5,0
1,20260503,1600,24864,19,25,4,1,0
1,20260503,1600,24865,13,5,0,3,0
1,20260503,1600,24866,7,47,1,3,0
1,20260503,1600,24867,0,17,0,1,0
1,20260503,1600,24868,1,44,3,4,0
1,20260503,1600,24869,16,15,1,5,0
1,20260503,1600,24870,24,40,1,4,0
1,20260509,1600,24878,5,7,3,1,0
1,20260509,1600,24879,19,51,7,1,0
1,20260509,1600,24880,47,0,3,0,0
1,20260509,1600,24881,17,1,2,1,0
1,20260509,1600,24882,15,24,5,2,0
1,20260509,1600,24883,23,13,2,0,0
1,20260509,1600,24884,44,16,4,0,0
1,20260509,1600,24885,25,40,0,0,0
2,20260510,1600,24894,30,48,0,2,0
2,20260510,1600,24895,42,2,0,1,0
2,20260510,1600,24896,55,28,1,7,0
2,20260510,1600,24897,14,33,3,4,0
2,20260510,2000,24898,26,21,4,1,0
2,20260510,1600,24899,9,18,2,1,0
2,20260510,1600,24900,6,54,3,2,0
2,20260510,1600,24901,53,49,2,0,0
1,20260910,1900,25330,47,25,4,1,0
1,20260911,1900,25327,26,48,0,5,0
1,20260912,1630,25332,13,0,2,1,0
1,20260912,1630,25333,19,5,0,0,0
2,20260912,1630,25435,23,6,3,1,0
2,20260912,1630,25437,16,24,2,0,0
2,20260912,1630,25438,56,57,1,2,0
1,20260913,1630,25329,44,40,4,2,0
1,20260913,1630,25331,54,7,0,2,0
2,20260913,1630,25432,15,30,1,2,0
2,20260913,1630,25433,18,33,5,0,0
2,20260913,1630,25434,14,58,3,0,0
2,20260913,1630,25439,2,42,5,0,0
1,20260914,1900,25328,17,51,0,2,0
1,20260918,1900,25340,5,13,4,0,0
1,20260919,1630,25337,25,44,2,2,0
1,20260919,1630,25339,0,54,0,4,0
2,20260919,1630,25440,33,15,1,6,0
2,20260919,1630,25441,58,18,2,4,0
2,20260919,1630,25442,6,14,0,1,0
2,20260919,1630,25445,57,16,3,1,0
1,20260920,1630,25334,48,1,4,0,0
1,20260920,1630,25335,51,26,5,1,0
1,20260920,1630,25336,40,17,3,0,0
2,20260920,1630,25443,49,23,2,1,0
2,20260920,1630,25446,42,56,2,3,0
2,20260920,1630,25447,30,2,1,0,0
